date,time,localCurrentTemperature,localCurrentApparentTemperature,LocalForecastedTemperature_3,LocalForecastedApparentTemperature_3,LocalForecastedTemperature_6,LocalForecastedApparentTemperature_6,localCurrentHumidity,LocalForecastedHumidity_3,LocalForecastedHumidity_6,LocalCurrent_Cloudiness,LocalForecastedCloudiness_3,LocalForecastedCloudiness_6,localCurrentUVIndex,LocalCurrent_Rain,LocalForecastedRain_3,LocalForecastedRain_6,LocalCurrent_Snow,LocalForecastedSnow_3,LocalForecastedSnow_6,SensorTemperature,SensorRelativeHumidity,SensorUltraviolet,SensorLuminance,MotionAlarm,TamperAlarm,WallPlugSwitch1_Switch_1,WallPlugSwitch1_SensorPower_1,Multisensor_outside_SensorTemperature,Multisensor_outside_SensorRelativeHumidity,Multisensor_outside_SensorUltraviolet,Multisensor_outside_SensorLuminance,Multisensor_outside_TamperAlarm,Multisensor_outside_MotionAlarm,sensor1_temperature,sensor2_temperature,sensor3_temperature,sensor4_temperature,sensor5_temperature,sensor1_humidity,sensor2_humidity,sensor3_humidity,sensor4_humidity,sensor5_humidity,Enocean_Temperature_1,Enocean_Humidity_1,Brightness_sensor_temperature_1,Brightness_Sensor_Temperature_2,Brightness_Sensor_Ambient_Brightness_1,Brightness_Sensor_Ambient_Brightness_2,Brightness_Sensor_Motion_detection_1,Brightness_Sensor_Motion_detection_2,Brightness_Sensor_Battery_1,Brightness_Sensor_Battery_2,Socket_Energy_1,Socket_Energy_2,Socket_Power_1,Socket_Power_2,Socket_Switch_1,Socket_Switch_2,Socket_Energy_3,Socket_Energy_4,Socket_Power_3,Socket_Power_4,Socket_Switch_3,Socket_Switch_4,Luminance_Sensor_Luminance_1,Luminance_Sensor_Luminance_2,Luminance_Sensor_Battery_1,Luminance_Sensor_Battery_2,Rain_Sensor_Precipitation_1,Rain_Sensor_Water_Meter_1,Rain_Sensor_Battery_1,AIR_Quality_Sensor_CO2_2,AIR_Quality_Sensor_Dew_point_2,AIR_Quality_Sensor_Humidity_2,AIR_Quality_Sensor_Temperature_2,AIR_Quality_Sensor_VOC_2,AirQualitySensor_SensorTemperature,AirQualitySensor_SensorRelativeHumidity,AirQualitySensor_SensorVOLATILE_ORGANIC_COMPOUND,AirQualitySensor_SensorDewPoint,AirQualitySensor_SensorCO2,Weather_Station_Air_Pressure_1,Weather_Station_Dew_Point_1,Weather_Station_Electricity_meter_1,Weather_Station_Heat_meter_1,Weather_Station_Humidity_1,Weather_Station_Luminance_1,Weather_Station_Temperature_1,Weather_Station_Wind_Speed_1,Rain_Sensor_Precipitation_2,Rain_Sensor_Water_Meter_2,Rain_Sensor_Battery_2,Temperature_25,Temperature_26,Temperature_27,Weather_Station_Air_Pressure_2,Weather_Station_Dew_Point_2,Weather_Station_Electricity_meter_2,Weather_Station_Heat_meter_2,Weather_Station_Humidity_2,Weather_Station_Luminance_2,Weather_Station_Temperature_2,Weather_Station_Wind_Speed_2,wind_sensor_power,wind_sensor_energy
2021-09-04,00:00:21,13.5,12.94,13.02,12.49,12.02,11.52,78,81,86,0,0,0,5.1,0.0,0.0,0.0,0.0,0.0,0.0,23.6,53,0,125,ON,OFF,ON,0,34.2,30,0,13492,OFF,OFF,29.4,29.5,13.64,29.4,16.06,9.0,6.0,84.91,38.0,69.27,12,74,30.5,15,3,97,OFF,OFF,100,100,6.094,1.268,1,0,ON,ON,0.922,4.372,0,0,OFF,OFF,0,0,100,100,0,0.156,71,576,10.6,66,16.9,0.235,31.9,44,10.593,19.4,1505,96.1,9.3,62.16466,378457,59,21,18.6,1,0,0.492,76,31.39,39.44,32.91,96,17.5,0.5642,9,44,0,31.4,0,0,0
2021-09-04,00:00:51,13.5,12.94,13.02,12.49,12.02,11.52,78,81,86,0,0,0,5.1,0.0,0.0,0.0,0.0,0.0,0.0,23.6,53,0,125,ON,OFF,ON,0,34.2,30,0,13492,OFF,OFF,29.4,29.5,13.64,29.4,16.06,9.0,6.0,84.91,38.0,69.27,12,74,30,15,3,97,OFF,OFF,100,100,6.094,1.268,1,0,ON,ON,0.922,4.372,0,0,OFF,OFF,0,0,100,100,0,0.156,71,576,10.6,66,16.9,0.235,31.9,44,10.593,19.4,1505,96.1,9.3,62.16466,378457,59,21,18.6,1,0,0.492,76,31.39,39.44,32.91,96,17.5,0.5642,9,44,0,31.4,0,0,0
2021-09-04,00:01:21,13.5,12.94,13.02,12.49,12.02,11.52,78,81,86,0,0,0,5.1,0.0,0.0,0.0,0.0,0.0,0.0,23.6,53,0,125,ON,OFF,ON,0,34.2,30,0,13492,OFF,OFF,29.4,29.5,13.64,29.4,16.06,9.0,6.0,84.91,38.0,69.27,12,74,30,15,3,97,OFF,OFF,100,100,6.094,1.268,1,0,ON,ON,0.922,4.372,0,0,OFF,OFF,0,0,100,100,0,0.156,71,576,10.6,66,16.9,0.235,31.9,44,10.593,19.4,1505,96.1,9.3,62.16466,378457,59,21,18.6,1,0,0.492,76,31.39,39.44,32.38,96,17.5,0.5642,9,44,0,31.4,0,0,0
2021-09-04,00:01:51,13.5,12.94,13.02,12.49,12.02,11.52,78,81,86,0,0,0,5.1,0.0,0.0,0.0,0.0,0.0,0.0,23.6,53,0,125,ON,OFF,ON,0,34.2,30,0,13492,OFF,OFF,29.4,29.5,13.64,29.4,16.06,9.0,6.0,84.91,38.0,69.27,12,74,30,15,3,97,OFF,OFF,100,100,6.094,1.268,1,0,ON,ON,0.922,4.372,0,0,OFF,OFF,0,0,100,100,0,0.156,71,576,10.6,66,16.9,0.235,31.9,44,10.593,19.4,1398,96.1,9.3,62.16466,378457,59,21,18.6,1,0,0.492,76,31.39,39.44,32.38,96,17.5,0.5642,9,44,0,31.4,0,0,0
2021-09-04,00:02:21,13.5,12.94,13.02,12.49,12.02,11.52,78,81,86,0,0,0,5.1,0.0,0.0,0.0,0.0,0.0,0.0,23.6,53,0,125,ON,OFF,ON,0,34.2,30,0,13492,OFF,OFF,29.4,29.5,13.64,29.4,16.06,9.0,6.0,84.91,38.0,69.27,12,74,30,15,3,97,OFF,OFF,100,100,6.094,1.268,1,0,ON,ON,0.922,4.372,0,0,OFF,OFF,0,0,100,100,0,0.156,71,576,10.6,66,16.9,0.235,31.9,44,10.593,19.4,1398,96.1,9.3,62.16466,378457,59,21,18.6,1,0,0.492,76,31.39,39.44,32.38,96,17.5,0.5642,9,44,0,31.4,0,0,0
2021-09-04,00:02:51,13.5,12.94,13.02,12.49,12.02,11.52,78,81,86,0,0,0,5.1,0.0,0.0,0.0,0.0,0.0,0.0,23.6,53,0,125,ON,OFF,ON,0,34.2,30,0,13492,OFF,OFF,29.4,29.5,13.64,29.4,16.06,9.0,6.0,84.91,38.0,69.27,12,74,30,15,3,97,OFF,OFF,100,100,6.094,1.268,1,0,ON,ON,0.922,4.372,0,0,OFF,OFF,0,0,100,100,0,0.156,71,576,10.6,66,16.9,0.235,31.9,44,10.593,19.4,1398,96.1,9.3,62.16466,378457,59,21,18.6,1,0,0.492,76,31.39,39.44,32.38,96,17.5,0.5642,9,44,0,31.4,0,0,0
2021-09-04,00:03:21,13.5,12.94,13.02,12.49,12.02,11.52,78,81,86,0,0,0,5.1,0.0,0.0,0.0,0.0,0.0,0.0,23.6,53,0,125,ON,OFF,ON,0,34.2,30,0,13492,OFF,OFF,29.4,29.5,13.64,29.4,16.06,9.0,6.0,84.91,38.0,69.27,12,74,30,15,3,97,OFF,OFF,100,100,6.094,1.268,1,0,ON,ON,0.922,4.372,0,0,OFF,OFF,0,0,100,100,0,0.156,71,576,10.6,66,16.9,0.235,31.9,44,10.593,19.4,1398,96.1,9.3,62.16466,378457,59,21,18.6,1,0,0.492,76,31.39,39.44,32.38,96,17.5,0.5642,9,44,0,31.4,0,0,0
2021-09-04,00:03:51,13.5,12.94,13.02,12.49,12.02,11.52,78,81,86,0,0,0,5.1,0.0,0.0,0.0,0.0,0.0,0.0,23.6,53,0,125,ON,OFF,ON,0,34.2,30,0,13492,OFF,OFF,29.4,29.5,13.64,29.4,16.06,9.0,6.0,84.91,38.0,69.27,12,75,30,15,3,97,OFF,OFF,100,100,6.094,1.268,1,0,ON,ON,0.922,4.372,0,0,OFF,OFF,0,0,100,100,0,0.156,71,576,10.6,66,16.9,0.235,31.9,44,10.593,19.4,1398,96.1,9.3,62.16466,378457,59,21,18.6,1,0,0.492,76,31.39,39.44,32.38,96,17.5,0.5642,9,44,0,31.4,0,0,0
2021-09-04,00:04:21,13.5,12.94,13.02,12.49,12.02,11.52,78,81,86,0,0,0,5.1,0.0,0.0,0.0,0.0,0.0,0.0,23.6,53,0,125,ON,OFF,ON,0,34.2,30,0,13492,OFF,OFF,29.4,29.5,13.64,29.4,16.06,9.0,6.0,84.91,38.0,69.27,12,75,30,15,3,97,OFF,OFF,100,100,6.094,1.268,1,0,ON,ON,0.922,4.372,0,0,OFF,OFF,0,0,100,100,0,0.156,69,576,10.6,66,16.9,0.235,31.9,44,10.593,19.4,1398,96.1,9.3,62.16466,378457,59,21,18.6,1,0,0.492,76,31.39,39.44,32.38,96,17.5,0.5642,9,44,0,31.4,0,0,0
2021-09-04,00:04:51,13.5,12.94,13.02,12.49,12.02,11.52,78,81,86,0,0,0,5.1,0.0,0.0,0.0,0.0,0.0,0.0,23.6,53,0,125,ON,OFF,ON,0,34.2,30,0,13492,OFF,OFF,29.4,29.5,13.64,29.4,16.06,9.0,6.0,84.91,38.0,69.27,12,75,30,15,3,97,OFF,OFF,100,100,6.094,1.268,1,0,ON,ON,0.922,4.372,0,0,OFF,OFF,0,0,100,100,0,0.156,69,576,10.6,66,16.9,0.235,31.7,44,10.593,19.4,1398,96.1,9.3,62.16466,378457,59,21,18.6,1,0,0.492,76,31.39,39.44,32.38,96,17.5,0.5642,9,44,0,31.4,0,0,0
2021-09-04,00:05:21,13.5,12.94,13.02,12.49,12.02,11.52,78,81,86,0,0,0,5.1,0.0,0.0,0.0,0.0,0.0,0.0,23.6,53,0,125,ON,OFF,ON,0,34.2,30,0,13492,OFF,OFF,29.4,29.5,13.64,29.4,15.4,9.0,6.0,84.91,38.0,69.27,12,75,30,15,3,97,OFF,OFF,100,100,6.094,1.268,1,0,ON,ON,0.922,4.372,0,0,OFF,OFF,0,0,100,100,0,0.156,69,576,10.6,66,16.9,0.235,31.7,44,10.593,19.4,1398,96.1,9.3,62.16466,378457,59,21,18.6,1,0,0.492,76,31.39,39.44,32.38,96,17.5,0.5642,9,44,0,31.4,0,0,0
2021-09-04,00:05:51,13.5,12.94,13.02,12.49,12.02,11.52,78,81,86,0,0,0,5.1,0.0,0.0,0.0,0.0,0.0,0.0,23.6,53,0,125,ON,OFF,ON,0,34.2,30,0,13492,OFF,OFF,29.4,29.5,13.64,29.4,15.4,9.0,6.0,84.91,38.0,69.27,12,75,30,15,3,97,OFF,OFF,100,100,6.094,1.268,1,0,ON,ON,0.922,4.372,0,0,OFF,OFF,0,0,100,100,0,0.156,69,576,10.6,66,16.9,0.235,31.7,44,10.593,19.4,1398,96.1,9.3,62.16466,378457,59,21,18.6,1,0,0.492,76,31.39,39.44,32.38,96,17.5,0.5642,9,44,0,31.4,0,0,0
2021-09-04,00:06:21,13.5,12.94,13.02,12.49,12.02,11.52,78,81,86,0,0,0,5.1,0.0,0.0,0.0,0.0,0.0,0.0,23.6,53,0,125,ON,OFF,ON,0,34.2,30,0,13492,OFF,OFF,29.4,29.5,13.64,29.4,15.4,9.0,6.0,84.91,38.0,69.27,12,75,30,15,3,97,OFF,OFF,100,100,6.094,1.268,1,0,ON,ON,0.922,4.372,0,0,OFF,OFF,0,0,100,100,0,0.156,69,576,10.6,66,16.9,0.235,31.7,44,10.593,19.4,1398,96.1,9.3,62.16466,378457,59,21,18.6,1,0,0.492,76,31.39,39.44,32.38,96,17.5,0.5642,9,44,0,31.4,0,0,0
2021-09-04,00:06:51,13.5,12.94,13.02,12.49,12.02,11.52,78,81,86,0,0,0,5.1,0.0,0.0,0.0,0.0,0.0,0.0,23.6,53,0,125,ON,OFF,ON,0,34.2,30,0,13492,OFF,OFF,29.4,29.5,13.64,29.4,15.4,9.0,6.0,84.91,38.0,69.27,12,75,30,15,3,97,OFF,OFF,100,100,6.094,1.268,1,0,ON,ON,0.922,4.372,0,0,OFF,OFF,0,0,100,100,0,0.156,69,576,10.6,66,16.9,0.235,31.7,44,10.593,19.4,1398,96.1,9.3,62.16466,378457,59,21,18.6,1,0,0.492,76,31.39,39.44,32.38,96,17.5,0.5642,9,44,0,31.4,0,0,0
2021-09-04,00:07:21,13.5,12.94,13.02,12.49,12.02,11.52,78,81,86,0,0,0,5.1,0.0,0.0,0.0,0.0,0.0,0.0,23.6,53,0,125,ON,OFF,ON,0,34.2,30,0,13492,OFF,OFF,29.4,29.5,13.64,29.4,15.4,9.0,6.0,84.91,38.0,69.27,12,75,30,15,3,97,OFF,OFF,100,100,6.094,1.268,1,0,ON,ON,0.922,4.372,0,0,OFF,OFF,0,0,100,100,0,0.156,69,576,10.6,66,16.9,0.235,31.7,44,10.593,19.4,1398,96.1,9.3,62.16466,378457,59,21,18.6,1,0,0.492,76,31.39,39.44,32.38,96,17.5,0.5642,9,44,0,31.4,0,0,0
2021-09-04,00:07:51,13.5,12.94,13.02,12.49,12.02,11.52,78,81,86,0,0,0,5.1,0.0,0.0,0.0,0.0,0.0,0.0,23.6,53,0,125,ON,OFF,ON,0,34.2,30,0,13492,OFF,OFF,29.4,29.5,13.64,29.4,15.4,9.0,6.0,84.91,38.0,69.27,12,75,30,15,3,97,OFF,OFF,100,100,6.094,1.268,1,0,ON,ON,0.922,4.372,0,0,OFF,OFF,0,0,100,100,0,0.156,69,576,10.6,66,16.9,0.235,31.7,44,10.593,19.4,1398,96.1,9.3,62.16466,378457,59,21,18.6,1,0,0.492,76,31.39,39.44,32.38,96,17.5,0.5642,9,44,0,31.4,0,0,0
2021-09-04,00:08:21,13.5,12.94,13.02,12.49,12.02,11.52,78,81,86,0,0,0,5.1,0.0,0.0,0.0,0.0,0.0,0.0,23.6,53,0,125,ON,OFF,ON,0,34.2,30,0,13492,OFF,OFF,29.4,29.5,13.64,29.4,15.4,9.0,6.0,84.91,38.0,69.27,12,75,30,15,3,97,OFF,OFF,100,100,6.094,1.268,1,0,ON,ON,0.922,4.372,0,0,OFF,OFF,0,0,100,100,0,0.156,69,576,10.6,66,16.9,0.235,31.7,44,10.593,19.4,1398,96.1,9.3,62.16466,378457,59,21,18.6,1,0,0.492,76,31.39,39.44,32.38,96,17.5,0.5642,9,44,0,31.4,0,0,0
2021-09-04,00:08:51,13.5,12.94,13.02,12.49,12.02,11.52,78,81,86,0,0,0,5.1,0.0,0.0,0.0,0.0,0.0,0.0,23.6,53,0,125,ON,OFF,ON,0,34.2,30,0,13492,OFF,OFF,29.4,29.5,13.64,29.4,15.4,9.0,6.0,84.91,38.0,69.27,12,75,30,15,3,97,OFF,OFF,100,100,6.094,1.268,1,0,ON,ON,0.922,4.372,0,0,OFF,OFF,0,0,100,100,0,0.156,69,576,10.6,66,16.9,0.235,31.7,44,10.593,19.4,1398,96.1,9.3,62.16466,378457,59,21,18.6,1,0,0.492,76,31.39,39.44,32.38,96,17.5,0.5642,9,44,0,31.4,0,0,0
2021-09-04,00:09:21,13.5,12.94,13.02,12.49,12.02,11.52,78,81,86,0,0,0,5.1,0.0,0.0,0.0,0.0,0.0,0.0,23.6,53,0,125,ON,OFF,ON,0,34.2,30,0,13492,OFF,OFF,29.4,29.5,13.64,29.4,15.4,9.0,6.0,84.91,38.0,69.27,12,75,30,15,3,97,OFF,OFF,100,100,6.094,1.268,1,0,ON,ON,0.922,4.372,0,0,OFF,OFF,0,0,100,100,0,0.156,69,576,10.6,66,16.9,0.01,31.7,44,0.01,19.4,1398,96.1,9.3,62.16466,378457,59,21,18.6,1,0,0.492,76,31.39,39.44,32.38,96,17.5,0.5642,9,44,0,31.4,0,0,0
2021-09-04,00:09:51,13.5,12.94,13.02,12.49,12.02,11.52,78,81,86,0,0,0,5.1,0.0,0.0,0.0,0.0,0.0,0.0,23.6,53,0,125,ON,OFF,ON,0,34.2,30,0,13492,OFF,OFF,29.4,29.5,13.64,29.4,15.4,9.0,6.0,84.91,38.0,69.27,12,75,30,14.5,3,97,OFF,OFF,100,100,6.094,1.268,1,0,ON,ON,0.922,4.372,0,0,OFF,OFF,0,0,100,100,0,0.156,69,576,10.6,66,16.9,0.01,31.7,44,0.01,19.4,1398,96.1,9.3,62.16466,378457,59,21,18.6,1,0,0.492,76,31.39,39.44,32.38,96,17.5,0.5642,9,44,0,31.4,0,0,0
2021-09-04,00:10:21,13.5,12.94,13.02,12.49,12.02,11.52,78,81,86,0,0,0,5.1,0.0,0.0,0.0,0.0,0.0,0.0,23.6,53,0,125,ON,OFF,ON,0,34.2,30,0,13492,OFF,OFF,29.4,29.5,13.64,29.4,15.4,9.0,6.0,84.91,38.0,69.27,12,75,30,14.5,3,97,OFF,OFF,100,100,6.094,1.268,1,0,ON,ON,0.922,4.372,0,0,OFF,OFF,0,0,100,100,0,0.156,69,576,10.6,66,16.9,0.01,31.7,44,0.01,19.4,1398,96.1,9.3,62.16466,378457,59,21,18.6,1,0,0.492,76,31.39,39.44,32.38,96,17.5,0.5642,9,44,0,31.4,0,0,0
2021-09-04,00:10:51,13.5,12.94,13.02,12.49,12.02,11.52,78,81,86,0,0,0,5.1,0.0,0.0,0.0,0.0,0.0,0.0,23.6,53,0,125,ON,OFF,ON,0,34.2,30,0,13492,OFF,OFF,29.4,29.5,13.64,29.4,15.4,9.0,6.0,84.91,38.0,69.27,12,75,30,14.5,3,97,OFF,OFF,100,100,6.094,1.268,1,0,ON,ON,0.922,4.372,0,0,OFF,OFF,0,0,100,100,0,0.156,69,576,10.6,66,16.9,0.01,31.7,44,0.01,19.4,1398,96.1,9.3,62.16466,378457,59,21,18.6,1,0,0.492,76,31.39,39.44,32.38,96,17.5,0.5642,9,44,0,31.4,0,0,0
2021-09-04,00:11:21,13.5,12.94,13.02,12.49,12.02,11.52,78,81,86,0,0,0,5.1,0.0,0.0,0.0,0.0,0.0,0.0,23.6,53,0,125,ON,OFF,ON,0,34.2,30,0,13492,OFF,OFF,29.4,29.5,12.98,29.4,15.4,9.0,6.0,84.91,38.0,69.27,12,75,30,14.5,3,97,OFF,OFF,100,100,6.094,1.268,1,0,ON,ON,0.922,4.372,0,0,OFF,OFF,0,0,100,100,0,0.156,69,576,10.6,66,16.9,0.01,31.7,44,0.01,19.4,1398,96.1,9.3,62.16466,378457,59,21,18.6,1,0,0.492,76,31.39,39.44,32.38,96,17.5,0.5642,9,44,0,31.4,0,0,0
2021-09-04,00:11:51,13.5,12.94,13.02,12.49,12.02,11.52,78,81,86,0,0,0,5.1,0.0,0.0,0.0,0.0,0.0,0.0,23.6,53,0,125,ON,OFF,ON,0,34.2,30,0,13492,OFF,OFF,29.4,29.5,12.98,29.4,15.4,9.0,6.0,84.91,38.0,69.27,12,75,30,14.5,3,97,OFF,OFF,100,100,6.094,1.268,1,0,ON,ON,0.922,4.372,0,0,OFF,OFF,0,0,100,100,0,0.156,69,576,10.6,66,16.9,0.01,31.7,44,0.01,19.4,1398,96.1,9.3,62.16466,378457,59,21,18.6,1,0,0.492,76,31.39,39.44,32.38,96,17.5,0.5642,9,44,0,31.4,0,0,0
2021-09-04,00:12:21,13.5,12.94,13.02,12.49,12.02,11.52,78,81,86,0,0,0,5.1,0.0,0.0,0.0,0.0,0.0,0.0,23.6,53,0,125,ON,OFF,ON,0,34.2,30,0,13492,OFF,OFF,29.4,29.5,12.98,29.4,15.4,9.0,6.0,84.91,38.0,69.27,12,75,30,14.5,3,97,OFF,OFF,100,100,6.094,1.268,1,0,ON,ON,0.922,4.372,0,0,OFF,OFF,0,0,100,100,0,0.156,69,576,10.6,66,16.9,0.01,31.7,44,0.01,19.4,1398,96.1,9.3,62.16466,378457,59,21,18.6,1,0,0.492,76,31.39,39.44,32.38,96,17.5,0.5642,9,44,0,31.4,0,0,0
2021-09-04,00:12:51,13.5,12.94,13.02,12.49,12.02,11.52,78,81,86,0,0,0,5.1,0.0,0.0,0.0,0.0,0.0,0.0,23.6,53,0,125,ON,OFF,ON,0,34.2,30,0,13492,OFF,OFF,29.4,29.5,12.98,29.4,15.4,9.0,6.0,84.91,38.0,69.27,12,75,30,14.5,3,97,OFF,OFF,100,100,6.094,1.268,1,0,ON,ON,0.922,4.372,0,0,OFF,OFF,0,0,100,100,0,0.156,69,576,10.6,66,16.9,0.01,31.7,44,0.01,19.4,1398,96.1,9.3,62.16466,378457,59,21,18.6,1,0,0.492,76,31.39,39.44,32.38,96,17.5,0.5642,9,44,0,31.4,0,0,0
2021-09-04,00:13:21,13.5,12.94,13.02,12.49,12.02,11.52,78,81,86,0,0,0,5.1,0.0,0.0,0.0,0.0,0.0,0.0,23.6,53,0,125,ON,OFF,ON,0,34.2,30,0,13492,OFF,OFF,29.4,29.5,12.98,29.4,15.4,9.0,6.0,84.91,38.0,69.27,12,75,30,14.5,3,97,OFF,OFF,100,100,6.094,1.268,1,0,ON,ON,0.922,4.372,0,0,OFF,OFF,0,0,100,100,0,0.156,69,576,10.6,66,16.9,0.01,31.7,44,0.01,19.4,1398,96.1,9.3,62.16466,378457,59,21,18.6,1,0,0.492,76,31.39,39.44,32.38,96,17.5,0.5642,9,44,0,31.4,0,0,0
2021-09-04,00:14:07,13.5,12.94,13.02,12.49,12.02,11.52,78,81,86,0,0,0,5.1,0.0,0.0,0.0,0.0,0.0,0.0,23.6,53,0,125,ON,OFF,ON,0,34.2,30,0,13492,OFF,OFF,29.4,29.5,12.98,29.4,15.4,9.0,6.0,84.91,38.0,69.27,12,75,30,14.5,3,97,OFF,OFF,100,100,6.094,1.268,1,0,ON,ON,0.922,4.372,0,0,OFF,OFF,0,0,100,100,0,0.156,69,576,10.6,66,16.9,0.01,31.7,44,0.01,19.4,1398,96.1,9.3,62.16466,378457,59,21,18.6,1,0,0.492,76,31.39,39.44,32.38,96,17.5,0.5642,9,44,0,31.4,0,0,0
2021-09-04,00:14:37,13.5,12.94,13.02,12.49,12.02,11.52,78,81,86,0,0,0,5.1,0.0,0.0,0.0,0.0,0.0,0.0,23.6,53,0,125,ON,OFF,ON,0,34.2,30,0,13492,OFF,OFF,29.4,29.5,12.98,29.4,15.4,9.0,6.0,84.91,38.0,69.27,12,75,30,14.5,3,97,OFF,OFF,100,100,6.094,1.268,1,0,ON,ON,0.922,4.372,0,0,OFF,OFF,0,0,100,100,0,0.156,69,576,10.6,66,16.9,0.01,31.7,44,0.01,19.4,1398,96.1,9.3,62.16466,378457,59,21,18.6,1,0,0.492,76,31.39,39.44,32.38,96,17.5,0.5642,9,44,0,31.4,0,0,0
2021-09-04,00:15:07,13.5,12.94,13.02,12.49,12.02,11.52,78,81,86,0,0,0,5.1,0.0,0.0,0.0,0.0,0.0,0.0,23.6,53,0,125,ON,OFF,ON,0,34.2,30,0,13492,OFF,OFF,29.4,29.5,12.98,29.4,15.4,9.0,6.0,84.91,38.0,69.27,12,75,30,14.5,3,97,OFF,OFF,100,100,6.094,1.268,1,0,ON,ON,0.922,4.372,0,0,OFF,OFF,0,0,100,100,0,0.156,69,576,10.6,66,16.9,0.01,31.7,44,0.01,19.4,1398,96.1,9.3,62.16466,378457,59,21,18.6,1,0,0.492,76,31.39,39.44,32.38,96,17.5,0.5642,9,44,0,31.4,0,0,0
2021-09-04,00:15:37,13.5,12.94,13.02,12.49,12.02,11.52,78,81,86,0,0,0,5.1,0.0,0.0,0.0,0.0,0.0,0.0,23.6,53,0,125,ON,OFF,ON,0,34.2,30,0,13492,OFF,OFF,29.4,29.5,12.98,29.4,15.4,9.0,6.0,84.91,38.0,69.27,12,75,30,14.5,3,97,OFF,OFF,100,100,6.094,1.268,1,0,ON,ON,0.922,4.372,0,0,OFF,OFF,0,0,100,100,0,0.156,69,576,10.6,66,16.9,0.01,31.7,44,0.01,19.4,1398,96.1,9.3,62.16466,378457,59,21,18.6,1,0,0.492,76,31.39,39.44,32.38,96,17.5,0.5642,9,44,0,31.4,0,0,0
2021-09-04,00:16:07,13.5,12.94,13.02,12.49,12.02,11.52,78,81,86,0,0,0,5.1,0.0,0.0,0.0,0.0,0.0,0.0,23.6,53,0,125,ON,OFF,ON,0,34.2,30,0,13492,OFF,OFF,29.4,29.5,12.98,29.4,15.4,9.0,6.0,84.91,38.0,69.27,12,75,30,14.5,3,97,OFF,OFF,100,100,6.094,1.268,1,0,ON,ON,0.922,4.372,0,0,OFF,OFF,0,0,100,100,0,0.156,69,576,10.6,66,16.9,0.01,31.7,44,0.01,19.4,1398,96.1,9.3,62.16466,378457,59,21,18.6,1,0,0.492,76,31.39,39.44,32.38,96,17.5,0.5642,9,44,0,31.4,0,0,0
2021-09-04,00:16:37,13.5,12.94,13.02,12.49,12.02,11.52,78,81,86,0,0,0,5.1,0.0,0.0,0.0,0.0,0.0,0.0,23.6,53,0,125,ON,OFF,ON,0,34.2,30,0,13492,OFF,OFF,29.4,29.5,12.98,29.4,15.4,9.0,6.0,84.91,38.0,69.27,12,75,30,14.5,3,97,OFF,OFF,100,100,6.094,1.268,1,0,ON,ON,0.922,4.372,0,0,OFF,OFF,0,0,100,100,0,0.156,69,576,10.6,66,16.9,0.01,31.7,44,0.01,19.4,1398,96.1,9.3,62.16466,378457,59,21,18.6,1,0,0.492,76,31.39,39.44,32.38,96,17.5,0.5642,9,44,0,31.4,0,0,0
2021-09-04,00:17:07,13.5,12.94,13.02,12.49,12.02,11.52,78,81,86,0,0,0,5.1,0.0,0.0,0.0,0.0,0.0,0.0,23.6,53,0,125,ON,OFF,ON,0,34.2,30,0,13492,OFF,OFF,29.4,29.5,12.98,29.4,15.4,9.0,6.0,84.91,38.0,69.27,12,75,30,14.5,3,97,OFF,OFF,100,100,6.094,1.268,1,0,ON,ON,0.922,4.372,0,0,OFF,OFF,0,0,100,100,0,0.156,69,576,10.6,66,16.9,0.01,31.7,44,0.01,19.4,1398,96.1,9.3,62.16466,378457,59,21,18.6,1,0,0.492,76,31.39,39.44,32.38,96,17.5,0.5642,9,44,0,31.4,0,0,0
2021-09-04,00:17:38,13.5,12.94,13.02,12.49,12.02,11.52,78,81,86,0,0,0,5.1,0.0,0.0,0.0,0.0,0.0,0.0,23.6,53,0,125,ON,OFF,ON,0,34.2,30,0,13492,OFF,OFF,29.4,29.5,12.98,29.4,15.4,9.0,6.0,84.91,38.0,69.27,12,75,30,14.5,3,97,OFF,OFF,100,100,6.094,1.268,1,0,ON,ON,0.922,4.372,0,0,OFF,OFF,0,0,100,100,0,0.156,69,576,10.6,66,16.9,0.01,31.7,44,0.01,19.4,1398,96.1,9.3,62.16466,378457,59,21,18.6,1,0,0.492,76,31.39,39.44,32.38,96,17.5,0.5642,9,44,0,31.4,0,0,0
2021-09-04,00:18:08,13.5,12.94,13.02,12.49,12.02,11.52,78,81,86,0,0,0,5.1,0.0,0.0,0.0,0.0,0.0,0.0,23.6,53,0,125,ON,OFF,ON,0,34.2,30,0,13492,OFF,OFF,29.4,29.5,12.98,29.4,15.4,9.0,6.0,84.91,38.0,69.27,12,75,30,14.5,3,97,OFF,OFF,100,100,6.094,1.268,1,0,ON,ON,0.922,4.372,0,0,OFF,OFF,0,0,100,100,0,0.156,69,576,10.6,66,16.9,0.01,31.7,44,0.01,19.4,1398,96.1,9.3,62.16466,378457,59,21,18.6,1,0,0.492,76,31.39,39.44,32.38,96,17.5,0.5642,9,44,0,31.4,0,0,0
2021-09-04,00:18:38,13.5,12.94,13.02,12.49,12.02,11.52,78,81,86,0,0,0,5.1,0.0,0.0,0.0,0.0,0.0,0.0,23.6,53,0,125,ON,OFF,ON,0,34.2,30,0,13492,OFF,OFF,29.4,29.5,12.98,29.4,15.4,9.0,6.0,84.91,38.0,69.27,12,75,30,14.5,3,97,OFF,OFF,100,100,6.094,1.268,1,0,ON,ON,0.922,4.372,0,0,OFF,OFF,0,0,100,100,0,0.156,69,576,10.6,66,16.9,0.01,31.7,44,0.01,19.4,1398,96.1,9.3,62.16466,378457,59,21,18.6,1,0,0.492,76,31.39,39.44,32.38,96,17.5,0.5642,9,44,0,31.4,0,0,0
2021-09-04,00:19:08,13.5,12.94,13.02,12.49,12.02,11.52,78,81,86,0,0,0,5.1,0.0,0.0,0.0,0.0,0.0,0.0,23.6,53,0,125,ON,OFF,ON,0,34.2,30,0,13492,OFF,OFF,29.4,29.5,12.98,29.4,15.4,9.0,6.0,84.91,38.0,69.27,12,75,30,14.5,3,97,OFF,OFF,100,100,6.094,1.268,1,0,ON,ON,0.922,4.372,0,0,OFF,OFF,0,0,100,100,0,0.156,69,576,10.6,66,16.9,0.01,31.7,44,0.01,19.4,1398,96.1,9.3,62.16466,378457,59,21,18.6,1,0,0.492,76,31.39,39.44,32.38,96,17.5,0.5642,9,44,0,31.4,0,0,0
2021-09-04,00:19:38,13.5,12.94,13.02,12.49,12.02,11.52,78,81,86,0,0,0,5.1,0.0,0.0,0.0,0.0,0.0,0.0,23.6,53,0,125,ON,OFF,ON,0,34.2,30,0,13492,OFF,OFF,29.4,29.5,12.98,29.4,15.4,9.0,6.0,84.91,38.0,69.27,12,75,30,14.5,3,97,OFF,OFF,100,100,6.094,1.268,1,0,ON,ON,0.922,4.372,0,0,OFF,OFF,0,0,100,100,0,0.156,69,576,10.6,66,16.9,0.01,31.7,44,10.087,19.4,1398,96.1,9.3,62.16466,378457,59,21,18.6,1,0,0.492,76,31.39,39.44,32.38,96,17.5,0.5642,9,44,0,31.4,0,0,0
2021-09-04,00:20:08,13.5,12.94,13.02,12.49,12.02,11.52,78,81,86,0,0,0,5.1,0.0,0.0,0.0,0.0,0.0,0.0,23.6,53,0,125,ON,OFF,ON,0,34.2,30,0,13492,OFF,OFF,29.4,29.5,12.98,29.4,15.4,9.0,6.0,84.91,38.0,69.27,12,75,30,14.5,3,97,OFF,OFF,100,100,6.094,1.268,1,0,ON,ON,0.922,4.372,0,0,OFF,OFF,0,0,100,100,0,0.156,69,576,10.6,66,16.9,0.01,31.7,44,10.087,19.4,1398,96.1,9.3,62.16466,378457,59,21,18.6,1,0,0.492,76,31.39,39.44,32.38,96,17.5,0.5642,9,44,0,31.4,0,0,0
2021-09-04,00:20:38,13.5,12.94,13.02,12.49,12.02,11.52,78,81,86,0,0,0,5.1,0.0,0.0,0.0,0.0,0.0,0.0,23.6,53,0,125,ON,OFF,ON,0,34.2,30,0,13492,OFF,OFF,29.4,29.5,12.98,29.4,15.4,9.0,6.0,84.91,38.0,69.27,12,75,30,14.5,3,97,OFF,OFF,100,100,6.094,1.268,1,0,ON,ON,0.922,4.372,0,0,OFF,OFF,0,0,100,100,0,0.156,69,576,10.6,66,16.9,0.01,31.7,44,10.087,19.4,1398,96.1,9.3,62.16466,378457,59,21,18.6,1,0,0.492,76,31.39,39.44,32.38,96,17.5,0.5642,9,44,0,31.4,0,0,0
2021-09-04,00:21:08,13.5,12.94,13.02,12.49,12.02,11.52,78,81,86,0,0,0,5.1,0.0,0.0,0.0,0.0,0.0,0.0,23.6,53,0,125,ON,OFF,ON,0,34.2,30,0,13492,OFF,OFF,29.4,29.5,12.98,29.4,15.4,9.0,6.0,84.91,38.0,69.27,12,75,30,14.5,3,97,OFF,OFF,100,100,6.094,1.268,1,0,ON,ON,0.922,4.372,0,0,OFF,OFF,0,0,100,100,0,0.156,69,576,10.6,66,16.9,0.01,31.7,44,10.087,19.4,1398,96.1,9.3,62.16466,378457,59,21,18.6,1,0,0.492,76,31.39,39.44,32.38,96,17.5,0.5642,9,44,0,31.4,0,0,0
2021-09-04,00:21:38,13.5,12.94,13.02,12.49,12.02,11.52,78,81,86,0,0,0,5.1,0.0,0.0,0.0,0.0,0.0,0.0,23.6,53,0,125,ON,OFF,ON,0,34.2,30,0,13492,OFF,OFF,29.4,29.5,12.98,29.4,15.4,9.0,6.0,84.91,38.0,69.27,12,75,30,14.5,3,97,OFF,OFF,100,100,6.094,1.268,1,0,ON,ON,0.922,4.372,0,0,OFF,OFF,0,0,100,100,0,0.156,69,576,10.6,66,16.9,0.01,31.7,44,10.087,19.4,1398,96.1,9.3,62.16466,378457,59,21,18.6,1,0,0.492,76,31.39,39.44,32.38,96,17.5,0.5642,9,44,0,31.4,0,0,0
2021-09-04,00:22:08,13.5,12.94,13.02,12.49,12.02,11.52,78,81,86,0,0,0,5.1,0.0,0.0,0.0,0.0,0.0,0.0,23.6,53,0,125,ON,OFF,ON,0,34.2,30,0,13492,OFF,OFF,29.4,29.5,12.98,29.4,15.4,9.0,6.0,84.91,38.0,69.27,12,75,30,14.5,3,97,OFF,OFF,100,100,6.094,1.268,1,0,ON,ON,0.922,4.372,0,0,OFF,OFF,0,0,100,100,0,0.156,69,576,10.6,66,16.9,0.01,31.7,44,10.087,19.4,1398,96.1,9.3,62.16466,378457,59,21,18.6,1,0,0.492,76,31.39,39.44,32.38,96,17.5,0.5642,9,44,0,31.4,0,0,0
2021-09-04,00:22:38,13.5,12.94,13.02,12.49,12.02,11.52,78,81,86,0,0,0,5.1,0.0,0.0,0.0,0.0,0.0,0.0,23.6,53,0,125,ON,OFF,ON,0,34.2,30,0,13492,OFF,OFF,29.4,29.5,12.98,29.4,15.4,9.0,6.0,84.91,38.0,69.27,12,75,30,14.5,3,97,OFF,OFF,100,100,6.094,1.268,1,0,ON,ON,0.922,4.372,0,0,OFF,OFF,0,0,100,100,0,0.156,69,576,10.6,66,16.9,0.01,31.7,44,10.087,19.4,1398,96.1,9.3,62.16466,378457,59,21,18.6,1,0,0.492,76,31.39,39.44,32.38,96,17.5,0.5642,9,44,0,31.4,0,0,0
2021-09-04,00:23:08,13.5,12.94,13.02,12.49,12.02,11.52,78,81,86,0,0,0,5.1,0.0,0.0,0.0,0.0,0.0,0.0,23.6,53,0,125,ON,OFF,ON,0,34.2,30,0,13492,OFF,OFF,29.4,29.5,12.98,29.4,15.4,9.0,6.0,84.91,38.0,69.27,12,75,30,14.5,3,97,OFF,OFF,100,100,6.095,1.268,1,0,ON,ON,0.922,4.372,0,0,OFF,OFF,0,0,100,100,0,0.156,69,576,10.6,66,16.9,0.01,31.7,44,10.087,19.4,1398,96.1,9.3,62.16466,378457,59,21,18.6,1,0,0.492,76,31.39,39.44,32.38,96,17.5,0.5642,9,44,0,31.4,0,0,0
2021-09-04,00:23:38,13.5,12.94,13.02,12.49,12.02,11.52,78,81,86,0,0,0,5.1,0.0,0.0,0.0,0.0,0.0,0.0,23.6,53,0,125,ON,OFF,ON,0,34.2,30,0,13492,OFF,OFF,29.4,29.5,12.98,29.4,15.4,9.0,6.0,84.91,38.0,69.27,12,75,30,14.5,3,97,OFF,OFF,100,100,6.095,1.268,1,0,ON,ON,0.922,4.372,0,0,OFF,OFF,0,0,100,100,0,0.156,69,576,10.6,66,16.9,0.01,31.7,44,10.087,19.4,1398,96.1,9.3,62.16466,378457,59,21,18.6,1,0,0.492,76,31.39,39.44,32.38,96,17.5,0.5642,9,44,0,31.4,0,0,0
2021-09-04,00:24:08,13.5,12.94,13.02,12.49,12.02,11.52,78,81,86,0,0,0,5.1,0.0,0.0,0.0,0.0,0.0,0.0,23.6,53,0,125,ON,OFF,ON,0,34.2,30,0,13492,OFF,OFF,29.4,29.5,12.98,29.4,15.4,9.0,6.0,84.91,38.0,69.27,12,75,30,14.5,3,97,OFF,OFF,100,100,6.095,1.268,1,0,ON,ON,0.922,4.372,0,0,OFF,OFF,0,0,100,100,0,0.156,69,576,10.6,66,16.9,0.01,31.7,44,10.087,19.4,1398,96.1,9.3,62.16466,378457,59,21,18.6,1,0,0.492,76,31.39,39.44,32.38,96,17.5,0.5642,9,44,0,31.4,0,0,0
2021-09-04,00:24:38,13.5,12.94,13.02,12.49,12.02,11.52,78,81,86,0,0,0,5.1,0.0,0.0,0.0,0.0,0.0,0.0,23.6,53,0,125,ON,OFF,ON,0,34.2,30,0,13492,OFF,OFF,29.4,29.5,12.98,29.4,15.4,9.0,6.0,84.91,38.0,69.27,12,75,30,14.5,3,97,OFF,OFF,100,100,6.095,1.268,1,0,ON,ON,0.922,4.372,0,0,OFF,OFF,0,0,100,100,0,0.156,69,576,10.6,66,16.9,0.01,31.7,44,10.087,19.4,1398,96.1,9.3,62.16466,378457,59,21,18.6,1,0,0.492,76,31.39,39.44,32.38,96,17.5,0.5642,9,44,0,31.4,0,0,0
2021-09-04,00:25:08,13.5,12.94,13.02,12.49,12.02,11.52,78,81,86,0,0,0,5.1,0.0,0.0,0.0,0.0,0.0,0.0,23.6,53,0,125,ON,OFF,ON,0,34.2,30,0,13492,OFF,OFF,29.4,29.5,12.98,29.4,15.4,9.0,6.0,84.91,38.0,69.27,12,75,30,14.5,3,97,OFF,OFF,100,100,6.095,1.268,1,0,ON,ON,0.922,4.372,0,0,OFF,OFF,0,0,100,100,0,0.156,69,576,10.6,66,16.9,0.01,31.7,44,10.087,19.4,1398,96.1,9.3,62.16466,378457,59,21,18.6,1,0,0.492,76,31.39,39.44,32.38,96,17.5,0.5642,9,44,0,31.4,0,0,0
2021-09-04,00:25:38,13.5,12.94,13.02,12.49,12.02,11.52,78,81,86,0,0,0,5.1,0.0,0.0,0.0,0.0,0.0,0.0,23.6,53,0,125,ON,OFF,ON,0,34.2,30,0,13492,OFF,OFF,29.4,29.5,12.98,29.4,15.4,9.0,6.0,84.91,38.0,69.27,12,75,30,14.5,3,97,OFF,OFF,100,100,6.095,1.268,1,0,ON,ON,0.922,4.372,0,0,OFF,OFF,0,0,100,100,0,0.156,69,576,10.6,66,16.9,0.01,31.7,44,10.087,19.4,1398,96.1,9.3,62.16466,378457,59,21,18.6,1,0,0.492,76,31.39,39.44,32.38,96,17.5,0.5642,9,44,0,31.4,0,0,0
2021-09-04,00:26:08,13.5,12.94,13.02,12.49,12.02,11.52,78,81,86,0,0,0,5.1,0.0,0.0,0.0,0.0,0.0,0.0,23.6,53,0,125,ON,OFF,ON,0,34.2,30,0,13492,OFF,OFF,29.4,29.5,12.98,29.4,15.4,9.0,6.0,84.91,38.0,69.27,12,75,30,14.5,3,97,OFF,OFF,100,100,6.095,1.268,1,0,ON,ON,0.922,4.372,0,0,OFF,OFF,0,0,100,100,0,0.156,69,576,10.6,66,16.9,0.01,31.7,44,10.087,19.4,1398,96.1,9.3,62.16466,378457,59,21,18.6,1,0,0.492,76,31.39,38.91,32.38,96,17.5,0.5642,9,44,0,31.4,0,0,0
2021-09-04,00:26:38,13.5,12.94,13.02,12.49,12.02,11.52,78,81,86,0,0,0,5.1,0.0,0.0,0.0,0.0,0.0,0.0,23.6,53,0,125,ON,OFF,ON,0,34.2,30,0,13492,OFF,OFF,29.4,29.5,12.98,29.4,15.4,9.0,6.0,84.91,38.0,69.27,12,75,30,14.5,3,97,OFF,OFF,100,100,6.095,1.268,1,0,ON,ON,0.922,4.372,0,0,OFF,OFF,0,0,100,100,0,0.156,69,576,10.6,66,16.9,0.01,31.7,44,10.087,19.4,1398,96.1,9.3,62.16466,378457,59,21,18.6,1,0,0.492,76,31.39,38.91,32.38,96,17.5,0.5642,9,44,0,31.4,0,0,0
2021-09-04,00:27:08,13.5,12.94,13.02,12.49,12.02,11.52,78,81,86,0,0,0,5.1,0.0,0.0,0.0,0.0,0.0,0.0,23.6,53,0,125,ON,OFF,ON,0,34.2,30,0,13492,OFF,OFF,29.4,29.5,12.98,29.4,15.4,9.0,6.0,84.91,38.0,69.27,12,75,30,14.5,3,97,OFF,OFF,100,100,6.095,1.268,1,0,ON,ON,0.922,4.372,0,0,OFF,OFF,0,0,100,100,0,0.156,69,576,10.6,66,16.9,0.01,31.7,44,10.087,19.4,1398,96.1,9.3,62.16466,378457,59,21,18.6,1,0,0.492,76,31.39,38.91,32.38,96,17.5,0.5642,9,44,0,31.4,0,0,0
2021-09-04,00:27:38,13.5,12.94,13.02,12.49,12.02,11.52,78,81,86,0,0,0,5.1,0.0,0.0,0.0,0.0,0.0,0.0,23.6,53,0,125,ON,OFF,ON,0,34.2,30,0,13492,OFF,OFF,29.4,29.5,12.98,29.4,15.4,9.0,6.0,84.91,38.0,69.27,12,75,30,14.5,3,97,OFF,OFF,100,100,6.095,1.268,1,0,ON,ON,0.922,4.372,0,0,OFF,OFF,0,0,100,100,0,0.156,69,576,10.3,67,16.5,0.01,31.3,44,10.087,19.4,1342,96.1,9.3,62.16466,378457,59,21,18.6,1,0,0.492,76,31.39,38.91,32.38,96,17.5,0.5642,9,44,0,31.4,0,0,0
2021-09-04,00:28:08,13.5,12.94,13.02,12.49,12.02,11.52,78,81,86,0,0,0,5.1,0.0,0.0,0.0,0.0,0.0,0.0,23.6,53,0,125,ON,OFF,ON,0,34.2,30,0,13492,OFF,OFF,29.4,29.5,12.98,29.4,15.4,9.0,6.0,84.91,38.0,69.27,12,75,30,14.5,3,97,OFF,OFF,100,100,6.095,1.268,1,0,ON,ON,0.922,4.372,0,0,OFF,OFF,0,0,100,100,0,0.156,69,576,10.3,67,16.5,0.01,31.3,44,10.087,19.4,1342,96.1,9.3,62.16466,378457,59,21,18.6,1,0,0.492,76,31.39,38.91,32.38,96,17.5,0.5642,9,44,0,31.4,0,0,0
2021-09-04,00:28:38,13.5,12.94,13.02,12.49,12.02,11.52,78,81,86,0,0,0,5.1,0.0,0.0,0.0,0.0,0.0,0.0,23.6,53,0,125,ON,OFF,ON,0,34.2,30,0,13492,OFF,OFF,29.4,29.5,12.98,29.4,15.4,9.0,6.0,84.91,38.0,69.27,12,75,30,14.5,3,97,OFF,OFF,100,100,6.095,1.268,1,0,ON,ON,0.922,4.372,0,0,OFF,OFF,0,0,100,100,0,0.156,69,576,10.3,67,16.5,0.01,31.2,44,10.087,19.4,1342,96.1,9.3,62.16466,378457,59,21,18.6,1,0,0.492,76,31.39,38.91,32.38,96,17.5,0.5642,9,44,0,31.4,0,0,0
2021-09-04,00:29:24,13.5,12.94,13.02,12.49,12.02,11.52,78,81,86,0,0,0,5.1,0.0,0.0,0.0,0.0,0.0,0.0,23.6,53,0,125,ON,OFF,ON,0,34.2,30,0,13492,OFF,OFF,29.4,29.5,12.98,29.4,15.4,9.0,6.0,84.91,38.0,69.27,12,75,30,14.5,3,97,OFF,OFF,100,100,6.095,1.268,1,0,ON,ON,0.922,4.372,0,0,OFF,OFF,0,0,100,100,0,0.156,69,576,10.3,67,16.5,0.01,31.2,44,10.087,19.4,1342,96.1,9.3,62.16466,378457,59,21,18.6,1,0,0.492,76,31.39,38.91,32.38,96,17.5,0.5642,9,44,0,31.4,0,0,0
2021-09-04,00:29:54,12.58,12.01,12.41,11.87,11.71,11.21,81,83,87,0,0,0,5.1,0.0,0.0,0.0,0.0,0.0,0.0,23.6,53,0,125,ON,OFF,ON,0,34.2,30,0,13492,OFF,OFF,29.4,29.5,12.98,29.4,15.4,9.0,6.0,84.91,38.0,69.27,12,76,30,14.5,3,97,OFF,OFF,100,100,6.095,1.268,1,0,ON,ON,0.922,4.372,0,0,OFF,OFF,0,0,100,100,0,0.156,69,576,10.3,67,16.5,0.01,31.2,44,10.087,19.4,1342,96.1,9.3,62.16466,378457,59,21,18.6,1,0,0.492,76,31.39,38.91,32.38,96,17.5,0.5642,9,44,0,31.4,0,0,0
2021-09-04,00:30:24,12.58,12.01,12.41,11.87,11.71,11.21,81,83,87,0,0,0,5.1,0.0,0.0,0.0,0.0,0.0,0.0,23.6,53,0,125,ON,OFF,ON,0,34.2,30,0,13492,OFF,OFF,29.4,29.5,12.98,29.4,15.4,9.0,6.0,84.91,38.0,69.27,12,76,30,14.5,3,97,OFF,OFF,100,100,6.095,1.268,1,0,ON,ON,0.922,4.372,0,0,OFF,OFF,0,0,100,100,0,0.156,69,576,10.3,67,16.5,0.01,31.2,44,10.087,19.4,1342,96.1,9.3,62.16466,378457,59,21,18.6,1,0,0.492,76,31.39,38.91,32.38,96,17.5,0.5642,9,44,0,31.4,0,0,0
2021-09-04,00:30:54,12.58,12.01,12.41,11.87,11.71,11.21,81,83,87,0,0,0,5.1,0.0,0.0,0.0,0.0,0.0,0.0,23.6,53,0,125,ON,OFF,ON,0,34.2,30,0,13492,OFF,OFF,29.4,29.5,12.98,29.4,15.4,9.0,6.0,84.91,38.0,69.27,12,76,30,14.5,3,97,OFF,OFF,100,100,6.095,1.268,1,0,ON,ON,0.922,4.372,0,0,OFF,OFF,0,0,100,100,0,0.156,69,576,10.3,67,16.5,0.01,31.2,44,10.087,19.4,1342,96.1,9.3,62.16466,378457,59,21,18.6,1,0,0.492,76,31.39,38.91,32.38,96,17.5,0.5642,9,44,0,31.4,0,0,0
2021-09-04,00:31:24,12.58,12.01,12.41,11.87,11.71,11.21,81,83,87,0,0,0,5.1,0.0,0.0,0.0,0.0,0.0,0.0,23.6,53,0,125,ON,OFF,ON,0,34.2,30,0,13492,OFF,OFF,29.4,29.5,12.98,29.4,14.74,9.0,6.0,84.91,38.0,69.27,12,76,30,14.5,3,97,OFF,OFF,100,100,6.095,1.268,1,0,ON,ON,0.922,4.372,0,0,OFF,OFF,0,0,100,100,0,0.156,69,576,10.3,67,16.5,0.01,31.2,44,10.087,19.4,1342,96.1,9.3,62.16466,378457,59,21,18.6,1,0,0.492,76,31.39,38.91,31.81,96,17.5,0.5642,9,44,0,31.4,0,0,0
2021-09-04,00:31:54,12.58,12.01,12.41,11.87,11.71,11.21,81,83,87,0,0,0,5.1,0.0,0.0,0.0,0.0,0.0,0.0,23.6,53,0,125,ON,OFF,ON,0,34.2,30,0,13492,OFF,OFF,29.4,29.5,12.98,29.4,14.74,9.0,6.0,84.91,38.0,69.27,12,76,30,14.5,3,97,OFF,OFF,100,100,6.095,1.268,1,0,ON,ON,0.922,4.372,0,0,OFF,OFF,0,0,100,100,0,0.156,69,576,10.3,67,16.5,0.01,31.2,44,10.087,19.4,1342,96.1,9.3,62.16466,378457,59,21,18.6,1,0,0.492,76,30.84,38.91,31.81,96,17.5,0.5642,9,44,0,31.4,0,0,0
2021-09-04,00:32:24,12.58,12.01,12.41,11.87,11.71,11.21,81,83,87,0,0,0,5.1,0.0,0.0,0.0,0.0,0.0,0.0,23.6,53,0,125,ON,OFF,ON,0,34.2,30,0,13492,OFF,OFF,29.4,29.5,12.98,29.4,14.74,9.0,6.0,84.91,38.0,69.27,12,76,30,14.5,3,97,OFF,OFF,100,100,6.095,1.268,1,0,ON,ON,0.922,4.372,0,0,OFF,OFF,0,0,100,100,0,0.156,69,576,10.3,67,16.5,0.01,31.2,44,10.087,19.4,1342,96.1,9.3,62.16466,378457,59,21,18.6,1,0,0.492,76,30.84,38.91,31.81,96,17.5,0.5642,9,44,0,31.4,0,0,0
2021-09-04,00:32:54,12.58,12.01,12.41,11.87,11.71,11.21,81,83,87,0,0,0,5.1,0.0,0.0,0.0,0.0,0.0,0.0,23.6,53,0,125,ON,OFF,ON,0,34.2,30,0,13492,OFF,OFF,29.4,29.5,12.98,29.4,14.74,9.0,6.0,84.91,38.0,69.27,12,76,30,14.5,3,97,OFF,OFF,100,100,6.095,1.268,1,0,ON,ON,0.922,4.372,0,0,OFF,OFF,0,0,100,100,0,0.156,69,576,10.3,67,16.5,0.01,31.2,44,10.087,19.4,1342,96.1,9.3,62.16466,378457,59,21,18.6,1,0,0.492,76,30.84,38.91,31.81,96,17.5,0.5642,9,44,0,31.4,0,0,0
2021-09-04,00:33:24,12.58,12.01,12.41,11.87,11.71,11.21,81,83,87,0,0,0,5.1,0.0,0.0,0.0,0.0,0.0,0.0,23.6,53,0,125,ON,OFF,ON,0,34.2,30,0,13492,OFF,OFF,29.4,29.5,12.98,29.4,14.74,9.0,6.0,84.91,38.0,69.27,12,76,30,14.5,3,97,OFF,OFF,100,100,6.095,1.268,1,0,ON,ON,0.922,4.372,0,0,OFF,OFF,0,0,100,100,0,0.156,69,576,10.3,67,16.5,0.01,31.2,44,10.087,19.4,1342,96.1,9.3,62.16466,378457,59,21,18.6,1,0,0.492,76,30.84,38.91,31.81,96,17.5,0.5642,9,44,0,31.4,0,0,0
2021-09-04,00:33:54,12.58,12.01,12.41,11.87,11.71,11.21,81,83,87,0,0,0,5.1,0.0,0.0,0.0,0.0,0.0,0.0,23.6,53,0,125,ON,OFF,ON,0,34.2,30,0,13492,OFF,OFF,29.4,29.5,12.98,29.4,14.74,9.0,6.0,84.91,38.0,69.27,12,76,30,14.5,3,97,OFF,OFF,100,100,6.095,1.268,1,0,ON,ON,0.922,4.372,0,0,OFF,OFF,0,0,100,100,0,0.156,69,576,10.3,67,16.5,0.01,31.2,44,10.087,19.4,1342,96.1,9.3,62.16466,378457,59,21,18.6,1,0,0.492,76,30.84,38.91,31.81,96,17.5,0.5642,9,44,0,31.4,0,0,0
2021-09-04,00:34:24,12.58,12.01,12.41,11.87,11.71,11.21,81,83,87,0,0,0,5.1,0.0,0.0,0.0,0.0,0.0,0.0,23.6,53,0,125,ON,OFF,ON,0,34.2,30,0,13492,OFF,OFF,29.4,29.5,12.98,29.4,14.74,9.0,6.0,84.91,38.0,69.27,12,76,29.5,14.5,3,97,OFF,OFF,100,100,6.095,1.268,1,0,ON,ON,0.922,4.372,0,0,OFF,OFF,0,0,100,100,0,0.156,69,576,10.3,67,16.5,0.01,31.2,44,10.087,19.4,1342,96.1,9.3,62.16466,378457,59,21,18.6,1,0,0.492,76,30.84,38.91,31.81,96,17.5,0.5642,9,44,0,31.4,0,0,0
2021-09-04,00:34:54,12.58,12.01,12.41,11.87,11.71,11.21,81,83,87,0,0,0,5.1,0.0,0.0,0.0,0.0,0.0,0.0,23.6,53,0,125,ON,OFF,ON,0,34.2,30,0,13492,OFF,OFF,29.4,29.5,12.98,29.4,14.74,9.0,6.0,84.91,38.0,69.27,12,76,29.5,14.5,3,97,OFF,OFF,100,100,6.095,1.268,1,0,ON,ON,0.922,4.372,0,0,OFF,OFF,0,0,100,100,0,0.156,69,576,10.3,67,16.5,0.01,31.2,44,10.087,19.4,1342,96.1,9.3,62.16466,378457,59,21,18.6,1,0,0.492,76,30.84,38.91,31.81,96,17.5,0.5642,9,44,0,31.4,0,0,0
2021-09-04,00:35:24,12.58,12.01,12.41,11.87,11.71,11.21,81,83,87,0,0,0,5.1,0.0,0.0,0.0,0.0,0.0,0.0,23.6,53,0,125,ON,OFF,ON,0,34.2,30,0,13492,OFF,OFF,29.4,29.5,12.98,29.4,14.74,9.0,6.0,84.91,38.0,69.27,12,76,29.5,14.5,3,1,OFF,OFF,100,100,6.095,1.268,1,0,ON,ON,0.922,4.372,0,0,OFF,OFF,0,0,100,100,0,0.156,69,576,10.3,67,16.5,0.01,31.2,44,10.087,19.4,1342,96.1,9.3,62.16466,378457,59,21,18.6,1,0,0.492,76,30.84,38.91,31.81,96,17.5,0.5642,9,44,0,31.4,0,0,0
2021-09-04,00:35:54,12.58,12.01,12.41,11.87,11.71,11.21,81,83,87,0,0,0,5.1,0.0,0.0,0.0,0.0,0.0,0.0,23.6,53,0,125,ON,OFF,ON,0,34.2,30,0,13492,OFF,OFF,29.4,29.5,12.98,29.4,14.74,9.0,6.0,84.91,38.0,69.27,12,76,29.5,14.5,3,1,OFF,OFF,100,100,6.095,1.268,1,0,ON,ON,0.922,4.372,0,0,OFF,OFF,0,0,100,100,0,0.156,69,576,10.3,67,16.5,0.01,31.2,44,10.087,19.4,1342,96.1,9.3,62.16466,378457,59,21,18.6,1,0,0.492,76,30.84,38.91,31.81,96,17.5,0.5642,9,44,0,31.4,0,0,0
2021-09-04,00:36:24,12.58,12.01,12.41,11.87,11.71,11.21,81,83,87,0,0,0,5.1,0.0,0.0,0.0,0.0,0.0,0.0,23.6,53,0,125,ON,OFF,ON,0,34.2,30,0,13492,OFF,OFF,29.4,29.5,12.98,29.4,14.74,9.0,6.0,84.91,38.0,69.27,12,76,29.5,14.5,3,1,OFF,OFF,100,100,6.095,1.268,1,0,ON,ON,0.922,4.372,0,0,OFF,OFF,0,0,100,100,0,0.156,69,576,10.3,67,16.5,0.01,31.2,44,10.087,19.4,1342,96.1,9.3,62.16466,378457,59,21,18.6,1,0,0.492,76,30.84,38.91,31.81,96,17.5,0.5642,9,44,0,31.4,0,0,0
2021-09-04,00:36:54,12.58,12.01,12.41,11.87,11.71,11.21,81,83,87,0,0,0,5.1,0.0,0.0,0.0,0.0,0.0,0.0,23.6,53,0,125,ON,OFF,ON,0,34.2,30,0,13492,OFF,OFF,29.4,29.5,12.98,29.4,14.74,9.0,6.0,84.91,38.0,69.27,12,76,29.5,14.5,3,1,OFF,OFF,100,100,6.095,1.268,1,0,ON,ON,0.922,4.372,0,0,OFF,OFF,0,0,100,100,0,0.156,69,576,10.3,67,16.5,0.01,31.2,44,10.087,19.4,1342,96.1,9.3,62.16466,378457,59,21,18.6,1,0,0.492,76,30.84,38.91,31.81,96,17.5,0.5642,9,44,0,31.4,0,0,0
2021-09-04,00:37:24,12.58,12.01,12.41,11.87,11.71,11.21,81,83,87,0,0,0,5.1,0.0,0.0,0.0,0.0,0.0,0.0,23.6,53,0,125,ON,OFF,ON,0,34.2,30,0,13492,OFF,OFF,29.4,29.5,12.98,29.4,14.74,9.0,6.0,84.91,38.0,69.27,12,76,29.5,14.5,3,1,OFF,OFF,100,100,6.095,1.268,1,0,ON,ON,0.922,4.372,0,0,OFF,OFF,0,0,100,100,0,0.156,69,576,10.3,67,16.5,0.01,31.2,44,10.087,19.4,1342,96.1,9.3,62.16466,378457,59,21,18.6,1,0,0.492,76,30.84,38.91,31.81,96,17.5,0.5642,9,44,0,31.4,0,0,0
2021-09-04,00:37:54,12.58,12.01,12.41,11.87,11.71,11.21,81,83,87,0,0,0,5.1,0.0,0.0,0.0,0.0,0.0,0.0,23.6,53,0,125,ON,OFF,ON,0,34.2,30,0,13492,OFF,OFF,29.4,29.5,12.98,29.4,14.74,9.0,6.0,84.91,38.0,69.27,12,76,29.5,14.5,3,1,OFF,OFF,100,100,6.095,1.268,1,0,ON,ON,0.922,4.372,0,0,OFF,OFF,0,0,100,100,0,0.156,69,576,10.3,67,16.5,0.01,31.2,44,10.087,19.4,1342,96.1,9.3,62.16466,378457,59,21,18.6,1,0,0.492,76,30.84,38.91,31.81,96,17.5,0.5642,9,44,0,31.4,0,0,0
2021-09-04,00:38:24,12.58,12.01,12.41,11.87,11.71,11.21,81,83,87,0,0,0,5.1,0.0,0.0,0.0,0.0,0.0,0.0,23.6,53,0,125,ON,OFF,ON,0,34.2,30,0,13492,OFF,OFF,29.4,29.5,12.98,29.4,14.74,9.0,6.0,84.91,38.0,69.27,12,76,29.5,14.5,3,1,OFF,OFF,100,100,6.095,1.268,1,0,ON,ON,0.922,4.372,0,0,OFF,OFF,0,0,100,100,0,0.156,69,576,10.3,67,16.5,0.01,31.2,44,10.087,19.4,1342,96.1,9.3,62.16466,378457,59,21,18.6,1,0,0.492,76,30.84,38.91,31.81,96,17.5,0.5642,9,44,0,31.4,0,0,0
2021-09-04,00:38:54,12.58,12.01,12.41,11.87,11.71,11.21,81,83,87,0,0,0,5.1,0.0,0.0,0.0,0.0,0.0,0.0,23.6,53,0,125,ON,OFF,ON,0,34.2,30,0,13492,OFF,OFF,29.4,29.5,12.98,29.4,14.74,9.0,6.0,84.91,38.0,69.27,12,76,29.5,14.5,3,1,OFF,OFF,100,100,6.095,1.268,1,0,ON,ON,0.922,4.372,0,0,OFF,OFF,0,0,100,100,0,0.156,69,576,10.3,67,16.5,0.01,31.2,44,10.087,19.4,1342,96.1,9.3,62.16466,378457,59,21,18.6,1,0,0.492,76,30.84,38.91,31.81,96,17.5,0.5642,9,44,0,31.4,0,0,0
2021-09-04,00:39:24,12.58,12.01,12.41,11.87,11.71,11.21,81,83,87,0,0,0,5.1,0.0,0.0,0.0,0.0,0.0,0.0,23.6,53,0,125,ON,OFF,ON,0,34.2,30,0,13492,OFF,OFF,29.4,29.5,12.98,29.4,14.74,9.0,6.0,84.91,38.0,69.27,12,76,29.5,14.5,3,1,OFF,OFF,100,100,6.095,1.268,1,0,ON,ON,0.922,4.372,0,0,OFF,OFF,0,0,100,100,0,0.156,69,576,10.3,67,16.5,0.01,31.2,44,10.087,19.4,1342,96.1,9.3,62.16466,378457,59,21,18.6,1,0,0.492,76,30.84,38.91,31.81,96,17.5,0.5642,9,44,0,31.4,0,0,0
2021-09-04,00:39:54,12.58,12.01,12.41,11.87,11.71,11.21,81,83,87,0,0,0,5.1,0.0,0.0,0.0,0.0,0.0,0.0,23.6,53,0,125,ON,OFF,ON,0,34.2,30,0,13492,OFF,OFF,29.4,29.5,12.98,29.4,14.74,9.0,6.0,84.91,38.0,69.27,12,76,29.5,14.5,3,1,OFF,OFF,100,100,6.095,1.268,1,0,ON,ON,0.922,4.372,0,0,OFF,OFF,0,0,100,100,0,0.156,69,576,10.3,67,16.5,0.01,31.2,44,10.087,19.4,1342,96.1,9.3,62.16466,378457,59,21,18.6,1,0,0.492,76,30.84,38.91,31.81,96,17.5,0.5642,9,44,0,31.4,0,0,0
2021-09-04,00:40:24,12.58,12.01,12.41,11.87,11.71,11.21,81,83,87,0,0,0,5.1,0.0,0.0,0.0,0.0,0.0,0.0,23.6,53,0,125,ON,OFF,ON,0,34.2,30,0,13492,OFF,OFF,29.4,29.5,12.98,29.4,14.74,9.0,6.0,84.91,38.0,69.27,12,76,29.5,14.5,3,1,OFF,OFF,100,100,6.095,1.268,1,0,ON,ON,0.922,4.372,0,0,OFF,OFF,0,0,100,100,0,0.156,69,576,10.3,67,16.5,0.01,31.2,44,10.087,19.4,1342,96.1,9.3,62.16466,378457,59,21,18.6,1,0,0.492,76,30.84,38.91,31.81,96,17.5,0.5642,9,44,0,31.4,0,0,0
2021-09-04,00:40:54,12.58,12.01,12.41,11.87,11.71,11.21,81,83,87,0,0,0,5.1,0.0,0.0,0.0,0.0,0.0,0.0,23.6,53,0,125,ON,OFF,ON,0,34.2,30,0,13492,OFF,OFF,29.4,29.5,12.98,29.4,14.74,9.0,6.0,84.91,38.0,69.27,12,76,29.5,14.5,3,1,OFF,OFF,100,100,6.095,1.268,1,0,ON,ON,0.922,4.372,0,0,OFF,OFF,0,0,100,100,0,0.156,69,576,10.3,67,16.5,0.01,31.2,44,10.087,19.4,1342,96.1,9.3,62.16466,378457,59,21,18.6,1,0,0.492,76,30.84,38.91,31.81,96,17.5,0.5642,9,44,0,31.4,0,0,0
2021-09-04,00:41:24,12.58,12.01,12.41,11.87,11.71,11.21,81,83,87,0,0,0,5.1,0.0,0.0,0.0,0.0,0.0,0.0,23.6,53,0,125,ON,OFF,ON,0,34.2,30,0,13492,OFF,OFF,29.4,29.5,12.98,29.4,14.74,9.0,6.0,84.91,38.0,69.27,12,76,29.5,14.5,3,1,OFF,OFF,100,100,6.095,1.268,1,0,ON,ON,0.922,4.372,0,0,OFF,OFF,0,0,100,100,0,0.156,69,576,10.3,67,16.5,0.01,31.2,44,10.087,19.4,1342,96.1,9.3,62.16466,378457,59,21,18.6,1,0,0.492,76,30.84,38.91,31.81,96,17.5,0.5642,9,44,0,31.4,0,0,0
2021-09-04,00:41:54,12.58,12.01,12.41,11.87,11.71,11.21,81,83,87,0,0,0,5.1,0.0,0.0,0.0,0.0,0.0,0.0,23.6,53,0,125,ON,OFF,ON,0,34.2,30,0,13492,OFF,OFF,29.4,29.5,12.98,29.4,14.74,9.0,6.0,84.91,38.0,69.27,12,76,29.5,14.5,3,1,OFF,OFF,100,100,6.095,1.268,1,0,ON,ON,0.922,4.372,0,0,OFF,OFF,0,0,100,100,0,0.156,69,576,10.3,67,16.5,0.01,31.2,44,10.087,19.4,1342,96.1,9.3,62.16466,378457,59,21,18.6,1,0,0.492,76,30.84,38.91,31.81,96,17.5,0.5642,9,44,0,31.4,0,0,0
2021-09-04,00:42:24,12.58,12.01,12.41,11.87,11.71,11.21,81,83,87,0,0,0,5.1,0.0,0.0,0.0,0.0,0.0,0.0,23.6,53,0,125,ON,OFF,ON,0,34.2,30,0,13492,OFF,OFF,29.4,29.5,12.98,29.4,14.74,9.0,6.0,84.91,38.0,69.27,12,76,29.5,14.5,3,1,OFF,OFF,100,100,6.095,1.268,1,0,ON,ON,0.922,4.372,0,0,OFF,OFF,0,0,100,100,0,0.156,69,576,10.3,67,16.5,0.01,31.2,44,10.087,19.4,1342,96.1,9.3,62.16466,378457,59,21,18.6,1,0,0.492,76,30.84,38.91,31.81,96,17.5,0.5642,9,44,0,31.4,0,0,0
2021-09-04,00:42:54,12.58,12.01,12.41,11.87,11.71,11.21,81,83,87,0,0,0,5.1,0.0,0.0,0.0,0.0,0.0,0.0,23.6,53,0,125,ON,OFF,ON,0,34.2,30,0,13492,OFF,OFF,29.4,29.5,12.98,29.4,14.74,9.0,6.0,84.91,38.0,69.27,12,76,29.5,14.5,3,1,OFF,OFF,100,100,6.095,1.268,1,0,ON,ON,0.922,4.372,0,0,OFF,OFF,0,0,100,100,0,0.156,69,576,10.3,67,16.5,0.01,31.2,44,10.087,19.4,1342,96.1,9.3,62.16466,378457,59,21,18.6,1,0,0.492,76,30.84,38.91,31.81,96,17.5,0.5642,9,44,0,31.4,0,0,0
2021-09-04,00:43:24,12.58,12.01,12.41,11.87,11.71,11.21,81,83,87,0,0,0,5.1,0.0,0.0,0.0,0.0,0.0,0.0,23.6,53,0,125,ON,OFF,ON,0,34.2,30,0,13492,OFF,OFF,29.4,29.5,12.98,29.4,14.74,9.0,6.0,84.91,38.0,69.27,12,76,29.5,14.5,3,1,OFF,OFF,100,100,6.095,1.268,1,0,ON,ON,0.922,4.372,0,0,OFF,OFF,0,0,100,100,0,0.156,69,576,10.3,67,16.5,0.01,31.2,44,10.087,19.4,1342,96.1,9.3,62.16466,378457,59,21,18.6,1,0,0.492,76,30.84,38.91,31.81,96,17.5,0.5642,9,44,0,31.4,0,0,0
2021-09-04,00:43:54,12.58,12.01,12.41,11.87,11.71,11.21,81,83,87,0,0,0,5.1,0.0,0.0,0.0,0.0,0.0,0.0,23.6,53,0,125,ON,OFF,ON,0,34.2,30,0,13492,OFF,OFF,29.4,29.5,12.98,29.4,14.74,9.0,6.0,84.91,38.0,69.27,12,76,29.5,14.5,3,1,OFF,OFF,100,100,6.095,1.268,1,0,ON,ON,0.922,4.372,0,0,OFF,OFF,0,0,100,100,0,0.156,69,576,10.3,67,16.5,0.01,31.2,44,10.087,19.4,1342,96.1,9.3,62.16466,378457,59,21,18.6,1,0,0.492,76,30.84,38.91,31.81,96,17.5,0.5642,9,44,0,31.4,0,0,0
2021-09-04,00:44:40,12.58,12.01,12.41,11.87,11.71,11.21,81,83,87,0,0,0,5.1,0.0,0.0,0.0,0.0,0.0,0.0,23.6,53,0,125,ON,OFF,ON,0,34.2,30,0,13492,OFF,OFF,29.4,29.5,12.98,29.4,14.74,9.0,6.0,84.91,38.0,69.27,12,76,29.5,14.5,3,1,OFF,OFF,100,100,6.095,1.268,1,0,ON,ON,0.922,4.372,0,0,OFF,OFF,0,0,100,100,0,0.156,69,576,10.3,67,16.5,0.01,31.2,44,10.087,19.4,1342,96.1,9.3,62.16466,378457,59,21,18.6,1,0,0.492,76,30.84,38.91,31.81,96,17.5,0.5642,9,44,0,31.4,0,0,0
2021-09-04,00:45:10,12.58,12.01,12.41,11.87,11.71,11.21,81,83,87,0,0,0,5.1,0.0,0.0,0.0,0.0,0.0,0.0,23.6,53,0,125,ON,OFF,ON,0,34.2,30,0,13492,OFF,OFF,29.4,29.5,12.98,29.4,14.74,9.0,6.0,84.91,38.0,69.27,12,76,29.5,14.5,3,1,OFF,OFF,100,100,6.095,1.268,1,0,ON,ON,0.922,4.372,0,0,OFF,OFF,0,0,100,100,0,0.156,69,576,10.3,67,16.5,0.01,31.2,44,10.087,19.4,1342,96.1,9.3,62.16466,378457,59,21,18.6,1,0,0.492,76,30.84,38.91,31.81,96,17.5,0.5642,9,44,0,31.4,0,0,0
2021-09-04,00:45:40,12.58,12.01,12.41,11.87,11.71,11.21,81,83,87,0,0,0,5.1,0.0,0.0,0.0,0.0,0.0,0.0,23.6,53,0,125,ON,OFF,ON,0,34.2,30,0,13492,OFF,OFF,29.4,29.5,12.98,29.4,14.74,9.0,6.0,84.91,38.0,69.27,12,76,29.5,14.5,3,1,OFF,OFF,100,100,6.095,1.268,1,0,ON,ON,0.922,4.372,0,0,OFF,OFF,0,0,100,100,0,0.156,69,576,10.3,67,16.5,0.01,31.2,44,10.087,19.4,1342,96.1,9.3,62.16466,378457,59,21,18.6,1,0,0.492,76,30.84,38.91,31.81,96,17.5,0.5642,9,44,0,31.4,0,0,0
2021-09-04,00:46:10,12.58,12.01,12.41,11.87,11.71,11.21,81,83,87,0,0,0,5.1,0.0,0.0,0.0,0.0,0.0,0.0,23.6,53,0,125,ON,OFF,ON,0,34.2,30,0,13492,OFF,OFF,29.4,29.5,12.98,29.4,14.74,9.0,6.0,84.91,38.0,69.27,12,76,29.5,14.5,3,1,OFF,OFF,100,100,6.095,1.268,1,0,ON,ON,0.922,4.372,0,0,OFF,OFF,0,0,100,100,0,0.156,69,576,10.3,67,16.5,0.01,31.2,44,10.087,19.4,1342,96.1,9.3,62.16466,378457,59,21,18.6,1,0,0.492,76,30.84,38.91,31.81,96,17.5,0.5642,9,44,0,31.4,0,0,0
2021-09-04,00:46:40,12.58,12.01,12.41,11.87,11.71,11.21,81,83,87,0,0,0,5.1,0.0,0.0,0.0,0.0,0.0,0.0,23.6,53,0,125,ON,OFF,ON,0,34.2,30,0,13492,OFF,OFF,29.4,29.5,12.98,29.4,14.74,9.0,6.0,84.91,38.0,69.27,12,76,29.5,14.5,3,1,OFF,OFF,100,100,6.095,1.268,1,0,ON,ON,0.922,4.372,0,0,OFF,OFF,0,0,100,100,0,0.156,69,576,10.3,67,16.5,0.01,31.2,44,10.087,19.4,1342,96.1,9.3,62.16466,378457,59,21,18.6,1,0,0.492,76,30.84,38.91,31.81,96,17.5,0.5642,9,44,0,31.4,0,0,0
2021-09-04,00:47:10,12.58,12.01,12.41,11.87,11.71,11.21,81,83,87,0,0,0,5.1,0.0,0.0,0.0,0.0,0.0,0.0,23.6,53,0,125,ON,OFF,ON,0,34.2,30,0,13492,OFF,OFF,29.4,29.5,12.98,29.4,14.74,9.0,6.0,84.91,38.0,69.27,12,76,29.5,14.5,3,1,OFF,OFF,100,100,6.095,1.268,1,0,ON,ON,0.922,4.372,0,0,OFF,OFF,0,0,100,100,0,0.156,69,576,10.3,67,16.5,0.01,31.2,44,10.087,19.4,1342,96.1,9.3,62.16466,378457,59,21,18.6,1,0,0.492,76,30.84,38.91,31.81,96,17.5,0.5642,9,44,0,31.4,0,0,0
2021-09-04,00:47:40,12.58,12.01,12.41,11.87,11.71,11.21,81,83,87,0,0,0,5.1,0.0,0.0,0.0,0.0,0.0,0.0,23.6,53,0,125,ON,OFF,ON,0,34.2,30,0,13492,OFF,OFF,29.4,29.5,12.98,29.4,14.74,9.0,6.0,84.91,38.0,69.27,12,76,29.5,14.5,3,1,OFF,OFF,100,100,6.095,1.268,1,0,ON,ON,0.922,4.372,0,0,OFF,OFF,0,0,100,100,0,0.156,69,576,10.3,67,16.5,0.01,31.2,44,10.087,19.4,1274,96.1,9.3,62.16466,378457,59,21,18.6,1,0,0.492,76,30.84,38.91,31.81,96,17.5,0.5642,9,44,0,31.4,0,0,0
2021-09-04,00:48:10,12.58,12.01,12.41,11.87,11.71,11.21,81,83,87,0,0,0,5.1,0.0,0.0,0.0,0.0,0.0,0.0,23.6,53,0,125,ON,OFF,ON,0,34.2,30,0,13492,OFF,OFF,29.4,29.5,12.98,29.4,14.74,9.0,6.0,84.91,38.0,69.27,12,76,29.5,14.5,3,1,OFF,OFF,100,100,6.095,1.268,1,0,ON,ON,0.922,4.372,0,0,OFF,OFF,0,0,100,100,0,0.156,69,576,10.3,67,16.5,0.01,31.2,44,10.087,19.4,1274,96.1,9.3,62.16466,378457,59,21,18.6,1,0,0.492,76,30.84,38.91,31.81,96,17.5,0.5642,9,44,0,31.4,0,0,0
2021-09-04,00:48:40,12.58,12.01,12.41,11.87,11.71,11.21,81,83,87,0,0,0,5.1,0.0,0.0,0.0,0.0,0.0,0.0,23.6,53,0,125,ON,OFF,ON,0,34.2,30,0,13492,OFF,OFF,29.4,29.5,12.98,29.4,14.74,9.0,6.0,84.91,38.0,69.27,12,76,29.5,14.5,3,1,OFF,OFF,100,100,6.095,1.268,1,0,ON,ON,0.922,4.372,0,0,OFF,OFF,0,0,100,100,0,0.156,69,576,10.3,67,16.5,0.01,31.2,44,10.087,19.4,1274,96.1,9.3,62.16466,378457,59,21,18.6,1,0,0.492,76,30.84,38.91,31.81,96,17.5,0.5642,9,44,0,31.4,0,0,0
2021-09-04,00:49:10,12.58,12.01,12.41,11.87,11.71,11.21,81,83,87,0,0,0,5.1,0.0,0.0,0.0,0.0,0.0,0.0,23.6,53,0,125,ON,OFF,ON,0,34.2,30,0,13492,OFF,OFF,29.4,29.5,12.98,29.4,14.74,9.0,6.0,84.91,38.0,69.27,12,76,29.5,14.5,3,1,OFF,OFF,100,100,6.095,1.268,1,0,ON,ON,0.922,4.372,0,0,OFF,OFF,0,0,100,100,0,0.156,69,576,10.3,67,16.5,0.01,31.2,44,10.087,19.4,1274,96.1,9.3,62.16466,378457,59,21,18.6,1,0,0.492,76,30.84,38.91,31.81,96,17.5,0.5642,9,44,0,31.4,0,0,0
2021-09-04,00:49:40,12.58,12.01,12.41,11.87,11.71,11.21,81,83,87,0,0,0,5.1,0.0,0.0,0.0,0.0,0.0,0.0,23.6,53,0,125,ON,OFF,ON,0,34.2,30,0,13492,OFF,OFF,29.4,29.5,12.98,29.4,14.74,9.0,6.0,84.91,38.0,69.27,12,76,29.5,14.5,3,1,OFF,OFF,100,100,6.095,1.268,1,0,ON,ON,0.922,4.372,0,0,OFF,OFF,0,0,100,100,0,0.156,69,576,10.3,67,16.5,0.01,31.2,44,10.087,19.4,1274,96.1,9.3,62.16466,378457,59,21,18.6,1,0,0.492,76,30.84,38.91,31.81,96,17.5,0.5642,9,44,0,31.4,0,0,0
2021-09-04,00:50:10,12.58,12.01,12.41,11.87,11.71,11.21,81,83,87,0,0,0,5.1,0.0,0.0,0.0,0.0,0.0,0.0,23.6,53,0,125,ON,OFF,ON,0,34.2,30,0,13492,OFF,OFF,29.4,29.5,12.98,29.4,14.74,9.0,6.0,84.91,38.0,69.27,12,76,29.5,14.5,3,1,OFF,OFF,100,100,6.095,1.268,1,0,ON,ON,0.922,4.372,0,0,OFF,OFF,0,0,100,100,0,0.156,69,576,10.3,67,16.5,0.01,31.2,44,10.087,19.4,1274,96.1,9.3,62.16466,378457,59,21,18.6,1,0,0.492,76,30.84,38.91,31.81,96,17.5,0.5642,9,44,0,31.4,0,0,0
2021-09-04,00:50:40,12.58,12.01,12.41,11.87,11.71,11.21,81,83,87,0,0,0,5.1,0.0,0.0,0.0,0.0,0.0,0.0,23.6,53,0,125,ON,OFF,ON,0,34.2,30,0,13492,OFF,OFF,29.4,29.5,12.98,29.4,14.74,9.0,6.0,84.91,38.0,69.27,12,76,29.5,14.5,3,1,OFF,OFF,100,100,6.095,1.268,1,0,ON,ON,0.922,4.372,0,0,OFF,OFF,0,0,100,100,0,0.156,69,576,10.3,67,16.5,0.01,31.2,44,10.087,19.4,1274,96.1,9.3,62.16466,378457,59,21,18.6,1,0,0.492,76,30.84,38.91,31.81,96,17.5,0.5642,9,44,0,31.4,0,0,0
2021-09-04,00:51:10,12.58,12.01,12.41,11.87,11.71,11.21,81,83,87,0,0,0,5.1,0.0,0.0,0.0,0.0,0.0,0.0,23.6,53,0,125,ON,OFF,ON,0,34.2,30,0,13492,OFF,OFF,29.4,29.5,12.98,29.4,14.74,9.0,6.0,84.91,38.0,69.27,12,76,29,14.5,3,1,OFF,OFF,100,100,6.095,1.268,1,0,ON,ON,0.922,4.372,0,0,OFF,OFF,0,0,100,100,0,0.156,69,576,10.3,67,16.5,0.01,31.2,44,10.087,19.4,1274,96.1,9.3,62.16466,378457,59,21,18.6,1,0,0.492,76,30.84,38.91,31.81,96,17.5,0.5642,9,44,0,31.4,0,0,0
2021-09-04,00:51:40,12.58,12.01,12.41,11.87,11.71,11.21,81,83,87,0,0,0,5.1,0.0,0.0,0.0,0.0,0.0,0.0,23.6,53,0,125,ON,OFF,ON,0,34.2,30,0,13492,OFF,OFF,29.4,29.5,12.98,29.4,14.74,9.0,6.0,84.91,38.0,69.27,12,76,29,14.5,3,1,OFF,OFF,100,100,6.095,1.268,1,0,ON,ON,0.922,4.372,0,0,OFF,OFF,0,0,100,100,0,0.156,69,576,10.3,67,16.5,0.01,31.2,44,10.087,19.4,1274,96.1,9.3,62.16466,378457,59,21,18.6,1,0,0.492,76,30.84,38.91,31.81,96,17.5,0.5642,9,44,0,31.4,0,0,0
2021-09-04,00:52:10,12.58,12.01,12.41,11.87,11.71,11.21,81,83,87,0,0,0,5.1,0.0,0.0,0.0,0.0,0.0,0.0,23.6,53,0,125,ON,OFF,ON,0,34.2,30,0,13492,OFF,OFF,29.4,29.5,12.98,29.4,14.74,9.0,6.0,84.91,38.0,69.27,11,76,29,14.5,3,1,OFF,OFF,100,100,6.095,1.268,1,0,ON,ON,0.922,4.372,0,0,OFF,OFF,0,0,100,100,0,0.156,69,576,10.3,67,16.5,0.01,31.2,44,10.087,19.4,1274,96.1,9.3,62.16466,378457,59,21,18.6,1,0,0.492,76,30.84,38.91,31.81,96,17.5,0.5642,9,44,0,31.4,0,0,0
2021-09-04,00:52:40,12.58,12.01,12.41,11.87,11.71,11.21,81,83,87,0,0,0,5.1,0.0,0.0,0.0,0.0,0.0,0.0,23.6,53,0,125,ON,OFF,ON,0,34.2,30,0,13492,OFF,OFF,29.4,29.5,12.98,29.4,14.74,9.0,6.0,84.91,38.0,74.31,11,76,29,14.5,3,1,OFF,OFF,100,100,6.095,1.268,1,0,ON,ON,0.922,4.372,0,0,OFF,OFF,0,0,100,100,0,0.156,69,576,10.3,67,16.5,0.01,31.2,44,10.087,19.4,1274,96.1,9.3,62.16466,378457,88,0,10.9,2,0,0.492,76,30.84,38.91,31.81,96,17.5,0.5642,9,44,0,31.4,0,0,0
2021-09-04,00:53:10,12.58,12.01,12.41,11.87,11.71,11.21,81,83,87,0,0,0,5.1,0.0,0.0,0.0,0.0,0.0,0.0,23.6,53,0,125,ON,OFF,ON,0,34.2,30,0,13492,OFF,OFF,29.4,29.5,12.32,29.4,14.74,9.0,6.0,84.91,38.0,74.31,11,76,29,14.5,3,1,OFF,OFF,100,100,6.095,1.268,1,0,ON,ON,0.922,4.372,0,0,OFF,OFF,0,0,100,100,0,0.156,69,576,10.3,67,16.5,0.01,31.2,44,10.087,19.4,1274,96.1,9.3,62.16466,378457,88,0,10.9,2,0,0.492,76,30.84,38.91,31.81,96,17.5,0.5642,9,44,0,31.4,0,0,0
2021-09-04,00:53:40,12.58,12.01,12.41,11.87,11.71,11.21,81,83,87,0,0,0,5.1,0.0,0.0,0.0,0.0,0.0,0.0,23.6,53,0,125,ON,OFF,ON,0,34.2,30,0,13492,OFF,OFF,29.4,29.5,12.32,29.4,14.74,9.0,6.0,84.91,38.0,74.31,11,76,29,14.5,3,1,OFF,OFF,100,100,6.095,1.268,1,0,ON,ON,0.922,4.372,0,0,OFF,OFF,0,0,100,100,0,0.156,69,576,10.3,67,16.2,0.01,31.2,44,10.087,19.4,1274,96.1,9.3,62.16466,378457,88,0,10.9,2,0,0.492,76,30.84,38.91,31.81,96,17.5,0.5642,9,44,0,31.4,0,0,0
2021-09-04,00:54:10,12.58,12.01,12.41,11.87,11.71,11.21,81,83,87,0,0,0,5.1,0.0,0.0,0.0,0.0,0.0,0.0,23.6,53,0,125,ON,OFF,ON,0,34.2,30,0,13492,OFF,OFF,29.4,29.5,12.32,29.4,14.74,9.0,6.0,84.91,38.0,74.31,11,76,29,14.5,3,1,OFF,OFF,100,100,6.095,1.268,1,0,ON,ON,0.922,4.372,0,0,OFF,OFF,0,0,100,100,0,0.156,69,576,10.3,67,16.2,0.01,31.2,44,10.087,19.4,1274,96.1,9.3,62.16466,378457,88,0,10.9,2,0,0.492,76,30.84,38.91,31.81,96,17.5,0.5642,9,44,0,31.4,0,0,0
2021-09-04,00:54:41,12.58,12.01,12.41,11.87,11.71,11.21,81,83,87,0,0,0,5.1,0.0,0.0,0.0,0.0,0.0,0.0,23.6,53,0,125,ON,OFF,ON,0,34.2,30,0,13492,OFF,OFF,29.4,29.5,12.32,29.4,14.74,9.0,6.0,84.91,38.0,74.31,11,76,29,14.5,3,1,OFF,OFF,100,100,6.095,1.268,1,0,ON,ON,0.922,4.372,0,0,OFF,OFF,0,0,100,100,0,0.156,69,576,10.3,67,16.2,0.01,31.2,44,10.087,19.4,1274,96.1,9.3,62.16466,378457,88,0,10.9,2,0,0.492,76,30.84,38.91,31.81,96,17.5,0.5642,9,44,0,31.4,0,0,0
2021-09-04,00:55:11,12.58,12.01,12.41,11.87,11.71,11.21,81,83,87,0,0,0,5.1,0.0,0.0,0.0,0.0,0.0,0.0,23.6,53,0,125,ON,OFF,ON,0,34.2,30,0,13492,OFF,OFF,29.4,29.5,12.32,29.4,14.74,9.0,6.0,84.91,38.0,74.31,11,76,29,14.5,3,1,OFF,OFF,100,100,6.095,1.268,1,0,ON,ON,0.922,4.372,0,0,OFF,OFF,0,0,100,100,0,0.156,69,576,10.3,67,16.2,0.01,31.2,44,10.087,19.4,1274,96.1,9.3,62.16466,378457,88,0,10.9,2,0,0.492,76,30.84,38.91,31.81,96,17.5,0.5642,9,44,0,31.4,0,0,0
2021-09-04,00:55:41,12.58,12.01,12.41,11.87,11.71,11.21,81,83,87,0,0,0,5.1,0.0,0.0,0.0,0.0,0.0,0.0,23.6,53,0,125,ON,OFF,ON,0,34.2,30,0,13492,OFF,OFF,29.4,29.5,12.32,29.4,14.74,9.0,6.0,84.91,38.0,74.31,11,76,29,14.5,3,1,OFF,OFF,100,100,6.095,1.268,1,0,ON,ON,0.922,4.372,0,0,OFF,OFF,0,0,100,100,0,0.156,69,576,10.3,67,16.2,0.01,31.2,44,9.58,19.4,1274,96.1,9.3,62.16466,378457,88,0,10.9,2,0,0.492,76,30.84,38.91,31.81,96,17.5,0.5642,9,44,0,31.4,0,0,0
2021-09-04,00:56:11,12.58,12.01,12.41,11.87,11.71,11.21,81,83,87,0,0,0,5.1,0.0,0.0,0.0,0.0,0.0,0.0,23.6,53,0,125,ON,OFF,ON,0,34.2,30,0,13492,OFF,OFF,29.4,29.5,12.32,29.4,14.74,9.0,6.0,84.91,38.0,74.31,11,76,29,14.5,3,1,OFF,OFF,100,100,6.095,1.268,1,0,ON,ON,0.922,4.372,0,0,OFF,OFF,0,0,100,100,0,0.156,69,576,10.3,67,16.2,0.01,31.2,44,9.58,19.4,1274,96.1,9.3,62.16466,378457,88,0,10.9,2,0,0.492,76,30.84,38.38,31.81,96,17.5,0.5642,9,44,0,31.4,0,0,0
2021-09-04,00:56:41,12.58,12.01,12.41,11.87,11.71,11.21,81,83,87,0,0,0,5.1,0.0,0.0,0.0,0.0,0.0,0.0,23.6,53,0,125,ON,OFF,ON,0,34.2,30,0,13492,OFF,OFF,29.4,29.5,12.32,29.4,14.74,9.0,6.0,84.91,38.0,74.31,11,76,29,14.5,3,1,OFF,OFF,100,100,6.095,1.268,1,0,ON,ON,0.922,4.372,0,0,OFF,OFF,0,0,100,100,0,0.156,69,576,10.3,67,16.2,0.01,30.7,44,9.58,19.4,1274,96.1,9.3,62.16466,378457,88,0,10.9,2,0,0.492,76,30.84,38.38,31.81,96,17.5,0.5642,9,44,0,31.4,0,0,0
2021-09-04,00:57:11,12.58,12.01,12.41,11.87,11.71,11.21,81,83,87,0,0,0,5.1,0.0,0.0,0.0,0.0,0.0,0.0,23.6,53,0,125,ON,OFF,ON,0,34.2,30,0,13492,OFF,OFF,29.4,29.5,12.32,29.4,14.74,9.0,6.0,84.91,38.0,74.31,11,76,29,14.5,3,1,OFF,OFF,100,100,6.095,1.268,1,0,ON,ON,0.922,4.372,0,0,OFF,OFF,0,0,100,100,0,0.156,69,576,10.3,67,16.2,0.01,30.7,44,9.58,19.4,1274,96.1,9.3,62.16466,378457,88,0,10.9,2,0,0.492,76,30.84,38.38,31.81,96,17.5,0.5642,9,44,0,31.4,0,0,0
2021-09-04,00:57:41,12.58,12.01,12.41,11.87,11.71,11.21,81,83,87,0,0,0,5.1,0.0,0.0,0.0,0.0,0.0,0.0,23.6,53,0,125,ON,OFF,ON,0,34.2,30,0,13492,OFF,OFF,29.4,29.5,12.32,29.4,14.74,9.0,6.0,84.91,38.0,74.31,11,76,29,14.5,3,1,OFF,OFF,100,100,6.095,1.268,1,0,ON,ON,0.922,4.372,0,0,OFF,OFF,0,0,100,100,0,0.156,69,576,10,67,16.1,0.01,30.7,44,9.648,17.3,1263,96.1,9.3,62.16466,378457,88,0,10.9,2,0,0.492,76,30.84,38.38,31.81,96,17.5,0.5642,9,44,0,31.4,0,0,0
2021-09-04,00:58:11,12.58,12.01,12.41,11.87,11.71,11.21,81,83,87,0,0,0,5.1,0.0,0.0,0.0,0.0,0.0,0.0,23.6,53,0,125,ON,OFF,ON,0,34.2,30,0,13492,OFF,OFF,29.4,29.5,12.32,29.4,14.74,9.0,6.0,84.91,38.0,74.31,11,76,29,14.5,3,1,OFF,OFF,100,100,6.095,1.268,1,0,ON,ON,0.922,4.372,0,0,OFF,OFF,0,0,100,100,0,0.156,69,576,10,67,16.1,0.01,30.7,44,9.648,17.3,1263,96.1,9.3,62.16466,378457,88,0,10.9,2,0,0.492,76,30.84,38.38,31.81,96,17.5,0.5642,9,44,0,31.4,0,0,0
2021-09-04,00:58:41,12.58,12.01,12.41,11.87,11.71,11.21,81,83,87,0,0,0,5.1,0.0,0.0,0.0,0.0,0.0,0.0,23.6,53,0,125,ON,OFF,ON,0,34.2,30,0,13492,OFF,OFF,29.4,29.5,12.32,29.4,14.74,9.0,6.0,84.91,38.0,74.31,11,76,29,14.5,3,1,OFF,OFF,100,100,6.095,1.268,1,0,ON,ON,0.922,4.372,0,0,OFF,OFF,0,0,100,100,0,0.156,69,576,10,67,16.1,0.01,30.7,44,9.648,17.3,1263,96.1,9.3,62.16466,378457,88,0,10.9,2,0,0.492,76,30.84,38.38,31.81,96,17.5,0.5642,9,44,0,31.4,0,0,0
2021-09-04,00:59:11,12.58,12.01,12.41,11.87,11.71,11.21,81,83,87,0,0,0,5.1,0.0,0.0,0.0,0.0,0.0,0.0,23.6,53,0,125,ON,OFF,ON,0,34.2,30,0,13492,OFF,OFF,29.4,29.5,12.32,29.4,14.74,9.0,6.0,84.91,38.0,74.31,11,76,29,14.5,3,1,OFF,OFF,100,100,6.095,1.268,1,0,ON,ON,0.922,4.372,0,0,OFF,OFF,0,0,100,100,0,0.156,69,576,10,67,16.1,0.01,30.7,44,9.648,17.3,1263,96.1,9.3,62.16466,378457,88,0,10.9,2,0,0.492,76,30.84,38.38,31.81,96,17.5,0.5642,9,44,0,31.4,0,0,0
2021-09-04,00:59:58,12.58,12.01,12.41,11.87,11.71,11.21,81,83,87,0,0,0,5.1,0.0,0.0,0.0,0.0,0.0,0.0,23.6,53,0,125,ON,OFF,ON,0,34.2,30,0,13492,OFF,OFF,29.4,29.5,12.32,29.4,14.74,9.0,6.0,84.91,38.0,74.31,11,76,29,14,3,1,OFF,OFF,100,100,6.095,1.268,1,0,ON,ON,0.922,4.372,0,0,OFF,OFF,0,0,100,100,0,0.156,69,576,10,67,16.1,0.01,30.7,44,9.648,17.3,1263,96.1,9.3,62.16466,378457,88,0,10.9,2,0,0.492,76,30.84,38.38,31.81,96,17.5,0.5642,9,44,0,31.4,0,0,0
2021-09-04,01:00:27,12.58,12.01,12.41,11.87,11.71,11.21,81,83,87,0,0,0,5.1,0.0,0.0,0.0,0.0,0.0,0.0,23.6,53,0,125,ON,OFF,ON,0,34.2,30,0,13492,OFF,OFF,29.4,29.5,12.32,29.4,14.74,9.0,6.0,84.91,38.0,74.31,11,76,29,14,3,1,OFF,OFF,100,100,6.095,1.268,1,0,ON,ON,0.922,4.372,0,0,OFF,OFF,0,0,100,100,0,0.156,69,576,10,67,16.1,0.01,30.7,44,9.648,17.3,1263,96.1,9.3,62.16466,378457,88,0,10.9,2,0,0.492,76,30.84,38.38,31.81,96,17.5,0.5642,9,44,0,31.4,0,0,0
2021-09-04,01:00:58,12.58,12.01,12.41,11.87,11.71,11.21,81,83,87,0,0,0,5.1,0.0,0.0,0.0,0.0,0.0,0.0,23.6,53,0,125,ON,OFF,ON,0,34.2,30,0,13492,OFF,OFF,29.4,29.5,12.32,29.4,14.74,9.0,6.0,84.91,38.0,74.31,11,76,29,14,3,1,OFF,OFF,100,100,6.096,1.268,1,0,ON,ON,0.922,4.372,0,0,OFF,OFF,0,0,100,100,0,0.156,69,576,10,67,16.1,0.01,30.7,44,9.648,17.3,1263,96.1,9.3,62.16466,378457,88,0,10.9,2,0,0.492,76,30.84,38.38,31.81,96,17.5,0.5642,9,44,0,31.4,0,0,0
2021-09-04,01:01:28,12.58,12.01,12.41,11.87,11.71,11.21,81,83,87,0,0,0,5.1,0.0,0.0,0.0,0.0,0.0,0.0,23.6,53,0,125,ON,OFF,ON,0,34.2,30,0,13492,OFF,OFF,29.4,29.5,12.32,29.4,14.74,9.0,6.0,84.91,38.0,74.31,11,78,29,14,3,1,OFF,OFF,100,100,6.096,1.268,1,0,ON,ON,0.922,4.372,0,0,OFF,OFF,0,0,100,100,0,0.156,69,576,10,67,16.1,0.01,30.7,44,9.648,17.3,1263,96.1,9.3,62.16466,378457,88,0,10.9,2,0,0.492,76,30.84,38.38,31.26,96,17.5,0.5642,9,44,0,31.4,0,0,0
2021-09-04,01:01:58,12.58,12.01,12.41,11.87,11.71,11.21,81,83,87,0,0,0,5.1,0.0,0.0,0.0,0.0,0.0,0.0,23.6,53,0,125,ON,OFF,ON,0,34.2,30,0,13492,OFF,OFF,29.4,29.5,12.32,29.4,14.74,9.0,6.0,84.91,38.0,74.31,11,78,29,14,3,1,OFF,OFF,100,100,6.096,1.268,1,0,ON,ON,0.922,4.372,0,0,OFF,OFF,0,0,100,100,0,0.156,69,576,10,67,16.1,0.01,30.7,44,9.648,17.3,1263,96.1,9.3,62.16466,378457,88,0,10.9,2,0,0.492,76,30.84,38.38,31.26,96,17.5,0.5642,9,44,0,31.4,0,0,0
2021-09-04,01:02:28,12.58,12.01,12.41,11.87,11.71,11.21,81,83,87,0,0,0,5.1,0.0,0.0,0.0,0.0,0.0,0.0,23.6,53,0,125,ON,OFF,ON,0,34.2,30,0,13492,OFF,OFF,29.4,29.5,12.32,29.4,14.74,9.0,6.0,89.94,38.0,74.31,11,78,29,14,3,1,OFF,OFF,100,100,6.096,1.268,1,0,ON,ON,0.922,4.372,0,0,OFF,OFF,0,0,100,100,0,0.156,69,576,10,67,16.1,0.01,30.7,44,9.648,17.3,1263,96.1,9.3,62.16466,378457,88,0,10.9,2,0,0.492,76,30.84,38.38,31.26,96,17.5,0.5642,9,44,0,31.4,0,0,0
2021-09-04,01:02:58,12.58,12.01,12.41,11.87,11.71,11.21,81,83,87,0,0,0,5.1,0.0,0.0,0.0,0.0,0.0,0.0,23.6,53,0,125,ON,OFF,ON,0,34.2,30,0,13492,OFF,OFF,29.4,29.5,12.32,29.4,14.74,9.0,6.0,89.94,38.0,74.31,11,78,29,14,3,1,OFF,OFF,100,100,6.096,1.268,1,0,ON,ON,0.922,4.372,0,0,OFF,OFF,0,0,100,100,0,0.156,69,576,10,67,16.1,0.01,30.7,44,9.648,17.3,1263,96.1,9.3,62.16466,378457,88,0,10.9,2,0,0.492,76,30.84,38.38,31.26,96,17.5,0.5642,9,44,0,31.4,0,0,0
2021-09-04,01:03:28,12.58,12.01,12.41,11.87,11.71,11.21,81,83,87,0,0,0,5.1,0.0,0.0,0.0,0.0,0.0,0.0,23.6,53,0,125,ON,OFF,ON,0,34.2,30,0,13492,OFF,OFF,29.4,29.5,12.32,29.4,14.74,9.0,6.0,89.94,38.0,74.31,11,78,29,14,3,1,OFF,OFF,100,100,6.096,1.268,1,0,ON,ON,0.922,4.372,0,0,OFF,OFF,0,0,100,100,0,0.156,69,576,10,67,16.1,0.01,30.7,44,9.648,17.3,1263,96.1,9.3,62.16466,378457,88,0,10.9,2,0,0.492,76,30.84,38.38,31.26,96,17.5,0.5642,9,44,0,31.4,0,0,0
2021-09-04,01:03:58,12.58,12.01,12.41,11.87,11.71,11.21,81,83,87,0,0,0,5.1,0.0,0.0,0.0,0.0,0.0,0.0,23.6,53,0,125,ON,OFF,ON,0,34.2,30,0,13492,OFF,OFF,29.4,29.5,12.32,29.4,14.08,9.0,6.0,89.94,38.0,74.31,11,78,29,14,3,1,OFF,OFF,100,100,6.096,1.268,1,0,ON,ON,0.922,4.372,0,0,OFF,OFF,0,0,100,100,0,0.156,69,576,10,67,16.1,0.01,30.7,44,9.648,17.3,1263,96.1,9.3,62.16466,378457,88,0,10.9,2,0,0.492,76,30.84,38.38,31.26,96,17.5,0.5642,9,44,0,31.4,0,0,0
2021-09-04,01:04:28,12.58,12.01,12.41,11.87,11.71,11.21,81,83,87,0,0,0,5.1,0.0,0.0,0.0,0.0,0.0,0.0,23.6,53,0,125,ON,OFF,ON,0,34.2,30,0,13492,OFF,OFF,29.4,29.5,12.32,29.4,14.08,9.0,6.0,89.94,38.0,74.31,11,78,29,14,3,1,OFF,OFF,100,100,6.096,1.268,1,0,ON,ON,0.922,4.372,0,0,OFF,OFF,0,0,100,100,0,0.156,69,576,10,67,16.1,0.01,30.7,44,9.648,17.3,1263,96.1,9.3,62.16466,378457,88,0,10.9,2,0,0.492,76,30.84,38.38,31.26,96,17.5,0.5642,9,44,0,31.4,0,0,0
2021-09-04,01:04:58,12.58,12.01,12.41,11.87,11.71,11.21,81,83,87,0,0,0,5.1,0.0,0.0,0.0,0.0,0.0,0.0,23.6,53,0,125,ON,OFF,ON,0,34.2,30,0,13492,OFF,OFF,29.4,29.5,12.32,29.4,14.08,9.0,6.0,89.94,38.0,74.31,11,78,29,14,3,1,OFF,OFF,100,100,6.096,1.268,1,0,ON,ON,0.922,4.372,0,0,OFF,OFF,0,0,100,100,0,0.156,69,576,10,67,16.1,0.01,30.7,44,9.648,17.3,1263,96.1,9.3,62.16466,378457,88,0,10.9,2,0,0.492,76,30.84,38.38,31.26,96,17.5,0.5642,9,44,0,31.4,0,0,0
2021-09-04,01:05:28,12.58,12.01,12.41,11.87,11.71,11.21,81,83,87,0,0,0,5.1,0.0,0.0,0.0,0.0,0.0,0.0,23.6,53,0,125,ON,OFF,ON,0,34.2,30,0,13492,OFF,OFF,29.4,29.5,12.32,29.4,14.08,9.0,6.0,89.94,38.0,74.31,11,78,29,14,3,1,OFF,OFF,100,100,6.096,1.268,1,0,ON,ON,0.922,4.372,0,0,OFF,OFF,0,0,100,100,0,0.156,69,576,10,67,16.1,0.01,30.7,44,9.648,17.3,1263,96.1,9.3,62.16466,378457,88,0,10.9,2,0,0.492,76,30.84,38.38,31.26,96,17.5,0.5642,9,44,0,31.4,0,0,0
2021-09-04,01:05:58,12.58,12.01,12.41,11.87,11.71,11.21,81,83,87,0,0,0,5.1,0.0,0.0,0.0,0.0,0.0,0.0,23.6,53,0,125,ON,OFF,ON,0,34.2,30,0,13492,OFF,OFF,29.4,29.5,12.32,29.4,14.08,9.0,6.0,89.94,38.0,74.31,11,78,29,14,3,1,OFF,OFF,100,100,6.096,1.268,1,0,ON,ON,0.922,4.372,0,0,OFF,OFF,0,0,100,100,0,0.156,69,576,10,67,16.1,0.01,30.7,44,9.648,17.3,1263,96.1,9.3,62.16466,378457,88,0,10.9,2,0,0.492,76,30.84,38.38,31.26,96,17.5,0.5642,9,44,0,31.4,0,0,0
2021-09-04,01:06:28,12.58,12.01,12.41,11.87,11.71,11.21,81,83,87,0,0,0,5.1,0.0,0.0,0.0,0.0,0.0,0.0,23.6,53,0,125,ON,OFF,ON,0,34.2,30,0,13492,OFF,OFF,29.4,29.5,12.32,29.4,14.08,9.0,6.0,89.94,38.0,74.31,11,78,29,14,3,1,OFF,OFF,100,100,6.096,1.268,1,0,ON,ON,0.922,4.372,0,0,OFF,OFF,0,0,100,100,0,0.156,69,576,10,67,16.1,0.01,30.7,44,9.648,17.3,1263,96.1,9.3,62.16466,378457,88,0,10.9,2,0,0.492,76,30.84,38.38,31.26,96,17.5,0.5642,9,44,0,31.4,0,0,0
2021-09-04,01:06:58,12.58,12.01,12.41,11.87,11.71,11.21,81,83,87,0,0,0,5.1,0.0,0.0,0.0,0.0,0.0,0.0,23.6,53,0,125,ON,OFF,ON,0,34.2,30,0,13492,OFF,OFF,29.4,29.5,12.32,29.4,14.08,9.0,6.0,89.94,38.0,74.31,11,78,29,14,3,1,OFF,OFF,100,100,6.096,1.268,1,0,ON,ON,0.922,4.372,0,0,OFF,OFF,0,0,100,100,0,0.156,69,576,10,67,16.1,0.01,30.7,44,9.648,17.3,1263,96.1,9.3,62.16466,378457,88,0,10.9,2,0,0.492,76,30.3,38.38,31.26,96,17.5,0.5642,9,44,0,31.4,0,0,0
2021-09-04,01:07:28,12.58,12.01,12.41,11.87,11.71,11.21,81,83,87,0,0,0,5.1,0.0,0.0,0.0,0.0,0.0,0.0,23.6,53,0,125,ON,OFF,ON,0,34.2,30,0,13492,OFF,OFF,29.4,29.5,12.32,29.4,14.08,9.0,6.0,89.94,38.0,74.31,11,78,29,14,3,1,OFF,OFF,100,100,6.096,1.268,1,0,ON,ON,0.922,4.372,0,0,OFF,OFF,0,0,100,100,0,0.156,69,576,10,67,16.1,0.01,30.7,44,9.648,17.3,1263,96.1,9.3,62.16466,378457,88,0,10.9,2,0,0.492,76,30.3,38.38,31.26,96,17.5,0.5642,9,44,0,31.4,0,0,0
2021-09-04,01:07:58,12.58,12.01,12.41,11.87,11.71,11.21,81,83,87,0,0,0,5.1,0.0,0.0,0.0,0.0,0.0,0.0,23.6,53,0,125,ON,OFF,ON,0,34.2,30,0,13492,OFF,OFF,29.4,29.5,12.32,29.4,14.08,9.0,6.0,89.94,38.0,74.31,11,78,29,14,3,1,OFF,OFF,100,100,6.096,1.268,1,0,ON,ON,0.922,4.372,0,0,OFF,OFF,0,0,100,100,0,0.156,69,576,10,67,16.1,0.01,30.7,44,9.648,17.3,1263,96.1,9.3,62.16466,378457,88,0,10.9,2,0,0.492,76,30.3,38.38,31.26,96,17.5,0.5642,9,44,0,31.4,0,0,0
2021-09-04,01:08:28,12.58,12.01,12.41,11.87,11.71,11.21,81,83,87,0,0,0,5.1,0.0,0.0,0.0,0.0,0.0,0.0,23.6,53,0,125,ON,OFF,ON,0,34.2,30,0,13492,OFF,OFF,29.4,29.5,12.32,29.4,14.08,9.0,6.0,89.94,38.0,74.31,11,78,28.5,14,3,1,OFF,OFF,100,100,6.096,1.268,1,0,ON,ON,0.922,4.372,0,0,OFF,OFF,0,0,100,100,0,0.156,69,576,10,67,16.1,0.01,30.7,44,9.648,17.3,1263,96.1,9.3,62.16466,378457,88,0,10.9,2,0,0.492,76,30.3,38.38,31.26,96,17.5,0.5642,9,44,0,31.4,0,0,0
2021-09-04,01:08:58,12.58,12.01,12.41,11.87,11.71,11.21,81,83,87,0,0,0,5.1,0.0,0.0,0.0,0.0,0.0,0.0,23.6,53,0,125,ON,OFF,ON,0,34.2,30,0,13492,OFF,OFF,29.4,29.5,12.32,29.4,14.08,9.0,6.0,89.94,38.0,74.31,11,78,28.5,14,3,1,OFF,OFF,100,100,6.096,1.268,1,0,ON,ON,0.922,4.372,0,0,OFF,OFF,0,0,100,100,0,0.156,69,576,10,67,16.1,0.01,30.7,44,9.648,17.3,1263,96.1,9.3,62.16466,378457,88,0,10.9,2,0,0.492,76,30.3,38.38,31.26,96,17.5,0.5642,9,44,0,31.4,0,0,0
2021-09-04,01:09:28,12.58,12.01,12.41,11.87,11.71,11.21,81,83,87,0,0,0,5.1,0.0,0.0,0.0,0.0,0.0,0.0,23.6,53,0,125,ON,OFF,ON,0,34.2,30,0,13492,OFF,OFF,29.4,29.5,12.32,29.4,14.08,9.0,6.0,89.94,38.0,74.31,11,78,28.5,14,3,1,OFF,OFF,100,100,6.096,1.268,1,0,ON,ON,0.922,4.372,0,0,OFF,OFF,0,0,100,100,0,0.156,69,576,10,67,16.1,1.268,30.7,44,1.268,17.3,1263,96.1,9.3,62.16466,378457,88,0,10.9,2,0,0.492,76,30.3,38.38,31.26,96,17.5,0.5642,9,44,0,31.4,0,0,0
2021-09-04,01:09:58,12.58,12.01,12.41,11.87,11.71,11.21,81,83,87,0,0,0,5.1,0.0,0.0,0.0,0.0,0.0,0.0,23.6,53,0,125,ON,OFF,ON,0,34.2,30,0,13492,OFF,OFF,29.4,29.5,12.32,29.4,14.08,9.0,6.0,89.94,38.0,74.31,11,78,28.5,14,3,1,OFF,OFF,100,100,6.096,1.268,1,0,ON,ON,0.922,4.372,0,0,OFF,OFF,0,0,100,100,0,0.156,69,576,10,67,16.1,1.268,30.7,44,1.268,17.3,1263,96.1,9.3,62.16466,378457,88,0,10.9,2,0,0.492,76,30.3,38.38,31.26,96,17.5,0.5642,9,44,0,31.4,0,0,0
2021-09-04,01:10:28,12.58,12.01,12.41,11.87,11.71,11.21,81,83,87,0,0,0,5.1,0.0,0.0,0.0,0.0,0.0,0.0,23.6,53,0,125,ON,OFF,ON,0,34.2,30,0,13492,OFF,OFF,29.4,29.5,12.32,29.4,14.08,9.0,6.0,89.94,38.0,74.31,11,78,28.5,14,3,1,OFF,OFF,100,100,6.096,1.268,1,0,ON,ON,0.922,4.372,0,0,OFF,OFF,0,0,100,100,0,0.156,69,576,10,67,16.1,1.268,30.7,44,1.268,17.3,1263,96.1,9.3,62.16466,378457,88,0,10.9,2,0,0.492,76,30.3,38.38,31.26,96,17.5,0.5642,9,44,0,31.4,0,0,0
2021-09-04,01:10:58,12.58,12.01,12.41,11.87,11.71,11.21,81,83,87,0,0,0,5.1,0.0,0.0,0.0,0.0,0.0,0.0,23.6,53,0,125,ON,OFF,ON,0,34.2,30,0,13492,OFF,OFF,29.4,29.5,12.32,29.4,14.08,9.0,6.0,89.94,38.0,74.31,11,78,28.5,14,3,1,OFF,OFF,100,100,6.096,1.268,1,0,ON,ON,0.922,4.372,0,0,OFF,OFF,0,0,100,100,0,0.156,69,576,10,67,16.1,1.268,30.7,44,1.268,17.3,1263,96.1,9.3,62.16466,378457,88,0,10.9,2,0,0.492,76,30.3,38.38,31.26,96,17.5,0.5642,9,44,0,31.4,0,0,0
2021-09-04,01:11:28,12.58,12.01,12.41,11.87,11.71,11.21,81,83,87,0,0,0,5.1,0.0,0.0,0.0,0.0,0.0,0.0,23.6,53,0,125,ON,OFF,ON,0,34.2,30,0,13492,OFF,OFF,29.4,29.5,12.32,29.4,14.08,9.0,6.0,89.94,38.0,74.31,11,78,28.5,14,3,1,OFF,OFF,100,100,6.096,1.268,1,0,ON,ON,0.922,4.372,0,0,OFF,OFF,0,0,100,100,0,0.156,69,576,10,67,16.1,1.268,30.7,44,1.268,17.3,1263,96.1,9.3,62.16466,378457,88,0,10.9,2,0,0.492,76,30.3,38.38,31.26,96,17.5,0.5642,9,44,0,31.4,0,0,0
2021-09-04,01:11:58,12.58,12.01,12.41,11.87,11.71,11.21,81,83,87,0,0,0,5.1,0.0,0.0,0.0,0.0,0.0,0.0,23.6,53,0,125,ON,OFF,ON,0,34.2,30,0,13492,OFF,OFF,29.4,29.5,12.32,29.4,14.08,9.0,6.0,89.94,38.0,74.31,11,78,28.5,14,3,1,OFF,OFF,100,100,6.096,1.268,1,0,ON,ON,0.922,4.372,0,0,OFF,OFF,0,0,100,100,0,0.156,69,576,10,67,16.1,1.268,30.7,44,1.268,17.3,1263,96.1,9.3,62.16466,378457,88,0,10.9,2,0,0.492,76,30.3,38.38,31.26,96,17.5,0.5642,9,44,0,31.4,0,0,0
2021-09-04,01:12:28,12.58,12.01,12.41,11.87,11.71,11.21,81,83,87,0,0,0,5.1,0.0,0.0,0.0,0.0,0.0,0.0,23.6,53,0,125,ON,OFF,ON,0,34.2,30,0,13492,OFF,OFF,29.4,29.5,12.32,29.4,14.08,9.0,6.0,89.94,38.0,74.31,11,78,28.5,14,3,1,OFF,OFF,100,100,6.096,1.268,1,0,ON,ON,0.922,4.372,0,0,OFF,OFF,0,0,100,100,0,0.156,69,576,10,67,16.1,1.268,30.7,44,1.268,17.3,1263,96.1,9.3,62.16466,378457,88,0,10.9,2,0,0.492,76,30.3,38.38,31.26,96,17.5,0.5642,9,44,0,31.4,0,0,0
2021-09-04,01:12:58,12.58,12.01,12.41,11.87,11.71,11.21,81,83,87,0,0,0,5.1,0.0,0.0,0.0,0.0,0.0,0.0,23.6,53,0,125,ON,OFF,ON,0,34.2,30,0,13492,OFF,OFF,29.4,29.5,12.32,29.4,14.08,9.0,6.0,89.94,38.0,74.31,11,78,28.5,14,3,1,OFF,OFF,100,100,6.096,1.268,1,0,ON,ON,0.922,4.372,0,0,OFF,OFF,0,0,100,100,0,0.156,69,576,10,67,16.1,1.268,30.7,44,1.268,17.3,1263,96.1,9.3,62.16466,378457,88,0,10.9,2,0,0.492,76,30.3,38.38,31.26,96,17.5,0.5642,9,44,0,31.4,0,0,0
2021-09-04,01:13:28,12.58,12.01,12.41,11.87,11.71,11.21,81,83,87,0,0,0,5.1,0.0,0.0,0.0,0.0,0.0,0.0,23.6,53,0,125,ON,OFF,ON,0,34.2,30,0,13492,OFF,OFF,29.4,29.5,12.32,29.4,14.08,9.0,6.0,89.94,38.0,74.31,11,78,28.5,14,3,1,OFF,OFF,100,100,6.096,1.268,1,0,ON,ON,0.922,4.372,0,0,OFF,OFF,0,0,100,100,0,0.156,69,576,10,67,16.1,1.268,30.7,44,1.268,17.3,1263,96.1,9.3,62.16466,378457,88,0,10.9,2,0,0.492,76,30.3,38.38,31.26,96,17.5,0.5642,9,44,0,31.4,0,0,0
2021-09-04,01:13:58,12.58,12.01,12.41,11.87,11.71,11.21,81,83,87,0,0,0,5.1,0.0,0.0,0.0,0.0,0.0,0.0,23.6,53,0,125,ON,OFF,ON,0,34.2,30,0,13492,OFF,OFF,29.4,29.5,12.32,29.4,14.08,9.0,6.0,89.94,38.0,74.31,11,78,28.5,14,3,1,OFF,OFF,100,100,6.096,1.268,1,0,ON,ON,0.922,4.372,0,0,OFF,OFF,0,0,100,100,0,0.156,69,576,10,67,16.1,1.268,30.7,44,1.268,17.3,1263,96.1,9.3,62.16466,378457,88,0,10.9,2,0,0.492,76,30.3,38.38,31.26,96,17.5,0.5642,9,44,0,31.4,0,0,0
2021-09-04,01:14:28,12.58,12.01,12.41,11.87,11.71,11.21,81,83,87,0,0,0,5.1,0.0,0.0,0.0,0.0,0.0,0.0,23.6,53,0,125,ON,OFF,ON,0,34.2,30,0,13492,OFF,OFF,29.4,29.5,12.32,29.4,14.08,9.0,6.0,89.94,38.0,74.31,11,78,28.5,14,3,1,OFF,OFF,100,100,6.096,1.268,1,0,ON,ON,0.922,4.372,0,0,OFF,OFF,0,0,100,100,0,0.156,69,576,10,67,16.1,1.268,30.7,44,1.268,17.3,1263,96.1,9.3,62.16466,378457,88,0,10.9,2,0,0.492,76,30.3,38.38,31.26,96,17.5,0.5642,9,44,0,31.4,0,0,0
2021-09-04,01:15:13,12.58,12.01,12.41,11.87,11.71,11.21,81,83,87,0,0,0,5.1,0.0,0.0,0.0,0.0,0.0,0.0,23.6,53,0,125,ON,OFF,ON,0,34.2,30,0,13492,OFF,OFF,29.4,29.5,12.32,29.4,14.08,9.0,6.0,89.94,38.0,74.31,11,78,28.5,14,3,1,OFF,OFF,100,100,6.096,1.268,1,0,ON,ON,0.922,4.372,0,0,OFF,OFF,0,0,100,100,0,0.156,69,576,10,67,16.1,1.268,30.7,44,1.268,17.3,1263,96.1,9.3,62.16466,378457,88,0,10.9,2,0,0.492,76,30.3,38.38,31.26,96,17.5,0.5642,9,44,0,31.4,0,0,0
2021-09-04,01:15:44,12.58,12.01,12.41,11.87,11.71,11.21,81,83,87,0,0,0,5.1,0.0,0.0,0.0,0.0,0.0,0.0,23.6,53,0,125,ON,OFF,ON,0,34.2,30,0,13492,OFF,OFF,29.4,29.5,12.32,29.4,14.08,9.0,6.0,89.94,38.0,74.31,11,78,28.5,14,3,1,OFF,OFF,100,100,6.096,1.268,1,0,ON,ON,0.922,4.372,0,0,OFF,OFF,0,0,100,100,0,0.156,69,576,10,67,16.1,1.268,30.7,44,1.268,17.3,1263,96.1,9.3,62.16466,378457,88,0,10.9,2,0,0.492,76,30.3,38.38,31.26,96,17.5,0.5642,9,44,0,31.4,0,0,0
2021-09-04,01:16:14,12.58,12.01,12.41,11.87,11.71,11.21,81,83,87,0,0,0,5.1,0.0,0.0,0.0,0.0,0.0,0.0,23.6,53,0,125,ON,OFF,ON,0,34.2,30,0,13492,OFF,OFF,29.4,29.5,12.32,29.4,14.08,9.0,6.0,89.94,38.0,74.31,11,78,28.5,14,3,1,OFF,OFF,100,100,6.096,1.268,1,0,ON,ON,0.922,4.372,0,0,OFF,OFF,0,0,100,100,0,0.156,69,576,10,67,16.1,1.268,30.7,44,1.268,17.3,1263,96.1,9.3,62.16466,378457,88,0,10.9,2,0,0.492,76,30.3,38.38,31.26,96,17.5,0.5642,9,44,0,31.4,0,0,0
2021-09-04,01:16:44,12.58,12.01,12.41,11.87,11.71,11.21,81,83,87,0,0,0,5.1,0.0,0.0,0.0,0.0,0.0,0.0,23.6,53,0,125,ON,OFF,ON,0,34.2,30,0,13492,OFF,OFF,29.4,29.5,12.32,29.4,14.08,9.0,6.0,89.94,38.0,74.31,11,78,28.5,14,3,1,OFF,OFF,100,100,6.096,1.268,1,0,ON,ON,0.922,4.372,0,0,OFF,OFF,0,0,100,100,0,0.156,69,576,10,67,15.7,1.268,30.7,44,1.268,17.3,1263,96.1,9.3,62.16466,378457,88,0,10.9,2,0,0.492,76,30.3,38.38,31.26,96,17.5,0.5642,9,44,0,31.4,0,0,0
2021-09-04,01:17:14,12.58,12.01,12.41,11.87,11.71,11.21,81,83,87,0,0,0,5.1,0.0,0.0,0.0,0.0,0.0,0.0,23.6,53,0,125,ON,OFF,ON,0,34.2,30,0,13492,OFF,OFF,29.4,29.5,12.32,29.4,14.08,9.0,6.0,89.94,38.0,74.31,11,78,28.5,14,3,1,OFF,OFF,100,100,6.096,1.268,1,0,ON,ON,0.922,4.372,0,0,OFF,OFF,0,0,100,100,0,0.156,69,576,10,67,15.7,1.268,30.7,44,1.268,17.3,1263,96.1,9.3,62.16466,378457,88,0,10.9,2,0,0.492,76,30.3,38.38,31.26,96,17.5,0.5642,9,44,0,31.4,0,0,0
2021-09-04,01:17:44,12.58,12.01,12.41,11.87,11.71,11.21,81,83,87,0,0,0,5.1,0.0,0.0,0.0,0.0,0.0,0.0,23.6,53,0,125,ON,OFF,ON,0,34.2,30,0,13492,OFF,OFF,29.4,29.5,12.32,29.4,14.08,9.0,6.0,89.94,38.0,74.31,11,78,28.5,14,3,1,OFF,OFF,100,100,6.096,1.268,1,0,ON,ON,0.922,4.372,0,0,OFF,OFF,0,0,100,100,0,0.156,69,576,10,67,15.7,1.268,30.7,44,1.268,17.3,1263,96.1,9.3,62.16466,378457,88,0,10.9,2,0,0.492,76,30.3,38.38,31.26,96,17.5,0.5642,9,44,0,31.4,0,0,0
2021-09-04,01:18:14,12.58,12.01,12.41,11.87,11.71,11.21,81,83,87,0,0,0,5.1,0.0,0.0,0.0,0.0,0.0,0.0,23.6,53,0,125,ON,OFF,ON,0,34.2,30,0,13492,OFF,OFF,29.4,29.5,12.32,29.4,14.08,9.0,6.0,89.94,38.0,74.31,11,78,28.5,14,3,1,OFF,OFF,100,100,6.096,1.268,1,0,ON,ON,0.922,4.372,0,0,OFF,OFF,0,0,100,100,0,0.156,69,576,10,67,15.7,1.268,30.7,44,1.268,17.3,1263,96.1,9.3,62.16466,378457,88,0,10.9,2,0,0.492,76,30.3,38.38,31.26,96,17.5,0.5642,9,44,0,31.4,0,0,0
2021-09-04,01:18:44,12.58,12.01,12.41,11.87,11.71,11.21,81,83,87,0,0,0,5.1,0.0,0.0,0.0,0.0,0.0,0.0,23.6,53,0,125,ON,OFF,ON,0,34.2,30,0,13492,OFF,OFF,29.4,29.5,12.32,29.4,14.08,9.0,6.0,89.94,38.0,74.31,11,78,28.5,14,3,1,OFF,OFF,100,100,6.096,1.268,1,0,ON,ON,0.922,4.372,0,0,OFF,OFF,0,0,100,100,0,0.156,69,576,10,67,15.7,1.268,30.7,44,1.268,17.3,1263,96.1,9.3,62.16466,378457,88,0,10.9,2,0,0.492,76,30.3,38.38,31.26,96,17.5,0.5642,9,44,0,31.4,0,0,0
2021-09-04,01:19:14,12.58,12.01,12.41,11.87,11.71,11.21,81,83,87,0,0,0,5.1,0.0,0.0,0.0,0.0,0.0,0.0,23.6,53,0,125,ON,OFF,ON,0,34.2,30,0,13492,OFF,OFF,29.4,29.5,12.32,29.4,14.08,9.0,6.0,89.94,38.0,74.31,11,78,28.5,14,3,1,OFF,OFF,100,100,6.096,1.268,1,0,ON,ON,0.922,4.372,0,0,OFF,OFF,0,0,100,100,0,0.156,69,576,10,67,15.7,1.268,30.7,44,1.268,17.3,1263,96.1,9.3,62.16466,378457,88,0,10.9,2,0,0.492,76,30.3,38.38,31.26,96,17.5,0.5642,9,44,0,31.4,0,0,0
2021-09-04,01:19:44,12.58,12.01,12.41,11.87,11.71,11.21,81,83,87,0,0,0,5.1,0.0,0.0,0.0,0.0,0.0,0.0,23.6,53,0,125,ON,OFF,ON,0,34.2,30,0,13492,OFF,OFF,29.4,29.5,12.32,29.4,14.08,9.0,6.0,89.94,38.0,74.31,11,78,28.5,14,3,1,OFF,OFF,100,100,6.096,1.268,1,0,ON,ON,0.922,4.372,0,0,OFF,OFF,0,0,100,100,0,0.156,69,576,10,67,15.7,1.268,30.7,44,1.268,17.3,1263,96.1,9.3,62.16466,378457,88,0,10.9,2,0,0.492,76,30.3,38.38,31.26,96,17.5,0.5642,9,44,0,31.4,0,0,0
2021-09-04,01:20:14,12.58,12.01,12.41,11.87,11.71,11.21,81,83,87,0,0,0,5.1,0.0,0.0,0.0,0.0,0.0,0.0,23.6,53,0,125,ON,OFF,ON,0,34.2,30,0,13492,OFF,OFF,29.4,29.5,12.32,29.4,14.08,9.0,6.0,89.94,38.0,74.31,11,78,28.5,14,3,1,OFF,OFF,100,100,6.096,1.268,1,0,ON,ON,0.922,4.372,0,0,OFF,OFF,0,0,100,100,0,0.156,69,576,10,67,15.7,1.268,30.7,44,1.268,17.3,1263,96.1,9.3,62.16466,378457,88,0,10.9,2,0,0.492,76,30.3,38.38,31.26,96,17.5,0.5642,9,44,0,31.4,0,0,0
2021-09-04,01:20:44,12.58,12.01,12.41,11.87,11.71,11.21,81,83,87,0,0,0,5.1,0.0,0.0,0.0,0.0,0.0,0.0,23.6,53,0,125,ON,OFF,ON,0,34.2,30,0,13492,OFF,OFF,29.4,29.5,12.32,29.4,14.08,9.0,6.0,89.94,38.0,74.31,11,78,28.5,14,3,1,OFF,OFF,100,100,6.096,1.268,1,0,ON,ON,0.922,4.372,0,0,OFF,OFF,0,0,100,100,0,0.156,69,576,10,67,15.7,1.268,30.7,44,1.268,17.3,1263,96.1,9.3,62.16466,378457,88,0,10.9,2,0,0.492,76,30.3,38.38,31.26,96,17.5,0.5642,9,44,0,31.4,0,0,0
2021-09-04,01:21:14,12.58,12.01,12.41,11.87,11.71,11.21,81,83,87,0,0,0,5.1,0.0,0.0,0.0,0.0,0.0,0.0,23.6,53,0,125,ON,OFF,ON,0,34.2,30,0,13492,OFF,OFF,29.4,29.5,12.32,29.4,14.08,9.0,6.0,89.94,38.0,74.31,11,78,28.5,14,3,1,OFF,OFF,100,100,6.096,1.268,1,0,ON,ON,0.922,4.372,0,0,OFF,OFF,0,0,100,100,0,0.156,69,576,10,67,15.7,1.268,30.7,44,1.268,17.3,1263,96.1,9.3,62.16466,378457,88,0,10.9,2,0,0.492,76,30.3,38.38,31.26,96,17.5,0.5642,9,44,0,31.4,0,0,0
2021-09-04,01:21:44,12.58,12.01,12.41,11.87,11.71,11.21,81,83,87,0,0,0,5.1,0.0,0.0,0.0,0.0,0.0,0.0,23.6,53,0,125,ON,OFF,ON,0,34.2,30,0,13492,OFF,OFF,29.4,29.5,12.32,29.4,14.08,9.0,6.0,89.94,38.0,74.31,11,78,28.5,14,3,1,OFF,OFF,100,100,6.096,1.268,1,0,ON,ON,0.922,4.372,0,0,OFF,OFF,0,0,100,100,0,0.156,69,576,10,67,15.7,1.268,30.2,44,1.268,17.3,1263,96.1,9.3,62.16466,378457,88,0,10.9,2,0,0.492,76,30.3,38.38,31.26,96,17.5,0.5642,9,44,0,31.4,0,0,0
2021-09-04,01:22:14,12.58,12.01,12.41,11.87,11.71,11.21,81,83,87,0,0,0,5.1,0.0,0.0,0.0,0.0,0.0,0.0,23.6,53,0,125,ON,OFF,ON,0,34.2,30,0,13492,OFF,OFF,29.4,29.5,12.32,29.4,14.08,9.0,6.0,89.94,38.0,74.31,11,78,28.5,14,3,1,OFF,OFF,100,100,6.096,1.268,1,0,ON,ON,0.922,4.372,0,0,OFF,OFF,0,0,100,100,0,0.156,69,576,10,67,15.7,1.268,30.2,44,1.268,17.3,1263,96.1,9.3,62.16466,378457,88,0,10.9,2,0,0.492,76,30.3,38.38,31.26,96,17.5,0.5642,9,44,0,31.4,0,0,0
2021-09-04,01:22:44,12.58,12.01,12.41,11.87,11.71,11.21,81,83,87,0,0,0,5.1,0.0,0.0,0.0,0.0,0.0,0.0,23.6,53,0,125,ON,OFF,ON,0,34.2,30,0,13492,OFF,OFF,29.4,29.5,12.32,29.4,14.08,9.0,6.0,89.94,38.0,74.31,11,78,28.5,14,3,1,OFF,OFF,100,100,6.096,1.268,1,0,ON,ON,0.922,4.372,0,0,OFF,OFF,0,0,100,100,0,0.156,69,576,10,67,15.7,1.268,30.2,44,1.268,17.3,1263,96.1,9.3,62.16466,378457,88,0,10.9,2,0,0.492,76,30.3,38.38,31.26,96,17.5,0.5642,9,44,0,31.4,0,0,0
2021-09-04,01:23:14,12.58,12.01,12.41,11.87,11.71,11.21,81,83,87,0,0,0,5.1,0.0,0.0,0.0,0.0,0.0,0.0,23.6,53,0,125,ON,OFF,ON,0,34.2,30,0,13492,OFF,OFF,29.4,29.5,12.32,29.4,14.08,9.0,6.0,89.94,38.0,74.31,11,78,28.5,14,3,1,OFF,OFF,100,100,6.096,1.268,1,0,ON,ON,0.922,4.372,0,0,OFF,OFF,0,0,100,100,0,0.156,69,576,10,67,15.7,1.268,30.2,44,1.268,17.3,1263,96.1,9.3,62.16466,378457,88,0,10.9,2,0,0.492,76,30.3,38.38,31.26,96,17.5,0.5642,9,44,0,31.4,0,0,0
2021-09-04,01:23:44,12.58,12.01,12.41,11.87,11.71,11.21,81,83,87,0,0,0,5.1,0.0,0.0,0.0,0.0,0.0,0.0,23.6,53,0,125,ON,OFF,ON,0,34.2,30,0,13492,OFF,OFF,29.4,29.5,12.32,29.4,14.08,9.0,6.0,89.94,38.0,74.31,11,78,28.5,14,3,1,OFF,OFF,100,100,6.096,1.268,1,0,ON,ON,0.922,4.372,0,0,OFF,OFF,0,0,100,100,0,0.156,69,576,10,67,15.7,1.268,30.2,44,1.268,17.3,1263,96.1,9.3,62.16466,378457,88,0,10.9,2,0,0.492,76,30.3,38.38,31.26,96,17.5,0.5642,9,44,0,31.4,0,0,0
2021-09-04,01:24:14,12.58,12.01,12.41,11.87,11.71,11.21,81,83,87,0,0,0,5.1,0.0,0.0,0.0,0.0,0.0,0.0,23.6,53,0,125,ON,OFF,ON,0,34.2,30,0,13492,OFF,OFF,29.4,29.5,12.32,29.4,14.08,9.0,6.0,89.94,38.0,74.31,11,78,28.5,14,3,1,OFF,OFF,100,100,6.096,1.268,1,0,ON,ON,0.922,4.372,0,0,OFF,OFF,0,0,100,100,0,0.156,69,576,10,67,15.7,1.268,30.2,44,1.268,17.3,1263,96.1,9.3,62.16466,378457,88,0,10.9,2,0,0.492,76,30.3,38.38,31.26,96,17.5,0.5642,9,44,0,31.4,0,0,0
2021-09-04,01:24:45,12.58,12.01,12.41,11.87,11.71,11.21,81,83,87,0,0,0,5.1,0.0,0.0,0.0,0.0,0.0,0.0,23.6,53,0,125,ON,OFF,ON,0,34.2,30,0,13492,OFF,OFF,29.4,29.5,12.32,29.4,14.08,9.0,6.0,89.94,38.0,74.31,11,78,28.5,14,3,1,OFF,OFF,100,100,6.096,1.268,1,0,ON,ON,0.922,4.372,0,0,OFF,OFF,0,0,100,100,0,0.156,69,576,10,67,15.7,1.268,30.2,44,1.268,17.3,1263,96.1,9.3,62.16466,378457,88,0,10.9,2,0,0.492,76,30.3,38.38,31.26,96,17.5,0.5642,9,44,0,31.4,0,0,0
2021-09-04,01:25:19,12.58,12.01,12.41,11.87,11.71,11.21,81,83,87,0,0,0,5.1,0.0,0.0,0.0,0.0,0.0,0.0,23.6,53,0,125,ON,OFF,ON,0,34.2,30,0,13492,OFF,OFF,29.4,29.5,12.32,29.4,14.08,9.0,6.0,89.94,38.0,74.31,11,78,28.5,14,3,1,OFF,OFF,100,100,6.096,1.268,1,0,ON,ON,0.922,4.372,0,0,OFF,OFF,0,0,100,100,0,0.156,69,576,10,67,15.7,1.268,30.2,44,1.268,17.3,1263,96.1,9.3,62.16466,378457,88,0,10.9,2,0,0.492,76,30.3,38.38,31.26,96,17.5,0.5642,9,44,0,31.4,0,0,0
2021-09-04,01:25:49,12.58,12.01,12.41,11.87,11.71,11.21,81,83,87,0,0,0,5.1,0.0,0.0,0.0,0.0,0.0,0.0,23.6,53,0,125,ON,OFF,ON,0,34.2,30,0,13492,OFF,OFF,29.4,29.5,12.32,29.4,14.08,9.0,6.0,89.94,38.0,74.31,11,78,28.5,14,3,1,OFF,OFF,100,100,6.096,1.268,1,0,ON,ON,0.922,4.372,0,0,OFF,OFF,0,0,100,100,0,0.156,69,576,10,67,15.7,1.268,30.2,44,1.268,17.3,1263,96.1,9.3,62.16466,378457,88,0,10.9,2,0,0.492,76,30.3,37.83,31.26,96,17.5,0.5642,9,44,0,31.4,0,0,0
2021-09-04,01:26:19,12.58,12.01,12.41,11.87,11.71,11.21,81,83,87,0,0,0,5.1,0.0,0.0,0.0,0.0,0.0,0.0,23.6,53,0,125,ON,OFF,ON,0,34.2,30,0,13492,OFF,OFF,29.4,29.5,12.32,29.4,14.08,9.0,6.0,89.94,38.0,74.31,11,78,28.5,14,3,1,OFF,OFF,100,100,6.096,1.268,1,0,ON,ON,0.922,4.372,0,0,OFF,OFF,0,0,100,100,0,0.156,69,576,10,67,15.7,1.268,30.2,44,1.268,17.3,1263,96.1,9.3,62.16466,378457,88,0,10.9,2,0,0.492,76,30.3,37.83,31.26,96,17.5,0.5642,9,44,0,31.4,0,0,0
2021-09-04,01:26:49,12.58,12.01,12.41,11.87,11.71,11.21,81,83,87,0,0,0,5.1,0.0,0.0,0.0,0.0,0.0,0.0,23.6,53,0,125,ON,OFF,ON,0,34.2,30,0,13492,OFF,OFF,29.4,29.5,12.32,29.4,14.08,9.0,6.0,89.94,38.0,74.31,11,78,28.5,14,3,1,OFF,OFF,100,100,6.096,1.268,1,0,ON,ON,0.922,4.372,0,0,OFF,OFF,0,0,100,100,0,0.156,69,576,10,67,15.7,1.268,30.2,44,1.268,17.3,1263,96.1,9.3,62.16466,378457,88,0,10.9,2,0,0.492,76,30.3,37.83,31.26,96,17.5,0.5642,9,44,0,31.4,0,0,0
2021-09-04,01:27:19,12.58,12.01,12.41,11.87,11.71,11.21,81,83,87,0,0,0,5.1,0.0,0.0,0.0,0.0,0.0,0.0,23.6,53,0,125,ON,OFF,ON,0,34.2,30,0,13492,OFF,OFF,29.4,29.5,11.66,29.4,14.08,9.0,6.0,89.94,38.0,74.31,11,78,28.5,14,3,1,OFF,OFF,100,100,6.096,1.268,1,0,ON,ON,0.922,4.372,0,0,OFF,OFF,0,0,100,100,0,0.156,69,576,10,67,15.7,1.268,30.2,44,1.268,17.3,1263,96.1,9.3,62.16466,378457,88,0,10.9,2,0,0.492,76,30.3,37.83,31.26,96,17.5,0.5642,9,44,0,31.4,0,0,0
2021-09-04,01:27:49,12.58,12.01,12.41,11.87,11.71,11.21,81,83,87,0,0,0,5.1,0.0,0.0,0.0,0.0,0.0,0.0,23.6,53,0,125,ON,OFF,ON,0,34.2,30,0,13492,OFF,OFF,29.4,29.5,11.66,29.4,14.08,9.0,6.0,89.94,38.0,74.31,11,78,28.5,14,3,1,OFF,OFF,100,100,6.096,1.268,1,0,ON,ON,0.922,4.372,0,0,OFF,OFF,0,0,100,100,0,0.156,69,576,10,68,15.6,1.268,30.2,44,1.268,16.9,1263,96.1,9.3,62.16466,378457,88,0,10.9,2,0,0.492,76,30.3,37.83,31.26,96,17.5,0.5642,9,44,0,31.4,0,0,0
2021-09-04,01:28:19,12.58,12.01,12.41,11.87,11.71,11.21,81,83,87,0,0,0,5.1,0.0,0.0,0.0,0.0,0.0,0.0,23.6,53,0,125,ON,OFF,ON,0,34.2,30,0,13492,OFF,OFF,29.4,29.5,11.66,29.4,14.08,9.0,6.0,89.94,38.0,74.31,11,78,28.5,14,3,1,OFF,OFF,100,100,6.096,1.268,1,0,ON,ON,0.922,4.372,0,0,OFF,OFF,0,0,100,100,0,0.156,69,576,10,68,15.6,1.268,30.2,44,1.268,16.9,1263,96.1,9.3,62.16466,378457,88,0,10.9,2,0,0.492,76,30.3,37.83,31.26,96,17.5,0.5642,9,44,0,31.4,0,0,0
2021-09-04,01:28:49,12.58,12.01,12.41,11.87,11.71,11.21,81,83,87,0,0,0,5.1,0.0,0.0,0.0,0.0,0.0,0.0,23.6,53,0,125,ON,OFF,ON,0,34.2,30,0,13492,OFF,OFF,29.4,29.5,11.66,29.4,14.08,9.0,6.0,89.94,38.0,74.31,11,78,28.5,14,3,1,OFF,OFF,100,100,6.096,1.268,1,0,ON,ON,0.922,4.372,0,0,OFF,OFF,0,0,100,100,0,0.156,69,576,10,68,15.6,1.268,30.2,44,1.268,16.9,1263,96.1,9.3,62.16466,378457,88,0,10.9,2,0,0.492,76,30.3,37.83,31.26,96,17.5,0.5642,9,44,0,31.4,0,0,0
2021-09-04,01:29:19,12.58,12.01,12.41,11.87,11.71,11.21,81,83,87,0,0,0,5.1,0.0,0.0,0.0,0.0,0.0,0.0,23.6,53,0,125,ON,OFF,ON,0,34.2,30,0,13492,OFF,OFF,29.4,29.5,11.66,29.4,14.08,9.0,6.0,89.94,38.0,74.31,11,78,28.5,14,3,1,OFF,OFF,100,100,6.096,1.268,1,0,ON,ON,0.922,4.372,0,0,OFF,OFF,0,0,100,100,0,0.156,69,576,10,68,15.6,1.268,30.2,44,1.268,16.9,1263,96.1,9.3,62.16466,378457,88,0,10.9,2,0,0.492,74,30.3,37.83,31.26,96,17.5,0.5642,9,44,0,31.4,0,0,0
2021-09-04,01:29:55,11.73,11.13,11.73,11.13,11.58,11.01,83,83,85,0,0,0,5.1,0.0,0.0,0.0,0.0,0.0,0.0,23.6,53,0,125,ON,OFF,ON,0,34.2,30,0,13492,OFF,OFF,29.4,29.5,11.66,29.4,14.08,9.0,6.0,89.94,38.0,74.31,11,78,28.5,14,3,1,OFF,OFF,100,100,6.096,1.268,1,0,ON,ON,0.922,4.372,0,0,OFF,OFF,0,0,100,100,0,0.156,69,576,10,68,15.6,1.268,30.2,44,1.268,16.9,1263,96.1,9.3,62.16466,378457,88,0,10.9,2,0,0.492,74,30.3,37.83,31.26,96,17.5,0.5642,9,44,0,31.4,0,0,0
2021-09-04,01:30:44,11.73,11.13,11.73,11.13,11.58,11.01,83,83,85,0,0,0,5.1,0.0,0.0,0.0,0.0,0.0,0.0,23.6,53,0,125,ON,OFF,ON,0,34.2,30,0,13492,OFF,OFF,29.4,29.5,11.66,29.4,14.08,9.0,6.0,89.94,38.0,74.31,11,78,28.5,14,3,1,OFF,OFF,100,100,6.096,1.268,1,0,ON,ON,0.922,4.372,0,0,OFF,OFF,0,0,100,100,0,0.156,69,576,10,68,15.6,1.268,30.2,44,1.268,16.9,1173,96.1,9.3,62.16466,378457,88,0,10.9,2,0,0.492,74,30.3,37.83,31.26,96,17.5,0.5642,9,44,0,31.4,0,0,0
2021-09-04,01:31:14,11.73,11.13,11.73,11.13,11.58,11.01,83,83,85,0,0,0,5.1,0.0,0.0,0.0,0.0,0.0,0.0,23.6,53,0,125,ON,OFF,ON,0,34.2,30,0,13492,OFF,OFF,29.4,29.5,11.66,29.4,14.08,9.0,6.0,89.94,38.0,74.31,11,78,28.5,14,3,1,OFF,OFF,100,100,6.096,1.268,1,0,ON,ON,0.922,4.372,0,0,OFF,OFF,0,0,100,100,0,0.156,69,576,10,68,15.6,1.268,30.2,44,1.268,16.9,1173,96.1,9.3,62.16466,378457,88,0,10.9,2,0,0.492,74,30.3,37.83,30.74,96,17.5,0.5642,9,44,0,31.4,0,0,0
2021-09-04,01:31:44,11.73,11.13,11.73,11.13,11.58,11.01,83,83,85,0,0,0,5.1,0.0,0.0,0.0,0.0,0.0,0.0,23.6,53,0,125,ON,OFF,ON,0,34.2,30,0,13492,OFF,OFF,29.4,29.5,11.66,29.4,14.08,9.0,6.0,89.94,38.0,74.31,11,78,28.5,14,3,1,OFF,OFF,100,100,6.096,1.268,1,0,ON,ON,0.922,4.372,0,0,OFF,OFF,0,0,100,100,0,0.156,69,576,10,68,15.6,1.268,30.2,44,1.268,16.9,1173,96.1,9.3,62.16466,378457,88,0,10.9,2,0,0.492,74,30.3,37.83,30.74,96,17.5,0.5642,9,44,0,31.4,0,0,0
2021-09-04,01:32:14,11.73,11.13,11.73,11.13,11.58,11.01,83,83,85,0,0,0,5.1,0.0,0.0,0.0,0.0,0.0,0.0,23.6,53,0,125,ON,OFF,ON,0,34.2,30,0,13492,OFF,OFF,29.4,29.5,11.66,29.4,14.08,9.0,6.0,89.94,38.0,74.31,11,78,28.5,14,3,1,OFF,OFF,100,100,6.096,1.268,1,0,ON,ON,0.922,4.372,0,0,OFF,OFF,0,0,100,100,0,0.156,69,576,10,68,15.6,1.268,30.2,44,1.268,16.9,1173,96.1,9.3,62.16466,378457,88,0,10.9,2,0,0.492,74,30.3,37.83,30.74,96,17.5,0.5642,9,44,0,31.4,0,0,0
2021-09-04,01:32:44,11.73,11.13,11.73,11.13,11.58,11.01,83,83,85,0,0,0,5.1,0.0,0.0,0.0,0.0,0.0,0.0,23.6,53,0,125,ON,OFF,ON,0,34.2,30,0,13492,OFF,OFF,29.4,29.5,11.66,29.4,14.08,9.0,6.0,89.94,38.0,74.31,11,78,28.5,14,3,1,OFF,OFF,100,100,6.096,1.268,1,0,ON,ON,0.922,4.372,0,0,OFF,OFF,0,0,100,100,0,0.156,69,576,10,68,15.6,1.268,30.2,44,1.268,16.9,1173,96.1,9.3,62.16466,378457,88,0,10.9,2,0,0.492,74,30.3,37.83,30.74,96,17.5,0.5642,9,44,0,31.4,0,0,0
2021-09-04,01:33:14,11.73,11.13,11.73,11.13,11.58,11.01,83,83,85,0,0,0,5.1,0.0,0.0,0.0,0.0,0.0,0.0,23.6,53,0,125,ON,OFF,ON,0,34.2,30,0,13492,OFF,OFF,29.4,29.5,11.66,29.4,14.08,9.0,6.0,89.94,38.0,74.31,11,78,28.5,14,3,1,OFF,OFF,100,100,6.096,1.268,1,0,ON,ON,0.922,4.372,0,0,OFF,OFF,0,0,100,100,0,0.156,69,576,10,68,15.6,1.268,30.2,44,1.268,16.9,1173,96.1,9.3,62.16466,378457,88,0,10.9,2,0,0.492,74,30.3,37.83,30.74,96,17.5,0.5642,9,44,0,31.4,0,0,0
2021-09-04,01:33:44,11.73,11.13,11.73,11.13,11.58,11.01,83,83,85,0,0,0,5.1,0.0,0.0,0.0,0.0,0.0,0.0,23.6,53,0,125,ON,OFF,ON,0,34.2,30,0,13492,OFF,OFF,29.4,29.5,11.66,29.4,14.08,9.0,6.0,89.94,38.0,74.31,11,78,28.5,14,3,1,OFF,OFF,100,100,6.096,1.268,1,0,ON,ON,0.922,4.372,0,0,OFF,OFF,0,0,100,100,0,0.156,69,576,10,68,15.6,1.268,30.2,44,1.268,16.9,1173,96.1,9.3,62.16466,378457,88,0,10.9,2,0,0.492,74,30.3,37.83,30.74,96,17.5,0.5642,9,44,0,31.4,0,0,0
2021-09-04,01:34:14,11.73,11.13,11.73,11.13,11.58,11.01,83,83,85,0,0,0,5.1,0.0,0.0,0.0,0.0,0.0,0.0,23.6,53,0,125,ON,OFF,ON,0,34.2,30,0,13492,OFF,OFF,29.4,29.5,11.66,29.4,14.08,9.0,6.0,89.94,38.0,74.31,11,78,28.5,14,3,1,OFF,OFF,100,100,6.096,1.268,1,0,ON,ON,0.922,4.372,0,0,OFF,OFF,0,0,100,100,0,0.156,69,576,10,68,15.6,1.268,30.2,44,1.268,16.9,1173,96.1,9.3,62.16466,378457,88,0,10.9,2,0,0.492,74,30.3,37.83,30.74,96,17.5,0.5642,9,44,0,31.4,0,0,0
2021-09-04,01:34:44,11.73,11.13,11.73,11.13,11.58,11.01,83,83,85,0,0,0,5.1,0.0,0.0,0.0,0.0,0.0,0.0,23.6,53,0,125,ON,OFF,ON,0,34.2,30,0,13492,OFF,OFF,29.4,29.5,11.66,29.4,14.08,9.0,6.0,89.94,38.0,74.31,11,78,28.5,14,3,1,OFF,OFF,100,100,6.096,1.268,1,0,ON,ON,0.922,4.372,0,0,OFF,OFF,0,0,100,100,0,0.156,69,576,10,68,15.6,1.268,30.2,44,1.268,16.9,1173,96.1,9.3,62.16466,378457,88,0,10.9,2,0,0.492,74,30.3,37.83,30.74,96,17.5,0.5642,9,44,0,31.4,0,0,0
2021-09-04,01:35:14,11.73,11.13,11.73,11.13,11.58,11.01,83,83,85,0,0,0,5.1,0.0,0.0,0.0,0.0,0.0,0.0,23.6,53,0,125,ON,OFF,ON,0,34.2,30,0,13492,OFF,OFF,29.4,29.5,11.66,29.4,14.08,9.0,6.0,89.94,38.0,74.31,11,78,28.5,14,3,1,OFF,OFF,100,100,6.096,1.268,1,0,ON,ON,0.922,4.372,0,0,OFF,OFF,0,0,100,100,0,0.156,69,576,10,68,15.6,1.268,30.2,44,1.268,16.9,1173,96.1,9.3,62.16466,378457,88,0,10.9,2,0,0.492,74,30.3,37.83,30.74,96,17.5,0.5642,9,44,0,31.4,0,0,0
2021-09-04,01:35:44,11.73,11.13,11.73,11.13,11.58,11.01,83,83,85,0,0,0,5.1,0.0,0.0,0.0,0.0,0.0,0.0,23.6,53,0,125,ON,OFF,ON,0,34.2,30,0,13492,OFF,OFF,29.4,29.5,11.66,29.4,14.08,9.0,6.0,89.94,38.0,74.31,11,79,28.5,14,3,1,OFF,OFF,100,100,6.096,1.268,1,0,ON,ON,0.922,4.372,0,0,OFF,OFF,0,0,100,100,0,0.156,69,576,10,68,15.6,1.268,30.2,44,9.029,16.9,1173,96.1,9.3,62.16466,378457,88,0,10.9,2,0,0.492,74,30.3,37.83,30.74,96,17.5,0.5642,9,44,0,31.4,0,0,0
2021-09-04,01:36:14,11.73,11.13,11.73,11.13,11.58,11.01,83,83,85,0,0,0,5.1,0.0,0.0,0.0,0.0,0.0,0.0,23.6,53,0,125,ON,OFF,ON,0,34.2,30,0,13492,OFF,OFF,29.4,29.5,11.66,29.4,14.08,9.0,6.0,89.94,38.0,74.31,11,79,28.5,14,3,1,OFF,OFF,100,100,6.096,1.268,1,0,ON,ON,0.922,4.372,0,0,OFF,OFF,0,0,100,100,0,0.156,69,576,10,68,15.6,1.268,30.2,44,9.029,16.9,1173,96.1,9.3,62.16466,378457,88,0,10.9,2,0,0.492,74,30.3,37.83,30.74,96,17.5,0.5642,9,44,0,31.4,0,0,0
2021-09-04,01:36:44,11.73,11.13,11.73,11.13,11.58,11.01,83,83,85,0,0,0,5.1,0.0,0.0,0.0,0.0,0.0,0.0,23.6,53,0,125,ON,OFF,ON,0,34.2,30,0,13492,OFF,OFF,29.4,29.5,11.66,29.4,14.08,9.0,6.0,89.94,38.0,74.31,11,79,28.5,14,3,1,OFF,OFF,100,100,6.096,1.268,1,0,ON,ON,0.922,4.372,0,0,OFF,OFF,0,0,100,100,0,0.156,69,576,10,68,15.6,1.268,30.2,44,9.029,16.9,1173,96.1,9.3,62.16466,378457,88,0,10.9,2,0,0.492,74,30.3,37.83,30.74,96,17.5,0.5642,9,44,0,31.4,0,0,0
2021-09-04,01:37:14,11.73,11.13,11.73,11.13,11.58,11.01,83,83,85,0,0,0,5.1,0.0,0.0,0.0,0.0,0.0,0.0,23.6,53,0,125,ON,OFF,ON,0,34.2,30,0,13492,OFF,OFF,29.4,29.5,11.66,29.4,14.08,9.0,6.0,89.94,38.0,74.31,11,79,28.5,14,3,1,OFF,OFF,100,100,6.096,1.268,1,0,ON,ON,0.922,4.372,0,0,OFF,OFF,0,0,100,100,0,0.156,69,576,10,68,15.6,1.268,30.2,44,9.029,16.9,1173,96.1,9.3,62.16466,378457,88,0,10.9,2,0,0.492,74,30.3,37.83,30.74,96,17.5,0.5642,9,44,0,31.4,0,0,0
2021-09-04,01:37:44,11.73,11.13,11.73,11.13,11.58,11.01,83,83,85,0,0,0,5.1,0.0,0.0,0.0,0.0,0.0,0.0,23.6,53,0,125,ON,OFF,ON,0,34.2,30,0,13492,OFF,OFF,29.4,29.5,11.66,29.4,14.08,9.0,6.0,89.94,38.0,74.31,11,79,28.5,14,3,1,OFF,OFF,100,100,6.096,1.268,1,0,ON,ON,0.922,4.372,0,0,OFF,OFF,0,0,100,100,0,0.156,69,576,10,68,15.6,1.268,30.2,44,9.029,16.9,1173,96.1,9.3,62.16466,378457,88,0,10.9,2,0,0.492,74,30.3,37.83,30.74,96,17.5,0.5642,9,44,0,31.4,0,0,0
2021-09-04,01:38:14,11.73,11.13,11.73,11.13,11.58,11.01,83,83,85,0,0,0,5.1,0.0,0.0,0.0,0.0,0.0,0.0,23.6,53,0,125,ON,OFF,ON,0,34.2,30,0,13492,OFF,OFF,29.4,29.5,11.66,29.4,14.08,9.0,6.0,89.94,38.0,74.31,11,79,28.5,14,3,1,OFF,OFF,100,100,6.096,1.268,1,0,ON,ON,0.922,4.372,0,0,OFF,OFF,0,0,100,100,0,0.156,69,576,10,68,15.6,1.268,30.2,44,9.029,16.9,1173,96.1,9.3,62.16466,378457,88,0,10.9,2,0,0.492,74,30.3,37.83,30.74,96,17.5,0.5642,9,44,0,31.4,0,0,0
2021-09-04,01:38:44,11.73,11.13,11.73,11.13,11.58,11.01,83,83,85,0,0,0,5.1,0.0,0.0,0.0,0.0,0.0,0.0,23.6,53,0,125,ON,OFF,ON,0,34.2,30,0,13492,OFF,OFF,29.4,29.5,11.66,29.4,14.08,9.0,6.0,89.94,38.0,74.31,11,79,28.5,14,3,1,OFF,OFF,100,100,6.097,1.268,1,0,ON,ON,0.922,4.372,0,0,OFF,OFF,0,0,100,100,0,0.156,69,576,10,68,15.6,1.268,30.2,44,9.029,16.9,1173,96.1,9.3,62.16466,378457,88,0,10.9,2,0,0.492,74,30.3,37.83,30.74,96,17.5,0.5642,9,44,0,31.4,0,0,0
2021-09-04,01:39:14,11.73,11.13,11.73,11.13,11.58,11.01,83,83,85,0,0,0,5.1,0.0,0.0,0.0,0.0,0.0,0.0,23.6,53,0,125,ON,OFF,ON,0,34.2,30,0,13492,OFF,OFF,29.4,29.5,11.66,29.4,14.08,9.0,6.0,89.94,38.0,74.31,11,79,28.5,14,3,1,OFF,OFF,100,100,6.097,1.268,1,0,ON,ON,0.922,4.372,0,0,OFF,OFF,0,0,100,100,0,0.156,69,576,10,68,15.6,1.268,30.2,44,9.029,16.9,1173,96.1,9.3,62.16466,378457,88,0,10.9,2,0,0.492,74,30.3,37.83,30.74,96,17.5,0.5642,9,44,0,31.4,0,0,0
2021-09-04,01:39:44,11.73,11.13,11.73,11.13,11.58,11.01,83,83,85,0,0,0,5.1,0.0,0.0,0.0,0.0,0.0,0.0,23.6,53,0,125,ON,OFF,ON,0,34.2,30,0,13492,OFF,OFF,29.4,29.5,11.66,29.4,14.08,9.0,6.0,89.94,38.0,74.31,11,79,28.5,14,3,1,OFF,OFF,100,100,6.097,1.268,1,0,ON,ON,0.922,4.372,0,0,OFF,OFF,0,0,100,100,0,0.156,69,576,10,68,15.6,1.268,30.2,44,9.029,16.9,1173,96.1,9.3,62.16466,378457,88,0,10.9,2,0,0.492,74,30.3,37.83,30.74,96,17.5,0.5642,9,44,0,31.4,0,0,0
2021-09-04,01:40:14,11.73,11.13,11.73,11.13,11.58,11.01,83,83,85,0,0,0,5.1,0.0,0.0,0.0,0.0,0.0,0.0,23.6,53,0,125,ON,OFF,ON,0,34.2,30,0,13492,OFF,OFF,29.4,29.5,11.66,29.4,13.42,9.0,6.0,89.94,38.0,74.31,11,79,28.5,14,3,1,OFF,OFF,100,100,6.097,1.268,1,0,ON,ON,0.922,4.372,0,0,OFF,OFF,0,0,100,100,0,0.156,69,576,10,68,15.6,1.268,30.2,44,9.029,16.9,1173,96.1,9.3,62.16466,378457,88,0,10.9,2,0,0.492,74,30.3,37.83,30.74,96,17.5,0.5642,9,44,0,31.4,0,0,0
2021-09-04,01:40:45,11.73,11.13,11.73,11.13,11.58,11.01,83,83,85,0,0,0,5.1,0.0,0.0,0.0,0.0,0.0,0.0,23.6,53,0,125,ON,OFF,ON,0,34.2,30,0,13492,OFF,OFF,29.4,29.5,11.66,29.4,13.42,9.0,6.0,89.94,38.0,74.31,11,79,28.5,14,3,1,OFF,OFF,100,100,6.097,1.268,1,0,ON,ON,0.922,4.372,0,0,OFF,OFF,0,0,100,100,0,0.156,69,576,10,68,15.6,1.268,30.2,44,9.029,16.9,1173,96.1,9.3,62.16466,378457,88,0,10.9,2,0,0.492,74,30.3,37.83,30.74,96,17.5,0.5642,9,44,0,31.4,0,0,0
2021-09-04,01:41:15,11.73,11.13,11.73,11.13,11.58,11.01,83,83,85,0,0,0,5.1,0.0,0.0,0.0,0.0,0.0,0.0,23.6,53,0,125,ON,OFF,ON,0,34.2,30,0,13492,OFF,OFF,29.4,29.5,11.66,29.4,13.42,9.0,6.0,89.94,38.0,74.31,11,79,28.5,14,3,1,OFF,OFF,100,100,6.097,1.268,1,0,ON,ON,0.922,4.372,0,0,OFF,OFF,0,0,100,100,0,0.156,69,576,10,68,15.6,1.268,30.2,44,9.029,16.9,1173,96.1,9.3,62.16466,378457,88,0,10.9,2,0,0.492,74,30.3,37.83,30.74,96,17.5,0.5642,9,44,0,31.4,0,0,0
2021-09-04,01:41:45,11.73,11.13,11.73,11.13,11.58,11.01,83,83,85,0,0,0,5.1,0.0,0.0,0.0,0.0,0.0,0.0,23.6,53,0,125,ON,OFF,ON,0,34.2,30,0,13492,OFF,OFF,29.4,29.5,11.66,29.4,13.42,9.0,6.0,89.94,38.0,74.31,11,79,28.5,14,3,1,OFF,OFF,100,100,6.097,1.268,1,0,ON,ON,0.922,4.372,0,0,OFF,OFF,0,0,100,100,0,0.156,69,576,10,68,15.6,1.268,30.2,44,9.029,16.9,1173,96.1,9.3,62.16466,378457,88,0,10.9,2,0,0.492,74,29.75,37.83,30.74,96,17.5,0.5642,9,44,0,31.4,0,0,0
2021-09-04,01:42:15,11.73,11.13,11.73,11.13,11.58,11.01,83,83,85,0,0,0,5.1,0.0,0.0,0.0,0.0,0.0,0.0,23.6,53,0,125,ON,OFF,ON,0,34.2,30,0,13492,OFF,OFF,29.4,29.5,11.66,29.4,13.42,9.0,6.0,89.94,38.0,74.31,11,79,28.5,14,3,1,OFF,OFF,100,100,6.097,1.268,1,0,ON,ON,0.922,4.372,0,0,OFF,OFF,0,0,100,100,0,0.156,69,576,10,68,15.6,1.268,30.2,44,9.029,16.9,1173,96.1,9.3,62.16466,378457,88,0,10.9,2,0,0.492,74,29.75,37.83,30.74,96,17.5,0.5642,9,44,0,31.4,0,0,0
2021-09-04,01:42:45,11.73,11.13,11.73,11.13,11.58,11.01,83,83,85,0,0,0,5.1,0.0,0.0,0.0,0.0,0.0,0.0,23.6,53,0,125,ON,OFF,ON,0,34.2,30,0,13492,OFF,OFF,29.4,29.5,11.66,29.4,13.42,9.0,6.0,89.94,38.0,74.31,11,79,28.5,14,3,1,OFF,OFF,100,100,6.097,1.268,1,0,ON,ON,0.922,4.372,0,0,OFF,OFF,0,0,100,100,0,0.156,69,576,10,68,15.6,1.268,30.2,44,9.029,16.9,1173,96.1,9.3,62.16466,378457,88,0,10.9,2,0,0.492,74,29.75,37.83,30.74,96,17.5,0.5642,9,44,0,31.4,0,0,0
2021-09-04,01:43:15,11.73,11.13,11.73,11.13,11.58,11.01,83,83,85,0,0,0,5.1,0.0,0.0,0.0,0.0,0.0,0.0,23.6,53,0,125,ON,OFF,ON,0,34.2,30,0,13492,OFF,OFF,29.4,29.5,11.66,29.4,13.42,9.0,6.0,89.94,38.0,74.31,11,79,28.5,13.5,3,1,OFF,OFF,100,100,6.097,1.268,1,0,ON,ON,0.922,4.372,0,0,OFF,OFF,0,0,100,100,0,0.156,69,576,10,68,15.6,1.268,30.2,44,9.029,16.9,1173,96.1,9.3,62.16466,378457,88,0,10.9,2,0,0.492,74,29.75,37.83,30.74,96,17.5,0.5642,9,44,0,31.4,0,0,0
2021-09-04,01:43:45,11.73,11.13,11.73,11.13,11.58,11.01,83,83,85,0,0,0,5.1,0.0,0.0,0.0,0.0,0.0,0.0,23.6,53,0,125,ON,OFF,ON,0,34.2,30,0,13492,OFF,OFF,29.4,29.5,11.66,29.4,13.42,9.0,6.0,89.94,38.0,74.31,11,79,27.5,13.5,3,1,OFF,OFF,100,100,6.097,1.268,1,0,ON,ON,0.922,4.372,0,0,OFF,OFF,0,0,100,100,0,0.156,69,576,10,68,15.6,1.268,30.2,44,9.029,16.9,1173,96.1,9.3,62.16466,378457,88,0,10.9,2,0,0.492,74,29.75,37.83,30.74,96,17.5,0.5642,9,44,0,31.4,0,0,0
2021-09-04,01:44:15,11.73,11.13,11.73,11.13,11.58,11.01,83,83,85,0,0,0,5.1,0.0,0.0,0.0,0.0,0.0,0.0,23.6,53,0,125,ON,OFF,ON,0,34.2,30,0,13492,OFF,OFF,29.4,29.5,11.66,29.4,13.42,9.0,6.0,89.94,38.0,74.31,11,79,27.5,13.5,3,1,OFF,OFF,100,100,6.097,1.268,1,0,ON,ON,0.922,4.372,0,0,OFF,OFF,0,0,100,100,0,0.156,69,576,10,68,15.6,1.268,30.2,44,9.029,16.9,1173,96.1,9.3,62.16466,378457,88,0,10.9,2,0,0.492,74,29.75,37.83,30.74,96,17.5,0.5642,9,44,0,31.4,0,0,0
2021-09-04,01:44:45,11.73,11.13,11.73,11.13,11.58,11.01,83,83,85,0,0,0,5.1,0.0,0.0,0.0,0.0,0.0,0.0,23.6,53,0,125,ON,OFF,ON,0,34.2,30,0,13492,OFF,OFF,29.4,29.5,11.66,29.4,13.42,9.0,6.0,89.94,38.0,74.31,11,79,27.5,13.5,3,1,OFF,OFF,100,100,6.097,1.268,1,0,ON,ON,0.922,4.372,0,0,OFF,OFF,0,0,100,100,0,0.156,69,576,10,68,15.2,1.268,30.2,44,9.029,16.9,1173,96.1,9.3,62.16466,378457,88,0,10.9,2,0,0.492,74,29.75,37.83,30.74,96,17.5,0.5642,9,44,0,31.4,0,0,0
2021-09-04,01:45:15,11.73,11.13,11.73,11.13,11.58,11.01,83,83,85,0,0,0,5.1,0.0,0.0,0.0,0.0,0.0,0.0,23.6,53,0,125,ON,OFF,ON,0,34.2,30,0,13492,OFF,OFF,29.4,29.5,11.66,29.4,13.42,9.0,6.0,89.94,38.0,74.31,11,79,27.5,13.5,3,1,OFF,OFF,100,100,6.097,1.268,1,0,ON,ON,0.922,4.372,0,0,OFF,OFF,0,0,100,100,0,0.156,69,576,10,68,15.2,1.268,30.2,44,9.029,16.9,1173,96.1,9.3,62.16466,378457,88,0,10.9,2,0,0.492,74,29.75,37.83,30.74,96,17.5,0.5642,9,44,0,31.4,0,0,0
2021-09-04,01:46:01,11.73,11.13,11.73,11.13,11.58,11.01,83,83,85,0,0,0,5.1,0.0,0.0,0.0,0.0,0.0,0.0,23.6,53,0,125,ON,OFF,ON,0,34.2,30,0,13492,OFF,OFF,29.4,29.5,11.66,29.4,13.42,9.0,6.0,89.94,38.0,74.31,10,80,27.5,13.5,3,1,OFF,OFF,100,100,6.097,1.268,1,0,ON,ON,0.922,4.372,0,0,OFF,OFF,0,0,100,100,0,0.156,69,576,10,68,15.2,1.268,30.2,44,9.029,16.9,1173,96.1,9.3,62.16466,378457,88,0,10.9,2,0,0.492,74,29.75,37.83,30.74,96,17.5,0.5642,9,44,0,31.4,0,0,0
2021-09-04,01:46:31,11.73,11.13,11.73,11.13,11.58,11.01,83,83,85,0,0,0,5.1,0.0,0.0,0.0,0.0,0.0,0.0,23.6,53,0,125,ON,OFF,ON,0,34.2,30,0,13492,OFF,OFF,29.4,29.5,11.66,29.4,13.42,9.0,6.0,89.94,38.0,74.31,10,80,27.5,13.5,3,1,OFF,OFF,100,100,6.097,1.268,1,0,ON,ON,0.922,4.372,0,0,OFF,OFF,0,0,100,100,0,0.156,69,576,10,68,15.2,1.268,30.2,44,9.029,16.9,1173,96.1,9.3,62.16466,378457,88,0,10.9,2,0,0.492,74,29.75,37.83,30.74,96,17.5,0.5642,9,44,0,31.4,0,0,0
2021-09-04,01:47:01,11.73,11.13,11.73,11.13,11.58,11.01,83,83,85,0,0,0,5.1,0.0,0.0,0.0,0.0,0.0,0.0,23.6,53,0,125,ON,OFF,ON,0,34.2,30,0,13492,OFF,OFF,29.4,29.5,11.66,29.4,13.42,9.0,6.0,89.94,38.0,74.31,10,80,27.5,13.5,3,1,OFF,OFF,100,100,6.097,1.268,1,0,ON,ON,0.922,4.372,0,0,OFF,OFF,0,0,100,100,0,0.156,69,576,10,68,15.2,1.268,30.2,44,9.029,16.9,1173,96.1,9.3,62.16466,378457,88,0,10.9,2,0,0.492,74,29.75,37.83,30.74,96,17.5,0.5642,9,44,0,31.4,0,0,0
2021-09-04,01:47:31,11.73,11.13,11.73,11.13,11.58,11.01,83,83,85,0,0,0,5.1,0.0,0.0,0.0,0.0,0.0,0.0,23.6,53,0,125,ON,OFF,ON,0,34.2,30,0,13492,OFF,OFF,29.4,29.5,11.66,29.4,13.42,9.0,6.0,89.94,38.0,74.31,10,80,27.5,13.5,3,1,OFF,OFF,100,100,6.097,1.268,1,0,ON,ON,0.922,4.372,0,0,OFF,OFF,0,0,100,100,0,0.156,69,576,10,68,15.2,1.268,30.2,44,9.029,16.9,1173,96.1,9.3,62.16466,378457,88,0,10.9,2,0,0.492,74,29.75,37.83,30.74,96,17.5,0.5642,9,44,0,31.4,0,0,0
2021-09-04,01:48:01,11.73,11.13,11.73,11.13,11.58,11.01,83,83,85,0,0,0,5.1,0.0,0.0,0.0,0.0,0.0,0.0,23.6,53,0,125,ON,OFF,ON,0,34.2,30,0,13492,OFF,OFF,29.4,29.5,11.66,29.4,13.42,9.0,6.0,89.94,38.0,74.31,10,80,27.5,13.5,3,1,OFF,OFF,100,100,6.097,1.268,1,0,ON,ON,0.922,4.372,0,0,OFF,OFF,0,0,100,100,0,0.156,69,576,10,68,15.2,1.268,30.2,44,9.029,16.9,1173,96.1,9.3,62.16466,378457,88,0,10.9,2,0,0.492,74,29.75,37.83,30.74,96,17.5,0.5642,9,44,0,31.4,0,0,0
2021-09-04,01:48:31,11.73,11.13,11.73,11.13,11.58,11.01,83,83,85,0,0,0,5.1,0.0,0.0,0.0,0.0,0.0,0.0,23.6,53,0,125,ON,OFF,ON,0,34.2,30,0,13492,OFF,OFF,29.4,29.5,11.66,29.4,13.42,9.0,6.0,89.94,38.0,74.31,10,80,27.5,13.5,3,1,OFF,OFF,100,100,6.097,1.268,1,0,ON,ON,0.922,4.372,0,0,OFF,OFF,0,0,100,100,0,0.156,69,576,10,68,15.2,1.268,30.2,44,9.029,16.9,1173,96.1,9.3,62.16466,378457,88,0,10.9,2,0,0.492,74,29.75,37.83,30.74,96,17.5,0.5642,9,44,0,31.4,0,0,0
2021-09-04,01:49:03,11.73,11.13,11.73,11.13,11.58,11.01,83,83,85,0,0,0,5.1,0.0,0.0,0.0,0.0,0.0,0.0,23.6,53,0,125,ON,OFF,ON,0,34.2,30,0,13492,OFF,OFF,29.4,29.5,11.66,29.4,13.42,9.0,6.0,89.94,38.0,74.31,10,80,27.5,13.5,3,1,OFF,OFF,100,100,6.097,1.268,1,0,ON,ON,0.922,4.372,0,0,OFF,OFF,0,0,100,100,0,0.156,69,576,10,68,15.2,1.268,30.2,44,9.029,16.9,1173,96.1,9.3,62.16466,378457,88,0,10.9,2,0,0.492,74,29.75,37.83,30.74,96,17.5,0.5642,9,44,0,31.4,0,0,0
2021-09-04,01:49:33,11.73,11.13,11.73,11.13,11.58,11.01,83,83,85,0,0,0,5.1,0.0,0.0,0.0,0.0,0.0,0.0,23.6,53,0,125,ON,OFF,ON,0,34.2,30,0,13492,OFF,OFF,29.4,29.5,11.66,29.4,13.42,9.0,6.0,89.94,38.0,74.31,10,80,27.5,13.5,3,1,OFF,OFF,100,100,6.097,1.268,1,0,ON,ON,0.922,4.372,0,0,OFF,OFF,0,0,100,100,0,0.156,69,576,10,68,15.2,1.268,29.7,44,9.029,16.9,1173,96.1,9.3,62.16466,378457,88,0,10.9,2,0,0.492,74,29.75,37.83,30.74,96,17.5,0.5642,9,44,0,31.4,0,0,0
2021-09-04,01:50:03,11.73,11.13,11.73,11.13,11.58,11.01,83,83,85,0,0,0,5.1,0.0,0.0,0.0,0.0,0.0,0.0,23.6,53,0,125,ON,OFF,ON,0,34.2,30,0,13492,OFF,OFF,29.4,29.5,11.66,29.4,13.42,9.0,6.0,89.94,38.0,74.31,10,80,27.5,13.5,3,1,OFF,OFF,100,100,6.097,1.268,1,0,ON,ON,0.922,4.372,0,0,OFF,OFF,0,0,100,100,0,0.156,69,576,10,68,15.2,1.268,29.7,44,9.029,16.9,1173,96.1,9.3,62.16466,378457,88,0,10.9,2,0,0.492,74,29.75,37.83,30.74,96,17.5,0.5642,9,44,0,31.4,0,0,0
2021-09-04,01:50:33,11.73,11.13,11.73,11.13,11.58,11.01,83,83,85,0,0,0,5.1,0.0,0.0,0.0,0.0,0.0,0.0,23.6,53,0,125,ON,OFF,ON,0,34.2,30,0,13492,OFF,OFF,29.4,29.5,11.66,29.4,13.42,9.0,6.0,89.94,38.0,74.31,10,80,27.5,13.5,3,1,OFF,OFF,100,100,6.097,1.268,1,0,ON,ON,0.922,4.372,0,0,OFF,OFF,0,0,100,100,0,0.156,69,576,10,68,15.2,1.268,29.7,44,9.029,16.9,1173,96.1,9.3,62.16466,378457,88,0,10.9,2,0,0.492,74,29.75,37.83,30.74,96,17.5,0.5642,9,44,0,31.4,0,0,0
2021-09-04,01:51:03,11.73,11.13,11.73,11.13,11.58,11.01,83,83,85,0,0,0,5.1,0.0,0.0,0.0,0.0,0.0,0.0,23.6,53,0,125,ON,OFF,ON,0,34.2,30,0,13492,OFF,OFF,29.4,29.5,11.66,29.4,13.42,9.0,6.0,89.94,38.0,74.31,10,80,27.5,13.5,3,1,OFF,OFF,100,100,6.097,1.268,1,0,ON,ON,0.922,4.372,0,0,OFF,OFF,0,0,100,100,0,0.156,69,576,10,68,15.2,1.268,29.7,44,9.029,16.9,1173,96.1,9.3,62.16466,378457,88,0,10.9,2,0,0.492,74,29.75,37.83,30.74,96,17.5,0.5642,9,44,0,31.4,0,0,0
2021-09-04,01:51:33,11.73,11.13,11.73,11.13,11.58,11.01,83,83,85,0,0,0,5.1,0.0,0.0,0.0,0.0,0.0,0.0,23.6,53,0,125,ON,OFF,ON,0,34.2,30,0,13492,OFF,OFF,29.4,29.5,11.66,29.4,13.42,9.0,6.0,89.94,38.0,74.31,10,80,27.5,13.5,3,1,OFF,OFF,100,100,6.097,1.268,1,0,ON,ON,0.922,4.372,0,0,OFF,OFF,0,0,100,100,0,0.156,69,576,10,68,15.2,1.268,29.7,44,9.029,16.9,1173,96.1,9.3,62.16466,378457,88,0,10.9,2,0,0.492,74,29.75,37.83,30.74,96,17.5,0.5642,9,44,0,31.4,0,0,0
2021-09-04,01:52:03,11.73,11.13,11.73,11.13,11.58,11.01,83,83,85,0,0,0,5.1,0.0,0.0,0.0,0.0,0.0,0.0,23.6,53,0,125,ON,OFF,ON,0,34.2,30,0,13492,OFF,OFF,29.4,29.5,11.66,29.4,13.42,9.0,6.0,89.94,38.0,74.31,10,80,27.5,13.5,3,1,OFF,OFF,100,100,6.097,1.268,1,0,ON,ON,0.922,4.372,0,0,OFF,OFF,0,0,100,100,0,0.156,69,576,10,68,15.2,1.268,29.7,44,9.029,16.9,1173,96.1,9.3,62.16466,378457,88,0,10.9,2,0,0.492,74,29.75,37.83,30.74,96,17.5,0.5642,9,44,0,31.4,0,0,0
2021-09-04,01:52:33,11.73,11.13,11.73,11.13,11.58,11.01,83,83,85,0,0,0,5.1,0.0,0.0,0.0,0.0,0.0,0.0,23.6,53,0,125,ON,OFF,ON,0,34.2,30,0,13492,OFF,OFF,29.4,29.5,11.66,29.4,13.42,9.0,6.0,89.94,38.0,74.31,10,80,27.5,13.5,3,1,OFF,OFF,100,100,6.097,1.268,1,0,ON,ON,0.922,4.372,0,0,OFF,OFF,0,0,100,100,0,0.156,69,576,10,68,15.2,1.268,29.7,44,9.029,16.9,1173,96.1,9.3,62.16466,378457,88,0,10.9,2,0,0.492,74,29.75,37.83,30.74,96,17.5,0.5642,9,44,0,31.4,0,0,0
2021-09-04,01:53:03,11.73,11.13,11.73,11.13,11.58,11.01,83,83,85,0,0,0,5.1,0.0,0.0,0.0,0.0,0.0,0.0,23.6,53,0,125,ON,OFF,ON,0,34.2,30,0,13492,OFF,OFF,29.4,29.5,11.66,29.4,13.42,9.0,6.0,89.94,38.0,74.31,10,80,27.5,13.5,3,1,OFF,OFF,100,100,6.097,1.268,1,0,ON,ON,0.922,4.372,0,0,OFF,OFF,0,0,100,100,0,0.156,69,576,10,68,15.2,1.268,29.7,44,9.029,16.9,1173,96.1,9.3,62.16466,378457,88,0,10.9,2,0,0.492,74,29.75,37.83,30.74,96,17.5,0.5642,9,44,0,31.4,0,0,0
2021-09-04,01:53:33,11.73,11.13,11.73,11.13,11.58,11.01,83,83,85,0,0,0,5.1,0.0,0.0,0.0,0.0,0.0,0.0,23.6,53,0,125,ON,OFF,ON,0,34.2,30,0,13492,OFF,OFF,29.4,29.5,11.66,29.4,13.42,9.0,6.0,89.94,38.0,74.31,10,80,27.5,13.5,3,1,OFF,OFF,100,100,6.097,1.268,1,0,ON,ON,0.922,4.372,0,0,OFF,OFF,0,0,100,100,0,0.156,69,576,10,68,15.2,1.268,29.7,44,9.029,16.9,1173,96.1,9.3,62.16466,378457,88,0,10.9,2,0,0.492,74,29.75,37.83,30.74,96,17.5,0.5642,9,44,0,31.4,0,0,0
2021-09-04,01:54:03,11.73,11.13,11.73,11.13,11.58,11.01,83,83,85,0,0,0,5.1,0.0,0.0,0.0,0.0,0.0,0.0,23.6,53,0,125,ON,OFF,ON,0,34.2,30,0,13492,OFF,OFF,29.4,29.5,11.66,29.4,13.42,9.0,6.0,89.94,38.0,74.31,10,80,27.5,13.5,3,1,OFF,OFF,100,100,6.097,1.268,1,0,ON,ON,0.922,4.372,0,0,OFF,OFF,0,0,100,100,0,0.156,69,576,10,68,15.2,1.268,29.7,44,9.029,16.9,1173,96.1,9.3,62.16466,378457,88,0,10.9,2,0,0.492,74,29.75,37.83,30.74,96,17.5,0.5642,9,44,0,31.4,0,0,0
2021-09-04,01:54:33,11.73,11.13,11.73,11.13,11.58,11.01,83,83,85,0,0,0,5.1,0.0,0.0,0.0,0.0,0.0,0.0,23.6,53,0,125,ON,OFF,ON,0,34.2,30,0,13492,OFF,OFF,29.4,29.5,11.66,29.4,13.42,9.0,6.0,89.94,38.0,74.31,10,80,27.5,13.5,3,1,OFF,OFF,100,100,6.097,1.268,1,0,ON,ON,0.922,4.372,0,0,OFF,OFF,0,0,100,100,0,0.156,69,576,10,68,15.2,1.268,29.7,44,9.029,16.9,1173,96.1,9.3,62.16466,378457,88,0,10.9,2,0,0.492,74,29.75,37.83,30.74,96,17.5,0.5642,9,44,0,31.4,0,0,0
2021-09-04,01:55:03,11.73,11.13,11.73,11.13,11.58,11.01,83,83,85,0,0,0,5.1,0.0,0.0,0.0,0.0,0.0,0.0,23.6,53,0,125,ON,OFF,ON,0,34.2,30,0,13492,OFF,OFF,29.4,29.5,11.66,29.4,13.42,9.0,6.0,89.94,38.0,74.31,10,80,27.5,13.5,3,1,OFF,OFF,100,100,6.097,1.268,1,0,ON,ON,0.922,4.372,0,0,OFF,OFF,0,0,100,100,0,0.156,69,576,10,68,15.2,1.268,29.7,44,9.029,16.9,1173,96.1,9.3,62.16466,378457,88,0,10.9,2,0,0.492,74,29.75,37.83,30.74,96,17.5,0.5642,9,44,0,31.4,0,0,0
2021-09-04,01:55:35,11.73,11.13,11.73,11.13,11.58,11.01,83,83,85,0,0,0,5.1,0.0,0.0,0.0,0.0,0.0,0.0,23.6,53,0,125,ON,OFF,ON,0,34.2,30,0,13492,OFF,OFF,29.4,29.5,11.66,29.4,13.42,9.0,6.0,89.94,38.0,74.31,10,80,27.5,13.5,3,1,OFF,OFF,100,100,6.097,1.268,1,0,ON,ON,0.922,4.372,0,0,OFF,OFF,0,0,100,100,0,0.156,69,576,10,68,15.2,1.268,29.7,44,9.029,16.9,1173,96.1,9.3,62.16466,378457,88,0,10.9,2,0,0.492,74,29.75,37.32,30.74,96,17.5,0.5642,9,44,0,31.4,0,0,0
2021-09-04,01:56:05,11.73,11.13,11.73,11.13,11.58,11.01,83,83,85,0,0,0,5.1,0.0,0.0,0.0,0.0,0.0,0.0,23.6,53,0,125,ON,OFF,ON,0,34.2,30,0,13492,OFF,OFF,29.4,29.5,11.66,29.4,13.42,9.0,6.0,89.94,38.0,74.31,10,80,27.5,13.5,3,1,OFF,OFF,100,100,6.097,1.268,1,0,ON,ON,0.922,4.372,0,0,OFF,OFF,0,0,100,100,0,0.156,69,576,10,68,15.2,1.268,29.7,44,9.029,16.9,1173,96.1,9.3,62.16466,378457,88,0,10.9,2,0,0.492,74,29.75,37.32,30.74,96,17.5,0.5642,9,44,0,31.4,0,0,0
2021-09-04,01:56:35,11.73,11.13,11.73,11.13,11.58,11.01,83,83,85,0,0,0,5.1,0.0,0.0,0.0,0.0,0.0,0.0,23.6,53,0,125,ON,OFF,ON,0,34.2,30,0,13492,OFF,OFF,29.4,29.5,11.66,29.4,13.42,9.0,6.0,89.94,38.0,74.31,10,80,27.5,13.5,3,1,OFF,OFF,100,100,6.097,1.268,1,0,ON,ON,0.922,4.372,0,0,OFF,OFF,0,0,100,100,0,0.156,69,576,10,68,15.2,1.268,29.7,44,9.029,16.9,1173,96.1,9.3,62.16466,378457,88,0,10.9,2,0,0.492,74,29.75,37.32,30.74,96,17.5,0.5642,9,44,0,31.4,0,0,0
2021-09-04,01:57:05,11.73,11.13,11.73,11.13,11.58,11.01,83,83,85,0,0,0,5.1,0.0,0.0,0.0,0.0,0.0,0.0,23.6,53,0,125,ON,OFF,ON,0,34.2,30,0,13492,OFF,OFF,29.4,29.5,11.66,29.4,13.42,9.0,6.0,89.94,38.0,74.31,10,80,27.5,13.5,3,1,OFF,OFF,100,100,6.097,1.268,1,0,ON,ON,0.922,4.372,0,0,OFF,OFF,0,0,100,100,0,0.156,69,576,10,68,15.2,1.268,29.7,44,9.029,16.9,1173,96.1,9.3,62.16466,378457,88,0,10.9,2,0,0.492,74,29.75,37.32,30.74,96,17.5,0.5642,9,44,0,31.4,0,0,0
2021-09-04,01:57:36,11.73,11.13,11.73,11.13,11.58,11.01,83,83,85,0,0,0,5.1,0.0,0.0,0.0,0.0,0.0,0.0,23.6,53,0,125,ON,OFF,ON,0,34.2,30,0,13492,OFF,OFF,29.4,29.5,11.66,29.4,13.42,9.0,6.0,89.94,38.0,74.31,10,80,27.5,13.5,3,1,OFF,OFF,100,100,6.097,1.268,1,0,ON,ON,0.922,4.372,0,0,OFF,OFF,0,0,100,100,0,0.156,69,576,10,67,15.3,1.268,29.6,45,8.882,16.4,1113,96.1,9.3,62.16466,378457,88,0,10.9,2,0,0.492,74,29.75,37.32,30.74,96,17.5,0.5642,9,44,0,31.4,0,0,0
2021-09-04,01:58:06,11.73,11.13,11.73,11.13,11.58,11.01,83,83,85,0,0,0,5.1,0.0,0.0,0.0,0.0,0.0,0.0,23.6,53,0,125,ON,OFF,ON,0,34.2,30,0,13492,OFF,OFF,29.4,29.5,11.66,29.4,13.42,9.0,6.0,89.94,38.0,74.31,10,80,27.5,13.5,3,1,OFF,OFF,100,100,6.097,1.268,1,0,ON,ON,0.922,4.372,0,0,OFF,OFF,0,0,100,100,0,0.156,69,576,10,67,15.3,1.268,29.6,45,8.882,16.4,1113,96.1,9.3,62.16466,378457,88,0,10.9,2,0,0.492,74,29.75,37.32,30.74,96,17.5,0.5642,9,44,0,31.4,0,0,0
2021-09-04,01:58:36,11.73,11.13,11.73,11.13,11.58,11.01,83,83,85,0,0,0,5.1,0.0,0.0,0.0,0.0,0.0,0.0,23.6,53,0,125,ON,OFF,ON,0,34.2,30,0,13492,OFF,OFF,29.4,29.5,11.66,29.4,13.42,9.0,6.0,89.94,38.0,74.31,10,80,27.5,13.5,3,1,OFF,OFF,100,100,6.097,1.268,1,0,ON,ON,0.922,4.372,0,0,OFF,OFF,0,0,100,100,0,0.156,69,576,10,67,15.3,1.268,29.6,45,8.882,16.4,1113,96.1,9.3,62.16466,378457,88,0,10.9,2,0,0.492,74,29.75,37.32,30.74,96,17.5,0.5642,9,44,0,31.4,0,0,0
2021-09-04,01:59:06,11.73,11.13,11.73,11.13,11.58,11.01,83,83,85,0,0,0,5.1,0.0,0.0,0.0,0.0,0.0,0.0,23.6,53,0,125,ON,OFF,ON,0,34.2,30,0,13492,OFF,OFF,29.4,29.5,11.66,29.4,13.42,9.0,6.0,89.94,38.0,74.31,10,80,27.5,13.5,3,1,OFF,OFF,100,100,6.097,1.268,1,0,ON,ON,0.922,4.372,0,0,OFF,OFF,0,0,100,100,0,0.156,69,576,10,67,15.3,1.268,29.6,45,8.882,16.4,1113,96.1,9.3,62.16466,378457,88,0,10.9,2,0,0.492,74,29.75,37.32,30.74,96,17.5,0.5642,9,44,0,31.4,0,0,0
2021-09-04,01:59:36,11.73,11.13,11.73,11.13,11.58,11.01,83,83,85,0,0,0,5.1,0.0,0.0,0.0,0.0,0.0,0.0,23.6,53,0,125,ON,OFF,ON,0,34.2,30,0,13492,OFF,OFF,29.4,29.5,11.66,29.4,13.42,9.0,6.0,89.94,38.0,74.31,10,80,27.5,13.5,3,1,OFF,OFF,100,100,6.097,1.268,1,0,ON,ON,0.922,4.372,0,0,OFF,OFF,0,0,100,100,0,0.156,69,576,10,67,15.3,1.268,29.6,45,8.882,16.4,1113,96.1,9.3,62.16466,378457,88,0,10.9,2,0,0.492,74,29.75,37.32,30.74,96,17.5,0.5642,9,44,0,31.4,0,0,0
2021-09-04,02:00:06,11.73,11.13,11.73,11.13,11.58,11.01,83,83,85,0,0,0,5.1,0.0,0.0,0.0,0.0,0.0,0.0,23.6,53,0,125,ON,OFF,ON,0,34.2,30,0,13492,OFF,OFF,29.4,29.5,11.66,29.4,13.42,9.0,6.0,89.94,38.0,74.31,10,80,27.5,13.5,3,1,OFF,OFF,100,100,6.097,1.268,1,0,ON,ON,0.922,4.372,0,0,OFF,OFF,0,0,100,100,0,0.156,69,576,10,67,15.3,1.268,29.6,45,8.882,16.4,1113,96.1,9.3,62.16466,378457,88,0,10.9,2,0,0.492,74,29.75,37.32,30.74,96,17.5,0.5642,9,44,0,31.4,0,0,0
2021-09-04,02:00:36,11.73,11.13,11.73,11.13,11.58,11.01,83,83,85,0,0,0,5.1,0.0,0.0,0.0,0.0,0.0,0.0,23.6,53,0,125,ON,OFF,ON,0,34.2,30,0,13492,OFF,OFF,29.4,29.5,11.66,29.4,13.42,9.0,6.0,89.94,38.0,74.31,10,80,27.5,13.5,3,1,OFF,OFF,100,100,6.097,1.268,1,0,ON,ON,0.922,4.372,0,0,OFF,OFF,0,0,100,100,0,0.156,69,576,10,67,15.3,1.268,29.6,45,8.882,16.4,1113,96.1,9.3,62.16466,378457,88,0,10.9,2,0,0.492,74,29.75,37.32,30.74,96,17.5,0.5642,9,44,0,31.4,0,0,0
2021-09-04,02:01:25,11.73,11.13,11.73,11.13,11.58,11.01,83,83,85,0,0,0,5.1,0.0,0.0,0.0,0.0,0.0,0.0,23.6,53,0,125,ON,OFF,ON,0,34.2,30,0,13492,OFF,OFF,29.4,29.5,11.66,29.4,13.42,9.0,6.0,89.94,38.0,74.31,10,80,27.5,13.5,3,1,OFF,OFF,100,100,6.097,1.268,1,0,ON,ON,0.922,4.372,0,0,OFF,OFF,0,0,100,100,0,0.156,69,576,10,67,15.3,1.268,29.6,45,8.882,16.4,1113,96.1,9.3,62.16466,378457,88,0,10.9,2,0,0.492,74,29.75,37.32,30.19,96,17.5,0.5642,9,44,0,31.4,0,0,0
2021-09-04,02:01:57,11.73,11.13,11.73,11.13,11.58,11.01,83,83,85,0,0,0,5.1,0.0,0.0,0.0,0.0,0.0,0.0,23.6,53,0,125,ON,OFF,ON,0,34.2,30,0,13492,OFF,OFF,29.4,29.5,11.66,29.4,13.42,9.0,6.0,89.94,38.0,74.31,10,80,27.5,13.5,3,1,OFF,OFF,100,100,6.097,1.268,1,0,ON,ON,0.922,4.372,0,0,OFF,OFF,0,0,100,100,0,0.156,69,576,10,67,15.3,1.268,29.6,45,8.882,16.4,1113,96.1,9.3,62.16466,378457,88,0,10.9,2,0,0.492,74,29.75,37.32,30.19,96,17.5,0.5642,9,44,0,31.4,0,0,0
2021-09-04,02:02:27,11.73,11.13,11.73,11.13,11.58,11.01,83,83,85,0,0,0,5.1,0.0,0.0,0.0,0.0,0.0,0.0,23.6,53,0,125,ON,OFF,ON,0,34.2,30,0,13492,OFF,OFF,29.4,29.5,11.66,29.4,13.42,9.0,6.0,89.94,38.0,74.31,10,80,27.5,13.5,3,1,OFF,OFF,100,100,6.097,1.268,1,0,ON,ON,0.922,4.372,0,0,OFF,OFF,0,0,100,100,0,0.156,69,576,10,67,15.3,1.268,29.6,45,8.882,16.4,1113,96.1,9.3,62.16466,378457,88,0,10.9,2,0,0.492,74,29.75,37.32,30.19,96,17.5,0.5642,9,44,0,31.4,0,0,0
2021-09-04,02:02:57,11.73,11.13,11.73,11.13,11.58,11.01,83,83,85,0,0,0,5.1,0.0,0.0,0.0,0.0,0.0,0.0,23.6,53,0,125,ON,OFF,ON,0,34.2,30,0,13492,OFF,OFF,29.4,29.5,11.66,29.4,13.42,9.0,6.0,89.94,38.0,74.31,10,80,27.5,13.5,3,1,OFF,OFF,100,100,6.097,1.268,1,0,ON,ON,0.922,4.372,0,0,OFF,OFF,0,0,100,100,0,0.156,69,576,10,67,15.3,1.268,29.6,45,8.882,16.4,1113,96.1,9.3,62.16466,378457,88,0,10.9,2,0,0.492,74,29.75,37.32,30.19,96,17.5,0.5642,9,44,0,31.4,0,0,0
2021-09-04,02:03:27,11.73,11.13,11.73,11.13,11.58,11.01,83,83,85,0,0,0,5.1,0.0,0.0,0.0,0.0,0.0,0.0,23.6,53,0,125,ON,OFF,ON,0,34.2,30,0,13492,OFF,OFF,29.4,29.5,11.66,29.4,13.42,9.0,6.0,89.94,38.0,74.31,10,80,27.5,13.5,3,1,OFF,OFF,100,100,6.097,1.268,1,0,ON,ON,0.922,4.372,0,0,OFF,OFF,0,0,100,100,0,0.156,69,576,10,67,15.3,1.268,29.6,45,8.882,16.4,1113,96.1,9.3,62.16466,378457,88,0,10.9,2,0,0.492,74,29.75,37.32,30.19,96,17.5,0.5642,9,44,0,31.4,0,0,0
2021-09-04,02:03:57,11.73,11.13,11.73,11.13,11.58,11.01,83,83,85,0,0,0,5.1,0.0,0.0,0.0,0.0,0.0,0.0,23.6,53,0,125,ON,OFF,ON,0,34.2,30,0,13492,OFF,OFF,29.4,29.5,11.66,29.4,13.42,9.0,6.0,89.94,38.0,74.31,10,80,27.5,13.5,3,1,OFF,OFF,100,100,6.097,1.268,1,0,ON,ON,0.922,4.372,0,0,OFF,OFF,0,0,100,100,0,0.156,69,576,10,67,15.3,1.268,29.6,45,8.882,16.4,1113,96.1,9.3,62.16466,378457,88,0,10.9,2,0,0.492,74,29.75,37.32,30.19,96,17.5,0.5642,9,44,0,31.4,0,0,0
2021-09-04,02:04:27,11.73,11.13,11.73,11.13,11.58,11.01,83,83,85,0,0,0,5.1,0.0,0.0,0.0,0.0,0.0,0.0,23.6,53,0,125,ON,OFF,ON,0,34.2,30,0,13492,OFF,OFF,29.4,29.5,11.66,29.4,13.42,9.0,6.0,89.94,38.0,74.31,10,80,27.5,13.5,3,1,OFF,OFF,100,100,6.097,1.268,1,0,ON,ON,0.922,4.372,0,0,OFF,OFF,0,0,100,100,0,0.156,69,576,10,67,15.3,1.268,29.6,45,8.882,16.4,1113,96.1,9.3,62.16466,378457,88,0,10.9,2,0,0.492,74,29.75,37.32,30.19,96,17.5,0.5642,9,44,0,31.4,0,0,0
2021-09-04,02:04:57,11.73,11.13,11.73,11.13,11.58,11.01,83,83,85,0,0,0,5.1,0.0,0.0,0.0,0.0,0.0,0.0,23.6,53,0,125,ON,OFF,ON,0,34.2,30,0,13492,OFF,OFF,29.4,29.5,11.66,29.4,13.42,9.0,6.0,89.94,38.0,74.31,10,80,27.5,13.5,3,1,OFF,OFF,100,100,6.097,1.268,1,0,ON,ON,0.922,4.372,0,0,OFF,OFF,0,0,100,100,0,0.156,69,576,10,67,15.3,1.268,29.6,45,8.882,16.4,1113,96.1,9.3,62.16466,378457,88,0,10.9,2,0,0.492,74,29.75,37.32,30.19,96,17.5,0.5642,9,44,0,31.4,0,0,0
2021-09-04,02:05:27,11.73,11.13,11.73,11.13,11.58,11.01,83,83,85,0,0,0,5.1,0.0,0.0,0.0,0.0,0.0,0.0,23.6,53,0,125,ON,OFF,ON,0,34.2,30,0,13492,OFF,OFF,29.4,29.5,11.66,29.4,13.42,9.0,6.0,89.94,38.0,74.31,10,80,27.5,13.5,3,1,OFF,OFF,100,100,6.097,1.268,1,0,ON,ON,0.922,4.372,0,0,OFF,OFF,0,0,100,100,0,0.156,69,576,10,67,15.3,1.268,29.6,45,8.882,16.4,1113,96.1,9.3,62.16466,378457,88,0,10.9,2,0,0.492,74,29.75,37.32,30.19,96,17.5,0.5642,9,44,0,31.4,0,0,0
2021-09-04,02:05:58,11.73,11.13,11.73,11.13,11.58,11.01,83,83,85,0,0,0,5.1,0.0,0.0,0.0,0.0,0.0,0.0,23.6,53,0,125,ON,OFF,ON,0,34.2,30,0,13492,OFF,OFF,29.4,29.5,11.66,29.4,13.42,9.0,6.0,89.94,38.0,74.31,10,80,27.5,13.5,3,1,OFF,OFF,100,100,6.097,1.268,1,0,ON,ON,0.922,4.372,0,0,OFF,OFF,0,0,100,100,0,0.156,69,576,10,67,15.3,1.268,29.6,45,8.882,16.4,1113,96.1,9.3,62.16466,378457,88,0,10.9,2,0,0.492,74,29.75,37.32,30.19,96,17.5,0.5642,9,44,0,31.4,0,0,0
2021-09-04,02:06:28,11.73,11.13,11.73,11.13,11.58,11.01,83,83,85,0,0,0,5.1,0.0,0.0,0.0,0.0,0.0,0.0,23.6,53,0,125,ON,OFF,ON,0,34.2,30,0,13492,OFF,OFF,29.4,29.5,11.66,29.4,13.42,9.0,6.0,89.94,38.0,74.31,10,80,27.5,13.5,3,1,OFF,OFF,100,100,6.097,1.268,1,0,ON,ON,0.922,4.372,0,0,OFF,OFF,0,0,100,100,0,0.156,69,576,10,67,15.3,1.268,29.6,45,8.882,16.4,1113,96.1,9.3,62.16466,378457,88,0,10.9,2,0,0.492,74,29.75,37.32,30.19,96,17.5,0.5642,9,44,0,31.4,0,0,0
2021-09-04,02:06:58,11.73,11.13,11.73,11.13,11.58,11.01,83,83,85,0,0,0,5.1,0.0,0.0,0.0,0.0,0.0,0.0,23.6,53,0,125,ON,OFF,ON,0,34.2,30,0,13492,OFF,OFF,29.4,29.5,11.66,29.4,13.42,9.0,6.0,89.94,38.0,74.31,10,80,27.5,13.5,3,1,OFF,OFF,100,100,6.097,1.268,1,0,ON,ON,0.922,4.372,0,0,OFF,OFF,0,0,100,100,0,0.156,69,576,10,67,15.3,1.268,29.6,45,8.882,16.4,1113,96.1,9.3,62.16466,378457,88,0,10.9,2,0,0.492,74,29.75,37.32,30.19,96,17.5,0.5642,9,44,0,31.4,0,0,0
2021-09-04,02:07:29,11.73,11.13,11.73,11.13,11.58,11.01,83,83,85,0,0,0,5.1,0.0,0.0,0.0,0.0,0.0,0.0,23.6,53,0,125,ON,OFF,ON,0,34.2,30,0,13492,OFF,OFF,29.4,29.5,11.66,29.4,13.42,9.0,6.0,89.94,38.0,74.31,10,80,27.5,13.5,3,1,OFF,OFF,100,100,6.097,1.268,1,0,ON,ON,0.922,4.372,0,0,OFF,OFF,0,0,100,100,0,0.156,69,576,10,67,15.3,1.268,29.6,45,8.882,16.4,1113,96.1,9.3,62.16466,378457,88,0,10.9,2,0,0.492,74,29.75,37.32,30.19,96,17.5,0.5642,9,44,0,31.4,0,0,0
2021-09-04,02:07:59,11.73,11.13,11.73,11.13,11.58,11.01,83,83,85,0,0,0,5.1,0.0,0.0,0.0,0.0,0.0,0.0,23.6,53,0,125,ON,OFF,ON,0,34.2,30,0,13492,OFF,OFF,29.4,29.5,11.66,29.4,13.42,9.0,6.0,89.94,38.0,74.31,10,80,27.5,13.5,3,1,OFF,OFF,100,100,6.097,1.268,1,0,ON,ON,0.922,4.372,0,0,OFF,OFF,0,0,100,100,0,0.156,69,576,10,67,15.3,1.268,29.6,45,8.882,16.4,1113,96.1,9.3,62.16466,378457,88,0,10.9,2,0,0.492,74,29.75,37.32,30.19,96,17.5,0.5642,9,44,0,31.4,0,0,0
2021-09-04,02:08:29,11.73,11.13,11.73,11.13,11.58,11.01,83,83,85,0,0,0,5.1,0.0,0.0,0.0,0.0,0.0,0.0,23.6,53,0,125,ON,OFF,ON,0,34.2,30,0,13492,OFF,OFF,29.4,29.5,11.66,29.4,13.42,9.0,6.0,89.94,38.0,74.31,10,80,27.5,13.5,3,1,OFF,OFF,100,100,6.097,1.268,1,0,ON,ON,0.922,4.372,0,0,OFF,OFF,0,0,100,100,0,0.156,69,576,10,67,15.3,1.268,29.6,45,8.882,16.4,1113,96.1,9.3,62.16466,378457,88,0,10.9,2,0,0.492,74,29.75,37.32,30.19,96,17.5,0.5642,9,44,0,31.4,0,0,0
2021-09-04,02:08:59,11.73,11.13,11.73,11.13,11.58,11.01,83,83,85,0,0,0,5.1,0.0,0.0,0.0,0.0,0.0,0.0,23.6,53,0,125,ON,OFF,ON,0,34.2,30,0,13492,OFF,OFF,29.4,29.5,11.66,29.4,13.42,9.0,6.0,89.94,38.0,74.31,10,80,27.5,13.5,3,1,OFF,OFF,100,100,6.097,1.268,1,0,ON,ON,0.922,4.372,0,0,OFF,OFF,0,0,100,100,0,0.156,69,576,10,67,15.3,1.268,29.6,45,8.882,16.4,1113,96.1,9.3,62.16466,378457,88,0,10.9,2,0,0.492,74,29.75,37.32,30.19,96,17.5,0.5642,9,44,0,31.4,0,0,0
2021-09-04,02:09:29,11.73,11.13,11.73,11.13,11.58,11.01,83,83,85,0,0,0,5.1,0.0,0.0,0.0,0.0,0.0,0.0,23.6,53,0,125,ON,OFF,ON,0,34.2,30,0,13492,OFF,OFF,29.4,29.5,11.66,29.4,13.42,9.0,6.0,89.94,38.0,74.31,10,80,27.5,13.5,3,1,OFF,OFF,100,100,6.097,1.268,1,0,ON,ON,0.922,4.372,0,0,OFF,OFF,0,0,100,100,0,0.156,69,576,10,67,15.3,1.268,29.6,45,1.268,16.4,1113,96.1,9.3,62.16466,378457,88,0,10.9,2,0,0.492,74,29.75,37.32,30.19,96,17.5,0.5642,9,44,0,31.4,0,0,0
2021-09-04,02:09:59,11.73,11.13,11.73,11.13,11.58,11.01,83,83,85,0,0,0,5.1,0.0,0.0,0.0,0.0,0.0,0.0,23.6,53,0,125,ON,OFF,ON,0,34.2,30,0,13492,OFF,OFF,29.4,29.5,11.66,29.4,13.42,9.0,6.0,89.94,38.0,74.31,10,80,27.5,13.5,3,1,OFF,OFF,100,100,6.097,1.268,1,0,ON,ON,0.922,4.372,0,0,OFF,OFF,0,0,100,100,0,0.156,69,576,10,67,15.3,1.268,29.6,45,1.268,16.4,1068,96.1,9.3,62.16466,378457,88,0,10.9,2,0,0.492,74,29.75,37.32,30.19,96,17.5,0.5642,9,44,0,31.4,0,0,0
2021-09-04,02:10:29,11.73,11.13,11.73,11.13,11.58,11.01,83,83,85,0,0,0,5.1,0.0,0.0,0.0,0.0,0.0,0.0,23.6,53,0,125,ON,OFF,ON,0,34.2,30,0,13492,OFF,OFF,29.4,29.5,11.66,29.4,13.42,9.0,6.0,89.94,38.0,74.31,10,80,27.5,13.5,3,1,OFF,OFF,100,100,6.097,1.268,1,0,ON,ON,0.922,4.372,0,0,OFF,OFF,0,0,100,100,0,0.156,69,576,10,67,15.3,1.268,29.6,45,1.268,16.4,1068,96.1,9.3,62.16466,378457,88,0,10.9,2,0,0.492,74,29.75,37.32,30.19,96,17.5,0.5642,9,44,0,31.4,0,0,0
2021-09-04,02:10:59,11.73,11.13,11.73,11.13,11.58,11.01,83,83,85,0,0,0,5.1,0.0,0.0,0.0,0.0,0.0,0.0,23.6,53,0,125,ON,OFF,ON,0,34.2,30,0,13492,OFF,OFF,29.4,29.5,11.66,29.4,13.42,9.0,6.0,89.94,38.0,74.31,10,80,27.5,13.5,3,1,OFF,OFF,100,100,6.097,1.268,1,0,ON,ON,0.922,4.372,0,0,OFF,OFF,0,0,100,100,0,0.156,69,576,10,67,15.3,1.268,29.6,45,1.268,16.4,1068,96.1,9.3,62.16466,378457,88,0,10.9,2,0,0.492,74,29.75,37.32,30.19,96,17.5,0.5642,9,44,0,31.4,0,0,0
2021-09-04,02:11:29,11.73,11.13,11.73,11.13,11.58,11.01,83,83,85,0,0,0,5.1,0.0,0.0,0.0,0.0,0.0,0.0,23.6,53,0,125,ON,OFF,ON,0,34.2,30,0,13492,OFF,OFF,29.4,29.5,11.66,29.4,13.42,9.0,6.0,89.94,38.0,74.31,10,80,27.5,13.5,3,1,OFF,OFF,100,100,6.097,1.268,1,0,ON,ON,0.922,4.372,0,0,OFF,OFF,0,0,100,100,0,0.156,69,576,10,67,15.3,1.268,29.6,45,1.268,16.4,1068,96.1,9.3,62.16466,378457,88,0,10.9,2,0,0.492,74,29.75,37.32,30.19,96,17.5,0.5642,9,44,0,31.4,0,0,0
2021-09-04,02:11:59,11.73,11.13,11.73,11.13,11.58,11.01,83,83,85,0,0,0,5.1,0.0,0.0,0.0,0.0,0.0,0.0,23.6,53,0,125,ON,OFF,ON,0,34.2,30,0,13492,OFF,OFF,29.4,29.5,11,29.4,13.42,9.0,6.0,89.94,38.0,74.31,10,80,27.5,13.5,3,1,OFF,OFF,100,100,6.097,1.268,1,0,ON,ON,0.922,4.372,0,0,OFF,OFF,0,0,100,100,0,0.156,69,576,10,67,15.3,1.268,29.6,45,1.268,16.4,1068,96.1,9.3,62.16466,378457,88,0,10.9,2,0,0.492,74,29.75,37.32,30.19,96,17.5,0.5642,9,44,0,31.4,0,0,0
2021-09-04,02:12:32,11.73,11.13,11.73,11.13,11.58,11.01,83,83,85,0,0,0,5.1,0.0,0.0,0.0,0.0,0.0,0.0,23.6,53,0,125,ON,OFF,ON,0,34.2,30,0,13492,OFF,OFF,29.4,29.5,11,29.4,13.42,9.0,6.0,89.94,38.0,74.31,10,80,27.5,13.5,3,1,OFF,OFF,100,100,6.097,1.268,1,0,ON,ON,0.922,4.372,0,0,OFF,OFF,0,0,100,100,0,0.156,69,576,10,67,15.3,1.268,29.6,45,8.443,16.4,1068,96.1,9.3,62.16466,378457,88,0,10.9,2,0,0.492,74,29.75,37.32,30.19,96,17.5,0.5642,9,44,0,31.4,0,0,0
2021-09-04,02:13:02,11.73,11.13,11.73,11.13,11.58,11.01,83,83,85,0,0,0,5.1,0.0,0.0,0.0,0.0,0.0,0.0,23.6,53,0,125,ON,OFF,ON,0,34.2,30,0,13492,OFF,OFF,29.4,29.5,11.11,29.4,13.42,9.0,6.0,91.78,38.0,74.31,10,80,27.5,13.5,3,1,OFF,OFF,100,100,6.097,1.268,1,0,ON,ON,0.922,4.372,0,0,OFF,OFF,0,0,100,100,0,0.156,69,576,10,67,15.3,1.268,29.6,45,8.443,16.4,1068,96.1,9.3,62.16466,378457,88,0,10.9,2,0,0.492,74,29.75,37.32,30.19,96,17.5,0.5642,9,44,0,31.4,0,0,0
2021-09-04,02:13:32,11.73,11.13,11.73,11.13,11.58,11.01,83,83,85,0,0,0,5.1,0.0,0.0,0.0,0.0,0.0,0.0,23.6,53,0,125,ON,OFF,ON,0,34.2,30,0,13492,OFF,OFF,29.4,29.5,11.11,29.4,13.42,9.0,6.0,91.78,38.0,74.31,10,80,27.5,13.5,3,1,OFF,OFF,100,100,6.097,1.268,1,0,ON,ON,0.922,4.372,0,0,OFF,OFF,0,0,100,100,0,0.156,69,576,10,67,15.3,1.268,29.6,45,8.443,16.4,1068,96.1,9.3,62.16466,378457,88,0,10.9,2,0,0.492,74,29.75,37.32,30.19,96,17.5,0.5642,9,44,0,31.4,0,0,0
2021-09-04,02:14:02,11.73,11.13,11.73,11.13,11.58,11.01,83,83,85,0,0,0,5.1,0.0,0.0,0.0,0.0,0.0,0.0,23.6,53,0,125,ON,OFF,ON,0,34.2,30,0,13492,OFF,OFF,29.4,29.5,11.11,29.4,13.42,9.0,6.0,91.78,38.0,74.31,10,80,27.5,12.5,3,1,OFF,OFF,100,100,6.097,1.268,1,0,ON,ON,0.922,4.372,0,0,OFF,OFF,0,0,100,100,0,0.156,69,576,10,67,15.3,1.268,29.6,45,8.443,16.4,1068,96.1,9.3,62.16466,378457,88,0,10.9,2,0,0.492,74,29.75,37.32,30.19,96,17.5,0.5642,9,44,0,31.4,0,0,0
2021-09-04,02:14:32,11.73,11.13,11.73,11.13,11.58,11.01,83,83,85,0,0,0,5.1,0.0,0.0,0.0,0.0,0.0,0.0,23.6,53,0,125,ON,OFF,ON,0,34.2,30,0,13492,OFF,OFF,29.4,29.5,11.11,29.4,13.42,9.0,6.0,91.78,38.0,74.31,10,80,27.5,12.5,3,1,OFF,OFF,100,100,6.097,1.268,1,0,ON,ON,0.922,4.372,0,0,OFF,OFF,0,0,100,100,0,0.156,69,576,10,67,15.3,1.268,29.6,45,8.443,16.4,1068,96.1,9.3,62.16466,378457,88,0,10.9,2,0,0.492,74,29.75,37.32,30.19,96,17.5,0.5642,9,44,0,31.4,0,0,0
2021-09-04,02:15:02,11.73,11.13,11.73,11.13,11.58,11.01,83,83,85,0,0,0,5.1,0.0,0.0,0.0,0.0,0.0,0.0,23.6,53,0,125,ON,OFF,ON,0,34.2,30,0,13492,OFF,OFF,29.4,29.5,11.11,29.4,13.42,9.0,6.0,91.78,38.0,74.31,10,80,27.5,12.5,3,1,OFF,OFF,100,100,6.097,1.268,1,0,ON,ON,0.922,4.372,0,0,OFF,OFF,0,0,100,100,0,0.156,69,576,10,67,15.3,1.268,29.6,45,8.443,16.4,1068,96.1,9.3,62.16466,378457,88,0,10.9,2,0,0.492,74,29.75,37.32,30.19,96,17.5,0.5642,9,44,0,31.4,0,0,0
2021-09-04,02:15:32,11.73,11.13,11.73,11.13,11.58,11.01,83,83,85,0,0,0,5.1,0.0,0.0,0.0,0.0,0.0,0.0,23.6,53,0,125,ON,OFF,ON,0,34.2,30,0,13492,OFF,OFF,29.4,29.5,11.11,29.4,13.42,9.0,6.0,91.78,38.0,74.31,10,80,27.5,12.5,3,1,OFF,OFF,100,100,6.097,1.268,1,0,ON,ON,0.922,4.372,0,0,OFF,OFF,0,0,100,100,0,0.156,69,576,10,67,15.3,1.268,29.6,45,8.443,16.4,1068,96.1,9.3,62.16466,378457,88,0,10.9,2,0,0.492,74,29.75,37.32,30.19,96,17.5,0.5642,9,44,0,31.4,0,0,0
2021-09-04,02:16:02,11.73,11.13,11.73,11.13,11.58,11.01,83,83,85,0,0,0,5.1,0.0,0.0,0.0,0.0,0.0,0.0,23.6,53,0,125,ON,OFF,ON,0,34.2,30,0,13492,OFF,OFF,29.4,29.5,11.11,29.4,13.42,9.0,6.0,91.78,38.0,74.31,10,80,27.5,12.5,3,1,OFF,OFF,100,100,6.097,1.268,1,0,ON,ON,0.922,4.372,0,0,OFF,OFF,0,0,100,100,0,0.156,69,576,10,67,15.3,1.268,29.6,45,8.443,16.4,1068,96.1,9.3,62.16466,378457,88,0,10.9,2,0,0.492,74,29.75,37.32,30.19,96,17.5,0.5642,9,44,0,31.4,0,0,0
2021-09-04,02:16:48,11.73,11.13,11.73,11.13,11.58,11.01,83,83,85,0,0,0,5.1,0.0,0.0,0.0,0.0,0.0,0.0,23.6,53,0,125,ON,OFF,ON,0,34.2,30,0,13492,OFF,OFF,29.4,29.5,11.11,29.4,13.42,9.0,6.0,91.78,38.0,74.31,10,80,27.5,12.5,3,1,OFF,OFF,100,100,6.098,1.268,1,0,ON,ON,0.922,4.372,0,0,OFF,OFF,0,0,100,100,0,0.156,69,576,10,67,15.3,1.268,29.2,45,8.443,16.4,1068,96.1,9.3,62.16466,378457,88,0,10.9,2,0,0.492,74,29.2,37.32,30.19,96,17.5,0.5642,9,44,0,31.4,0,0,0
2021-09-04,02:17:18,11.73,11.13,11.73,11.13,11.58,11.01,83,83,85,0,0,0,5.1,0.0,0.0,0.0,0.0,0.0,0.0,23.6,53,0,125,ON,OFF,ON,0,34.2,30,0,13492,OFF,OFF,29.4,29.5,11.11,29.4,13.42,9.0,6.0,91.78,38.0,74.31,10,80,27.5,12.5,3,1,OFF,OFF,100,100,6.098,1.268,1,0,ON,ON,0.922,4.372,0,0,OFF,OFF,0,0,100,100,0,0.156,69,576,10,67,15.3,1.268,29.2,45,8.443,16.4,1068,96.1,9.3,62.16466,378457,88,0,10.9,2,0,0.492,74,29.2,37.32,30.19,96,17.5,0.5642,9,44,0,31.4,0,0,0
2021-09-04,02:17:48,11.73,11.13,11.73,11.13,11.58,11.01,83,83,85,0,0,0,5.1,0.0,0.0,0.0,0.0,0.0,0.0,23.6,53,0,125,ON,OFF,ON,0,34.2,30,0,13492,OFF,OFF,29.4,29.5,11.11,29.4,13.42,9.0,6.0,91.78,38.0,74.31,10,80,27.5,12.5,3,1,OFF,OFF,100,100,6.098,1.268,1,0,ON,ON,0.922,4.372,0,0,OFF,OFF,0,0,100,100,0,0.156,69,576,10,67,15.3,1.268,29.2,45,8.443,16.4,1068,96.1,9.3,62.16466,378457,88,0,10.9,2,0,0.492,74,29.2,37.32,30.19,96,17.5,0.5642,9,44,0,31.4,0,0,0
2021-09-04,02:18:18,11.73,11.13,11.73,11.13,11.58,11.01,83,83,85,0,0,0,5.1,0.0,0.0,0.0,0.0,0.0,0.0,23.6,53,0,125,ON,OFF,ON,0,34.2,30,0,13492,OFF,OFF,29.4,29.5,11.11,29.4,13.42,9.0,6.0,91.78,38.0,74.31,10,80,27.5,12.5,3,1,OFF,OFF,100,100,6.098,1.268,1,0,ON,ON,0.922,4.372,0,0,OFF,OFF,0,0,100,100,0,0.156,69,576,10,67,15.3,1.268,29.2,45,8.443,16.4,1068,96.1,9.3,62.16466,378457,88,0,10.9,2,0,0.492,74,29.2,37.32,30.19,96,17.5,0.5642,9,44,0,31.4,0,0,0
2021-09-04,02:18:49,11.73,11.13,11.73,11.13,11.58,11.01,83,83,85,0,0,0,5.1,0.0,0.0,0.0,0.0,0.0,0.0,23.6,53,0,125,ON,OFF,ON,0,34.2,30,0,13492,OFF,OFF,29.4,29.5,11.11,29.4,13.42,9.0,6.0,91.78,38.0,74.31,10,80,27.5,12.5,3,1,OFF,OFF,100,100,6.098,1.268,1,0,ON,ON,0.922,4.372,0,0,OFF,OFF,0,0,100,100,0,0.156,69,576,10,67,15.3,1.268,29.2,45,8.443,16.4,1068,96.1,9.3,62.16466,378457,88,0,10.9,2,0,0.492,74,29.2,37.32,30.19,96,17.5,0.5642,9,44,0,31.4,0,0,0
2021-09-04,02:19:20,11.73,11.13,11.73,11.13,11.58,11.01,83,83,85,0,0,0,5.1,0.0,0.0,0.0,0.0,0.0,0.0,23.6,53,0,125,ON,OFF,ON,0,34.2,30,0,13492,OFF,OFF,29.4,29.5,11.11,29.4,13.42,9.0,6.0,91.78,38.0,74.31,10,80,27.5,12.5,3,1,OFF,OFF,100,100,6.098,1.268,1,0,ON,ON,0.922,4.372,0,0,OFF,OFF,0,0,100,100,0,0.156,69,576,10,67,15.3,1.268,29.2,45,8.443,16.4,1068,96.1,9.3,62.16466,378457,88,0,10.9,2,0,0.492,74,29.2,37.32,30.19,96,17.5,0.5642,9,44,0,31.4,0,0,0
2021-09-04,02:19:50,11.73,11.13,11.73,11.13,11.58,11.01,83,83,85,0,0,0,5.1,0.0,0.0,0.0,0.0,0.0,0.0,23.6,53,0,125,ON,OFF,ON,0,34.2,30,0,13492,OFF,OFF,29.4,29.5,11.11,29.4,13.42,9.0,6.0,91.78,38.0,74.31,10,80,27,12.5,3,1,OFF,OFF,100,100,6.098,1.268,1,0,ON,ON,0.922,4.372,0,0,OFF,OFF,0,0,100,100,0,0.156,69,576,10,67,15.3,1.268,29.2,45,8.443,16.4,1068,96.1,9.3,62.16466,378457,88,0,10.9,2,0,0.492,74,29.2,37.32,30.19,96,17.5,0.5642,9,44,0,31.4,0,0,0
2021-09-04,02:20:20,11.73,11.13,11.73,11.13,11.58,11.01,83,83,85,0,0,0,5.1,0.0,0.0,0.0,0.0,0.0,0.0,23.6,53,0,125,ON,OFF,ON,0,34.2,30,0,13492,OFF,OFF,29.4,29.5,11.11,29.4,13.42,9.0,6.0,91.78,38.0,74.31,10,80,27,12.5,3,1,OFF,OFF,100,100,6.098,1.268,1,0,ON,ON,0.922,4.372,0,0,OFF,OFF,0,0,100,100,0,0.156,69,576,10,67,15.3,1.268,29.2,45,8.443,16.4,1068,96.1,9.3,62.16466,378457,88,0,10.9,2,0,0.492,74,29.2,37.32,30.19,96,17.5,0.5642,9,44,0,31.4,0,0,0
2021-09-04,02:20:50,11.73,11.13,11.73,11.13,11.58,11.01,83,83,85,0,0,0,5.1,0.0,0.0,0.0,0.0,0.0,0.0,23.6,53,0,125,ON,OFF,ON,0,34.2,30,0,13492,OFF,OFF,29.4,29.5,11.11,29.4,13.42,9.0,6.0,91.78,38.0,74.31,10,80,27,12.5,3,1,OFF,OFF,100,100,6.098,1.268,1,0,ON,ON,0.922,4.372,0,0,OFF,OFF,0,0,100,100,0,0.156,69,576,10,67,15.3,1.268,29.2,45,8.443,16.4,1068,96.1,9.3,62.16466,378457,88,0,10.9,2,0,0.492,74,29.2,37.32,30.19,96,17.5,0.5642,9,44,0,31.4,0,0,0
2021-09-04,02:21:20,11.73,11.13,11.73,11.13,11.58,11.01,83,83,85,0,0,0,5.1,0.0,0.0,0.0,0.0,0.0,0.0,23.6,53,0,125,ON,OFF,ON,0,34.2,30,0,13492,OFF,OFF,29.4,29.5,11.11,29.4,13.42,9.0,6.0,91.78,38.0,74.31,10,80,27,12.5,3,1,OFF,OFF,100,100,6.098,1.268,1,0,ON,ON,0.922,4.372,0,0,OFF,OFF,0,0,100,100,0,0.156,69,576,10,67,15.3,1.268,29.2,45,8.443,16.4,1068,96.1,9.3,62.16466,378457,88,0,10.9,2,0,0.492,74,29.2,37.32,30.19,96,17.5,0.5642,9,44,0,31.4,0,0,0
2021-09-04,02:21:50,11.73,11.13,11.73,11.13,11.58,11.01,83,83,85,0,0,0,5.1,0.0,0.0,0.0,0.0,0.0,0.0,23.6,53,0,125,ON,OFF,ON,0,34.2,30,0,13492,OFF,OFF,29.4,29.5,11.11,29.4,13.42,9.0,6.0,91.78,38.0,74.31,10,80,27,12.5,3,1,OFF,OFF,100,100,6.098,1.268,1,0,ON,ON,0.922,4.372,0,0,OFF,OFF,0,0,100,100,0,0.156,69,576,10,67,15.3,1.268,29.2,45,8.443,16.4,1068,96.1,9.3,62.16466,378457,88,0,10.9,2,0,0.492,74,29.2,37.32,30.19,96,17.5,0.5642,9,44,0,31.4,0,0,0
2021-09-04,02:22:21,11.73,11.13,11.73,11.13,11.58,11.01,83,83,85,0,0,0,5.1,0.0,0.0,0.0,0.0,0.0,0.0,23.6,53,0,125,ON,OFF,ON,0,34.2,30,0,13492,OFF,OFF,29.4,29.5,11.11,29.4,13.42,9.0,6.0,91.78,38.0,74.31,10,80,27,12.5,3,1,OFF,OFF,100,100,6.098,1.268,1,0,ON,ON,0.922,4.372,0,0,OFF,OFF,0,0,100,100,0,0.156,69,576,10,67,15.3,1.268,29.2,45,8.443,16.4,1068,96.1,9.3,62.16466,378457,88,0,10.9,2,0,0.492,74,29.2,37.32,30.19,96,17.5,0.5642,9,44,0,31.4,0,0,0
2021-09-04,02:22:51,11.73,11.13,11.73,11.13,11.58,11.01,83,83,85,0,0,0,5.1,0.0,0.0,0.0,0.0,0.0,0.0,23.6,53,0,125,ON,OFF,ON,0,34.2,30,0,13492,OFF,OFF,29.4,29.5,11.11,29.4,13.42,9.0,6.0,91.78,38.0,74.31,10,80,27,12.5,3,1,OFF,OFF,100,100,6.098,1.268,1,0,ON,ON,0.922,4.372,0,0,OFF,OFF,0,0,100,100,0,0.156,69,576,10,67,15.3,1.268,29.2,45,8.443,16.4,1068,96.1,9.3,62.16466,378457,88,0,10.9,2,0,0.492,74,29.2,37.32,30.19,96,17.5,0.5642,9,44,0,31.4,0,0,0
2021-09-04,02:23:21,11.73,11.13,11.73,11.13,11.58,11.01,83,83,85,0,0,0,5.1,0.0,0.0,0.0,0.0,0.0,0.0,23.6,53,0,125,ON,OFF,ON,0,34.2,30,0,13492,OFF,OFF,29.4,29.5,11.11,29.4,12.76,9.0,6.0,91.78,38.0,74.31,10,80,27,12.5,3,1,OFF,OFF,100,100,6.098,1.268,1,0,ON,ON,0.922,4.372,0,0,OFF,OFF,0,0,100,100,0,0.156,69,576,10,67,15.3,1.268,29.2,45,8.443,16.4,1068,96.1,9.3,62.16466,378457,88,0,10.9,2,0,0.492,74,29.2,37.32,30.19,96,17.5,0.5642,9,44,0,31.4,0,0,0
2021-09-04,02:23:51,11.73,11.13,11.73,11.13,11.58,11.01,83,83,85,0,0,0,5.1,0.0,0.0,0.0,0.0,0.0,0.0,23.6,53,0,125,ON,OFF,ON,0,34.2,30,0,13492,OFF,OFF,29.4,29.5,11.11,29.4,12.76,9.0,6.0,91.78,38.0,74.31,10,80,27,12.5,3,1,OFF,OFF,100,100,6.098,1.268,1,0,ON,ON,0.922,4.372,0,0,OFF,OFF,0,0,100,100,0,0.156,69,576,10,67,15.3,1.268,29.2,45,8.443,16.4,1068,96.1,9.3,62.16466,378457,88,0,10.9,2,0,0.492,74,29.2,37.32,30.19,96,17.5,0.5642,9,44,0,31.4,0,0,0
2021-09-04,02:24:21,11.73,11.13,11.73,11.13,11.58,11.01,83,83,85,0,0,0,5.1,0.0,0.0,0.0,0.0,0.0,0.0,23.6,53,0,125,ON,OFF,ON,0,34.2,30,0,13492,OFF,OFF,29.4,29.5,11.11,29.4,12.76,9.0,6.0,91.78,38.0,74.31,10,80,27,12.5,3,1,OFF,OFF,100,100,6.098,1.268,1,0,ON,ON,0.922,4.372,0,0,OFF,OFF,0,0,100,100,0,0.156,69,576,10,67,15.3,1.268,29.2,45,8.443,16.4,1068,96.1,9.3,62.16466,378457,88,0,10.9,2,0,0.492,74,29.2,37.32,30.19,96,17.5,0.5642,9,44,0,31.4,0,0,0
2021-09-04,02:24:52,11.73,11.13,11.73,11.13,11.58,11.01,83,83,85,0,0,0,5.1,0.0,0.0,0.0,0.0,0.0,0.0,23.6,53,0,125,ON,OFF,ON,0,34.2,30,0,13492,OFF,OFF,29.4,29.5,11.11,29.4,12.76,9.0,6.0,91.78,38.0,74.31,10,80,27,12.5,3,1,OFF,OFF,100,100,6.098,1.268,1,0,ON,ON,0.922,4.372,0,0,OFF,OFF,0,0,100,100,0,0.156,69,576,10,67,15.3,1.268,29.2,45,8.443,16.4,1068,96.1,9.3,62.16466,378457,88,0,10.9,2,0,0.492,74,29.2,37.32,30.19,96,17.5,0.5642,9,44,0,31.4,0,0,0
2021-09-04,02:25:22,11.73,11.13,11.73,11.13,11.58,11.01,83,83,85,0,0,0,5.1,0.0,0.0,0.0,0.0,0.0,0.0,23.6,53,0,125,ON,OFF,ON,0,34.2,30,0,13492,OFF,OFF,29.4,29.5,11.11,29.4,12.76,9.0,6.0,91.78,38.0,74.31,10,80,27,12.5,3,1,OFF,OFF,100,100,6.098,1.268,1,0,ON,ON,0.922,4.372,0,0,OFF,OFF,0,0,100,100,0,0.156,69,576,10,67,15.3,1.268,29.2,45,8.443,16.4,1068,96.1,9.3,62.16466,378457,88,0,10.9,2,0,0.492,74,29.2,37.32,30.19,96,17.5,0.5642,9,44,0,31.4,0,0,0
2021-09-04,02:25:52,11.73,11.13,11.73,11.13,11.58,11.01,83,83,85,0,0,0,5.1,0.0,0.0,0.0,0.0,0.0,0.0,23.6,53,0,125,ON,OFF,ON,0,34.2,30,0,13492,OFF,OFF,29.4,29.5,11.11,29.4,12.76,9.0,6.0,91.78,38.0,74.31,10,80,27,12.5,3,1,OFF,OFF,100,100,6.098,1.268,1,0,ON,ON,0.922,4.372,0,0,OFF,OFF,0,0,100,100,0,0.156,69,576,10,67,15.3,1.268,29.2,45,8.443,16.4,1068,96.1,9.3,62.16466,378457,88,0,10.9,2,0,0.492,74,29.2,37.32,30.19,96,17.5,0.5642,9,44,0,31.4,0,0,0
2021-09-04,02:26:22,11.73,11.13,11.73,11.13,11.58,11.01,83,83,85,0,0,0,5.1,0.0,0.0,0.0,0.0,0.0,0.0,23.6,53,0,125,ON,OFF,ON,0,34.2,30,0,13492,OFF,OFF,29.4,29.5,11.11,29.4,12.76,9.0,6.0,91.78,38.0,74.31,10,80,27,12.5,3,1,OFF,OFF,100,100,6.098,1.268,1,0,ON,ON,0.922,4.372,0,0,OFF,OFF,0,0,100,100,0,0.156,69,576,10,67,15.3,1.268,29.2,45,8.443,16.4,1068,96.1,9.3,62.16466,378457,88,0,10.9,2,0,0.492,74,29.2,37.32,30.19,96,17.5,0.5642,9,44,0,31.4,0,0,0
2021-09-04,02:26:52,11.73,11.13,11.73,11.13,11.58,11.01,83,83,85,0,0,0,5.1,0.0,0.0,0.0,0.0,0.0,0.0,23.6,53,0,125,ON,OFF,ON,0,34.2,30,0,13492,OFF,OFF,29.4,29.5,11.11,29.4,12.76,9.0,6.0,91.78,38.0,79.31,10,80,27,12.5,3,1,OFF,OFF,100,100,6.098,1.268,1,0,ON,ON,0.922,4.372,0,0,OFF,OFF,0,0,100,100,0,0.156,69,576,10,67,14.7,1.268,29.2,45,8.443,16.4,1068,96.1,9.3,62.16466,378457,88,0,10.9,2,0,0.492,74,29.2,37.32,30.19,96,17.5,0.5642,9,44,0,31.4,0,0,0
2021-09-04,02:27:22,11.73,11.13,11.73,11.13,11.58,11.01,83,83,85,0,0,0,5.1,0.0,0.0,0.0,0.0,0.0,0.0,23.6,53,0,125,ON,OFF,ON,0,34.2,30,0,13492,OFF,OFF,29.4,29.5,11.11,29.4,12.76,9.0,6.0,91.78,38.0,79.31,10,80,27,12.5,3,1,OFF,OFF,100,100,6.098,1.268,1,0,ON,ON,0.922,4.372,0,0,OFF,OFF,0,0,100,100,0,0.156,69,576,10,67,14.7,1.268,29.2,45,8.443,16.4,1068,96.1,9.3,62.16466,378457,88,0,10.9,2,0,0.492,74,29.2,37.32,30.19,96,17.5,0.5642,9,44,0,31.4,0,0,0
2021-09-04,02:27:53,11.73,11.13,11.73,11.13,11.58,11.01,83,83,85,0,0,0,5.1,0.0,0.0,0.0,0.0,0.0,0.0,23.6,53,0,125,ON,OFF,ON,0,34.2,30,0,13492,OFF,OFF,29.4,29.5,11.11,29.4,12.76,9.0,6.0,91.78,38.0,79.31,10,80,27,12.5,3,1,OFF,OFF,100,100,6.098,1.268,1,0,ON,ON,0.922,4.372,0,0,OFF,OFF,0,0,100,100,0,0.156,69,576,9.4,70,14.8,0.127,29.1,44,8.41,15.9,1050,96.1,9.3,62.16466,378457,88,0,10.9,2,0,0.492,74,29.2,37.32,30.19,96,17.5,0.5642,9,44,0,31.4,0,0,0
2021-09-04,02:28:23,11.73,11.13,11.73,11.13,11.58,11.01,83,83,85,0,0,0,5.1,0.0,0.0,0.0,0.0,0.0,0.0,23.6,53,0,125,ON,OFF,ON,0,34.2,30,0,13492,OFF,OFF,29.4,29.5,11.11,29.4,12.76,9.0,6.0,91.78,38.0,79.31,10,80,27,12.5,3,1,OFF,OFF,100,100,6.098,1.268,1,0,ON,ON,0.922,4.372,0,0,OFF,OFF,0,0,100,100,0,0.156,69,576,9.4,70,14.8,0.127,29.1,44,8.41,15.9,1050,96.1,9.3,62.16466,378457,88,0,10.9,2,0,0.492,74,29.2,37.32,30.19,96,17.5,0.5642,9,44,0,31.4,0,0,0
2021-09-04,02:28:53,11.73,11.13,11.73,11.13,11.58,11.01,83,83,85,0,0,0,5.1,0.0,0.0,0.0,0.0,0.0,0.0,23.6,53,0,125,ON,OFF,ON,0,34.2,30,0,13492,OFF,OFF,29.4,29.5,11.11,29.4,12.76,9.0,6.0,91.78,38.0,79.31,10,80,27,12.5,3,1,OFF,OFF,100,100,6.098,1.268,1,0,ON,ON,0.922,4.372,0,0,OFF,OFF,0,0,100,100,0,0.156,69,576,9.4,70,14.8,0.127,29.1,44,8.41,15.9,1050,96.1,9.3,62.16466,378457,88,0,10.9,2,0,0.492,74,29.2,37.32,30.19,96,17.5,0.5642,9,44,0,31.4,0,0,0
2021-09-04,02:29:23,11.73,11.13,11.73,11.13,11.58,11.01,83,83,85,0,0,0,5.1,0.0,0.0,0.0,0.0,0.0,0.0,23.6,53,0,125,ON,OFF,ON,0,34.2,30,0,13492,OFF,OFF,29.4,29.5,11.11,29.4,12.76,9.0,6.0,91.78,38.0,79.31,10,80,27,12.5,3,1,OFF,OFF,100,100,6.098,1.268,1,0,ON,ON,0.922,4.372,0,0,OFF,OFF,0,0,100,100,0,0.156,69,576,9.4,70,14.8,0.127,29.1,44,8.41,15.9,1050,96.1,9.3,62.16466,378457,88,0,10.9,2,0,0.492,74,29.2,37.32,30.19,96,17.5,0.5642,9,44,0,31.4,0,0,0
2021-09-04,02:29:53,11.73,11.13,11.73,11.13,11.58,11.01,83,83,85,0,0,0,5.1,0.0,0.0,0.0,0.0,0.0,0.0,23.6,53,0,125,ON,OFF,ON,0,34.2,30,0,13492,OFF,OFF,29.4,29.5,11.11,29.4,12.76,9.0,6.0,91.78,38.0,79.31,10,80,27,12.5,3,1,OFF,OFF,100,100,6.098,1.268,1,0,ON,ON,0.922,4.372,0,0,OFF,OFF,0,0,100,100,0,0.156,69,576,9.4,70,14.8,0.127,29.1,44,8.41,15.9,1050,96.1,9.3,62.16466,378457,88,0,10.9,2,0,0.492,74,29.2,37.32,30.19,96,17.5,0.5642,9,44,0,31.4,0,0,0
2021-09-04,02:30:23,11.5,10.9,11.44,10.89,12.89,12.38,84,86,82,0,0,0,5.02,0.0,0.0,0.0,0.0,0.0,0.0,23.6,53,0,125,ON,OFF,ON,0,34.2,30,0,13492,OFF,OFF,29.4,29.5,11.11,29.4,12.76,9.0,6.0,91.78,38.0,79.31,10,80,27,12.5,3,1,OFF,OFF,100,100,6.098,1.268,1,0,ON,ON,0.922,4.372,0,0,OFF,OFF,0,0,100,100,0,0.156,69,576,9.4,70,14.8,0.127,29.1,44,8.41,15.9,1050,96.1,9.3,62.16466,378457,88,0,10.9,2,0,0.492,74,29.2,37.32,30.19,96,17.5,0.5642,9,44,0,31.4,0,0,0
2021-09-04,02:30:53,11.5,10.9,11.44,10.89,12.89,12.38,84,86,82,0,0,0,5.02,0.0,0.0,0.0,0.0,0.0,0.0,23.6,53,0,125,ON,OFF,ON,0,34.2,30,0,13492,OFF,OFF,29.4,29.5,11.11,29.4,12.76,9.0,6.0,91.78,38.0,79.31,10,80,27,12.5,3,1,OFF,OFF,100,100,6.098,1.268,1,0,ON,ON,0.922,4.372,0,0,OFF,OFF,0,0,100,100,0,0.156,69,576,9.4,70,14.8,0.127,29.1,44,8.41,15.9,1050,96.1,9.3,62.16466,378457,88,0,10.9,2,0,0.492,74,29.2,37.32,29.67,96,17.5,0.5642,9,44,0,31.4,0,0,0
2021-09-04,02:31:23,11.5,10.9,11.44,10.89,12.89,12.38,84,86,82,0,0,0,5.02,0.0,0.0,0.0,0.0,0.0,0.0,23.6,53,0,125,ON,OFF,ON,0,34.2,30,0,13492,OFF,OFF,29.4,29.5,11.11,29.4,12.76,9.0,6.0,91.78,38.0,79.31,10,80,27,12.5,3,1,OFF,OFF,100,100,6.098,1.268,1,0,ON,ON,0.922,4.372,0,0,OFF,OFF,0,0,100,100,0,0.156,69,576,9.4,70,14.8,0.127,29.1,44,8.41,15.9,1050,96.1,9.3,62.16466,378457,88,0,10.9,2,0,0.492,74,29.2,37.32,29.67,96,17.5,0.5642,9,44,0,31.4,0,0,0
2021-09-04,02:32:09,11.5,10.9,11.44,10.89,12.89,12.38,84,86,82,0,0,0,5.02,0.0,0.0,0.0,0.0,0.0,0.0,23.6,53,0,125,ON,OFF,ON,0,34.2,30,0,13492,OFF,OFF,29.4,29.5,11.11,29.4,12.76,9.0,6.0,91.78,38.0,79.31,10,80,27,12.5,3,1,OFF,OFF,100,100,6.098,1.268,1,0,ON,ON,0.922,4.372,0,0,OFF,OFF,0,0,100,100,0,0.156,69,576,9.4,70,14.8,0.127,29.1,44,8.41,15.9,1050,96.1,9.3,62.16466,378457,88,0,10.9,2,0,0.492,74,29.2,37.32,29.67,96,17.5,0.5642,9,44,0,31.4,0,0,0
2021-09-04,02:32:39,11.5,10.9,11.44,10.89,12.89,12.38,84,86,82,0,0,0,5.02,0.0,0.0,0.0,0.0,0.0,0.0,23.6,53,0,125,ON,OFF,ON,0,34.2,30,0,13492,OFF,OFF,29.4,29.5,11.11,29.4,12.76,9.0,6.0,91.78,38.0,79.31,10,80,27,12.5,3,1,OFF,OFF,100,100,6.098,1.268,1,0,ON,ON,0.922,4.372,0,0,OFF,OFF,0,0,100,100,0,0.156,69,576,9.4,70,14.8,0.127,29.1,44,8.41,15.9,1050,96.1,9.3,62.16466,378457,88,0,10.9,2,0,0.492,74,29.2,37.32,29.67,96,17.5,0.5642,9,44,0,31.4,0,0,0
2021-09-04,02:33:09,11.5,10.9,11.44,10.89,12.89,12.38,84,86,82,0,0,0,5.02,0.0,0.0,0.0,0.0,0.0,0.0,23.6,53,0,125,ON,OFF,ON,0,34.2,30,0,13492,OFF,OFF,29.4,29.5,11.11,29.4,12.76,9.0,6.0,91.78,38.0,79.31,10,80,27,12.5,3,1,OFF,OFF,100,100,6.098,1.268,1,0,ON,ON,0.922,4.372,0,0,OFF,OFF,0,0,100,100,0,0.156,69,576,9.4,70,14.8,0.127,29.1,44,8.41,15.9,1050,96.1,9.3,62.16466,378457,88,0,10.9,2,0,0.492,74,29.2,37.32,29.67,96,17.5,0.5642,9,44,0,31.4,0,0,0
2021-09-04,02:33:39,11.5,10.9,11.44,10.89,12.89,12.38,84,86,82,0,0,0,5.02,0.0,0.0,0.0,0.0,0.0,0.0,23.6,53,0,125,ON,OFF,ON,0,34.2,30,0,13492,OFF,OFF,29.4,29.5,11.11,29.4,12.76,9.0,6.0,91.78,38.0,79.31,10,80,27,12.5,3,1,OFF,OFF,100,100,6.098,1.268,1,0,ON,ON,0.922,4.372,0,0,OFF,OFF,0,0,100,100,0,0.156,69,576,9.4,70,14.8,0.127,29.1,44,8.41,15.9,1050,96.1,9.3,62.16466,378457,88,0,10.9,2,0,0.492,74,29.2,37.32,29.67,96,17.5,0.5642,9,44,0,31.4,0,0,0
2021-09-04,02:34:09,11.5,10.9,11.44,10.89,12.89,12.38,84,86,82,0,0,0,5.02,0.0,0.0,0.0,0.0,0.0,0.0,23.6,53,0,125,ON,OFF,ON,0,34.2,30,0,13492,OFF,OFF,29.4,29.5,11.11,29.4,12.76,9.0,6.0,91.78,38.0,79.31,10,80,27,12.5,3,1,OFF,OFF,100,100,6.098,1.268,1,0,ON,ON,0.922,4.372,0,0,OFF,OFF,0,0,100,100,0,0.156,69,576,9.4,70,14.8,0.127,29.1,44,8.41,15.9,1050,96.1,9.3,62.16466,378457,88,0,10.9,2,0,0.492,74,29.2,37.32,29.67,96,17.5,0.5642,9,44,0,31.4,0,0,0
2021-09-04,02:34:39,11.5,10.9,11.44,10.89,12.89,12.38,84,86,82,0,0,0,5.02,0.0,0.0,0.0,0.0,0.0,0.0,23.6,53,0,125,ON,OFF,ON,0,34.2,30,0,13492,OFF,OFF,29.4,29.5,11.11,29.4,12.76,9.0,6.0,91.78,38.0,79.31,10,80,27,12.5,3,1,OFF,OFF,100,100,6.098,1.268,1,0,ON,ON,0.922,4.372,0,0,OFF,OFF,0,0,100,100,0,0.156,69,576,9.4,70,14.8,0.127,29.1,44,8.41,15.9,1050,96.1,9.3,62.16466,378457,88,0,10.9,2,0,0.492,74,29.2,37.32,29.67,96,17.5,0.5642,9,44,0,31.4,0,0,0
2021-09-04,02:35:09,11.5,10.9,11.44,10.89,12.89,12.38,84,86,82,0,0,0,5.02,0.0,0.0,0.0,0.0,0.0,0.0,23.6,53,0,125,ON,OFF,ON,0,34.2,30,0,13492,OFF,OFF,29.4,29.5,11.11,29.4,12.76,9.0,6.0,91.78,38.0,79.31,10,81,27,12.5,3,1,OFF,OFF,100,100,6.098,1.268,1,0,ON,ON,0.922,4.372,0,0,OFF,OFF,0,0,100,100,0,0.156,69,576,9.4,70,14.8,0.127,29.1,44,8.41,15.9,1050,96.1,9.3,62.16466,378457,88,0,10.9,2,0,0.492,74,29.2,37.32,29.67,96,17.5,0.5642,9,44,0,31.4,0,0,0
2021-09-04,02:35:39,11.5,10.9,11.44,10.89,12.89,12.38,84,86,82,0,0,0,5.02,0.0,0.0,0.0,0.0,0.0,0.0,23.6,53,0,125,ON,OFF,ON,0,34.2,30,0,13492,OFF,OFF,29.4,29.5,11.11,29.4,12.76,9.0,6.0,91.78,38.0,79.31,10,81,27,12.5,3,1,OFF,OFF,100,100,6.098,1.268,1,0,ON,ON,0.922,4.372,0,0,OFF,OFF,0,0,100,100,0,0.156,69,576,9.4,70,14.8,0.127,29.1,44,8.41,15.9,1050,96.1,9.3,62.16466,378457,88,0,10.9,2,0,0.492,74,29.2,37.32,29.67,96,17.5,0.5642,9,44,0,31.4,0,0,0
2021-09-04,02:36:09,11.5,10.9,11.44,10.89,12.89,12.38,84,86,82,0,0,0,5.02,0.0,0.0,0.0,0.0,0.0,0.0,23.6,53,0,125,ON,OFF,ON,0,34.2,30,0,13492,OFF,OFF,29.4,29.5,11.11,29.4,12.76,9.0,6.0,91.78,38.0,79.31,10,81,27,12.5,3,1,OFF,OFF,100,100,6.098,1.268,1,0,ON,ON,0.922,4.372,0,0,OFF,OFF,0,0,100,100,0,0.156,69,576,9.4,70,14.8,0.127,29.1,44,8.41,15.9,1050,96.1,9.3,62.16466,378457,88,0,10.9,2,0,0.492,74,29.2,37.32,29.67,96,17.5,0.5642,9,44,0,31.4,0,0,0
2021-09-04,02:36:39,11.5,10.9,11.44,10.89,12.89,12.38,84,86,82,0,0,0,5.02,0.0,0.0,0.0,0.0,0.0,0.0,23.6,53,0,125,ON,OFF,ON,0,34.2,30,0,13492,OFF,OFF,29.4,29.5,11.11,29.4,12.76,9.0,6.0,91.78,38.0,79.31,10,81,27,12.5,3,1,OFF,OFF,100,100,6.098,1.268,1,0,ON,ON,0.922,4.372,0,0,OFF,OFF,0,0,100,100,0,0.156,69,576,9.4,70,14.8,0.127,29.1,44,8.41,15.9,1050,96.1,9.3,62.16466,378457,88,0,10.9,2,0,0.492,74,29.2,37.32,29.67,96,17.5,0.5642,9,44,0,31.4,0,0,0
2021-09-04,02:37:09,11.5,10.9,11.44,10.89,12.89,12.38,84,86,82,0,0,0,5.02,0.0,0.0,0.0,0.0,0.0,0.0,23.6,53,0,125,ON,OFF,ON,0,34.2,30,0,13492,OFF,OFF,29.4,29.5,11.11,29.4,12.76,9.0,6.0,91.78,38.0,79.31,10,81,27,12.5,3,1,OFF,OFF,100,100,6.098,1.268,1,0,ON,ON,0.922,4.372,0,0,OFF,OFF,0,0,100,100,0,0.156,69,576,9.4,70,14.8,0.127,29.1,44,8.41,15.9,1050,96.1,9.3,62.16466,378457,88,0,10.9,2,0,0.492,74,29.2,37.32,29.67,96,17.5,0.5642,9,44,0,31.4,0,0,0
2021-09-04,02:37:40,11.5,10.9,11.44,10.89,12.89,12.38,84,86,82,0,0,0,5.02,0.0,0.0,0.0,0.0,0.0,0.0,23.6,53,0,125,ON,OFF,ON,0,34.2,30,0,13492,OFF,OFF,29.4,29.5,11.11,29.4,12.76,9.0,6.0,91.78,38.0,79.31,10,81,27,12.5,3,1,OFF,OFF,100,100,6.098,1.268,1,0,ON,ON,0.922,4.372,0,0,OFF,OFF,0,0,100,100,0,0.156,69,576,9.4,70,14.8,0.127,29.1,44,8.41,15.9,1050,96.1,9.3,62.16466,378457,88,0,10.9,2,0,0.492,74,29.2,37.32,29.67,96,17.5,0.5642,9,44,0,31.4,0,0,0
2021-09-04,02:38:10,11.5,10.9,11.44,10.89,12.89,12.38,84,86,82,0,0,0,5.02,0.0,0.0,0.0,0.0,0.0,0.0,23.6,53,0,125,ON,OFF,ON,0,34.2,30,0,13492,OFF,OFF,29.4,29.5,11.11,29.4,12.76,9.0,6.0,91.78,38.0,79.31,10,81,27,12.5,3,1,OFF,OFF,100,100,6.098,1.268,1,0,ON,ON,0.922,4.372,0,0,OFF,OFF,0,0,100,100,0,0.156,69,576,9.4,70,14.8,0.127,29.1,44,8.41,15.9,1050,96.1,9.3,62.16466,378457,88,0,10.9,2,0,0.492,74,29.2,37.32,29.67,96,17.5,0.5642,9,44,0,31.4,0,0,0
2021-09-04,02:38:40,11.5,10.9,11.44,10.89,12.89,12.38,84,86,82,0,0,0,5.02,0.0,0.0,0.0,0.0,0.0,0.0,23.6,53,0,125,ON,OFF,ON,0,34.2,30,0,13492,OFF,OFF,29.4,29.5,11.11,29.4,12.76,9.0,6.0,91.78,38.0,79.31,10,81,27,12.5,3,1,OFF,OFF,100,100,6.098,1.268,1,0,ON,ON,0.922,4.372,0,0,OFF,OFF,0,0,100,100,0,0.156,69,576,9.4,70,14.8,0.127,29.1,44,8.41,15.9,1050,96.1,9.3,62.16466,378457,88,0,10.9,2,0,0.492,74,29.2,37.32,29.67,96,17.5,0.5642,9,44,0,31.4,0,0,0
2021-09-04,02:39:10,11.5,10.9,11.44,10.89,12.89,12.38,84,86,82,0,0,0,5.02,0.0,0.0,0.0,0.0,0.0,0.0,23.6,53,0,125,ON,OFF,ON,0,34.2,30,0,13492,OFF,OFF,29.4,29.5,11.11,29.4,12.76,9.0,6.0,91.78,38.0,79.31,10,81,27,12.5,3,1,OFF,OFF,100,100,6.098,1.268,1,0,ON,ON,0.922,4.372,0,0,OFF,OFF,0,0,100,100,0,0.156,69,576,9.4,70,14.8,0.127,29.1,44,8.41,15.9,1050,96.1,9.3,62.16466,378457,88,0,10.9,2,0,0.492,74,29.2,37.32,29.67,96,17.5,0.5642,9,44,0,31.4,0,0,0
2021-09-04,02:39:40,11.5,10.9,11.44,10.89,12.89,12.38,84,86,82,0,0,0,5.02,0.0,0.0,0.0,0.0,0.0,0.0,23.6,53,0,125,ON,OFF,ON,0,34.2,30,0,13492,OFF,OFF,29.4,29.5,11.11,29.4,12.76,9.0,6.0,91.78,38.0,79.31,10,81,27,12.5,3,1,OFF,OFF,100,100,6.098,1.268,1,0,ON,ON,0.922,4.372,0,0,OFF,OFF,0,0,100,100,0,0.156,69,576,9.4,70,14.8,0.127,29.1,44,8.41,15.9,1050,96.1,9.3,62.16466,378457,88,0,10.9,2,0,0.492,74,29.2,37.32,29.67,96,17.5,0.5642,9,44,0,31.4,0,0,0
2021-09-04,02:40:10,11.5,10.9,11.44,10.89,12.89,12.38,84,86,82,0,0,0,5.02,0.0,0.0,0.0,0.0,0.0,0.0,23.6,53,0,125,ON,OFF,ON,0,34.2,30,0,13492,OFF,OFF,29.4,29.5,11.11,29.4,12.76,9.0,6.0,91.78,38.0,79.31,10,81,27,12.5,3,1,OFF,OFF,100,100,6.098,1.268,1,0,ON,ON,0.922,4.372,0,0,OFF,OFF,0,0,100,100,0,0.156,69,576,9.4,70,14.8,0.127,29.1,44,8.41,15.9,1050,96.1,9.3,62.16466,378457,88,0,10.9,2,0,0.492,74,29.2,37.32,29.67,96,17.5,0.5642,9,44,0,31.4,0,0,0
2021-09-04,02:40:40,11.5,10.9,11.44,10.89,12.89,12.38,84,86,82,0,0,0,5.02,0.0,0.0,0.0,0.0,0.0,0.0,23.6,53,0,125,ON,OFF,ON,0,34.2,30,0,13492,OFF,OFF,29.4,29.5,11.11,29.4,12.76,9.0,6.0,91.78,38.0,79.31,10,81,27,12.5,3,1,OFF,OFF,100,100,6.098,1.268,1,0,ON,ON,0.922,4.372,0,0,OFF,OFF,0,0,100,100,0,0.156,69,576,9.4,70,14.8,0.127,29.1,44,8.41,15.9,1050,96.1,9.3,62.16466,378457,88,0,10.9,2,0,0.492,74,29.2,37.32,29.67,96,17.5,0.5642,9,44,0,31.4,0,0,0
2021-09-04,02:41:10,11.5,10.9,11.44,10.89,12.89,12.38,84,86,82,0,0,0,5.02,0.0,0.0,0.0,0.0,0.0,0.0,23.6,53,0,125,ON,OFF,ON,0,34.2,30,0,13492,OFF,OFF,29.4,29.5,11.11,29.4,12.76,9.0,6.0,91.78,38.0,79.31,10,81,27,12.5,3,1,OFF,OFF,100,100,6.098,1.268,1,0,ON,ON,0.922,4.372,0,0,OFF,OFF,0,0,100,100,0,0.156,69,576,9.4,70,14.8,0.127,29.1,44,8.41,15.9,1050,96.1,9.3,62.16466,378457,88,0,10.9,2,0,0.492,74,29.2,37.32,29.52,96,17.5,0.5642,9,44,0,31.4,0,0,0
2021-09-04,02:41:40,11.5,10.9,11.44,10.89,12.89,12.38,84,86,82,0,0,0,5.02,0.0,0.0,0.0,0.0,0.0,0.0,23.6,53,0,125,ON,OFF,ON,0,34.2,30,0,13492,OFF,OFF,29.4,29.5,11.11,29.4,12.76,9.0,6.0,91.78,38.0,79.31,10,81,27,12.5,3,1,OFF,OFF,100,100,6.098,1.268,1,0,ON,ON,0.922,4.372,0,0,OFF,OFF,0,0,100,100,0,0.156,69,576,9.4,70,14.8,0.127,29.1,44,8.41,15.9,1050,96.1,9.3,62.16466,378457,88,0,10.9,2,0,0.492,74,29.2,37.32,29.52,96,17.5,0.5642,9,44,0,31.4,0,0,0
2021-09-04,02:42:10,11.5,10.9,11.44,10.89,12.89,12.38,84,86,82,0,0,0,5.02,0.0,0.0,0.0,0.0,0.0,0.0,23.6,53,0,125,ON,OFF,ON,0,34.2,30,0,13492,OFF,OFF,29.4,29.5,11.11,29.4,12.76,9.0,6.0,91.78,38.0,79.31,10,81,27,12.5,3,1,OFF,OFF,100,100,6.098,1.268,1,0,ON,ON,0.922,4.372,0,0,OFF,OFF,0,0,100,100,0,0.156,69,576,9.4,70,14.8,0.127,29.1,44,8.41,15.9,1050,96.1,9.3,62.16466,378457,88,0,10.9,2,0,0.492,74,29.2,37.32,29.52,96,17.5,0.5642,9,44,0,31.4,0,0,0
2021-09-04,02:42:40,11.5,10.9,11.44,10.89,12.89,12.38,84,86,82,0,0,0,5.02,0.0,0.0,0.0,0.0,0.0,0.0,23.6,53,0,125,ON,OFF,ON,0,34.2,30,0,13492,OFF,OFF,29.4,29.5,11.11,29.4,12.76,9.0,6.0,91.78,38.0,79.31,10,81,27,12.5,3,1,OFF,OFF,100,100,6.098,1.268,1,0,ON,ON,0.922,4.372,0,0,OFF,OFF,0,0,100,100,0,0.156,69,576,9.4,70,14.8,0.127,29.1,44,8.41,15.9,1050,96.1,9.3,62.16466,378457,88,0,10.9,2,0,0.492,74,29.2,37.32,29.52,96,17.5,0.5642,9,44,0,31.4,0,0,0
2021-09-04,02:43:10,11.5,10.9,11.44,10.89,12.89,12.38,84,86,82,0,0,0,5.02,0.0,0.0,0.0,0.0,0.0,0.0,23.6,53,0,125,ON,OFF,ON,0,34.2,30,0,13492,OFF,OFF,29.4,29.5,11.11,29.4,12.76,9.0,6.0,91.78,38.0,79.31,10,81,27,12.5,3,1,OFF,OFF,100,100,6.098,1.268,1,0,ON,ON,0.922,4.372,0,0,OFF,OFF,0,0,100,100,0,0.156,69,576,9.4,70,14.8,0.127,29.1,44,8.41,15.9,1050,96.1,9.3,62.16466,378457,88,0,10.9,2,0,0.492,74,29.2,37.32,29.52,96,17.5,0.5642,9,44,0,31.4,0,0,0
2021-09-04,02:43:40,11.5,10.9,11.44,10.89,12.89,12.38,84,86,82,0,0,0,5.02,0.0,0.0,0.0,0.0,0.0,0.0,23.6,53,0,125,ON,OFF,ON,0,34.2,30,0,13492,OFF,OFF,29.4,29.5,11.11,29.4,12.76,9.0,6.0,91.78,38.0,79.31,10,81,27,12.5,3,1,OFF,OFF,100,100,6.098,1.268,1,0,ON,ON,0.922,4.372,0,0,OFF,OFF,0,0,100,100,0,0.156,69,576,9.4,70,14.8,0.127,29.1,44,8.41,15.9,1050,96.1,9.3,62.16466,378457,88,0,10.9,2,0,0.492,74,29.2,37.32,29.52,96,17.5,0.5642,9,44,0,31.4,0,0,0
2021-09-04,02:44:10,11.5,10.9,11.44,10.89,12.89,12.38,84,86,82,0,0,0,5.02,0.0,0.0,0.0,0.0,0.0,0.0,23.6,53,0,125,ON,OFF,ON,0,34.2,30,0,13492,OFF,OFF,29.4,29.5,11.11,29.4,12.76,9.0,6.0,91.78,38.0,79.31,10,81,27,12.5,3,1,OFF,OFF,100,100,6.098,1.268,1,0,ON,ON,0.922,4.372,0,0,OFF,OFF,0,0,100,100,0,0.156,69,576,9.4,70,14.8,0.127,29.1,44,8.41,15.9,1050,96.1,9.3,62.16466,378457,88,0,10.9,2,0,0.492,74,29.2,37.32,29.52,96,17.5,0.5642,9,44,0,31.4,0,0,0
2021-09-04,02:44:48,11.5,10.9,11.44,10.89,12.89,12.38,84,86,82,0,0,0,5.02,0.0,0.0,0.0,0.0,0.0,0.0,23.6,53,0,125,ON,OFF,ON,0,34.2,30,0,13492,OFF,OFF,29.4,29.5,11.11,29.4,12.76,9.0,6.0,91.78,38.0,79.31,10,81,27,12.5,3,1,OFF,OFF,100,100,6.098,1.268,1,0,ON,ON,0.922,4.372,0,0,OFF,OFF,0,0,100,100,0,0.156,69,576,9.4,70,14.8,0.127,29.1,44,8.41,15.9,1050,96.1,9.3,62.16466,378457,88,0,10.9,2,0,0.492,74,29.2,37.32,29.52,96,17.5,0.5642,9,44,0,31.4,0,0,0
2021-09-04,02:45:18,11.5,10.9,11.44,10.89,12.89,12.38,84,86,82,0,0,0,5.02,0.0,0.0,0.0,0.0,0.0,0.0,23.6,53,0,125,ON,OFF,ON,0,34.2,30,0,13492,OFF,OFF,29.4,29.5,11.11,29.4,12.76,9.0,6.0,91.78,38.0,79.31,10,81,27,12.5,3,1,OFF,OFF,100,100,6.098,1.268,1,0,ON,ON,0.922,4.372,0,0,OFF,OFF,0,0,100,100,0,0.156,69,576,9.4,70,14.8,0.127,29.1,44,8.41,15.9,1050,96.1,9.3,62.16466,378457,88,0,10.9,2,0,0.492,74,29.2,37.32,29.52,96,17.5,0.5642,9,44,0,31.4,0,0,0
2021-09-04,02:45:48,11.5,10.9,11.44,10.89,12.89,12.38,84,86,82,0,0,0,5.02,0.0,0.0,0.0,0.0,0.0,0.0,23.6,53,0,125,ON,OFF,ON,0,34.2,30,0,13492,OFF,OFF,29.4,29.5,11.11,29.4,12.76,9.0,6.0,91.78,38.0,79.31,10,81,27,12.5,3,1,OFF,OFF,100,100,6.098,1.268,1,0,ON,ON,0.922,4.372,0,0,OFF,OFF,0,0,100,100,0,0.156,69,576,9.4,70,14.8,0.127,29.1,44,8.41,15.9,1050,96.1,9.3,62.16466,378457,88,0,10.9,2,0,0.492,74,29.2,37.32,29.52,96,17.5,0.5642,9,44,0,31.4,0,0,0
2021-09-04,02:46:18,11.5,10.9,11.44,10.89,12.89,12.38,84,86,82,0,0,0,5.02,0.0,0.0,0.0,0.0,0.0,0.0,23.6,53,0,125,ON,OFF,ON,0,34.2,30,0,13492,OFF,OFF,29.4,29.5,11.11,29.4,12.76,9.0,6.0,91.78,38.0,79.31,10,81,27,12.5,3,1,OFF,OFF,100,100,6.098,1.268,1,0,ON,ON,0.922,4.372,0,0,OFF,OFF,0,0,100,100,0,0.156,69,576,9.4,70,14.8,0.127,29.1,44,8.41,15.9,1050,96.1,9.3,62.16466,378457,88,0,10.9,2,0,0.492,74,29.2,37.32,29.52,96,17.5,0.5642,9,44,0,31.4,0,0,0
2021-09-04,02:46:48,11.5,10.9,11.44,10.89,12.89,12.38,84,86,82,0,0,0,5.02,0.0,0.0,0.0,0.0,0.0,0.0,23.6,53,0,125,ON,OFF,ON,0,34.2,30,0,13492,OFF,OFF,29.4,29.5,11.11,29.4,12.76,9.0,6.0,91.78,38.0,79.31,10,81,27,12.5,3,1,OFF,OFF,100,100,6.098,1.268,1,0,ON,ON,0.922,4.372,0,0,OFF,OFF,0,0,100,100,0,0.156,69,576,9.4,70,14.8,0.127,29.1,44,8.41,15.9,1050,96.1,9.3,62.16466,378457,88,0,10.9,2,0,0.492,74,29.2,37.32,29.52,96,17.5,0.5642,9,44,0,31.4,0,0,0
2021-09-04,02:47:35,11.5,10.9,11.44,10.89,12.89,12.38,84,86,82,0,0,0,5.02,0.0,0.0,0.0,0.0,0.0,0.0,23.6,53,0,125,ON,OFF,ON,0,34.2,30,0,13492,OFF,OFF,29.4,29.5,11.11,29.4,12.76,9.0,6.0,91.78,38.0,79.31,10,81,27,12.5,3,1,OFF,OFF,100,100,6.098,1.268,1,0,ON,ON,0.922,4.372,0,0,OFF,OFF,0,0,100,100,0,0.156,69,576,9.4,70,14.8,0.127,28.7,44,8.41,15.9,1050,96.1,9.3,62.16466,378457,88,0,10.9,2,0,0.492,74,29.2,37.32,29.52,96,17.5,0.5642,9,44,0,31.4,0,0,0
2021-09-04,02:48:05,11.5,10.9,11.44,10.89,12.89,12.38,84,86,82,0,0,0,5.02,0.0,0.0,0.0,0.0,0.0,0.0,23.6,53,0,125,ON,OFF,ON,0,34.2,30,0,13492,OFF,OFF,29.4,29.5,11.11,29.4,12.76,9.0,6.0,91.78,38.0,79.31,10,81,27,12.5,3,1,OFF,OFF,100,100,6.098,1.268,1,0,ON,ON,0.922,4.372,0,0,OFF,OFF,0,0,100,100,0,0.156,69,576,9.4,70,14.8,0.127,28.7,44,8.41,15.9,1050,96.1,9.3,62.16466,378457,88,0,10.9,2,0,0.492,74,29.2,37.32,29.52,96,17.5,0.5642,9,44,0,31.4,0,0,0
2021-09-04,02:48:35,11.5,10.9,11.44,10.89,12.89,12.38,84,86,82,0,0,0,5.02,0.0,0.0,0.0,0.0,0.0,0.0,23.6,53,0,125,ON,OFF,ON,0,34.2,30,0,13492,OFF,OFF,29.4,29.5,11.11,29.4,12.76,9.0,6.0,91.78,38.0,79.31,10,81,27,12.5,3,1,OFF,OFF,100,100,6.098,1.268,1,0,ON,ON,0.922,4.372,0,0,OFF,OFF,0,0,100,100,0,0.156,69,576,9.4,70,14.8,0.127,28.7,44,8.41,15.9,1050,96.1,9.3,62.16466,378457,88,0,10.9,2,0,0.492,74,29.2,37.32,29.52,96,17.5,0.5642,9,44,0,31.4,0,0,0
2021-09-04,02:49:06,11.5,10.9,11.44,10.89,12.89,12.38,84,86,82,0,0,0,5.02,0.0,0.0,0.0,0.0,0.0,0.0,23.6,53,0,125,ON,OFF,ON,0,34.2,30,0,13492,OFF,OFF,29.4,29.5,11.11,29.4,12.76,9.0,6.0,91.78,38.0,79.31,10,81,27,12.5,3,1,OFF,OFF,100,100,6.098,1.268,1,0,ON,ON,0.922,4.372,0,0,OFF,OFF,0,0,100,100,0,0.156,69,576,9.4,70,14.8,0.127,28.7,44,8.41,15.9,1050,96.1,9.3,62.16466,378457,88,0,10.9,2,0,0.492,74,29.2,37.32,29.52,96,17.5,0.5642,9,44,0,31.4,0,0,0
2021-09-04,02:49:36,11.5,10.9,11.44,10.89,12.89,12.38,84,86,82,0,0,0,5.02,0.0,0.0,0.0,0.0,0.0,0.0,23.6,53,0,125,ON,OFF,ON,0,34.2,30,0,13492,OFF,OFF,29.4,29.5,11.11,29.4,12.76,9.0,6.0,91.78,38.0,79.31,10,81,27,12.5,3,1,OFF,OFF,100,100,6.098,1.268,1,0,ON,ON,0.922,4.372,0,0,OFF,OFF,0,0,100,100,0,0.156,69,576,9.4,70,14.8,0.127,28.7,44,8.41,15.9,1050,96.1,9.3,62.16466,378457,88,0,10.9,2,0,0.492,74,29.2,37.32,29.52,96,17.5,0.5642,9,44,0,31.4,0,0,0
2021-09-04,02:50:06,11.5,10.9,11.44,10.89,12.89,12.38,84,86,82,0,0,0,5.02,0.0,0.0,0.0,0.0,0.0,0.0,23.6,53,0,125,ON,OFF,ON,0,34.2,30,0,13492,OFF,OFF,29.4,29.5,11.11,29.4,12.76,9.0,6.0,91.78,38.0,79.31,10,81,27,12.5,3,1,OFF,OFF,100,100,6.098,1.268,1,0,ON,ON,0.922,4.372,0,0,OFF,OFF,0,0,100,100,0,0.156,69,576,9.4,70,14.8,0.127,28.7,44,8.41,15.9,1050,96.1,9.3,62.16466,378457,88,0,10.9,2,0,0.492,74,29.2,37.32,29.52,96,17.5,0.5642,9,44,0,31.4,0,0,0
2021-09-04,02:50:40,11.5,10.9,11.44,10.89,12.89,12.38,84,86,82,0,0,0,5.02,0.0,0.0,0.0,0.0,0.0,0.0,23.6,53,0,125,ON,OFF,ON,0,34.2,30,0,13492,OFF,OFF,29.4,29.5,11.11,29.4,12.76,9.0,6.0,91.78,38.0,79.31,10,81,27,12.5,3,1,OFF,OFF,100,100,6.098,1.268,1,0,ON,ON,0.922,4.372,0,0,OFF,OFF,0,0,100,100,0,0.156,69,576,9.4,70,14.8,0.127,28.7,44,8.41,15.9,1050,96.1,9.3,62.16466,378457,88,0,10.9,2,0,0.492,74,29.2,37.32,29.52,96,17.5,0.5642,9,44,0,31.4,0,0,0
2021-09-04,02:51:10,11.5,10.9,11.44,10.89,12.89,12.38,84,86,82,0,0,0,5.02,0.0,0.0,0.0,0.0,0.0,0.0,23.6,53,0,125,ON,OFF,ON,0,34.2,30,0,13492,OFF,OFF,29.4,29.5,11.11,29.4,12.76,9.0,6.0,91.78,38.0,79.31,10,81,27,12.5,3,1,OFF,OFF,100,100,6.098,1.268,1,0,ON,ON,0.922,4.372,0,0,OFF,OFF,0,0,100,100,0,0.156,69,576,9.4,70,14.8,0.127,28.7,44,8.41,15.9,1050,96.1,9.3,62.16466,378457,88,0,10.9,2,0,0.492,74,29.2,37.32,29.52,96,17.5,0.5642,9,44,0,31.4,0,0,0
2021-09-04,02:51:42,11.5,10.9,11.44,10.89,12.89,12.38,84,86,82,0,0,0,5.02,0.0,0.0,0.0,0.0,0.0,0.0,23.6,53,0,125,ON,OFF,ON,0,34.2,30,0,13492,OFF,OFF,29.4,29.5,11.11,29.4,12.76,9.0,6.0,91.78,38.0,79.31,10,81,27,12.5,3,1,OFF,OFF,100,100,6.098,1.268,1,0,ON,ON,0.922,4.372,0,0,OFF,OFF,0,0,100,100,0,0.156,69,576,9.4,70,14.8,0.127,28.7,44,8.41,15.9,1050,96.1,9.3,62.16466,378457,88,0,10.9,2,0,0.492,74,28.68,37.32,29.52,96,17.5,0.5642,9,44,0,31.4,0,0,0
2021-09-04,02:52:12,11.5,10.9,11.44,10.89,12.89,12.38,84,86,82,0,0,0,5.02,0.0,0.0,0.0,0.0,0.0,0.0,23.6,53,0,125,ON,OFF,ON,0,34.2,30,0,13492,OFF,OFF,29.4,29.5,11.11,29.4,12.76,9.0,6.0,91.78,38.0,79.31,10,81,27,12.5,3,1,OFF,OFF,100,100,6.098,1.268,1,0,ON,ON,0.922,4.372,0,0,OFF,OFF,0,0,100,100,0,0.156,69,576,9.4,70,14.8,0.127,28.7,44,8.41,15.9,1050,96.1,9.3,62.16466,378457,88,0,10.9,2,0,0.492,74,28.68,37.32,29.52,96,17.5,0.5642,9,44,0,31.4,0,0,0
2021-09-04,02:52:42,11.5,10.9,11.44,10.89,12.89,12.38,84,86,82,0,0,0,5.02,0.0,0.0,0.0,0.0,0.0,0.0,23.6,53,0,125,ON,OFF,ON,0,34.2,30,0,13492,OFF,OFF,29.4,29.5,11.11,29.4,12.76,9.0,6.0,91.78,38.0,79.31,10,81,27,12.5,3,1,OFF,OFF,100,100,6.098,1.268,1,0,ON,ON,0.922,4.372,0,0,OFF,OFF,0,0,100,100,0,0.156,69,576,9.4,70,14.8,0.127,28.7,44,8.41,15.9,1050,96.1,9.3,62.16466,378457,88,0,10.9,2,0,0.492,74,28.68,37.32,29.52,96,17.5,0.5642,9,44,0,31.4,0,0,0
2021-09-04,02:53:12,11.5,10.9,11.44,10.89,12.89,12.38,84,86,82,0,0,0,5.02,0.0,0.0,0.0,0.0,0.0,0.0,23.6,53,0,125,ON,OFF,ON,0,34.2,30,0,13492,OFF,OFF,29.4,29.5,11.11,29.4,12.32,9.0,6.0,91.78,38.0,79.89,10,81,27,12,3,1,OFF,OFF,100,100,6.098,1.268,1,0,ON,ON,0.922,4.372,0,0,OFF,OFF,0,0,100,100,0,0.156,69,576,9.4,70,14.8,0.127,28.7,44,8.41,15.9,1050,96.1,9.3,62.16466,378457,88,0,10.9,2,0,0.492,74,28.68,37.32,29.52,96,17.5,0.5642,9,44,0,31.4,0,0,0
2021-09-04,02:53:42,11.5,10.9,11.44,10.89,12.89,12.38,84,86,82,0,0,0,5.02,0.0,0.0,0.0,0.0,0.0,0.0,23.6,53,0,125,ON,OFF,ON,0,34.2,30,0,13492,OFF,OFF,29.4,29.5,11.11,29.4,12.32,9.0,6.0,91.78,38.0,79.89,10,81,27,12,3,1,OFF,OFF,100,100,6.098,1.268,1,0,ON,ON,0.922,4.372,0,0,OFF,OFF,0,0,100,100,0,0.156,69,576,9.4,70,14.8,0.127,28.7,44,8.41,15.9,1050,96.1,9.3,62.16466,378457,88,0,10.9,2,0,0.492,74,28.68,37.32,29.52,96,17.5,0.5642,9,44,0,31.4,0,0,0
2021-09-04,02:54:12,11.5,10.9,11.44,10.89,12.89,12.38,84,86,82,0,0,0,5.02,0.0,0.0,0.0,0.0,0.0,0.0,23.6,53,0,125,ON,OFF,ON,0,34.2,30,0,13492,OFF,OFF,29.4,29.5,11.11,29.4,12.32,9.0,6.0,91.78,38.0,79.89,10,81,27,12,3,1,OFF,OFF,100,100,6.098,1.268,1,0,ON,ON,0.922,4.372,0,0,OFF,OFF,0,0,100,100,0,0.156,69,576,9.4,70,14.8,0.127,28.7,44,8.41,15.9,1050,96.1,9.3,62.16466,378457,88,0,10.9,2,0,0.492,74,28.68,37.32,29.52,96,17.5,0.5642,9,44,0,31.4,0,0,0
2021-09-04,02:54:42,11.5,10.9,11.44,10.89,12.89,12.38,84,86,82,0,0,0,5.02,0.0,0.0,0.0,0.0,0.0,0.0,23.6,53,0,125,ON,OFF,ON,0,34.2,30,0,13492,OFF,OFF,29.4,29.5,11.11,29.4,12.32,9.0,6.0,91.78,38.0,79.89,10,81,27,12,3,1,OFF,OFF,100,100,6.098,1.268,1,0,ON,ON,0.922,4.372,0,0,OFF,OFF,0,0,100,100,0,0.156,69,576,9.4,70,14.8,0.127,28.7,44,8.41,15.9,1050,96.1,9.3,62.16466,378457,88,0,10.9,2,0,0.492,74,28.68,37.32,29.52,96,17.5,0.5642,9,44,0,31.4,0,0,0
2021-09-04,02:55:12,11.5,10.9,11.44,10.89,12.89,12.38,84,86,82,0,0,0,5.02,0.0,0.0,0.0,0.0,0.0,0.0,23.6,53,0,125,ON,OFF,ON,0,34.2,30,0,13492,OFF,OFF,29.4,29.5,11.11,29.4,12.32,9.0,6.0,91.78,38.0,79.89,10,81,27,12,3,1,OFF,OFF,100,100,6.098,1.268,1,0,ON,ON,0.922,4.372,0,0,OFF,OFF,0,0,100,100,0,0.156,69,576,9.4,70,14.8,0.127,28.7,44,8.41,15.9,1050,96.1,9.3,62.16466,378457,88,0,10.9,2,0,0.492,74,28.68,36.33,29.52,96,17.5,0.5642,9,44,0,31.4,0,0,0
2021-09-04,02:55:44,11.5,10.9,11.44,10.89,12.89,12.38,84,86,82,0,0,0,5.02,0.0,0.0,0.0,0.0,0.0,0.0,23.6,53,0,125,ON,OFF,ON,0,34.2,30,0,13492,OFF,OFF,29.4,29.5,11.11,29.4,12.32,9.0,6.0,91.78,38.0,79.89,10,81,27,12,3,1,OFF,OFF,100,100,6.098,1.268,1,0,ON,ON,0.922,4.372,0,0,OFF,OFF,0,0,100,100,0,0.156,69,576,9.4,70,14.8,0.127,28.7,44,8.41,15.9,1050,96.1,9.3,62.16466,378457,88,0,10.9,2,0,0.492,74,28.68,36.33,29.52,96,17.5,0.5642,9,44,0,31.4,0,0,0
2021-09-04,02:56:14,11.5,10.9,11.44,10.89,12.89,12.38,84,86,82,0,0,0,5.02,0.0,0.0,0.0,0.0,0.0,0.0,23.6,53,0,125,ON,OFF,ON,0,34.2,30,0,13492,OFF,OFF,29.4,29.5,11.11,29.4,12.32,9.0,6.0,91.78,38.0,79.89,10,81,27,12,3,1,OFF,OFF,100,100,6.098,1.268,1,0,ON,ON,0.922,4.372,0,0,OFF,OFF,0,0,100,100,0,0.156,69,576,9.4,70,14.8,0.127,28.7,44,8.41,15.9,1050,96.1,9.3,62.16466,378457,88,0,10.9,2,0,0.492,74,28.68,36.33,29.52,96,17.5,0.5642,9,44,0,31.4,0,0,0
2021-09-04,02:56:45,11.5,10.9,11.44,10.89,12.89,12.38,84,86,82,0,0,0,5.02,0.0,0.0,0.0,0.0,0.0,0.0,23.6,53,0,125,ON,OFF,ON,0,34.2,30,0,13492,OFF,OFF,29.4,29.5,11.11,29.4,12.32,9.0,6.0,91.78,38.0,79.89,10,81,26.5,12,3,1,OFF,OFF,100,100,6.099,1.268,1,0,ON,ON,0.922,4.372,0,0,OFF,OFF,0,0,100,100,0,0.156,69,576,9.4,70,14.8,0.127,28.7,44,8.41,15.9,967,96.1,9.3,62.16466,378457,88,0,10.9,2,0,0.492,74,28.68,36.33,29.52,96,17.5,0.5642,9,44,0,31.4,0,0,0
2021-09-04,02:57:15,11.5,10.9,11.44,10.89,12.89,12.38,84,86,82,0,0,0,5.02,0.0,0.0,0.0,0.0,0.0,0.0,23.6,53,0,125,ON,OFF,ON,0,34.2,30,0,13492,OFF,OFF,29.4,29.5,11.11,29.4,12.32,9.0,6.0,91.78,38.0,79.89,10,81,26.5,12,3,1,OFF,OFF,100,100,6.099,1.268,1,0,ON,ON,0.922,4.372,0,0,OFF,OFF,0,0,100,100,0,0.156,69,576,9.4,70,14.8,0.127,28.7,44,8.41,15.9,967,96.1,9.3,62.16466,378457,88,0,10.9,2,0,0.492,74,28.68,36.33,29.52,96,17.5,0.5642,9,44,0,31.4,0,0,0
2021-09-04,02:57:45,11.5,10.9,11.44,10.89,12.89,12.38,84,86,82,0,0,0,5.02,0.0,0.0,0.0,0.0,0.0,0.0,23.6,53,0,125,ON,OFF,ON,0,34.2,30,0,13492,OFF,OFF,29.4,29.5,11.11,29.4,12.32,9.0,6.0,91.78,38.0,79.89,10,81,26.5,12,3,1,OFF,OFF,100,100,6.099,1.268,1,0,ON,ON,0.922,4.372,0,0,OFF,OFF,0,0,100,100,0,0.156,69,576,9.2,71,14.4,0.127,28.6,44,7.914,15.4,959,96.1,9.3,62.16466,378457,88,0,10.9,2,0,0.492,74,28.68,36.33,29.52,96,17.5,0.5642,9,44,0,31.4,0,0,0
2021-09-04,02:58:15,11.5,10.9,11.44,10.89,12.89,12.38,84,86,82,0,0,0,5.02,0.0,0.0,0.0,0.0,0.0,0.0,23.6,53,0,125,ON,OFF,ON,0,34.2,30,0,13492,OFF,OFF,29.4,29.5,11.11,29.4,12.32,9.0,6.0,91.78,38.0,79.89,10,81,26.5,12,3,1,OFF,OFF,100,100,6.099,1.268,1,0,ON,ON,0.922,4.372,0,0,OFF,OFF,0,0,100,100,0,0.156,69,576,9.2,71,14.4,0.127,28.6,44,7.914,15.4,959,96.1,9.3,62.16466,378457,88,0,10.9,2,0,0.492,74,28.68,36.33,29.52,96,17.5,0.5642,9,44,0,31.4,0,0,0
2021-09-04,02:58:45,11.5,10.9,11.44,10.89,12.89,12.38,84,86,82,0,0,0,5.02,0.0,0.0,0.0,0.0,0.0,0.0,23.6,53,0,125,ON,OFF,ON,0,34.2,30,0,13492,OFF,OFF,29.4,29.5,11.11,29.4,12.32,9.0,6.0,91.78,38.0,79.89,10,81,26.5,12,3,1,OFF,OFF,100,100,6.099,1.268,1,0,ON,ON,0.922,4.372,0,0,OFF,OFF,0,0,100,100,0,0.156,69,576,9.2,71,14.4,0.127,28.6,44,7.914,15.4,959,96.1,9.3,62.16466,378457,88,0,10.9,2,0,0.492,74,28.68,36.33,29.52,96,17.5,0.5642,9,44,0,31.4,0,0,0
2021-09-04,02:59:15,11.5,10.9,11.44,10.89,12.89,12.38,84,86,82,0,0,0,5.02,0.0,0.0,0.0,0.0,0.0,0.0,23.6,53,0,125,ON,OFF,ON,0,34.2,30,0,13492,OFF,OFF,29.4,29.5,11.11,29.4,12.32,9.0,6.0,91.78,38.0,79.89,10,81,26.5,12,3,1,OFF,OFF,100,100,6.099,1.268,1,0,ON,ON,0.922,4.372,0,0,OFF,OFF,0,0,100,100,0,0.156,69,576,9.2,71,14.4,0.127,28.6,44,7.914,15.4,959,96.1,9.3,62.16466,378457,88,0,10.9,2,0,0.492,74,28.68,36.33,29.52,96,17.5,0.5642,9,44,0,31.4,0,0,0
2021-09-04,02:59:45,11.5,10.9,11.44,10.89,12.89,12.38,84,86,82,0,0,0,5.02,0.0,0.0,0.0,0.0,0.0,0.0,23.6,53,0,125,ON,OFF,ON,0,34.2,30,0,13492,OFF,OFF,29.4,29.5,11.11,29.4,12.32,9.0,6.0,91.78,38.0,79.89,10,81,26.5,12,3,1,OFF,OFF,100,100,6.099,1.268,1,0,ON,ON,0.922,4.372,0,0,OFF,OFF,0,0,100,100,0,0.156,69,576,9.2,71,14.4,0.127,28.6,44,7.914,15.4,959,96.1,9.3,62.16466,378457,88,0,10.9,2,0,0.492,74,28.68,36.33,29.52,96,17.5,0.5642,9,44,0,31.4,0,0,0
2021-09-04,03:00:15,11.5,10.9,11.44,10.89,12.89,12.38,84,86,82,0,0,0,5.02,0.0,0.0,0.0,0.0,0.0,0.0,23.6,53,0,125,ON,OFF,ON,0,34.2,30,0,13492,OFF,OFF,29.4,29.5,11.11,29.4,12.32,9.0,6.0,91.78,38.0,79.89,10,81,26.5,12,3,1,OFF,OFF,100,100,6.099,1.268,1,0,ON,ON,0.922,4.372,0,0,OFF,OFF,0,0,100,100,0,0.156,69,576,9.2,71,14.4,0.127,28.6,44,7.914,15.4,959,96.1,9.3,62.16466,378457,88,0,10.9,2,0,0.492,74,28.68,36.33,29.52,96,17.5,0.5642,9,44,0,31.4,0,0,0
2021-09-04,03:00:45,11.5,10.9,11.44,10.89,12.89,12.38,84,86,82,0,0,0,5.02,0.0,0.0,0.0,0.0,0.0,0.0,23.6,53,0,125,ON,OFF,ON,0,34.2,30,0,13492,OFF,OFF,29.4,29.5,11.11,29.4,12.32,9.0,6.0,91.78,38.0,79.89,10,81,26.5,12,3,1,OFF,OFF,100,100,6.099,1.268,1,0,ON,ON,0.922,4.372,0,0,OFF,OFF,0,0,100,100,0,0.156,69,576,9.2,71,14.4,0.127,28.6,44,7.914,15.4,959,96.1,9.3,62.16466,378457,88,0,10.9,2,0,0.492,74,28.68,36.33,29.52,96,17.5,0.5642,9,44,0,31.4,0,0,0
2021-09-04,03:01:15,11.5,10.9,11.44,10.89,12.89,12.38,84,86,82,0,0,0,5.02,0.0,0.0,0.0,0.0,0.0,0.0,23.6,53,0,125,ON,OFF,ON,0,34.2,30,0,13492,OFF,OFF,29.4,29.5,11.11,29.4,12.32,9.0,6.0,91.78,38.0,79.89,10,81,26.5,12,3,1,OFF,OFF,100,100,6.099,1.268,1,0,ON,ON,0.922,4.372,0,0,OFF,OFF,0,0,100,100,0,0.156,69,576,9.2,71,14.4,0.127,28.6,44,7.914,15.4,959,96.1,9.3,62.16466,378457,88,0,10.9,2,0,0.492,74,28.68,36.33,29.52,96,17.5,0.5642,9,44,0,31.4,0,0,0
2021-09-04,03:01:45,11.5,10.9,11.44,10.89,12.89,12.38,84,86,82,0,0,0,5.02,0.0,0.0,0.0,0.0,0.0,0.0,23.6,53,0,125,ON,OFF,ON,0,34.2,30,0,13492,OFF,OFF,29.4,29.5,11.11,29.4,12.32,9.0,6.0,91.78,38.0,79.89,10,81,26.5,12,3,1,OFF,OFF,100,100,6.099,1.268,1,0,ON,ON,0.922,4.372,0,0,OFF,OFF,0,0,100,100,0,0.156,69,576,9.2,71,14.4,0.127,28.6,44,7.914,15.4,959,96.1,9.3,62.16466,378457,88,0,10.9,2,0,0.492,74,28.68,36.33,29.52,96,17.5,0.5642,9,44,0,31.4,0,0,0
2021-09-04,03:02:15,11.5,10.9,11.44,10.89,12.89,12.38,84,86,82,0,0,0,5.02,0.0,0.0,0.0,0.0,0.0,0.0,23.6,53,0,125,ON,OFF,ON,0,34.2,30,0,13492,OFF,OFF,29.4,29.5,11.11,29.4,12.32,9.0,6.0,91.78,38.0,79.89,10,81,26.5,12,3,1,OFF,OFF,100,100,6.099,1.268,1,0,ON,ON,0.922,4.372,0,0,OFF,OFF,0,0,100,100,0,0.156,69,576,9.2,71,14.4,0.127,28.6,44,7.914,15.4,959,96.1,9.3,62.16466,378457,88,0,10.9,2,0,0.492,74,28.68,36.33,29.52,96,17.5,0.5642,9,44,0,31.4,0,0,0
2021-09-04,03:03:02,11.5,10.9,11.44,10.89,12.89,12.38,84,86,82,0,0,0,5.02,0.0,0.0,0.0,0.0,0.0,0.0,23.6,53,0,125,ON,OFF,ON,0,34.2,30,0,13492,OFF,OFF,29.4,29.5,11.11,29.4,12.32,9.0,6.0,91.78,38.0,79.89,10,82,26.5,12,3,1,OFF,OFF,100,100,6.099,1.268,1,0,ON,ON,0.922,4.372,0,0,OFF,OFF,0,0,100,100,0,0.156,69,576,9.2,71,14.4,0.127,28.6,44,7.869,15.4,959,96.1,9.3,62.16466,378457,88,0,10.9,2,0,0.492,74,28.68,36.33,29.52,96,17.5,0.5642,9,44,0,31.4,0,0,0
2021-09-04,03:03:32,11.5,10.9,11.44,10.89,12.89,12.38,84,86,82,0,0,0,5.02,0.0,0.0,0.0,0.0,0.0,0.0,23.6,53,0,125,ON,OFF,ON,0,34.2,30,0,13492,OFF,OFF,29.4,29.5,11.11,29.4,12.32,9.0,6.0,91.78,38.0,79.89,10,82,26.5,12,3,1,OFF,OFF,100,100,6.099,1.268,1,0,ON,ON,0.922,4.372,0,0,OFF,OFF,0,0,100,100,0,0.156,69,576,9.2,71,14.4,0.127,28.6,44,7.869,15.4,959,96.1,9.3,62.16466,378457,88,0,10.9,2,0,0.492,74,28.68,36.33,29.52,96,17.5,0.5642,9,44,0,31.4,0,0,0
2021-09-04,03:04:02,11.5,10.9,11.44,10.89,12.89,12.38,84,86,82,0,0,0,5.02,0.0,0.0,0.0,0.0,0.0,0.0,23.6,53,0,125,ON,OFF,ON,0,34.2,30,0,13492,OFF,OFF,29.4,29.5,11.11,29.4,12.32,9.0,6.0,91.78,38.0,79.89,10,82,26.5,12,3,1,OFF,OFF,100,100,6.099,1.268,1,0,ON,ON,0.922,4.372,0,0,OFF,OFF,0,0,100,100,0,0.156,69,576,9.2,71,14.4,0.127,28.6,44,7.869,15.4,959,96.1,9.3,62.16466,378457,88,0,10.9,2,0,0.492,74,28.68,36.33,29.52,96,17.5,0.5642,9,44,0,31.4,0,0,0
2021-09-04,03:04:32,11.5,10.9,11.44,10.89,12.89,12.38,84,86,82,0,0,0,5.02,0.0,0.0,0.0,0.0,0.0,0.0,23.6,53,0,125,ON,OFF,ON,0,34.2,30,0,13492,OFF,OFF,29.4,29.5,11.11,29.4,12.32,9.0,6.0,91.78,38.0,79.89,10,82,26.5,12,3,1,OFF,OFF,100,100,6.099,1.268,1,0,ON,ON,0.922,4.372,0,0,OFF,OFF,0,0,100,100,0,0.156,69,576,9.2,71,14.4,0.127,28.6,44,7.869,15.4,959,96.1,9.3,62.16466,378457,88,0,10.9,2,0,0.492,74,28.68,36.33,29.52,96,17.5,0.5642,9,44,0,31.4,0,0,0
2021-09-04,03:05:02,11.5,10.9,11.44,10.89,12.89,12.38,84,86,82,0,0,0,5.02,0.0,0.0,0.0,0.0,0.0,0.0,23.6,53,0,125,ON,OFF,ON,0,34.2,30,0,13492,OFF,OFF,29.4,29.5,11.11,29.4,12.32,9.0,6.0,91.78,38.0,79.89,10,82,26.5,12,3,1,OFF,OFF,100,100,6.099,1.268,1,0,ON,ON,0.922,4.372,0,0,OFF,OFF,0,0,100,100,0,0.156,69,576,9.2,71,14.4,0.127,28.6,44,7.869,15.4,959,96.1,9.3,62.16466,378457,88,0,10.9,2,0,0.492,74,28.68,36.33,29.52,96,17.5,0.5642,9,44,0,31.4,0,0,0
2021-09-04,03:05:32,11.5,10.9,11.44,10.89,12.89,12.38,84,86,82,0,0,0,5.02,0.0,0.0,0.0,0.0,0.0,0.0,23.6,53,0,125,ON,OFF,ON,0,34.2,30,0,13492,OFF,OFF,29.4,29.5,11.11,29.4,12.32,9.0,6.0,91.78,38.0,79.89,10,82,26.5,12,3,1,OFF,OFF,100,100,6.099,1.268,1,0,ON,ON,0.922,4.372,0,0,OFF,OFF,0,0,100,100,0,0.156,69,576,9.2,71,14.4,0.127,28.6,44,7.869,15.4,959,96.1,9.3,62.16466,378457,88,0,10.9,2,0,0.492,74,28.68,36.33,29.52,96,17.5,0.5642,9,44,0,31.4,0,0,0
2021-09-04,03:06:02,11.5,10.9,11.44,10.89,12.89,12.38,84,86,82,0,0,0,5.02,0.0,0.0,0.0,0.0,0.0,0.0,23.6,53,0,125,ON,OFF,ON,0,34.2,30,0,13492,OFF,OFF,29.4,29.5,11.11,29.4,12.32,9.0,6.0,91.78,38.0,79.89,10,82,26.5,12,3,1,OFF,OFF,100,100,6.099,1.268,1,0,ON,ON,0.922,4.372,0,0,OFF,OFF,0,0,100,100,0,0.156,69,576,9.2,71,14.4,0.127,28.6,44,7.869,15.4,959,96.1,9.3,62.16466,378457,88,0,10.9,2,0,0.492,74,28.68,36.33,29.52,96,17.5,0.5642,9,44,0,31.4,0,0,0
2021-09-04,03:06:36,11.5,10.9,11.44,10.89,12.89,12.38,84,86,82,0,0,0,5.02,0.0,0.0,0.0,0.0,0.0,0.0,23.6,53,0,125,ON,OFF,ON,0,34.2,30,0,13492,OFF,OFF,29.4,29.5,11.11,29.4,12.32,9.0,6.0,91.78,38.0,79.89,10,82,26.5,12,3,1,OFF,OFF,100,100,6.099,1.268,1,0,ON,ON,0.922,4.372,0,0,OFF,OFF,0,0,100,100,0,0.156,69,576,9.2,71,14.4,0.127,28.6,44,7.869,15.4,959,96.1,9.3,62.16466,378457,88,0,10.9,2,0,0.492,74,28.68,36.33,29.52,96,17.5,0.5642,9,44,0,31.4,0,0,0
2021-09-04,03:07:06,11.5,10.9,11.44,10.89,12.89,12.38,84,86,82,0,0,0,5.02,0.0,0.0,0.0,0.0,0.0,0.0,23.6,53,0,125,ON,OFF,ON,0,34.2,30,0,13492,OFF,OFF,29.4,29.5,11.11,29.4,12.32,9.0,6.0,91.78,38.0,79.89,10,82,26.5,12,3,1,OFF,OFF,100,100,6.099,1.268,1,0,ON,ON,0.922,4.372,0,0,OFF,OFF,0,0,100,100,0,0.156,69,576,9.2,71,14.4,0.127,28.6,44,7.869,15.4,959,96.1,9.3,62.16466,378457,88,0,10.9,2,0,0.492,74,28.68,36.33,29.52,96,17.5,0.5642,9,44,0,31.4,0,0,0
2021-09-04,03:07:36,11.5,10.9,11.44,10.89,12.89,12.38,84,86,82,0,0,0,5.02,0.0,0.0,0.0,0.0,0.0,0.0,23.6,53,0,125,ON,OFF,ON,0,34.2,30,0,13492,OFF,OFF,29.4,29.5,11.11,29.4,12.32,9.0,6.0,91.78,38.0,79.89,10,82,26.5,12,3,1,OFF,OFF,100,100,6.099,1.268,1,0,ON,ON,0.922,4.372,0,0,OFF,OFF,0,0,100,100,0,0.156,69,576,9.2,71,14.2,0.127,28.6,44,7.869,15.4,959,96.1,9.3,62.16466,378457,88,0,10.9,2,0,0.492,74,28.68,36.33,29.52,96,17.5,0.5642,9,44,0,31.4,0,0,0
2021-09-04,03:08:06,11.5,10.9,11.44,10.89,12.89,12.38,84,86,82,0,0,0,5.02,0.0,0.0,0.0,0.0,0.0,0.0,23.6,53,0,125,ON,OFF,ON,0,34.2,30,0,13492,OFF,OFF,29.4,29.5,11.11,29.4,12.32,9.0,6.0,91.78,38.0,79.89,10,82,26.5,12,3,1,OFF,OFF,100,100,6.099,1.268,1,0,ON,ON,0.922,4.372,0,0,OFF,OFF,0,0,100,100,0,0.156,69,576,9.2,71,14.2,0.127,28.6,44,7.869,15.4,959,96.1,9.3,62.16466,378457,88,0,10.9,2,0,0.492,74,28.68,36.33,29.52,96,17.5,0.5642,9,44,0,31.4,0,0,0
2021-09-04,03:08:36,11.5,10.9,11.44,10.89,12.89,12.38,84,86,82,0,0,0,5.02,0.0,0.0,0.0,0.0,0.0,0.0,23.6,53,0,125,ON,OFF,ON,0,34.2,30,0,13492,OFF,OFF,29.4,29.5,11.11,29.4,12.32,9.0,6.0,91.78,38.0,79.89,10,82,26.5,12,3,1,OFF,OFF,100,100,6.099,1.268,1,0,ON,ON,0.922,4.372,0,0,OFF,OFF,0,0,100,100,0,0.156,69,576,9.2,71,14.2,0.127,28.6,44,7.869,15.4,959,96.1,9.3,62.16466,378457,88,0,10.9,2,0,0.492,74,28.68,36.33,29.52,96,17.5,0.5642,9,44,0,31.4,0,0,0
2021-09-04,03:09:06,11.5,10.9,11.44,10.89,12.89,12.38,84,86,82,0,0,0,5.02,0.0,0.0,0.0,0.0,0.0,0.0,23.6,53,0,125,ON,OFF,ON,0,34.2,30,0,13492,OFF,OFF,29.4,29.5,10.34,29.4,12.32,9.0,6.0,91.78,38.0,79.89,10,82,26.5,12,3,1,OFF,OFF,100,100,6.099,1.268,1,0,ON,ON,0.922,4.372,0,0,OFF,OFF,0,0,100,100,0,0.156,69,576,9.2,71,14.2,0.127,28.6,44,7.869,15.4,959,96.1,9.3,62.16466,378457,88,0,10.9,2,0,0.492,74,28.68,36.33,29.52,96,17.5,0.5642,9,44,0,31.4,0,0,0
2021-09-04,03:09:36,11.5,10.9,11.44,10.89,12.89,12.38,84,86,82,0,0,0,5.02,0.0,0.0,0.0,0.0,0.0,0.0,23.6,53,0,125,ON,OFF,ON,0,34.2,30,0,13492,OFF,OFF,29.4,29.5,10.34,29.4,12.32,9.0,6.0,91.78,38.0,79.89,10,82,26.5,12,3,1,OFF,OFF,100,100,6.099,1.268,1,0,ON,ON,0.922,4.372,0,0,OFF,OFF,0,0,100,100,0,0.156,69,576,9.2,71,14.2,0,28.6,44,0,15.4,959,96.1,9.3,62.16466,378457,88,0,10.9,2,0,0.492,74,28.68,36.33,29.52,96,17.5,0.5642,9,44,0,31.4,0,0,0
2021-09-04,03:10:06,11.5,10.9,11.44,10.89,12.89,12.38,84,86,82,0,0,0,5.02,0.0,0.0,0.0,0.0,0.0,0.0,23.6,53,0,125,ON,OFF,ON,0,34.2,30,0,13492,OFF,OFF,29.4,29.5,10.34,29.4,12.32,9.0,6.0,91.78,38.0,79.89,10,82,26.5,12,3,1,OFF,OFF,100,100,6.099,1.268,1,0,ON,ON,0.922,4.372,0,0,OFF,OFF,0,0,100,100,0,0.156,69,576,9.2,71,14.2,0,28.6,44,0,15.4,959,96.1,9.3,62.16466,378457,88,0,10.9,2,0,0.492,74,28.68,36.33,29.52,96,17.5,0.5642,9,44,0,31.4,0,0,0
2021-09-04,03:10:36,11.5,10.9,11.44,10.89,12.89,12.38,84,86,82,0,0,0,5.02,0.0,0.0,0.0,0.0,0.0,0.0,23.6,53,0,125,ON,OFF,ON,0,34.2,30,0,13492,OFF,OFF,29.4,29.5,10.34,29.4,12.32,9.0,6.0,91.78,38.0,79.89,10,82,26.5,12,3,1,OFF,OFF,100,100,6.099,1.268,1,0,ON,ON,0.922,4.372,0,0,OFF,OFF,0,0,100,100,0,0.156,69,576,9.2,71,14.2,0,28.6,44,0,15.4,959,96.1,9.3,62.16466,378457,88,0,10.9,2,0,0.492,74,28.68,36.33,29.52,96,17.5,0.5642,9,44,0,31.4,0,0,0
2021-09-04,03:11:06,11.5,10.9,11.44,10.89,12.89,12.38,84,86,82,0,0,0,5.02,0.0,0.0,0.0,0.0,0.0,0.0,23.6,53,0,125,ON,OFF,ON,0,34.2,30,0,13492,OFF,OFF,29.4,29.5,10.34,29.4,12.32,9.0,6.0,91.78,38.0,79.89,10,82,26.5,12,3,1,OFF,OFF,100,100,6.099,1.268,1,0,ON,ON,0.922,4.372,0,0,OFF,OFF,0,0,100,100,0,0.156,69,576,9.2,71,14.2,0,28.6,44,0,15.4,959,96.1,9.3,62.16466,378457,88,0,10.9,2,0,0.492,74,28.68,36.33,28.97,96,17.5,0.5642,9,44,0,31.4,0,0,0
2021-09-04,03:11:36,11.5,10.9,11.44,10.89,12.89,12.38,84,86,82,0,0,0,5.02,0.0,0.0,0.0,0.0,0.0,0.0,23.6,53,0,125,ON,OFF,ON,0,34.2,30,0,13492,OFF,OFF,29.4,29.5,10.34,29.4,12.32,9.0,6.0,91.78,38.0,79.89,10,82,26.5,12,3,1,OFF,OFF,100,100,6.099,1.268,1,0,ON,ON,0.922,4.372,0,0,OFF,OFF,0,0,100,100,0,0.156,69,576,9.2,71,14.2,0,28.6,44,0,15.4,959,96.1,9.3,62.16466,378457,88,0,10.9,2,0,0.492,74,28.68,36.33,28.97,96,17.5,0.5642,9,44,0,31.4,0,0,0
2021-09-04,03:12:06,11.5,10.9,11.44,10.89,12.89,12.38,84,86,82,0,0,0,5.02,0.0,0.0,0.0,0.0,0.0,0.0,23.6,53,0,125,ON,OFF,ON,0,34.2,30,0,13492,OFF,OFF,29.4,29.5,10.34,29.4,12.32,9.0,6.0,91.78,38.0,79.89,10,82,26.5,12,3,1,OFF,OFF,100,100,6.099,1.268,1,0,ON,ON,0.922,4.372,0,0,OFF,OFF,0,0,100,100,0,0.156,69,576,9.2,71,14.2,0,28.6,44,0,15.4,959,96.1,9.3,62.16466,378457,88,0,10.9,2,0,0.492,74,28.68,36.33,28.97,96,17.5,0.5642,9,44,0,31.4,0,0,0
2021-09-04,03:12:36,11.5,10.9,11.44,10.89,12.89,12.38,84,86,82,0,0,0,5.02,0.0,0.0,0.0,0.0,0.0,0.0,23.6,53,0,125,ON,OFF,ON,0,34.2,30,0,13492,OFF,OFF,29.4,29.5,10.34,29.4,12.32,9.0,6.0,91.78,38.0,79.89,10,81,26.5,12,3,1,OFF,OFF,100,100,6.099,1.268,1,0,ON,ON,0.922,4.372,0,0,OFF,OFF,0,0,100,100,0,0.156,69,576,9.2,71,14.2,0,28.6,44,0,15.4,959,96.1,9.3,62.16466,378457,88,0,10.9,2,0,0.492,74,28.68,36.33,28.97,96,17.5,0.5642,9,44,0,31.4,0,0,0
2021-09-04,03:13:06,11.5,10.9,11.44,10.89,12.89,12.38,84,86,82,0,0,0,5.02,0.0,0.0,0.0,0.0,0.0,0.0,23.6,53,0,125,ON,OFF,ON,0,34.2,30,0,13492,OFF,OFF,29.4,29.5,10.34,29.4,12.1,9.0,6.0,91.78,38.0,79.89,10,81,26.5,12,3,1,OFF,OFF,100,100,6.099,1.268,1,0,ON,ON,0.922,4.372,0,0,OFF,OFF,0,0,100,100,0,0.156,69,576,9.2,71,14.2,0,28.6,44,0,15.4,959,96.1,9.3,62.16466,378457,88,0,10.9,2,0,0.492,74,28.68,36.33,28.97,96,17.5,0.5642,9,44,0,31.4,0,0,0
2021-09-04,03:13:36,11.5,10.9,11.44,10.89,12.89,12.38,84,86,82,0,0,0,5.02,0.0,0.0,0.0,0.0,0.0,0.0,23.6,53,0,125,ON,OFF,ON,0,34.2,30,0,13492,OFF,OFF,29.4,29.5,10.34,29.4,12.1,9.0,6.0,91.78,38.0,79.89,10,81,26.5,12,3,1,OFF,OFF,100,100,6.099,1.268,1,0,ON,ON,0.922,4.372,0,0,OFF,OFF,0,0,100,100,0,0.156,69,576,9.2,71,14.2,0,28.6,44,0,15.4,959,96.1,9.3,62.16466,378457,88,0,10.9,2,0,0.492,74,28.68,36.33,28.97,96,17.5,0.5642,9,44,0,31.4,0,0,0
2021-09-04,03:14:06,11.5,10.9,11.44,10.89,12.89,12.38,84,86,82,0,0,0,5.02,0.0,0.0,0.0,0.0,0.0,0.0,23.6,53,0,125,ON,OFF,ON,0,34.2,30,0,13492,OFF,OFF,29.4,29.5,10.34,29.4,12.1,9.0,6.0,91.78,38.0,79.89,10,81,26.5,12,3,1,OFF,OFF,100,100,6.099,1.268,1,0,ON,ON,0.922,4.372,0,0,OFF,OFF,0,0,100,100,0,0.156,69,576,9.2,71,14.2,0,28.6,44,0,15.4,959,96.1,9.3,62.16466,378457,88,0,10.9,2,0,0.492,74,28.68,36.33,28.97,96,17.5,0.5642,9,44,0,31.4,0,0,0
2021-09-04,03:14:36,11.5,10.9,11.44,10.89,12.89,12.38,84,86,82,0,0,0,5.02,0.0,0.0,0.0,0.0,0.0,0.0,23.6,53,0,125,ON,OFF,ON,0,34.2,30,0,13492,OFF,OFF,29.4,29.5,10.34,29.4,12.1,9.0,6.0,91.78,38.0,79.89,10,81,26.5,12,3,1,OFF,OFF,100,100,6.099,1.268,1,0,ON,ON,0.922,4.372,0,0,OFF,OFF,0,0,100,100,0,0.156,69,576,9.2,71,14.2,0,28.6,44,0,15.4,959,96.1,9.3,62.16466,378457,88,0,10.9,2,0,0.492,74,28.68,36.33,28.97,96,17.5,0.5642,9,44,0,31.4,0,0,0
2021-09-04,03:15:06,11.5,10.9,11.44,10.89,12.89,12.38,84,86,82,0,0,0,5.02,0.0,0.0,0.0,0.0,0.0,0.0,23.6,53,0,125,ON,OFF,ON,0,34.2,30,0,13492,OFF,OFF,29.4,29.5,10.34,29.4,12.1,9.0,6.0,91.78,38.0,79.89,10,81,26.5,12,3,1,OFF,OFF,100,100,6.099,1.268,1,0,ON,ON,0.922,4.372,0,0,OFF,OFF,0,0,100,100,0,0.156,69,576,9.2,71,14.2,0,28.6,44,0,15.4,959,96.1,9.3,62.16466,378457,88,0,10.9,2,0,0.492,74,28.68,36.33,28.97,96,17.5,0.5642,9,44,0,31.4,0,0,0
2021-09-04,03:15:46,11.5,10.9,11.44,10.89,12.89,12.38,84,86,82,0,0,0,5.02,0.0,0.0,0.0,0.0,0.0,0.0,23.6,53,0,125,ON,OFF,ON,0,34.2,30,0,13492,OFF,OFF,29.4,29.5,10.34,29.4,12.1,9.0,6.0,91.78,38.0,79.89,10,81,26.5,12,3,1,OFF,OFF,100,100,6.099,1.268,1,0,ON,ON,0.922,4.372,0,0,OFF,OFF,0,0,100,100,0,0.156,69,576,9.2,71,14.2,0,28.6,44,0,15.4,959,96.1,9.3,62.16466,378457,88,0,10.9,2,0,0.492,74,28.68,36.33,28.97,96,17.5,0.5642,9,44,0,31.4,0,0,0
2021-09-04,03:16:16,11.5,10.9,11.44,10.89,12.89,12.38,84,86,82,0,0,0,5.02,0.0,0.0,0.0,0.0,0.0,0.0,23.6,53,0,125,ON,OFF,ON,0,34.2,30,0,13492,OFF,OFF,29.4,29.5,10.34,29.4,12.1,9.0,6.0,91.78,38.0,79.89,10,81,26,12,3,1,OFF,OFF,100,100,6.099,1.268,1,0,ON,ON,0.922,4.372,0,0,OFF,OFF,0,0,100,100,0,0.156,69,576,9.2,71,14.2,0,28.6,44,0,15.4,959,96.1,9.3,62.16466,378457,88,0,10.9,2,0,0.492,74,28.68,36.33,28.97,96,17.5,0.5642,9,44,0,31.4,0,0,0
2021-09-04,03:16:46,11.5,10.9,11.44,10.89,12.89,12.38,84,86,82,0,0,0,5.02,0.0,0.0,0.0,0.0,0.0,0.0,23.6,53,0,125,ON,OFF,ON,0,34.2,30,0,13492,OFF,OFF,29.4,29.5,10.34,29.4,12.1,9.0,6.0,91.78,38.0,79.89,9,82,26,12,3,1,OFF,OFF,100,100,6.099,1.268,1,0,ON,ON,0.922,4.372,0,0,OFF,OFF,0,0,100,100,0,0.156,69,576,9.2,71,14.2,0,28.6,44,0,15.4,959,96.1,9.3,62.16466,378457,88,0,10.9,2,0,0.492,74,28.68,36.33,28.97,96,17.5,0.5642,9,44,0,31.4,0,0,0
2021-09-04,03:17:16,11.5,10.9,11.44,10.89,12.89,12.38,84,86,82,0,0,0,5.02,0.0,0.0,0.0,0.0,0.0,0.0,23.6,53,0,125,ON,OFF,ON,0,34.2,30,0,13492,OFF,OFF,29.4,29.5,10.34,29.4,12.1,9.0,6.0,91.78,38.0,79.89,9,82,26,12,3,1,OFF,OFF,100,100,6.099,1.268,1,0,ON,ON,0.922,4.372,0,0,OFF,OFF,0,0,100,100,0,0.156,69,576,9.2,71,14.2,0,28.6,44,0,15.4,959,96.1,9.3,62.16466,378457,88,0,10.9,2,0,0.492,74,28.68,36.33,28.97,96,17.5,0.5642,9,44,0,31.4,0,0,0
2021-09-04,03:17:46,11.5,10.9,11.44,10.89,12.89,12.38,84,86,82,0,0,0,5.02,0.0,0.0,0.0,0.0,0.0,0.0,23.6,53,0,125,ON,OFF,ON,0,34.2,30,0,13492,OFF,OFF,29.4,29.5,10.34,29.4,12.1,9.0,6.0,91.78,38.0,79.89,9,82,26,12,3,1,OFF,OFF,100,100,6.099,1.268,1,0,ON,ON,0.922,4.372,0,0,OFF,OFF,0,0,100,100,0,0.156,69,576,9.2,71,14.2,0,28.2,44,0,15.4,959,96.1,9.3,62.16466,378457,88,0,10.9,2,0,0.492,74,28.68,36.33,28.97,96,17.5,0.5642,9,44,0,31.4,0,0,0
2021-09-04,03:18:31,11.5,10.9,11.44,10.89,12.89,12.38,84,86,82,0,0,0,5.02,0.0,0.0,0.0,0.0,0.0,0.0,23.6,53,0,125,ON,OFF,ON,0,34.2,30,0,13492,OFF,OFF,29.4,29.5,10.34,29.4,12.1,9.0,6.0,91.78,38.0,79.89,9,82,26,12,3,1,OFF,OFF,100,100,6.099,1.268,1,0,ON,ON,0.922,4.372,0,0,OFF,OFF,0,0,100,100,0,0.156,69,576,9.2,71,14.2,0,28.2,44,0,15.4,959,96.1,9.3,62.16466,378457,88,0,10.9,2,0,0.492,74,28.68,36.33,28.97,96,17.5,0.5642,9,44,0,31.4,0,0,0
2021-09-04,03:19:01,11.5,10.9,11.44,10.89,12.89,12.38,84,86,82,0,0,0,5.02,0.0,0.0,0.0,0.0,0.0,0.0,23.6,53,0,125,ON,OFF,ON,0,34.2,30,0,13492,OFF,OFF,29.4,29.5,10.34,29.4,12.1,9.0,6.0,91.78,38.0,79.89,9,82,26,12,3,1,OFF,OFF,100,100,6.099,1.268,1,0,ON,ON,0.922,4.372,0,0,OFF,OFF,0,0,100,100,0,0.156,69,576,9.2,71,14.2,0,28.2,44,0,15.4,959,96.1,9.3,62.16466,378457,88,0,10.9,2,0,0.492,74,28.68,36.33,28.97,96,17.5,0.5642,9,44,0,31.4,0,0,0
2021-09-04,03:19:31,11.5,10.9,11.44,10.89,12.89,12.38,84,86,82,0,0,0,5.02,0.0,0.0,0.0,0.0,0.0,0.0,23.6,53,0,125,ON,OFF,ON,0,34.2,30,0,13492,OFF,OFF,29.4,29.5,10.34,29.4,12.1,9.0,6.0,91.78,38.0,79.89,9,82,26,12,3,1,OFF,OFF,100,100,6.099,1.268,1,0,ON,ON,0.922,4.372,0,0,OFF,OFF,0,0,100,100,0,0.156,69,576,9.2,71,14.2,0,28.2,44,0,15.4,959,96.1,9.3,62.16466,378457,88,0,10.9,2,0,0.492,74,28.68,36.33,28.97,96,17.5,0.5642,9,44,0,31.4,0,0,0
2021-09-04,03:20:01,11.5,10.9,11.44,10.89,12.89,12.38,84,86,82,0,0,0,5.02,0.0,0.0,0.0,0.0,0.0,0.0,23.6,53,0,125,ON,OFF,ON,0,34.2,30,0,13492,OFF,OFF,29.4,29.5,10.34,29.4,12.1,9.0,6.0,91.78,38.0,79.89,9,82,26,12,3,1,OFF,OFF,100,100,6.099,1.268,1,0,ON,ON,0.922,4.372,0,0,OFF,OFF,0,0,100,100,0,0.156,69,576,9.2,71,14.2,0,28.2,44,0,15.4,959,96.1,9.3,62.16466,378457,88,0,10.9,2,0,0.492,74,28.68,36.33,28.97,96,17.5,0.5642,9,44,0,31.4,0,0,0
2021-09-04,03:20:31,11.5,10.9,11.44,10.89,12.89,12.38,84,86,82,0,0,0,5.02,0.0,0.0,0.0,0.0,0.0,0.0,23.6,53,0,125,ON,OFF,ON,0,34.2,30,0,13492,OFF,OFF,29.4,29.5,10.34,29.4,12.1,9.0,6.0,91.78,38.0,79.89,9,82,26,12,3,1,OFF,OFF,100,100,6.099,1.268,1,0,ON,ON,0.922,4.372,0,0,OFF,OFF,0,0,100,100,0,0.156,69,576,9.2,71,14.2,0,28.2,44,0,15.4,959,96.1,9.3,62.16466,378457,88,0,10.9,2,0,0.492,74,28.68,36.33,28.97,96,17.5,0.5642,9,44,0,31.4,0,0,0
2021-09-04,03:21:01,11.5,10.9,11.44,10.89,12.89,12.38,84,86,82,0,0,0,5.02,0.0,0.0,0.0,0.0,0.0,0.0,23.6,53,0,125,ON,OFF,ON,0,34.2,30,0,13492,OFF,OFF,29.4,29.5,10.34,29.4,12.1,9.0,6.0,91.78,38.0,79.89,9,82,26,12,3,1,OFF,OFF,100,100,6.099,1.268,1,0,ON,ON,0.922,4.372,0,0,OFF,OFF,0,0,100,100,0,0.156,69,576,9.2,71,14.2,0,28.2,44,0,15.4,959,96.1,9.3,62.16466,378457,88,0,10.9,2,0,0.492,74,28.68,36.33,28.97,96,17.5,0.5642,9,44,0,31.4,0,0,0
2021-09-04,03:21:31,11.5,10.9,11.44,10.89,12.89,12.38,84,86,82,0,0,0,5.02,0.0,0.0,0.0,0.0,0.0,0.0,23.6,53,0,125,ON,OFF,ON,0,34.2,30,0,13492,OFF,OFF,29.4,29.5,10.34,29.4,12.1,9.0,6.0,91.78,38.0,79.89,9,82,26,12,3,1,OFF,OFF,100,100,6.099,1.268,1,0,ON,ON,0.922,4.372,0,0,OFF,OFF,0,0,100,100,0,0.156,69,576,9.2,71,14.2,0,28.2,44,0,15.4,959,96.1,9.3,62.16466,378457,88,0,10.9,2,0,0.492,74,28.68,36.33,28.97,96,17.5,0.5642,9,44,0,31.4,0,0,0
2021-09-04,03:22:01,11.5,10.9,11.44,10.89,12.89,12.38,84,86,82,0,0,0,5.02,0.0,0.0,0.0,0.0,0.0,0.0,23.6,53,0,125,ON,OFF,ON,0,34.2,30,0,13492,OFF,OFF,29.4,29.5,10.34,29.4,12.1,9.0,6.0,91.78,38.0,79.89,9,82,26,12,3,1,OFF,OFF,100,100,6.099,1.268,1,0,ON,ON,0.922,4.372,0,0,OFF,OFF,0,0,100,100,0,0.156,69,576,9.2,71,14.2,0,28.2,44,0,15.4,959,96.1,9.3,62.16466,378457,88,0,10.9,2,0,0.492,74,28.68,36.33,28.97,96,17.5,0.5642,9,44,0,31.4,0,0,0
2021-09-04,03:22:31,11.5,10.9,11.44,10.89,12.89,12.38,84,86,82,0,0,0,5.02,0.0,0.0,0.0,0.0,0.0,0.0,23.6,53,0,125,ON,OFF,ON,0,34.2,30,0,13492,OFF,OFF,29.4,29.5,10.34,29.4,12.1,9.0,6.0,91.78,38.0,79.89,9,82,26,12,3,1,OFF,OFF,100,100,6.099,1.268,1,0,ON,ON,0.922,4.372,0,0,OFF,OFF,0,0,100,100,0,0.156,69,576,9.2,71,14.2,0,28.2,44,0,15.4,959,96.1,9.3,62.16466,378457,88,0,10.9,2,0,0.492,74,28.68,36.33,28.97,96,17.5,0.5642,9,44,0,31.4,0,0,0
2021-09-04,03:23:01,11.5,10.9,11.44,10.89,12.89,12.38,84,86,82,0,0,0,5.02,0.0,0.0,0.0,0.0,0.0,0.0,23.6,53,0,125,ON,OFF,ON,0,34.2,30,0,13492,OFF,OFF,29.4,29.5,10.34,29.4,12.1,9.0,6.0,91.78,38.0,79.89,9,82,26,12,3,1,OFF,OFF,100,100,6.099,1.268,1,0,ON,ON,0.922,4.372,0,0,OFF,OFF,0,0,100,100,0,0.156,69,576,9.2,71,14.2,0,28.2,44,0,15.4,959,96.1,9.3,62.16466,378457,88,0,10.9,2,0,0.492,74,28.68,36.33,28.97,96,17.5,0.5642,9,44,0,31.4,0,0,0
2021-09-04,03:23:31,11.5,10.9,11.44,10.89,12.89,12.38,84,86,82,0,0,0,5.02,0.0,0.0,0.0,0.0,0.0,0.0,23.6,53,0,125,ON,OFF,ON,0,34.2,30,0,13492,OFF,OFF,29.4,29.5,10.34,29.4,12.1,9.0,6.0,91.78,38.0,79.89,9,82,26,12,3,1,OFF,OFF,100,100,6.099,1.268,1,0,ON,ON,0.922,4.372,0,0,OFF,OFF,0,0,100,100,0,0.156,69,576,9.2,71,14.2,0,28.2,44,0,15.4,959,96.1,9.3,62.16466,378457,88,0,10.9,2,0,0.492,74,28.68,36.33,28.97,96,17.5,0.5642,9,44,0,31.4,0,0,0
2021-09-04,03:24:01,11.5,10.9,11.44,10.89,12.89,12.38,84,86,82,0,0,0,5.02,0.0,0.0,0.0,0.0,0.0,0.0,23.6,53,0,125,ON,OFF,ON,0,34.2,30,0,13492,OFF,OFF,29.4,29.5,10.34,29.4,12.1,9.0,6.0,91.78,38.0,79.89,9,82,26,12,3,1,OFF,OFF,100,100,6.099,1.268,1,0,ON,ON,0.922,4.372,0,0,OFF,OFF,0,0,100,100,0,0.156,69,576,9.2,71,14.2,0,28.2,44,0,15.4,959,96.1,9.3,62.16466,378457,88,0,10.9,2,0,0.492,74,28.68,36.33,28.97,96,17.5,0.5642,9,44,0,31.4,0,0,0
2021-09-04,03:24:31,11.5,10.9,11.44,10.89,12.89,12.38,84,86,82,0,0,0,5.02,0.0,0.0,0.0,0.0,0.0,0.0,23.6,53,0,125,ON,OFF,ON,0,34.2,30,0,13492,OFF,OFF,29.4,29.5,10.34,29.4,12.1,9.0,6.0,91.78,38.0,79.89,9,82,26,12,3,1,OFF,OFF,100,100,6.099,1.268,1,0,ON,ON,0.922,4.372,0,0,OFF,OFF,0,0,100,100,0,0.156,69,576,9.2,71,14.2,0,28.2,44,0,15.4,959,96.1,9.3,62.16466,378457,88,0,10.9,2,0,0.492,74,28.68,36.33,28.97,96,17.5,0.5642,9,44,0,31.4,0,0,0
2021-09-04,03:25:01,11.5,10.9,11.44,10.89,12.89,12.38,84,86,82,0,0,0,5.02,0.0,0.0,0.0,0.0,0.0,0.0,23.6,53,0,125,ON,OFF,ON,0,34.2,30,0,13492,OFF,OFF,29.4,29.5,10.34,29.4,12.1,9.0,6.0,91.78,38.0,79.89,9,82,26,12,3,1,OFF,OFF,100,100,6.099,1.268,1,0,ON,ON,0.922,4.372,0,0,OFF,OFF,0,0,100,100,0,0.156,69,576,9.2,71,14.2,0,28.2,44,0,15.4,959,96.1,9.3,62.16466,378457,88,0,10.9,2,0,0.492,74,28.68,36.33,28.97,96,17.5,0.5642,9,44,0,31.4,0,0,0
2021-09-04,03:25:31,11.5,10.9,11.44,10.89,12.89,12.38,84,86,82,0,0,0,5.02,0.0,0.0,0.0,0.0,0.0,0.0,23.6,53,0,125,ON,OFF,ON,0,34.2,30,0,13492,OFF,OFF,29.4,29.5,10.34,29.4,12.1,9.0,6.0,91.78,38.0,79.89,9,82,26,12,3,1,OFF,OFF,100,100,6.099,1.268,1,0,ON,ON,0.922,4.372,0,0,OFF,OFF,0,0,100,100,0,0.156,69,576,9.2,71,14.2,0,28.2,44,0,15.4,959,96.1,9.3,62.16466,378457,88,0,10.9,2,0,0.492,74,28.68,36.33,28.97,96,17.5,0.5642,9,44,0,31.4,0,0,0
2021-09-04,03:26:01,11.5,10.9,11.44,10.89,12.89,12.38,84,86,82,0,0,0,5.02,0.0,0.0,0.0,0.0,0.0,0.0,23.6,53,0,125,ON,OFF,ON,0,34.2,30,0,13492,OFF,OFF,29.4,29.5,10.34,29.4,12.1,9.0,6.0,91.78,38.0,79.89,9,82,26,12,3,1,OFF,OFF,100,100,6.099,1.268,1,0,ON,ON,0.922,4.372,0,0,OFF,OFF,0,0,100,100,0,0.156,69,576,9.2,71,14.2,0,28.2,44,0,15.4,959,96.1,9.3,62.16466,378457,88,0,10.9,2,0,0.492,74,28.68,36.33,28.97,96,17.5,0.5642,9,44,0,31.4,0,0,0
2021-09-04,03:26:31,11.5,10.9,11.44,10.89,12.89,12.38,84,86,82,0,0,0,5.02,0.0,0.0,0.0,0.0,0.0,0.0,23.6,53,0,125,ON,OFF,ON,0,34.2,30,0,13492,OFF,OFF,29.4,29.5,10.34,29.4,12.1,9.0,6.0,91.78,38.0,79.89,9,82,26,12,3,1,OFF,OFF,100,100,6.099,1.268,1,0,ON,ON,0.922,4.372,0,0,OFF,OFF,0,0,100,100,0,0.156,69,576,9.2,71,14.2,0,28.2,44,0,15.4,959,96.1,9.3,62.16466,378457,88,0,10.9,2,0,0.492,74,28.68,36.33,28.97,96,17.5,0.5642,9,44,0,31.4,0,0,0
2021-09-04,03:27:10,11.5,10.9,11.44,10.89,12.89,12.38,84,86,82,0,0,0,5.02,0.0,0.0,0.0,0.0,0.0,0.0,23.6,53,0,125,ON,OFF,ON,0,34.2,30,0,13492,OFF,OFF,29.4,29.5,10.34,29.4,12.1,9.0,6.0,91.78,38.0,79.89,9,82,26,12,3,1,OFF,OFF,100,100,6.099,1.268,1,0,ON,ON,0.922,4.372,0,0,OFF,OFF,0,0,100,100,0,0.156,69,576,9.2,71,14.2,0,28.2,44,0,15.4,959,96.1,9.3,62.16466,378457,88,0,10.9,2,0,0.492,74,28.16,36.33,28.97,96,17.5,0.5642,9,44,0,31.4,0,0,0
2021-09-04,03:27:40,11.5,10.9,11.44,10.89,12.89,12.38,84,86,82,0,0,0,5.02,0.0,0.0,0.0,0.0,0.0,0.0,23.6,53,0,125,ON,OFF,ON,0,34.2,30,0,13492,OFF,OFF,29.4,29.5,10.34,29.4,12.1,9.0,6.0,91.78,38.0,79.89,9,82,26,12,3,1,OFF,OFF,100,100,6.099,1.268,1,0,ON,ON,0.922,4.372,0,0,OFF,OFF,0,0,100,100,0,0.156,69,576,9.2,71,14,0,28.1,44,0,14.9,959,96.1,9.3,62.16466,378457,88,0,10.9,2,0,0.492,74,28.16,36.33,28.97,96,17.5,0.5642,9,44,0,31.4,0,0,0
2021-09-04,03:28:10,11.5,10.9,11.44,10.89,12.89,12.38,84,86,82,0,0,0,5.02,0.0,0.0,0.0,0.0,0.0,0.0,23.6,53,0,125,ON,OFF,ON,0,34.2,30,0,13492,OFF,OFF,29.4,29.5,10.34,29.4,12.1,9.0,6.0,91.78,38.0,79.89,9,82,26,12,3,1,OFF,OFF,100,100,6.099,1.268,1,0,ON,ON,0.922,4.372,0,0,OFF,OFF,0,0,100,100,0,0.156,69,576,9.2,71,14,0,28.1,44,0,14.9,959,96.1,9.3,62.16466,378457,88,0,10.9,2,0,0.492,74,28.16,36.33,28.97,96,17.5,0.5642,9,44,0,31.4,0,0,0
2021-09-04,03:28:40,11.5,10.9,11.44,10.89,12.89,12.38,84,86,82,0,0,0,5.02,0.0,0.0,0.0,0.0,0.0,0.0,23.6,53,0,125,ON,OFF,ON,0,34.2,30,0,13492,OFF,OFF,29.4,29.5,10.34,29.4,12.1,9.0,6.0,91.78,38.0,79.89,9,82,26,12,3,1,OFF,OFF,100,100,6.099,1.268,1,0,ON,ON,0.922,4.372,0,0,OFF,OFF,0,0,100,100,0,0.156,69,576,9.2,71,14,0,28.1,44,0,14.9,959,96.1,9.3,62.16466,378457,88,0,10.9,2,0,0.492,74,28.16,36.33,28.97,96,17.5,0.5642,9,44,0,31.4,0,0,0
2021-09-04,03:29:10,11.5,10.9,11.44,10.89,12.89,12.38,84,86,82,0,0,0,5.02,0.0,0.0,0.0,0.0,0.0,0.0,23.6,53,0,125,ON,OFF,ON,0,34.2,30,0,13492,OFF,OFF,29.4,29.5,10.34,29.4,12.1,9.0,6.0,91.78,38.0,79.89,9,82,26,12,3,1,OFF,OFF,100,100,6.099,1.268,1,0,ON,ON,0.922,4.372,0,0,OFF,OFF,0,0,100,100,0,0.156,69,576,9.2,71,14,0,28.1,44,0,14.9,959,96.1,9.3,62.16466,378457,88,0,10.9,2,0,0.492,74,28.16,36.33,28.97,96,17.5,0.5642,9,44,0,31.4,0,0,0
2021-09-04,03:29:40,11.5,10.9,11.44,10.89,12.89,12.38,84,86,82,0,0,0,5.02,0.0,0.0,0.0,0.0,0.0,0.0,23.6,53,0,125,ON,OFF,ON,0,34.2,30,0,13492,OFF,OFF,29.4,29.5,10.34,29.4,12.1,9.0,6.0,91.78,38.0,79.89,9,82,26,12,3,1,OFF,OFF,100,100,6.099,1.268,1,0,ON,ON,0.922,4.372,0,0,OFF,OFF,0,0,100,100,0,0.156,69,576,9.2,71,14,0,28.1,44,0,14.9,959,96.1,9.3,62.16466,378457,88,0,10.9,2,0,0.492,74,28.16,36.33,28.97,96,17.5,0.5642,9,44,0,31.4,0,0,0
2021-09-04,03:30:10,10.9,10.27,11.04,10.45,12.69,12.16,85,86,82,0,0,0,5.16,0.0,0.0,0.0,0.0,0.0,0.0,23.6,53,0,125,ON,OFF,ON,0,34.2,30,0,13492,OFF,OFF,29.4,29.5,10.34,29.4,12.1,9.0,6.0,91.78,38.0,79.89,9,82,26,12,3,1,OFF,OFF,100,100,6.099,1.268,1,0,ON,ON,0.922,4.372,0,0,OFF,OFF,0,0,100,100,0,0.156,69,576,9.2,71,14,0,28.1,44,0,14.9,959,96.1,9.3,62.16466,378457,88,0,10.9,2,0,0.492,74,28.16,35.77,28.97,96,17.5,0.5642,9,44,0,31.4,0,0,0
2021-09-04,03:30:40,10.9,10.27,11.04,10.45,12.69,12.16,85,86,82,0,0,0,5.16,0.0,0.0,0.0,0.0,0.0,0.0,23.6,53,0,125,ON,OFF,ON,0,34.2,30,0,13492,OFF,OFF,29.4,29.5,10.34,29.4,12.1,9.0,6.0,91.78,38.0,79.89,9,82,26,12,3,1,OFF,OFF,100,100,6.099,1.268,1,0,ON,ON,0.922,4.372,0,0,OFF,OFF,0,0,100,100,0,0.156,69,576,9.2,71,14,0,28.1,44,0,14.9,959,96.1,9.3,62.16466,378457,88,0,10.9,2,0,0.492,74,28.16,35.77,28.97,96,17.5,0.5642,9,44,0,31.4,0,0,0
2021-09-04,03:31:10,10.9,10.27,11.04,10.45,12.69,12.16,85,86,82,0,0,0,5.16,0.0,0.0,0.0,0.0,0.0,0.0,23.6,53,0,125,ON,OFF,ON,0,34.2,30,0,13492,OFF,OFF,29.4,29.5,10.34,29.4,12.1,9.0,6.0,91.78,38.0,79.89,9,82,26,12,3,1,OFF,OFF,100,100,6.099,1.268,1,0,ON,ON,0.922,4.372,0,0,OFF,OFF,0,0,100,100,0,0.156,69,576,9.2,71,14,0,28.1,44,0,14.9,959,96.1,9.3,62.16466,378457,88,0,10.9,2,0,0.492,74,28.16,35.77,28.97,96,17.5,0.5642,9,44,0,31.4,0,0,0
2021-09-04,03:31:40,10.9,10.27,11.04,10.45,12.69,12.16,85,86,82,0,0,0,5.16,0.0,0.0,0.0,0.0,0.0,0.0,23.6,53,0,125,ON,OFF,ON,0,34.2,30,0,13492,OFF,OFF,29.4,29.5,10.34,29.4,12.1,9.0,6.0,91.78,38.0,79.89,9,82,26,12,3,1,OFF,OFF,100,100,6.099,1.268,1,0,ON,ON,0.922,4.372,0,0,OFF,OFF,0,0,100,100,0,0.156,69,576,9.2,71,14,0,28.1,44,0,14.9,959,96.1,9.3,62.16466,378457,88,0,10.9,2,0,0.492,74,28.16,35.77,28.97,96,17.5,0.5642,9,44,0,31.4,0,0,0
2021-09-04,03:32:10,10.9,10.27,11.04,10.45,12.69,12.16,85,86,82,0,0,0,5.16,0.0,0.0,0.0,0.0,0.0,0.0,23.6,53,0,125,ON,OFF,ON,0,34.2,30,0,13492,OFF,OFF,29.4,29.5,10.34,29.4,12.1,9.0,6.0,91.78,38.0,79.89,9,82,26,12,3,1,OFF,OFF,100,100,6.099,1.268,1,0,ON,ON,0.922,4.372,0,0,OFF,OFF,0,0,100,100,0,0.156,69,576,9.2,71,14,0,28.1,44,0,14.9,959,96.1,9.3,62.16466,378457,88,0,10.9,2,0,0.492,74,28.16,35.77,28.97,96,17.5,0.5642,9,44,0,31.4,0,0,0
2021-09-04,03:32:40,10.9,10.27,11.04,10.45,12.69,12.16,85,86,82,0,0,0,5.16,0.0,0.0,0.0,0.0,0.0,0.0,23.6,53,0,125,ON,OFF,ON,0,34.2,30,0,13492,OFF,OFF,29.4,29.5,10.34,29.4,12.1,9.0,6.0,91.78,38.0,79.89,9,82,26,12,3,1,OFF,OFF,100,100,6.099,1.268,1,0,ON,ON,0.922,4.372,0,0,OFF,OFF,0,0,100,100,0,0.156,69,576,9.2,71,14,0,28.1,44,0,14.9,959,96.1,9.3,62.16466,378457,88,0,10.9,2,0,0.492,74,28.16,35.77,28.97,96,17.5,0.5642,9,44,0,31.4,0,0,0
2021-09-04,03:33:10,10.9,10.27,11.04,10.45,12.69,12.16,85,86,82,0,0,0,5.16,0.0,0.0,0.0,0.0,0.0,0.0,23.6,53,0,125,ON,OFF,ON,0,34.2,30,0,13492,OFF,OFF,29.4,29.5,10.34,29.4,12.1,9.0,6.0,91.78,38.0,79.89,9,82,26,12,3,1,OFF,OFF,100,100,6.099,1.268,1,0,ON,ON,0.922,4.372,0,0,OFF,OFF,0,0,100,100,0,0.156,69,576,9.2,71,14,0,28.1,44,0,14.9,959,96.1,9.3,62.16466,378457,88,0,10.9,2,0,0.492,74,28.16,35.77,28.97,96,17.5,0.5642,9,44,0,31.4,0,0,0
2021-09-04,03:33:56,10.9,10.27,11.04,10.45,12.69,12.16,85,86,82,0,0,0,5.16,0.0,0.0,0.0,0.0,0.0,0.0,23.6,53,0,125,ON,OFF,ON,0,34.2,30,0,13492,OFF,OFF,29.4,29.5,10.34,29.4,12.1,9.0,6.0,91.78,38.0,79.89,9,82,26,12,3,1,OFF,OFF,100,100,6.099,1.268,1,0,ON,ON,0.922,4.372,0,0,OFF,OFF,0,0,100,100,0,0.156,69,576,9.2,71,14,0,28.1,44,0,14.9,959,96.1,9.3,62.16466,378457,88,0,10.9,2,0,0.492,74,28.16,35.77,28.97,96,17.5,0.5642,9,44,0,31.4,0,0,0
2021-09-04,03:34:26,10.9,10.27,11.04,10.45,12.69,12.16,85,86,82,0,0,0,5.16,0.0,0.0,0.0,0.0,0.0,0.0,23.6,53,0,125,ON,OFF,ON,0,34.2,30,0,13492,OFF,OFF,29.4,29.5,10.34,29.4,12.1,9.0,6.0,91.78,38.0,79.89,9,82,26,12,3,1,OFF,OFF,100,100,6.099,1.268,1,0,ON,ON,0.922,4.372,0,0,OFF,OFF,0,0,100,100,0,0.156,69,576,9.2,71,14,0,28.1,44,0,14.9,959,96.1,9.3,62.16466,378457,88,0,10.9,2,0,0.492,74,28.16,35.77,28.97,96,17.5,0.5642,9,44,0,31.4,0,0,0
2021-09-04,03:34:56,10.9,10.27,11.04,10.45,12.69,12.16,85,86,82,0,0,0,5.16,0.0,0.0,0.0,0.0,0.0,0.0,23.6,53,0,125,ON,OFF,ON,0,34.2,30,0,13492,OFF,OFF,29.4,29.5,10.34,29.4,12.1,9.0,6.0,91.78,38.0,79.89,9,82,26,12,3,1,OFF,OFF,100,100,6.1,1.268,1,0,ON,ON,0.922,4.372,0,0,OFF,OFF,0,0,100,100,0,0.156,69,576,9.2,71,14,0,28.1,44,0,14.9,959,96.1,9.3,62.16466,378457,88,0,10.9,2,0,0.492,74,28.16,35.77,28.97,96,17.5,0.5642,9,44,0,31.4,0,0,0
2021-09-04,03:35:26,10.9,10.27,11.04,10.45,12.69,12.16,85,86,82,0,0,0,5.16,0.0,0.0,0.0,0.0,0.0,0.0,23.6,53,0,125,ON,OFF,ON,0,34.2,30,0,13492,OFF,OFF,29.4,29.5,10.34,29.4,12.1,9.0,6.0,91.78,38.0,79.89,9,82,25.5,12,3,1,OFF,OFF,100,100,6.1,1.268,1,0,ON,ON,0.922,4.372,0,0,OFF,OFF,0,0,100,100,0,0.156,69,576,9.2,71,14,0,28.1,44,0,14.9,959,96.1,9.3,62.16466,378457,88,0,10.9,2,0,0.492,74,28.16,35.77,28.97,96,17.5,0.5642,9,44,0,31.4,0,0,0
2021-09-04,03:35:56,10.9,10.27,11.04,10.45,12.69,12.16,85,86,82,0,0,0,5.16,0.0,0.0,0.0,0.0,0.0,0.0,23.6,53,0,125,ON,OFF,ON,0,34.2,30,0,13492,OFF,OFF,29.4,29.5,10.34,29.4,12.1,9.0,6.0,91.78,38.0,79.89,9,82,25.5,11.5,3,1,OFF,OFF,100,100,6.1,1.268,1,0,ON,ON,0.922,4.372,0,0,OFF,OFF,0,0,100,100,0,0.156,69,576,9.2,71,14,0,28.1,44,0,14.9,859,96.1,9.3,62.16466,378457,88,0,10.9,2,0,0.492,74,28.16,35.77,28.97,96,17.5,0.5642,9,44,0,31.4,0,0,0
2021-09-04,03:36:26,10.9,10.27,11.04,10.45,12.69,12.16,85,86,82,0,0,0,5.16,0.0,0.0,0.0,0.0,0.0,0.0,23.6,53,0,125,ON,OFF,ON,0,34.2,30,0,13492,OFF,OFF,29.4,29.5,10.34,29.4,12.1,9.0,6.0,91.78,38.0,79.89,9,82,25.5,11.5,3,1,OFF,OFF,100,100,6.1,1.268,1,0,ON,ON,0.922,4.372,0,0,OFF,OFF,0,0,100,100,0,0.156,69,576,9.2,71,14,0,28.1,44,0,14.9,859,96.1,9.3,62.16466,378457,88,0,10.9,2,0,0.492,74,28.16,35.77,28.97,96,17.5,0.5642,9,44,0,31.4,0,0,0
2021-09-04,03:36:56,10.9,10.27,11.04,10.45,12.69,12.16,85,86,82,0,0,0,5.16,0.0,0.0,0.0,0.0,0.0,0.0,23.6,53,0,125,ON,OFF,ON,0,34.2,30,0,13492,OFF,OFF,29.4,29.5,10.34,29.4,12.1,9.0,6.0,91.78,38.0,79.89,9,82,25.5,11.5,3,1,OFF,OFF,100,100,6.1,1.268,1,0,ON,ON,0.922,4.372,0,0,OFF,OFF,0,0,100,100,0,0.156,69,576,9.2,71,14,0,28.1,44,0,14.9,859,96.1,9.3,62.16466,378457,88,0,10.9,2,0,0.492,74,28.16,35.77,28.97,96,17.5,0.5642,9,44,0,31.4,0,0,0
2021-09-04,03:37:26,10.9,10.27,11.04,10.45,12.69,12.16,85,86,82,0,0,0,5.16,0.0,0.0,0.0,0.0,0.0,0.0,23.6,53,0,125,ON,OFF,ON,0,34.2,30,0,13492,OFF,OFF,29.4,29.5,10.34,29.4,12.1,9.0,6.0,91.78,38.0,79.89,9,82,25.5,11.5,3,1,OFF,OFF,100,100,6.1,1.268,1,0,ON,ON,0.922,4.372,0,0,OFF,OFF,0,0,100,100,0,0.156,69,576,9.2,71,14,0,28.1,44,0,14.9,859,96.1,9.3,62.16466,378457,88,0,10.9,2,0,0.492,74,28.16,35.77,28.97,96,17.5,0.5642,9,44,0,31.4,0,0,0
2021-09-04,03:37:56,10.9,10.27,11.04,10.45,12.69,12.16,85,86,82,0,0,0,5.16,0.0,0.0,0.0,0.0,0.0,0.0,23.6,53,0,125,ON,OFF,ON,0,34.2,30,0,13492,OFF,OFF,29.4,29.5,10.34,29.4,12.1,9.0,6.0,91.78,38.0,79.89,9,82,25.5,11.5,3,1,OFF,OFF,100,100,6.1,1.268,1,0,ON,ON,0.922,4.372,0,0,OFF,OFF,0,0,100,100,0,0.156,69,576,9.2,71,14,0,28.1,44,0,14.9,859,96.1,9.3,62.16466,378457,88,0,10.9,2,0,0.492,74,28.16,35.77,28.97,96,17.5,0.5642,9,44,0,31.4,0,0,0
2021-09-04,03:38:26,10.9,10.27,11.04,10.45,12.69,12.16,85,86,82,0,0,0,5.16,0.0,0.0,0.0,0.0,0.0,0.0,23.6,53,0,125,ON,OFF,ON,0,34.2,30,0,13492,OFF,OFF,29.4,29.5,10.34,29.4,12.1,9.0,6.0,91.78,38.0,79.89,9,82,25.5,11.5,3,1,OFF,OFF,100,100,6.1,1.268,1,0,ON,ON,0.922,4.372,0,0,OFF,OFF,0,0,100,100,0,0.156,69,576,9.2,71,14,0,28.1,44,0,14.9,859,96.1,9.3,62.16466,378457,88,0,10.9,2,0,0.492,74,28.16,35.77,28.97,96,17.5,0.5642,9,44,0,31.4,0,0,0
2021-09-04,03:38:56,10.9,10.27,11.04,10.45,12.69,12.16,85,86,82,0,0,0,5.16,0.0,0.0,0.0,0.0,0.0,0.0,23.6,53,0,125,ON,OFF,ON,0,34.2,30,0,13492,OFF,OFF,29.4,29.5,10.34,29.4,12.1,9.0,6.0,91.78,38.0,79.89,9,82,25.5,11.5,3,1,OFF,OFF,100,100,6.1,1.268,1,0,ON,ON,0.922,4.372,0,0,OFF,OFF,0,0,100,100,0,0.156,69,576,9.2,71,14,0,28.1,44,0,14.9,859,96.1,9.3,62.16466,378457,88,0,10.9,2,0,0.492,74,28.16,35.77,28.97,96,17.5,0.5642,9,44,0,31.4,0,0,0
2021-09-04,03:39:26,10.9,10.27,11.04,10.45,12.69,12.16,85,86,82,0,0,0,5.16,0.0,0.0,0.0,0.0,0.0,0.0,23.6,53,0,125,ON,OFF,ON,0,34.2,30,0,13492,OFF,OFF,29.4,29.5,10.34,29.4,12.1,9.0,6.0,91.78,38.0,79.89,9,82,25.5,11.5,3,1,OFF,OFF,100,100,6.1,1.268,1,0,ON,ON,0.922,4.372,0,0,OFF,OFF,0,0,100,100,0,0.156,69,576,9.2,71,14,0,28.1,44,0,14.9,859,96.1,9.3,62.16466,378457,88,0,10.9,2,0,0.492,74,28.16,35.77,28.97,96,17.5,0.5642,9,44,0,31.4,0,0,0
2021-09-04,03:39:56,10.9,10.27,11.04,10.45,12.69,12.16,85,86,82,0,0,0,5.16,0.0,0.0,0.0,0.0,0.0,0.0,23.6,53,0,125,ON,OFF,ON,0,34.2,30,0,13492,OFF,OFF,29.4,29.5,10.34,29.4,12.1,9.0,6.0,91.78,38.0,79.89,9,82,25.5,11.5,3,1,OFF,OFF,100,100,6.1,1.268,1,0,ON,ON,0.922,4.372,0,0,OFF,OFF,0,0,100,100,0,0.156,69,576,9.2,71,14,0,28.1,44,0,14.9,859,96.1,9.3,62.16466,378457,88,0,10.9,2,0,0.492,74,28.16,35.77,28.97,96,17.5,0.5642,9,44,0,31.4,0,0,0
2021-09-04,03:40:26,10.9,10.27,11.04,10.45,12.69,12.16,85,86,82,0,0,0,5.16,0.0,0.0,0.0,0.0,0.0,0.0,23.6,53,0,125,ON,OFF,ON,0,34.2,30,0,13492,OFF,OFF,29.4,29.5,10.34,29.4,12.1,9.0,6.0,91.78,38.0,79.89,9,82,25.5,11.5,3,1,OFF,OFF,100,100,6.1,1.268,1,0,ON,ON,0.922,4.372,0,0,OFF,OFF,0,0,100,100,0,0.156,69,576,9.2,71,14,0,28.1,44,0,14.9,859,96.1,9.3,62.16466,378457,88,0,10.9,2,0,0.492,74,28.16,35.77,28.97,96,17.5,0.5642,9,44,0,31.4,0,0,0
2021-09-04,03:40:56,10.9,10.27,11.04,10.45,12.69,12.16,85,86,82,0,0,0,5.16,0.0,0.0,0.0,0.0,0.0,0.0,23.6,53,0,125,ON,OFF,ON,0,34.2,30,0,13492,OFF,OFF,29.4,29.5,10.34,29.4,12.1,9.0,6.0,91.78,38.0,79.89,9,82,25.5,11.5,3,1,OFF,OFF,100,100,6.1,1.268,1,0,ON,ON,0.922,4.372,0,0,OFF,OFF,0,0,100,100,0,0.156,69,576,9.2,71,14,0,28.1,44,0,14.9,859,96.1,9.3,62.16466,378457,88,0,10.9,2,0,0.492,74,28.16,35.77,28.45,96,17.5,0.5642,9,44,0,31.4,0,0,0
2021-09-04,03:41:26,10.9,10.27,11.04,10.45,12.69,12.16,85,86,82,0,0,0,5.16,0.0,0.0,0.0,0.0,0.0,0.0,23.6,53,0,125,ON,OFF,ON,0,34.2,30,0,13492,OFF,OFF,29.4,29.5,10.34,29.4,12.1,9.0,6.0,91.78,38.0,79.89,9,82,25.5,11.5,3,1,OFF,OFF,100,100,6.1,1.268,1,0,ON,ON,0.922,4.372,0,0,OFF,OFF,0,0,100,100,0,0.156,69,576,9.2,71,14,0,28.1,44,0,14.9,859,96.1,9.3,62.16466,378457,88,0,10.9,2,0,0.492,74,28.16,35.77,28.45,96,17.5,0.5642,9,44,0,31.4,0,0,0
2021-09-04,03:41:56,10.9,10.27,11.04,10.45,12.69,12.16,85,86,82,0,0,0,5.16,0.0,0.0,0.0,0.0,0.0,0.0,23.6,53,0,125,ON,OFF,ON,0,34.2,30,0,13492,OFF,OFF,29.4,29.5,10.34,29.4,12.1,9.0,6.0,91.78,38.0,79.89,9,82,25.5,11.5,3,1,OFF,OFF,100,100,6.1,1.268,1,0,ON,ON,0.922,4.372,0,0,OFF,OFF,0,0,100,100,0,0.156,69,576,9.2,71,14,0,28.1,44,7.363,14.9,859,96.1,9.3,62.16466,378457,88,0,10.9,2,0,0.492,74,28.16,35.77,28.45,96,17.5,0.5642,9,44,0,31.4,0,0,0
2021-09-04,03:42:26,10.9,10.27,11.04,10.45,12.69,12.16,85,86,82,0,0,0,5.16,0.0,0.0,0.0,0.0,0.0,0.0,23.6,53,0,125,ON,OFF,ON,0,34.2,30,0,13492,OFF,OFF,29.4,29.5,10.34,29.4,12.1,9.0,6.0,91.78,38.0,79.89,9,82,25.5,11.5,3,1,OFF,OFF,100,100,6.1,1.268,1,0,ON,ON,0.922,4.372,0,0,OFF,OFF,0,0,100,100,0,0.156,69,576,9.2,71,14,0,28.1,44,7.363,14.9,859,96.1,9.3,62.16466,378457,88,0,10.9,2,0,0.492,74,28.16,35.77,28.45,96,17.5,0.5642,9,44,0,31.4,0,0,0
2021-09-04,03:42:56,10.9,10.27,11.04,10.45,12.69,12.16,85,86,82,0,0,0,5.16,0.0,0.0,0.0,0.0,0.0,0.0,23.6,53,0,125,ON,OFF,ON,0,34.2,30,0,13492,OFF,OFF,29.4,29.5,10.34,29.4,12.1,9.0,6.0,91.78,38.0,79.89,9,82,25.5,11.5,3,1,OFF,OFF,100,100,6.1,1.268,1,0,ON,ON,0.922,4.372,0,0,OFF,OFF,0,0,100,100,0,0.156,69,576,9.2,71,14,0,28.1,44,7.363,14.9,859,96.1,9.3,62.16466,378457,88,0,10.9,2,0,0.492,74,28.16,35.77,28.45,96,17.5,0.5642,9,44,0,31.4,0,0,0
2021-09-04,03:43:26,10.9,10.27,11.04,10.45,12.69,12.16,85,86,82,0,0,0,5.16,0.0,0.0,0.0,0.0,0.0,0.0,23.6,53,0,125,ON,OFF,ON,0,34.2,30,0,13492,OFF,OFF,29.4,29.5,10.34,29.4,12.1,9.0,6.0,91.78,38.0,79.89,9,82,25.5,11.5,3,1,OFF,OFF,100,100,6.1,1.268,1,0,ON,ON,0.922,4.372,0,0,OFF,OFF,0,0,100,100,0,0.156,69,576,9.2,71,14,0,28.1,44,7.363,14.9,859,96.1,9.3,62.16466,378457,88,0,10.9,2,0,0.492,74,28.16,35.77,28.45,96,17.5,0.5642,9,44,0,31.4,0,0,0
2021-09-04,03:43:56,10.9,10.27,11.04,10.45,12.69,12.16,85,86,82,0,0,0,5.16,0.0,0.0,0.0,0.0,0.0,0.0,23.6,53,0,125,ON,OFF,ON,0,34.2,30,0,13492,OFF,OFF,29.4,29.5,10.34,29.4,12.1,9.0,6.0,91.78,38.0,79.89,9,82,25.5,11.5,3,1,OFF,OFF,100,100,6.1,1.268,1,0,ON,ON,0.922,4.372,0,0,OFF,OFF,0,0,100,100,0,0.156,69,576,9.2,71,14,0,28.1,44,7.363,14.9,859,96.1,9.3,62.16466,378457,88,0,10.9,2,0,0.492,74,28.16,35.77,28.45,96,17.5,0.5642,9,44,0,31.4,0,0,0
2021-09-04,03:44:26,10.9,10.27,11.04,10.45,12.69,12.16,85,86,82,0,0,0,5.16,0.0,0.0,0.0,0.0,0.0,0.0,23.6,53,0,125,ON,OFF,ON,0,34.2,30,0,13492,OFF,OFF,29.4,29.5,10.34,29.4,12.1,9.0,6.0,91.78,38.0,79.89,9,82,25.5,11.5,3,1,OFF,OFF,100,100,6.1,1.268,1,0,ON,ON,0.922,4.372,0,0,OFF,OFF,0,0,100,100,0,0.156,69,576,9.2,71,14,0,28.1,44,7.363,14.9,859,96.1,9.3,62.16466,378457,88,0,10.9,2,0,0.492,74,28.16,35.77,28.45,96,17.5,0.5642,9,44,0,31.4,0,0,0
2021-09-04,03:45:09,10.9,10.27,11.04,10.45,12.69,12.16,85,86,82,0,0,0,5.16,0.0,0.0,0.0,0.0,0.0,0.0,23.6,53,0,125,ON,OFF,ON,0,34.2,30,0,13492,OFF,OFF,29.4,29.5,10.34,29.4,12.1,9.0,6.0,91.78,38.0,79.89,9,82,25.5,11.5,3,1,OFF,OFF,100,100,6.1,1.268,1,0,ON,ON,0.922,4.372,0,0,OFF,OFF,0,0,100,100,0,0.156,69,576,9.2,71,14,0,28.1,44,7.363,14.9,859,96.1,9.3,62.16466,378457,88,0,10.9,2,0,0.492,74,28.16,35.77,28.45,96,17.5,0.5642,9,44,0,31.4,0,0,0
2021-09-04,03:45:39,10.9,10.27,11.04,10.45,12.69,12.16,85,86,82,0,0,0,5.16,0.0,0.0,0.0,0.0,0.0,0.0,23.6,53,0,125,ON,OFF,ON,0,34.2,30,0,13492,OFF,OFF,29.4,29.5,10.34,29.4,12.1,9.0,6.0,91.78,38.0,79.89,9,82,25.5,11.5,3,1,OFF,OFF,100,100,6.1,1.268,1,0,ON,ON,0.922,4.372,0,0,OFF,OFF,0,0,100,100,0,0.156,69,576,9.2,71,14,0,28.1,44,7.363,14.9,859,96.1,9.3,62.16466,378457,88,0,10.9,2,0,0.492,74,28.16,35.77,28.45,96,17.5,0.5642,9,44,0,31.4,0,0,0
2021-09-04,03:46:09,10.9,10.27,11.04,10.45,12.69,12.16,85,86,82,0,0,0,5.16,0.0,0.0,0.0,0.0,0.0,0.0,23.6,53,0,125,ON,OFF,ON,0,34.2,30,0,13492,OFF,OFF,29.4,29.5,10.34,29.4,12.1,9.0,6.0,91.78,38.0,79.89,9,82,25.5,11.5,3,1,OFF,OFF,100,100,6.1,1.268,1,0,ON,ON,0.922,4.372,0,0,OFF,OFF,0,0,100,100,0,0.156,69,576,9.2,71,14,0,28.1,44,7.363,14.9,859,96.1,9.3,62.16466,378457,88,0,10.9,2,0,0.492,74,28.16,35.77,28.45,96,17.5,0.5642,9,44,0,31.4,0,0,0
2021-09-04,03:46:39,10.9,10.27,11.04,10.45,12.69,12.16,85,86,82,0,0,0,5.16,0.0,0.0,0.0,0.0,0.0,0.0,23.6,53,0,125,ON,OFF,ON,0,34.2,30,0,13492,OFF,OFF,29.4,29.5,10.34,29.4,12.1,9.0,6.0,91.78,38.0,79.89,9,82,25.5,11.5,3,1,OFF,OFF,100,100,6.1,1.268,1,0,ON,ON,0.922,4.372,0,0,OFF,OFF,0,0,100,100,0,0.156,69,576,9.2,71,14,0,28.1,44,7.363,14.9,859,96.1,9.3,62.16466,378457,88,0,10.9,2,0,0.492,74,28.16,35.77,28.45,96,17.5,0.5642,9,44,0,31.4,0,0,0
2021-09-04,03:47:09,10.9,10.27,11.04,10.45,12.69,12.16,85,86,82,0,0,0,5.16,0.0,0.0,0.0,0.0,0.0,0.0,23.6,53,0,125,ON,OFF,ON,0,34.2,30,0,13492,OFF,OFF,29.4,29.5,10.34,29.4,12.1,9.0,6.0,91.78,38.0,79.89,9,82,25.5,11.5,3,1,OFF,OFF,100,100,6.1,1.268,1,0,ON,ON,0.922,4.372,0,0,OFF,OFF,0,0,100,100,0,0.156,69,576,9.2,71,14,0,28.1,44,7.363,14.9,859,96.1,9.3,62.16466,378457,88,0,10.9,2,0,0.492,74,28.16,35.77,28.45,96,17.5,0.5642,9,44,0,31.4,0,0,0
2021-09-04,03:47:39,10.9,10.27,11.04,10.45,12.69,12.16,85,86,82,0,0,0,5.16,0.0,0.0,0.0,0.0,0.0,0.0,23.6,53,0,125,ON,OFF,ON,0,34.2,30,0,13492,OFF,OFF,29.4,29.5,10.34,29.4,12.1,9.0,6.0,91.78,38.0,79.89,9,82,25.5,11.5,3,1,OFF,OFF,100,100,6.1,1.268,1,0,ON,ON,0.922,4.372,0,0,OFF,OFF,0,0,100,100,0,0.156,69,576,9.2,71,14,0,28.1,44,7.363,14.9,859,96.1,9.3,62.16466,378457,88,0,10.9,2,0,0.492,74,28.16,35.77,28.45,96,17.5,0.5642,9,44,0,31.4,0,0,0
2021-09-04,03:48:09,10.9,10.27,11.04,10.45,12.69,12.16,85,86,82,0,0,0,5.16,0.0,0.0,0.0,0.0,0.0,0.0,23.6,53,0,125,ON,OFF,ON,0,34.2,30,0,13492,OFF,OFF,29.4,29.5,10.34,29.4,12.1,9.0,6.0,91.78,38.0,79.89,9,82,25.5,11.5,3,1,OFF,OFF,100,100,6.1,1.268,1,0,ON,ON,0.922,4.372,0,0,OFF,OFF,0,0,100,100,0,0.156,69,576,9.2,71,14,0,28.1,44,7.363,14.9,859,96.1,9.3,62.16466,378457,88,0,10.9,2,0,0.492,74,28.16,35.77,28.45,96,17.5,0.5642,9,44,0,31.4,0,0,0
2021-09-04,03:48:39,10.9,10.27,11.04,10.45,12.69,12.16,85,86,82,0,0,0,5.16,0.0,0.0,0.0,0.0,0.0,0.0,23.6,53,0,125,ON,OFF,ON,0,34.2,30,0,13492,OFF,OFF,29.4,29.5,10.34,29.4,12.1,9.0,6.0,91.78,38.0,79.89,9,82,25.5,11.5,3,1,OFF,OFF,100,100,6.1,1.268,1,0,ON,ON,0.922,4.372,0,0,OFF,OFF,0,0,100,100,0,0.156,69,576,9.2,71,13.6,0,28.1,44,7.363,14.9,859,96.1,9.3,62.16466,378457,88,0,10.9,2,0,0.492,74,28.16,35.77,28.45,96,17.5,0.5642,9,44,0,31.4,0,0,0
2021-09-04,03:49:25,10.9,10.27,11.04,10.45,12.69,12.16,85,86,82,0,0,0,5.16,0.0,0.0,0.0,0.0,0.0,0.0,23.6,53,0,125,ON,OFF,ON,0,34.2,30,0,13492,OFF,OFF,29.4,29.5,10.34,29.4,12.1,9.0,6.0,91.78,38.0,79.89,9,82,25.5,11.5,3,1,OFF,OFF,100,100,6.1,1.268,1,0,ON,ON,0.922,4.372,0,0,OFF,OFF,0,0,100,100,0,0.156,69,576,9.2,71,13.6,0,28.1,44,7.363,14.9,859,96.1,9.3,62.16466,378457,88,0,10.9,2,0,0.492,74,28.16,35.77,28.45,96,17.5,0.5642,9,44,0,31.4,0,0,0
2021-09-04,03:49:55,10.9,10.27,11.04,10.45,12.69,12.16,85,86,82,0,0,0,5.16,0.0,0.0,0.0,0.0,0.0,0.0,23.6,53,0,125,ON,OFF,ON,0,34.2,30,0,13492,OFF,OFF,29.4,29.5,10.34,29.4,12.1,9.0,6.0,91.78,38.0,79.89,9,82,25.5,11.5,3,1,OFF,OFF,100,100,6.1,1.268,1,0,ON,ON,0.922,4.372,0,0,OFF,OFF,0,0,100,100,0,0.156,69,576,9.2,71,13.6,0,28.1,44,7.363,14.9,859,96.1,9.3,62.16466,378457,88,0,10.9,2,0,0.492,74,28.16,35.77,28.45,96,17.5,0.5642,9,44,0,31.4,0,0,0
2021-09-04,03:50:25,10.9,10.27,11.04,10.45,12.69,12.16,85,86,82,0,0,0,5.16,0.0,0.0,0.0,0.0,0.0,0.0,23.6,53,0,125,ON,OFF,ON,0,34.2,30,0,13492,OFF,OFF,29.4,29.5,10.34,29.4,12.1,9.0,6.0,91.78,38.0,79.89,9,82,25.5,11.5,3,1,OFF,OFF,100,100,6.1,1.268,1,0,ON,ON,0.922,4.372,0,0,OFF,OFF,0,0,100,100,0,0.156,69,576,9.2,71,13.6,0,28.1,44,7.363,14.9,859,96.1,9.3,62.16466,378457,88,0,10.9,2,0,0.492,74,28.16,35.77,28.45,96,17.5,0.5642,9,44,0,31.4,0,0,0
2021-09-04,03:50:55,10.9,10.27,11.04,10.45,12.69,12.16,85,86,82,0,0,0,5.16,0.0,0.0,0.0,0.0,0.0,0.0,23.6,53,0,125,ON,OFF,ON,0,34.2,30,0,13492,OFF,OFF,29.4,29.5,10.34,29.4,12.1,9.0,6.0,91.78,38.0,79.89,9,82,25.5,11.5,3,1,OFF,OFF,100,100,6.1,1.268,1,0,ON,ON,0.922,4.372,0,0,OFF,OFF,0,0,100,100,0,0.156,69,576,9.2,71,13.6,0,27.7,44,7.363,14.9,859,96.1,9.3,62.16466,378457,88,0,10.9,2,0,0.492,74,28.16,35.77,28.45,96,17.5,0.5642,9,44,0,31.4,0,0,0
2021-09-04,03:51:25,10.9,10.27,11.04,10.45,12.69,12.16,85,86,82,0,0,0,5.16,0.0,0.0,0.0,0.0,0.0,0.0,23.6,53,0,125,ON,OFF,ON,0,34.2,30,0,13492,OFF,OFF,29.4,29.5,10.34,29.4,12.1,9.0,6.0,91.78,38.0,79.89,9,82,25.5,11.5,3,1,OFF,OFF,100,100,6.1,1.268,1,0,ON,ON,0.922,4.372,0,0,OFF,OFF,0,0,100,100,0,0.156,69,576,9.2,71,13.6,0,27.7,44,7.363,14.9,859,96.1,9.3,62.16466,378457,88,0,10.9,2,0,0.492,74,28.16,35.77,28.45,96,17.5,0.5642,9,44,0,31.4,0,0,0
2021-09-04,03:51:55,10.9,10.27,11.04,10.45,12.69,12.16,85,86,82,0,0,0,5.16,0.0,0.0,0.0,0.0,0.0,0.0,23.6,53,0,125,ON,OFF,ON,0,34.2,30,0,13492,OFF,OFF,29.4,29.5,10.34,29.4,12.1,9.0,6.0,91.78,38.0,79.89,9,82,25.5,11.5,3,1,OFF,OFF,100,100,6.1,1.268,1,0,ON,ON,0.922,4.372,0,0,OFF,OFF,0,0,100,100,0,0.156,69,576,9.2,71,13.6,0,27.7,44,7.363,14.9,859,96.1,9.3,62.16466,378457,88,0,10.9,2,0,0.492,74,28.16,35.77,28.45,96,17.5,0.5642,9,44,0,31.4,0,0,0
2021-09-04,03:52:25,10.9,10.27,11.04,10.45,12.69,12.16,85,86,82,0,0,0,5.16,0.0,0.0,0.0,0.0,0.0,0.0,23.6,53,0,125,ON,OFF,ON,0,34.2,30,0,13492,OFF,OFF,29.4,29.5,10.34,29.4,12.1,9.0,6.0,91.78,38.0,79.89,9,82,25.5,11.5,3,1,OFF,OFF,100,100,6.1,1.268,1,0,ON,ON,0.922,4.372,0,0,OFF,OFF,0,0,100,100,0,0.156,69,576,9.2,71,13.6,0,27.7,44,7.363,14.9,859,96.1,9.3,62.16466,378457,88,0,10.9,2,0,0.492,74,28.16,35.77,28.45,96,17.5,0.5642,9,44,0,31.4,0,0,0
2021-09-04,03:52:55,10.9,10.27,11.04,10.45,12.69,12.16,85,86,82,0,0,0,5.16,0.0,0.0,0.0,0.0,0.0,0.0,23.6,53,0,125,ON,OFF,ON,0,34.2,30,0,13492,OFF,OFF,29.4,29.5,10.34,29.4,12.1,9.0,6.0,91.78,38.0,79.89,9,82,25.5,11.5,3,1,OFF,OFF,100,100,6.1,1.268,1,0,ON,ON,0.922,4.372,0,0,OFF,OFF,0,0,100,100,0,0.156,69,576,9.2,71,13.6,0,27.7,44,7.363,14.9,859,96.1,9.3,62.16466,378457,88,0,10.9,2,0,0.492,74,28.16,35.77,28.45,96,17.5,0.5642,9,44,0,31.4,0,0,0
2021-09-04,03:53:25,10.9,10.27,11.04,10.45,12.69,12.16,85,86,82,0,0,0,5.16,0.0,0.0,0.0,0.0,0.0,0.0,23.6,53,0,125,ON,OFF,ON,0,34.2,30,0,13492,OFF,OFF,29.4,29.5,10.34,29.4,12.1,9.0,6.0,91.78,38.0,79.89,9,82,25.5,11.5,3,1,OFF,OFF,100,100,6.1,1.268,1,0,ON,ON,0.922,4.372,0,0,OFF,OFF,0,0,100,100,0,0.156,69,576,9.2,71,13.6,0,27.7,44,7.363,14.9,859,96.1,9.3,62.16466,378457,88,0,10.9,2,0,0.492,74,28.16,35.77,28.45,96,17.5,0.5642,9,44,0,31.4,0,0,0
2021-09-04,03:53:55,10.9,10.27,11.04,10.45,12.69,12.16,85,86,82,0,0,0,5.16,0.0,0.0,0.0,0.0,0.0,0.0,23.6,53,0,125,ON,OFF,ON,0,34.2,30,0,13492,OFF,OFF,29.4,29.5,10.34,29.4,12.1,9.0,6.0,91.78,38.0,79.89,9,82,25.5,11.5,3,1,OFF,OFF,100,100,6.1,1.268,1,0,ON,ON,0.922,4.372,0,0,OFF,OFF,0,0,100,100,0,0.156,69,576,9.2,71,13.6,0,27.7,44,7.363,14.9,859,96.1,9.3,62.16466,378457,88,0,10.9,2,0,0.492,74,28.16,35.77,28.45,96,17.5,0.5642,9,44,0,31.4,0,0,0
2021-09-04,03:54:25,10.9,10.27,11.04,10.45,12.69,12.16,85,86,82,0,0,0,5.16,0.0,0.0,0.0,0.0,0.0,0.0,23.6,53,0,125,ON,OFF,ON,0,34.2,30,0,13492,OFF,OFF,29.4,29.5,10.34,29.4,12.1,9.0,6.0,91.78,38.0,79.89,9,82,25.5,11.5,3,1,OFF,OFF,100,100,6.1,1.268,1,0,ON,ON,0.922,4.372,0,0,OFF,OFF,0,0,100,100,0,0.156,69,576,9.2,71,13.6,0,27.7,44,7.363,14.9,859,96.1,9.3,62.16466,378457,88,0,10.9,2,0,0.492,74,28.16,35.77,28.45,96,17.5,0.5642,9,44,0,31.4,0,0,0
2021-09-04,03:54:55,10.9,10.27,11.04,10.45,12.69,12.16,85,86,82,0,0,0,5.16,0.0,0.0,0.0,0.0,0.0,0.0,23.6,53,0,125,ON,OFF,ON,0,34.2,30,0,13492,OFF,OFF,29.4,29.5,10.34,29.4,12.1,9.0,6.0,91.78,38.0,79.89,9,82,25.5,11.5,3,1,OFF,OFF,100,100,6.1,1.268,1,0,ON,ON,0.922,4.372,0,0,OFF,OFF,0,0,100,100,0,0.156,69,576,9.2,71,13.6,0,27.7,44,7.363,14.9,859,96.1,9.3,62.16466,378457,88,0,10.9,2,0,0.492,74,28.16,35.77,28.45,96,17.5,0.5642,9,44,0,31.4,0,0,0
2021-09-04,03:55:25,10.9,10.27,11.04,10.45,12.69,12.16,85,86,82,0,0,0,5.16,0.0,0.0,0.0,0.0,0.0,0.0,23.6,53,0,125,ON,OFF,ON,0,34.2,30,0,13492,OFF,OFF,29.4,29.5,10.34,29.4,12.1,9.0,6.0,91.78,38.0,79.89,9,82,25.5,11.5,3,1,OFF,OFF,100,100,6.1,1.268,1,0,ON,ON,0.922,4.372,0,0,OFF,OFF,0,0,100,100,0,0.156,69,576,9.2,71,13.6,0,27.7,44,7.363,14.9,859,96.1,9.3,62.16466,378457,88,0,10.9,2,0,0.492,74,28.16,35.77,28.45,96,17.5,0.5642,9,44,0,31.4,0,0,0
2021-09-04,03:55:55,10.9,10.27,11.04,10.45,12.69,12.16,85,86,82,0,0,0,5.16,0.0,0.0,0.0,0.0,0.0,0.0,23.6,53,0,125,ON,OFF,ON,0,34.2,30,0,13492,OFF,OFF,29.4,29.5,10.34,29.4,12.1,9.0,6.0,91.78,38.0,79.89,9,82,25.5,11.5,3,1,OFF,OFF,100,100,6.1,1.268,1,0,ON,ON,0.922,4.372,0,0,OFF,OFF,0,0,100,100,0,0.156,69,576,9.2,71,13.6,0,27.7,44,7.363,14.9,859,96.1,9.3,62.16466,378457,88,0,10.9,2,0,0.492,74,28.16,35.77,28.45,96,17.5,0.5642,9,44,0,31.4,0,0,0
2021-09-04,03:56:25,10.9,10.27,11.04,10.45,12.69,12.16,85,86,82,0,0,0,5.16,0.0,0.0,0.0,0.0,0.0,0.0,23.6,53,0,125,ON,OFF,ON,0,34.2,30,0,13492,OFF,OFF,29.4,29.5,10.34,29.4,12.1,9.0,6.0,91.78,38.0,79.89,9,82,25.5,11.5,3,1,OFF,OFF,100,100,6.1,1.268,1,0,ON,ON,0.922,4.372,0,0,OFF,OFF,0,0,100,100,0,0.156,69,576,9.2,71,13.6,0,27.7,44,7.363,14.9,859,96.1,9.3,62.16466,378457,88,0,10.9,2,0,0.492,74,28.16,35.77,28.45,96,17.5,0.5642,9,44,0,31.4,0,0,0
2021-09-04,03:56:55,10.9,10.27,11.04,10.45,12.69,12.16,85,86,82,0,0,0,5.16,0.0,0.0,0.0,0.0,0.0,0.0,23.6,53,0,125,ON,OFF,ON,0,34.2,30,0,13492,OFF,OFF,29.4,29.5,10.34,29.4,12.1,9.0,6.0,91.78,38.0,79.89,9,82,25.5,11.5,3,1,OFF,OFF,100,100,6.1,1.268,1,0,ON,ON,0.922,4.372,0,0,OFF,OFF,0,0,100,100,0,0.156,69,576,9.2,71,13.6,0,27.7,44,7.363,14.9,859,96.1,9.3,62.16466,378457,88,0,10.9,2,0,0.492,74,28.16,35.77,28.45,96,17.5,0.5642,9,44,0,31.4,0,0,0
2021-09-04,03:57:25,10.9,10.27,11.04,10.45,12.69,12.16,85,86,82,0,0,0,5.16,0.0,0.0,0.0,0.0,0.0,0.0,23.6,53,0,125,ON,OFF,ON,0,34.2,30,0,13492,OFF,OFF,29.4,29.5,10.34,29.4,12.1,9.0,6.0,91.78,38.0,79.89,9,82,25.5,11.5,3,1,OFF,OFF,100,100,6.1,1.268,1,0,ON,ON,0.922,4.372,0,0,OFF,OFF,0,0,100,100,0,0.156,69,576,9.2,71,13.6,0,27.7,44,7.363,14.9,859,96.1,9.3,62.16466,378457,88,0,10.9,2,0,0.492,74,28.16,35.77,28.45,96,17.5,0.5642,9,44,0,31.4,0,0,0
2021-09-04,03:58:12,10.9,10.27,11.04,10.45,12.69,12.16,85,86,82,0,0,0,5.16,0.0,0.0,0.0,0.0,0.0,0.0,23.6,53,0,125,ON,OFF,ON,0,34.2,30,0,13492,OFF,OFF,29.4,29.5,10.34,29.4,12.1,9.0,6.0,91.78,38.0,79.89,9,82,25.5,11.5,3,1,OFF,OFF,100,100,6.1,1.268,1,0,ON,ON,0.922,4.372,0,0,OFF,OFF,0,0,100,100,0,0.156,69,576,8.4,71,13.5,0,27.6,44,7.273,14.4,841,96.1,9.3,62.16466,378457,88,0,10.9,2,0,0.492,74,28.16,35.77,28.45,96,17.5,0.5642,9,44,0,31.4,0,0,0
2021-09-04,03:58:42,10.9,10.27,11.04,10.45,12.69,12.16,85,86,82,0,0,0,5.16,0.0,0.0,0.0,0.0,0.0,0.0,23.6,53,0,125,ON,OFF,ON,0,34.2,30,0,13492,OFF,OFF,29.4,29.5,10.34,29.4,12.1,9.0,6.0,91.78,38.0,79.89,9,82,25.5,11.5,3,1,OFF,OFF,100,100,6.1,1.268,1,0,ON,ON,0.922,4.372,0,0,OFF,OFF,0,0,100,100,0,0.156,69,576,8.4,71,13.5,0,27.6,44,7.273,14.4,841,96.1,9.3,62.16466,378457,88,0,10.9,2,0,0.492,74,28.16,35.77,28.45,96,17.5,0.5642,9,44,0,31.4,0,0,0
2021-09-04,03:59:12,10.9,10.27,11.04,10.45,12.69,12.16,85,86,82,0,0,0,5.16,0.0,0.0,0.0,0.0,0.0,0.0,23.6,53,0,125,ON,OFF,ON,0,34.2,30,0,13492,OFF,OFF,29.4,29.5,10.34,29.4,12.1,9.0,6.0,91.78,38.0,79.89,9,82,25.5,11.5,3,1,OFF,OFF,100,100,6.1,1.268,1,0,ON,ON,0.922,4.372,0,0,OFF,OFF,0,0,100,100,0,0.156,69,576,8.4,71,13.5,0,27.6,44,7.273,14.4,841,96.1,9.3,62.16466,378457,88,0,10.9,2,0,0.492,74,28.16,35.77,28.45,96,17.5,0.5642,9,44,0,31.4,0,0,0
2021-09-04,03:59:42,10.9,10.27,11.04,10.45,12.69,12.16,85,86,82,0,0,0,5.16,0.0,0.0,0.0,0.0,0.0,0.0,23.6,53,0,125,ON,OFF,ON,0,34.2,30,0,13492,OFF,OFF,29.4,29.5,10.34,29.4,12.1,9.0,6.0,91.78,38.0,79.89,9,82,25.5,11.5,3,1,OFF,OFF,100,100,6.1,1.268,1,0,ON,ON,0.922,4.372,0,0,OFF,OFF,0,0,100,100,0,0.156,69,576,8.4,71,13.5,0,27.6,44,7.273,14.4,841,96.1,9.3,62.16466,378457,88,0,10.9,2,0,0.492,74,28.16,35.77,28.45,96,17.5,0.5642,9,44,0,31.4,0,0,0
2021-09-04,04:00:12,10.9,10.27,11.04,10.45,12.69,12.16,85,86,82,0,0,0,5.16,0.0,0.0,0.0,0.0,0.0,0.0,23.6,53,0,125,ON,OFF,ON,0,34.2,30,0,13492,OFF,OFF,29.4,29.5,10.34,29.4,12.1,9.0,6.0,91.78,38.0,79.89,9,82,25.5,11.5,3,1,OFF,OFF,100,100,6.1,1.268,1,0,ON,ON,0.922,4.372,0,0,OFF,OFF,0,0,100,100,0,0.156,69,576,8.4,71,13.5,0,27.6,44,7.273,14.4,841,96.1,9.3,62.16466,378457,88,0,10.9,2,0,0.492,74,28.16,35.77,28.45,96,17.5,0.5642,9,44,0,31.4,0,0,0
2021-09-04,04:00:42,10.9,10.27,11.04,10.45,12.69,12.16,85,86,82,0,0,0,5.16,0.0,0.0,0.0,0.0,0.0,0.0,23.6,53,0,125,ON,OFF,ON,0,34.2,30,0,13492,OFF,OFF,29.4,29.5,10.34,29.4,12.1,9.0,6.0,91.78,38.0,79.89,9,82,25.5,11.5,3,1,OFF,OFF,100,100,6.1,1.268,1,0,ON,ON,0.922,4.372,0,0,OFF,OFF,0,0,100,100,0,0.156,69,576,8.4,71,13.5,0,27.6,44,7.273,14.4,841,96.1,9.3,62.16466,378457,88,0,10.9,2,0,0.492,74,28.16,35.77,28.45,96,17.5,0.5642,9,44,0,31.4,0,0,0
2021-09-04,04:01:12,10.9,10.27,11.04,10.45,12.69,12.16,85,86,82,0,0,0,5.16,0.0,0.0,0.0,0.0,0.0,0.0,23.6,53,0,125,ON,OFF,ON,0,34.2,30,0,13492,OFF,OFF,29.4,29.5,10.34,29.4,12.1,9.0,6.0,91.78,38.0,79.89,9,82,25.5,11.5,3,1,OFF,OFF,100,100,6.1,1.268,1,0,ON,ON,0.922,4.372,0,0,OFF,OFF,0,0,100,100,0,0.156,69,576,8.4,71,13.5,0,27.6,44,7.273,14.4,841,96.1,9.3,62.16466,378457,88,0,10.9,2,0,0.492,74,28.16,35.77,28.45,96,17.5,0.5642,9,44,0,31.4,0,0,0
2021-09-04,04:01:42,10.9,10.27,11.04,10.45,12.69,12.16,85,86,82,0,0,0,5.16,0.0,0.0,0.0,0.0,0.0,0.0,23.6,53,0,125,ON,OFF,ON,0,34.2,30,0,13492,OFF,OFF,29.4,29.5,10.34,29.4,12.1,9.0,6.0,91.78,38.0,79.89,9,82,25.5,11.5,3,1,OFF,OFF,100,100,6.1,1.268,1,0,ON,ON,0.922,4.372,0,0,OFF,OFF,0,0,100,100,0,0.156,69,576,8.4,71,13.5,0,27.6,44,7.273,14.4,841,96.1,9.3,62.16466,378457,88,0,10.9,2,0,0.492,74,27.64,35.77,28.45,96,17.5,0.5642,9,44,0,31.4,0,0,0
2021-09-04,04:02:12,10.9,10.27,11.04,10.45,12.69,12.16,85,86,82,0,0,0,5.16,0.0,0.0,0.0,0.0,0.0,0.0,23.6,53,0,125,ON,OFF,ON,0,34.2,30,0,13492,OFF,OFF,29.4,29.5,10.34,29.4,12.1,9.0,6.0,91.78,38.0,79.89,9,82,25.5,11.5,3,1,OFF,OFF,100,100,6.1,1.268,1,0,ON,ON,0.922,4.372,0,0,OFF,OFF,0,0,100,100,0,0.156,69,576,8.4,71,13.5,0,27.6,44,7.273,14.4,841,96.1,9.3,62.16466,378457,88,0,10.9,2,0,0.492,74,27.64,35.77,28.45,96,17.5,0.5642,9,44,0,31.4,0,0,0
2021-09-04,04:02:42,10.9,10.27,11.04,10.45,12.69,12.16,85,86,82,0,0,0,5.16,0.0,0.0,0.0,0.0,0.0,0.0,23.6,53,0,125,ON,OFF,ON,0,34.2,30,0,13492,OFF,OFF,29.4,29.5,10.34,29.4,12.1,9.0,6.0,91.78,38.0,79.89,9,82,25.5,11.5,3,1,OFF,OFF,100,100,6.1,1.268,1,0,ON,ON,0.922,4.372,0,0,OFF,OFF,0,0,100,100,0,0.156,69,576,8.4,71,13.5,0,27.6,44,7.273,14.4,841,96.1,9.3,62.16466,378457,88,0,10.9,2,0,0.492,74,27.64,35.77,28.45,96,17.5,0.5642,9,44,0,31.4,0,0,0
2021-09-04,04:03:12,10.9,10.27,11.04,10.45,12.69,12.16,85,86,82,0,0,0,5.16,0.0,0.0,0.0,0.0,0.0,0.0,23.6,53,0,125,ON,OFF,ON,0,34.2,30,0,13492,OFF,OFF,29.4,29.5,10.34,29.4,12.1,9.0,6.0,91.78,38.0,79.89,9,82,25.5,11.5,3,1,OFF,OFF,100,100,6.1,1.268,1,0,ON,ON,0.922,4.372,0,0,OFF,OFF,0,0,100,100,0,0.156,69,576,8.4,71,13.5,0,27.6,44,7.273,14.4,841,96.1,9.3,62.16466,378457,88,0,10.9,2,0,0.492,74,27.64,35.77,28.45,96,17.5,0.5642,9,44,0,31.4,0,0,0
2021-09-04,04:03:42,10.9,10.27,11.04,10.45,12.69,12.16,85,86,82,0,0,0,5.16,0.0,0.0,0.0,0.0,0.0,0.0,23.6,53,0,125,ON,OFF,ON,0,34.2,30,0,13492,OFF,OFF,29.4,29.5,10.34,29.4,12.1,9.0,6.0,91.78,38.0,79.89,9,82,25.5,11.5,3,1,OFF,OFF,100,100,6.1,1.268,1,0,ON,ON,0.922,4.372,0,0,OFF,OFF,0,0,100,100,0,0.156,69,576,8.4,71,13.5,0,27.6,44,7.273,14.4,841,96.1,9.3,62.16466,378457,88,0,10.9,2,0,0.492,74,27.64,35.77,28.45,96,17.5,0.5642,9,44,0,31.4,0,0,0
2021-09-04,04:04:12,10.9,10.27,11.04,10.45,12.69,12.16,85,86,82,0,0,0,5.16,0.0,0.0,0.0,0.0,0.0,0.0,23.6,53,0,125,ON,OFF,ON,0,34.2,30,0,13492,OFF,OFF,29.4,29.5,10.34,29.4,12.1,9.0,6.0,91.78,38.0,79.89,9,82,25.5,11.5,3,1,OFF,OFF,100,100,6.1,1.268,1,0,ON,ON,0.922,4.372,0,0,OFF,OFF,0,0,100,100,0,0.156,69,576,8.4,71,13.5,0,27.6,44,7.273,14.4,841,96.1,9.3,62.16466,378457,88,0,10.9,2,0,0.492,74,27.64,35.77,28.45,96,17.5,0.5642,9,44,0,31.4,0,0,0
2021-09-04,04:05:01,10.9,10.27,11.04,10.45,12.69,12.16,85,86,82,0,0,0,5.16,0.0,0.0,0.0,0.0,0.0,0.0,23.6,53,0,125,ON,OFF,ON,0,34.2,30,0,13492,OFF,OFF,29.4,29.5,10.34,29.4,12.1,9.0,6.0,91.78,38.0,79.89,9,82,25.5,11.5,3,1,OFF,OFF,100,100,6.1,1.268,1,0,ON,ON,0.922,4.372,0,0,OFF,OFF,0,0,100,100,0,0.156,69,576,8.4,71,13.5,0,27.6,44,7.273,14.4,841,96.1,9.3,62.16466,378457,88,0,10.9,2,0,0.492,74,27.64,35.24,28.45,96,17.5,0.5642,9,44,0,31.4,0,0,0
2021-09-04,04:05:31,10.9,10.27,11.04,10.45,12.69,12.16,85,86,82,0,0,0,5.16,0.0,0.0,0.0,0.0,0.0,0.0,23.6,53,0,125,ON,OFF,ON,0,34.2,30,0,13492,OFF,OFF,29.4,29.5,10.34,29.4,12.1,9.0,6.0,91.78,38.0,79.89,9,82,25.5,11.5,3,1,OFF,OFF,100,100,6.1,1.268,1,0,ON,ON,0.922,4.372,0,0,OFF,OFF,0,0,100,100,0,0.156,69,576,8.4,71,13.5,0,27.6,44,7.273,14.4,841,96.1,9.3,62.16466,378457,88,0,10.9,2,0,0.492,74,27.64,35.24,28.45,96,17.5,0.5642,9,44,0,31.4,0,0,0
2021-09-04,04:06:01,10.9,10.27,11.04,10.45,12.69,12.16,85,86,82,0,0,0,5.16,0.0,0.0,0.0,0.0,0.0,0.0,23.6,53,0,125,ON,OFF,ON,0,34.2,30,0,13492,OFF,OFF,29.4,29.5,10.34,29.4,12.1,9.0,6.0,91.78,38.0,79.89,9,82,25.5,11.5,3,1,OFF,OFF,100,100,6.1,1.268,1,0,ON,ON,0.922,4.372,0,0,OFF,OFF,0,0,100,100,0,0.156,69,576,8.4,71,13.5,0,27.6,44,7.273,14.4,841,96.1,9.3,62.16466,378457,88,0,10.9,2,0,0.492,74,27.64,35.24,28.45,96,17.5,0.5642,9,44,0,31.4,0,0,0
2021-09-04,04:06:31,10.9,10.27,11.04,10.45,12.69,12.16,85,86,82,0,0,0,5.16,0.0,0.0,0.0,0.0,0.0,0.0,23.6,53,0,125,ON,OFF,ON,0,34.2,30,0,13492,OFF,OFF,29.4,29.5,10.34,29.4,12.1,9.0,6.0,91.78,38.0,79.89,9,82,25.5,11.5,3,1,OFF,OFF,100,100,6.1,1.268,1,0,ON,ON,0.922,4.372,0,0,OFF,OFF,0,0,100,100,0,0.156,69,576,8.4,71,13.5,0,27.6,44,7.273,14.4,841,96.1,9.3,62.16466,378457,88,0,10.9,2,0,0.492,74,27.64,35.24,28.45,96,17.5,0.5642,9,44,0,31.4,0,0,0
2021-09-04,04:07:01,10.9,10.27,11.04,10.45,12.69,12.16,85,86,82,0,0,0,5.16,0.0,0.0,0.0,0.0,0.0,0.0,23.6,53,0,125,ON,OFF,ON,0,34.2,30,0,13492,OFF,OFF,29.4,29.5,10.34,29.4,11.44,9.0,6.0,91.78,38.0,79.89,9,82,25.5,11.5,3,1,OFF,OFF,100,100,6.1,1.268,1,0,ON,ON,0.922,4.372,0,0,OFF,OFF,0,0,100,100,0,0.156,69,576,8.4,71,13.5,0,27.6,44,7.273,14.4,841,96.1,9.3,62.16466,378457,88,0,10.9,2,0,0.492,74,27.64,35.24,28.45,96,17.5,0.5642,9,44,0,31.4,0,0,0
2021-09-04,04:07:31,10.9,10.27,11.04,10.45,12.69,12.16,85,86,82,0,0,0,5.16,0.0,0.0,0.0,0.0,0.0,0.0,23.6,53,0,125,ON,OFF,ON,0,34.2,30,0,13492,OFF,OFF,29.4,29.5,10.34,29.4,11.44,9.0,6.0,91.78,38.0,79.89,9,82,25.5,11.5,3,1,OFF,OFF,100,100,6.1,1.268,1,0,ON,ON,0.922,4.372,0,0,OFF,OFF,0,0,100,100,0,0.156,69,576,8.4,71,13.5,0,27.6,44,7.273,14.4,841,96.1,9.3,62.16466,378457,88,0,10.9,2,0,0.492,74,27.64,35.24,28.45,96,17.5,0.5642,9,44,0,31.4,0,0,0
2021-09-04,04:08:01,10.9,10.27,11.04,10.45,12.69,12.16,85,86,82,0,0,0,5.16,0.0,0.0,0.0,0.0,0.0,0.0,23.6,53,0,125,ON,OFF,ON,0,34.2,30,0,13492,OFF,OFF,29.4,29.5,10.34,29.4,11.44,9.0,6.0,91.78,38.0,79.89,9,82,25.5,11.5,3,1,OFF,OFF,100,100,6.1,1.268,1,0,ON,ON,0.922,4.372,0,0,OFF,OFF,0,0,100,100,0,0.156,69,576,8.4,71,13.5,0,27.6,44,7.273,14.4,841,96.1,9.3,62.16466,378457,88,0,10.9,2,0,0.492,74,27.64,35.24,28.45,96,17.5,0.5642,9,44,0,31.4,0,0,0
2021-09-04,04:08:31,10.9,10.27,11.04,10.45,12.69,12.16,85,86,82,0,0,0,5.16,0.0,0.0,0.0,0.0,0.0,0.0,23.6,53,0,125,ON,OFF,ON,0,34.2,30,0,13492,OFF,OFF,29.4,29.5,10.34,29.4,11.44,9.0,6.0,91.78,38.0,79.89,9,82,25.5,11.5,3,1,OFF,OFF,100,100,6.1,1.268,1,0,ON,ON,0.922,4.372,0,0,OFF,OFF,0,0,100,100,0,0.156,69,576,8.4,71,13.5,0,27.6,44,7.273,14.4,841,96.1,9.3,62.16466,378457,88,0,10.9,2,0,0.492,74,27.64,35.24,28.45,96,17.5,0.5642,9,44,0,31.4,0,0,0
2021-09-04,04:09:01,10.9,10.27,11.04,10.45,12.69,12.16,85,86,82,0,0,0,5.16,0.0,0.0,0.0,0.0,0.0,0.0,23.6,53,0,125,ON,OFF,ON,0,34.2,30,0,13492,OFF,OFF,29.4,29.5,10.34,29.4,11.44,9.0,6.0,91.78,38.0,79.89,9,82,25.5,11.5,3,1,OFF,OFF,100,100,6.1,1.268,1,0,ON,ON,0.922,4.372,0,0,OFF,OFF,0,0,100,100,0,0.156,69,576,8.4,71,13.5,0,27.6,44,7.273,14.4,841,96.1,9.3,62.16466,378457,88,0,10.9,2,0,0.492,74,27.64,35.24,28.45,96,17.5,0.5642,9,44,0,31.4,0,0,0
2021-09-04,04:09:31,10.9,10.27,11.04,10.45,12.69,12.16,85,86,82,0,0,0,5.16,0.0,0.0,0.0,0.0,0.0,0.0,23.6,53,0,125,ON,OFF,ON,0,34.2,30,0,13492,OFF,OFF,29.4,29.5,9.68,29.4,11.44,9.0,6.0,91.78,38.0,79.89,9,82,25.5,11.5,3,1,OFF,OFF,100,100,6.1,1.268,1,0,ON,ON,0.922,4.372,0,0,OFF,OFF,0,0,100,100,0,0.156,69,576,8.4,71,13.5,0,27.6,44,0,14.4,841,96.1,9.3,62.16466,378457,88,0,10.9,2,0,0.492,74,27.64,35.24,28.45,96,17.5,0.5642,9,44,0,31.4,0,0,0
2021-09-04,04:10:01,10.9,10.27,11.04,10.45,12.69,12.16,85,86,82,0,0,0,5.16,0.0,0.0,0.0,0.0,0.0,0.0,23.6,53,0,125,ON,OFF,ON,0,34.2,30,0,13492,OFF,OFF,29.4,29.5,9.68,29.4,11.44,9.0,6.0,91.78,38.0,79.89,9,82,25.5,11.5,3,1,OFF,OFF,100,100,6.1,1.268,1,0,ON,ON,0.922,4.372,0,0,OFF,OFF,0,0,100,100,0,0.156,69,576,8.4,71,13.5,0,27.6,44,0,14.4,841,96.1,9.3,62.16466,378457,88,0,10.9,2,0,0.492,74,27.64,35.24,28.45,96,17.5,0.5642,9,44,0,31.4,0,0,0
2021-09-04,04:10:31,10.9,10.27,11.04,10.45,12.69,12.16,85,86,82,0,0,0,5.16,0.0,0.0,0.0,0.0,0.0,0.0,23.6,53,0,125,ON,OFF,ON,0,34.2,30,0,13492,OFF,OFF,29.4,29.5,9.68,29.4,11.44,9.0,6.0,91.78,38.0,79.89,9,82,25.5,11.5,3,1,OFF,OFF,100,100,6.1,1.268,1,0,ON,ON,0.922,4.372,0,0,OFF,OFF,0,0,100,100,0,0.156,69,576,8.4,71,13.5,0,27.6,44,0,14.4,841,96.1,9.3,62.16466,378457,88,0,10.9,2,0,0.492,74,27.64,35.24,27.95,96,17.5,0.5642,9,44,0,31.4,0,0,0
2021-09-04,04:11:01,10.9,10.27,11.04,10.45,12.69,12.16,85,86,82,0,0,0,5.16,0.0,0.0,0.0,0.0,0.0,0.0,23.6,53,0,125,ON,OFF,ON,0,34.2,30,0,13492,OFF,OFF,29.4,29.5,9.68,29.4,11.44,9.0,6.0,91.78,38.0,79.89,9,82,25.5,11,3,1,OFF,OFF,100,100,6.1,1.268,1,0,ON,ON,0.922,4.372,0,0,OFF,OFF,0,0,100,100,0,0.156,69,576,8.4,71,13.5,0,27.6,44,0,14.4,841,96.1,9.3,62.16466,378457,88,0,10.9,2,0,0.492,74,27.64,35.24,27.95,96,17.5,0.5642,9,44,0,31.4,0,0,0
2021-09-04,04:11:31,10.9,10.27,11.04,10.45,12.69,12.16,85,86,82,0,0,0,5.16,0.0,0.0,0.0,0.0,0.0,0.0,23.6,53,0,125,ON,OFF,ON,0,34.2,30,0,13492,OFF,OFF,29.4,29.5,9.68,29.4,11.44,9.0,6.0,91.78,38.0,79.89,9,82,25.5,11,3,1,OFF,OFF,100,100,6.1,1.268,1,0,ON,ON,0.922,4.372,0,0,OFF,OFF,0,0,100,100,0,0.156,69,576,8.4,71,13.5,0,27.6,44,0,14.4,841,96.1,9.3,62.16466,378457,88,0,10.9,2,0,0.492,74,27.64,35.24,27.95,96,17.5,0.5642,9,44,0,31.4,0,0,0
2021-09-04,04:12:01,10.9,10.27,11.04,10.45,12.69,12.16,85,86,82,0,0,0,5.16,0.0,0.0,0.0,0.0,0.0,0.0,23.6,53,0,125,ON,OFF,ON,0,34.2,30,0,13492,OFF,OFF,29.4,29.5,9.68,29.4,11.44,9.0,6.0,91.78,38.0,79.89,9,82,25.5,11,3,1,OFF,OFF,100,100,6.1,1.268,1,0,ON,ON,0.922,4.372,0,0,OFF,OFF,0,0,100,100,0,0.156,69,576,8.4,71,13.5,0,27.6,44,0,14.4,841,96.1,9.3,62.16466,378457,88,0,10.9,2,0,0.492,74,27.64,35.24,27.95,96,17.5,0.5642,9,44,0,31.4,0,0,0
2021-09-04,04:12:31,10.9,10.27,11.04,10.45,12.69,12.16,85,86,82,0,0,0,5.16,0.0,0.0,0.0,0.0,0.0,0.0,23.6,53,0,125,ON,OFF,ON,0,34.2,30,0,13492,OFF,OFF,29.4,29.5,9.68,29.4,11.44,9.0,6.0,91.78,38.0,79.89,9,82,25.5,11,3,1,OFF,OFF,100,100,6.1,1.268,1,0,ON,ON,0.922,4.372,0,0,OFF,OFF,0,0,100,100,0,0.156,69,576,8.4,71,13.5,0,27.6,44,0,14.4,841,96.1,9.3,62.16466,378457,88,0,10.9,2,0,0.492,74,27.64,35.24,27.95,96,17.5,0.5642,9,44,0,31.4,0,0,0
2021-09-04,04:13:01,10.9,10.27,11.04,10.45,12.69,12.16,85,86,82,0,0,0,5.16,0.0,0.0,0.0,0.0,0.0,0.0,23.6,53,0,125,ON,OFF,ON,0,34.2,30,0,13492,OFF,OFF,29.4,29.5,9.68,29.4,11.44,9.0,6.0,91.78,38.0,79.89,9,82,25.5,11,3,1,OFF,OFF,100,100,6.101,1.268,1,0,ON,ON,0.922,4.372,0,0,OFF,OFF,0,0,100,100,0,0.156,69,576,8.4,71,13.5,0,27.6,44,0,14.4,841,96.1,9.3,62.16466,378457,88,0,10.9,2,0,0.492,74,27.64,35.24,27.95,96,17.5,0.5642,9,44,0,31.4,0,0,0
2021-09-04,04:13:31,10.9,10.27,11.04,10.45,12.69,12.16,85,86,82,0,0,0,5.16,0.0,0.0,0.0,0.0,0.0,0.0,23.6,53,0,125,ON,OFF,ON,0,34.2,30,0,13492,OFF,OFF,29.4,29.5,9.68,29.4,11.44,9.0,6.0,91.78,38.0,79.89,9,82,25.5,11,3,1,OFF,OFF,100,100,6.101,1.268,1,0,ON,ON,0.922,4.372,0,0,OFF,OFF,0,0,100,100,0,0.156,69,576,8.4,71,13.5,0,27.6,44,0,14.4,841,96.1,9.3,62.16466,378457,88,0,10.9,2,0,0.492,74,27.64,35.24,27.95,96,17.5,0.5642,9,44,0,31.4,0,0,0
2021-09-04,04:14:02,10.9,10.27,11.04,10.45,12.69,12.16,85,86,82,0,0,0,5.16,0.0,0.0,0.0,0.0,0.0,0.0,23.6,53,0,125,ON,OFF,ON,0,34.2,30,0,13492,OFF,OFF,29.4,29.5,9.68,29.4,11.44,9.0,6.0,91.78,38.0,79.89,9,82,25.5,11,3,1,OFF,OFF,100,100,6.101,1.268,1,0,ON,ON,0.922,4.372,0,0,OFF,OFF,0,0,100,100,0,0.156,69,576,8.4,71,13.5,0,27.6,44,0,14.4,841,96.1,9.3,62.16466,378457,88,0,10.9,2,0,0.492,74,27.64,35.24,27.95,96,17.5,0.5642,9,44,0,31.4,0,0,0
2021-09-04,04:14:32,10.9,10.27,11.04,10.45,12.69,12.16,85,86,82,0,0,0,5.16,0.0,0.0,0.0,0.0,0.0,0.0,23.6,53,0,125,ON,OFF,ON,0,34.2,30,0,13492,OFF,OFF,29.4,29.5,9.68,29.4,11.44,9.0,6.0,91.78,38.0,79.89,9,82,25.5,11,3,1,OFF,OFF,100,100,6.101,1.268,1,0,ON,ON,0.922,4.372,0,0,OFF,OFF,0,0,100,100,0,0.156,69,576,8.4,71,13.5,0,27.6,44,0,14.4,841,96.1,9.3,62.16466,378457,88,0,10.9,2,0,0.492,74,27.64,35.24,27.95,96,17.5,0.5642,9,44,0,31.4,0,0,0
2021-09-04,04:15:02,10.9,10.27,11.04,10.45,12.69,12.16,85,86,82,0,0,0,5.16,0.0,0.0,0.0,0.0,0.0,0.0,23.6,53,0,125,ON,OFF,ON,0,34.2,30,0,13492,OFF,OFF,29.4,29.5,9.68,29.4,11.44,9.0,6.0,91.78,38.0,79.89,9,82,25.5,11,3,1,OFF,OFF,100,100,6.101,1.268,1,0,ON,ON,0.922,4.372,0,0,OFF,OFF,0,0,100,100,0,0.156,69,576,8.4,71,13.5,0,27.6,44,0,14.4,841,96.1,9.3,62.16466,378457,88,0,10.9,2,0,0.492,74,27.64,35.24,27.95,96,17.5,0.5642,9,44,0,31.4,0,0,0
2021-09-04,04:15:32,10.9,10.27,11.04,10.45,12.69,12.16,85,86,82,0,0,0,5.16,0.0,0.0,0.0,0.0,0.0,0.0,23.6,53,0,125,ON,OFF,ON,0,34.2,30,0,13492,OFF,OFF,29.4,29.5,9.68,29.4,11.44,9.0,6.0,91.78,38.0,79.89,9,82,25.5,11,3,1,OFF,OFF,100,100,6.101,1.268,1,0,ON,ON,0.922,4.372,0,0,OFF,OFF,0,0,100,100,0,0.156,69,576,8.4,71,13.5,0,27.2,44,0,14.4,841,96.1,9.3,62.16466,378457,88,0,10.9,2,0,0.492,74,27.64,35.24,27.95,96,17.5,0.5642,9,44,0,31.4,0,0,0
2021-09-04,04:16:02,10.9,10.27,11.04,10.45,12.69,12.16,85,86,82,0,0,0,5.16,0.0,0.0,0.0,0.0,0.0,0.0,23.6,53,0,125,ON,OFF,ON,0,34.2,30,0,13492,OFF,OFF,29.4,29.5,9.68,29.4,11.44,9.0,6.0,91.78,38.0,79.89,9,82,25,11,3,1,OFF,OFF,100,100,6.101,1.268,1,0,ON,ON,0.922,4.372,0,0,OFF,OFF,0,0,100,100,0,0.156,69,576,8.4,71,13.5,0,27.2,44,0,14.4,841,96.1,9.3,62.16466,378457,88,0,10.9,2,0,0.492,74,27.64,35.24,27.95,96,17.5,0.5642,9,44,0,31.4,0,0,0
2021-09-04,04:16:32,10.9,10.27,11.04,10.45,12.69,12.16,85,86,82,0,0,0,5.16,0.0,0.0,0.0,0.0,0.0,0.0,23.6,53,0,125,ON,OFF,ON,0,34.2,30,0,13492,OFF,OFF,29.4,29.5,9.68,29.4,11.44,9.0,6.0,91.78,38.0,79.89,9,82,25,11,3,1,OFF,OFF,100,100,6.101,1.268,1,0,ON,ON,0.922,4.372,0,0,OFF,OFF,0,0,100,100,0,0.156,69,576,8.4,71,13.5,0,27.2,44,0,14.4,841,96.1,9.3,62.16466,378457,88,0,10.9,2,0,0.492,74,27.64,35.24,27.95,96,17.5,0.5642,9,44,0,31.4,0,0,0
2021-09-04,04:17:02,10.9,10.27,11.04,10.45,12.69,12.16,85,86,82,0,0,0,5.16,0.0,0.0,0.0,0.0,0.0,0.0,23.6,53,0,125,ON,OFF,ON,0,34.2,30,0,13492,OFF,OFF,29.4,29.5,9.68,29.4,11.44,9.0,6.0,91.78,38.0,79.89,9,82,25,11,3,1,OFF,OFF,100,100,6.101,1.268,1,0,ON,ON,0.922,4.372,0,0,OFF,OFF,0,0,100,100,0,0.156,69,576,8.4,71,13.5,0,27.2,44,0,14.4,841,96.1,9.3,62.16466,378457,88,0,10.9,2,0,0.492,74,27.64,35.24,27.95,96,17.5,0.5642,9,44,0,31.4,0,0,0
2021-09-04,04:17:32,10.9,10.27,11.04,10.45,12.69,12.16,85,86,82,0,0,0,5.16,0.0,0.0,0.0,0.0,0.0,0.0,23.6,53,0,125,ON,OFF,ON,0,34.2,30,0,13492,OFF,OFF,29.4,29.5,9.68,29.4,11.44,9.0,6.0,91.78,38.0,79.89,9,82,25,11,3,1,OFF,OFF,100,100,6.101,1.268,1,0,ON,ON,0.922,4.372,0,0,OFF,OFF,0,0,100,100,0,0.156,69,576,8.4,71,13.5,0,27.2,44,0,14.4,841,96.1,9.3,62.16466,378457,88,0,10.9,2,0,0.492,74,27.64,35.24,27.95,96,17.5,0.5642,9,44,0,31.4,0,0,0
2021-09-04,04:18:02,10.9,10.27,11.04,10.45,12.69,12.16,85,86,82,0,0,0,5.16,0.0,0.0,0.0,0.0,0.0,0.0,23.6,53,0,125,ON,OFF,ON,0,34.2,30,0,13492,OFF,OFF,29.4,29.5,9.68,29.4,11.44,9.0,6.0,91.78,38.0,79.89,9,82,25,11,3,1,OFF,OFF,100,100,6.101,1.268,1,0,ON,ON,0.922,4.372,0,0,OFF,OFF,0,0,100,100,0,0.156,69,576,8.4,71,13.5,0,27.2,44,0,14.4,841,96.1,9.3,62.16466,378457,88,0,10.9,2,0,0.492,74,27.64,35.24,27.95,96,17.5,0.5642,9,44,0,31.4,0,0,0
2021-09-04,04:18:32,10.9,10.27,11.04,10.45,12.69,12.16,85,86,82,0,0,0,5.16,0.0,0.0,0.0,0.0,0.0,0.0,23.6,53,0,125,ON,OFF,ON,0,34.2,30,0,13492,OFF,OFF,29.4,29.5,9.68,29.4,11.44,9.0,6.0,91.78,38.0,79.89,9,82,25,11,3,1,OFF,OFF,100,100,6.101,1.268,1,0,ON,ON,0.922,4.372,0,0,OFF,OFF,0,0,100,100,0,0.156,69,576,8.4,71,13.5,0,27.2,44,0,14.4,841,96.1,9.3,62.16466,378457,88,0,10.9,2,0,0.492,74,27.64,35.24,27.95,96,17.5,0.5642,9,44,0,31.4,0,0,0
2021-09-04,04:19:02,10.9,10.27,11.04,10.45,12.69,12.16,85,86,82,0,0,0,5.16,0.0,0.0,0.0,0.0,0.0,0.0,23.6,53,0,125,ON,OFF,ON,0,34.2,30,0,13492,OFF,OFF,29.4,29.5,9.68,29.4,11.44,9.0,6.0,91.78,38.0,79.89,9,82,25,11,3,1,OFF,OFF,100,100,6.101,1.268,1,0,ON,ON,0.922,4.372,0,0,OFF,OFF,0,0,100,100,0,0.156,69,576,8.4,71,13.5,0,27.2,44,0,14.4,841,96.1,9.3,62.16466,378457,88,0,10.9,2,0,0.492,74,27.64,35.24,27.95,96,17.5,0.5642,9,44,0,31.4,0,0,0
2021-09-04,04:19:32,10.9,10.27,11.04,10.45,12.69,12.16,85,86,82,0,0,0,5.16,0.0,0.0,0.0,0.0,0.0,0.0,23.6,53,0,125,ON,OFF,ON,0,34.2,30,0,13492,OFF,OFF,29.4,29.5,9.68,29.4,11.44,9.0,6.0,91.78,38.0,79.89,9,82,25,11,3,1,OFF,OFF,100,100,6.101,1.268,1,0,ON,ON,0.922,4.372,0,0,OFF,OFF,0,0,100,100,0,0.156,69,576,8.4,71,13.5,0,27.2,44,0,14.4,841,96.1,9.3,62.16466,378457,88,0,10.9,2,0,0.492,74,27.64,35.24,27.95,96,17.5,0.5642,9,44,0,31.4,0,0,0
2021-09-04,04:20:22,10.9,10.27,11.04,10.45,12.69,12.16,85,86,82,0,0,0,5.16,0.0,0.0,0.0,0.0,0.0,0.0,23.6,53,0,125,ON,OFF,ON,0,34.2,30,0,13492,OFF,OFF,29.4,29.5,9.68,29.4,11.44,9.0,6.0,91.78,38.0,79.89,9,82,25,11,3,1,OFF,OFF,100,100,6.101,1.268,1,0,ON,ON,0.922,4.372,0,0,OFF,OFF,0,0,100,100,0,0.156,69,576,8.4,71,13.5,0,27.2,44,0,14.4,841,96.1,9.3,62.16466,378457,88,0,10.9,2,0,0.492,74,27.64,35.24,27.95,96,17.5,0.5642,9,44,0,31.4,0,0,0
2021-09-04,04:20:52,10.9,10.27,11.04,10.45,12.69,12.16,85,86,82,0,0,0,5.16,0.0,0.0,0.0,0.0,0.0,0.0,23.6,53,0,125,ON,OFF,ON,0,34.2,30,0,13492,OFF,OFF,29.4,29.5,9.68,29.4,11.44,9.0,6.0,91.78,38.0,79.89,9,82,25,11,3,1,OFF,OFF,100,100,6.101,1.268,1,0,ON,ON,0.922,4.372,0,0,OFF,OFF,0,0,100,100,0,0.156,69,576,8.4,71,13.5,0,27.2,44,0,14.4,841,96.1,9.3,62.16466,378457,88,0,10.9,2,0,0.492,74,27.64,35.24,27.95,96,17.5,0.5642,9,44,0,31.4,0,0,0
2021-09-04,04:21:22,10.9,10.27,11.04,10.45,12.69,12.16,85,86,82,0,0,0,5.16,0.0,0.0,0.0,0.0,0.0,0.0,23.6,53,0,125,ON,OFF,ON,0,34.2,30,0,13492,OFF,OFF,29.4,29.5,9.68,29.4,11.44,9.0,6.0,91.78,38.0,79.89,9,82,25,11,3,1,OFF,OFF,100,100,6.101,1.268,1,0,ON,ON,0.922,4.372,0,0,OFF,OFF,0,0,100,100,0,0.156,69,576,8.4,71,13.5,0,27.2,44,0,14.4,841,96.1,9.3,62.16466,378457,88,0,10.9,2,0,0.492,74,27.64,35.24,27.95,96,17.5,0.5642,9,44,0,31.4,0,0,0
2021-09-04,04:21:52,10.9,10.27,11.04,10.45,12.69,12.16,85,86,82,0,0,0,5.16,0.0,0.0,0.0,0.0,0.0,0.0,23.6,53,0,125,ON,OFF,ON,0,34.2,30,0,13492,OFF,OFF,29.4,29.5,9.68,29.4,11.44,9.0,6.0,91.78,38.0,79.89,9,83,25,11,3,1,OFF,OFF,100,100,6.101,1.268,1,0,ON,ON,0.922,4.372,0,0,OFF,OFF,0,0,100,100,0,0.156,69,576,8.4,71,13.5,0,27.2,44,0,14.4,841,96.1,9.3,62.16466,378457,88,0,10.9,2,0,0.492,74,27.64,35.24,27.95,96,17.5,0.5642,9,44,0,31.4,0,0,0
2021-09-04,04:22:22,10.9,10.27,11.04,10.45,12.69,12.16,85,86,82,0,0,0,5.16,0.0,0.0,0.0,0.0,0.0,0.0,23.6,53,0,125,ON,OFF,ON,0,34.2,30,0,13492,OFF,OFF,29.4,29.5,9.68,29.4,11.44,9.0,6.0,91.78,38.0,79.89,9,83,25,11,3,1,OFF,OFF,100,100,6.101,1.268,1,0,ON,ON,0.922,4.372,0,0,OFF,OFF,0,0,100,100,0,0.156,69,576,8.4,71,13.5,0,27.2,44,0,14.4,841,96.1,9.3,62.16466,378457,88,0,10.9,2,0,0.492,74,27.64,35.24,27.95,96,17.5,0.5642,9,44,0,31.4,0,0,0
2021-09-04,04:22:52,10.9,10.27,11.04,10.45,12.69,12.16,85,86,82,0,0,0,5.16,0.0,0.0,0.0,0.0,0.0,0.0,23.6,53,0,125,ON,OFF,ON,0,34.2,30,0,13492,OFF,OFF,29.4,29.5,9.68,29.4,11.44,9.0,6.0,91.78,38.0,79.89,9,83,25,11,3,1,OFF,OFF,100,100,6.101,1.268,1,0,ON,ON,0.922,4.372,0,0,OFF,OFF,0,0,100,100,0,0.156,69,576,8.4,71,13.5,0,27.2,44,6.854,14.4,841,96.1,9.3,62.16466,378457,88,0,10.9,2,0,0.492,74,27.64,35.24,27.95,96,17.5,0.5642,9,44,0,31.4,0,0,0
2021-09-04,04:23:22,10.9,10.27,11.04,10.45,12.69,12.16,85,86,82,0,0,0,5.16,0.0,0.0,0.0,0.0,0.0,0.0,23.6,53,0,125,ON,OFF,ON,0,34.2,30,0,13492,OFF,OFF,29.4,29.5,9.68,29.4,11.44,9.0,6.0,91.78,38.0,79.89,9,83,25,11,3,1,OFF,OFF,100,100,6.101,1.268,1,0,ON,ON,0.922,4.372,0,0,OFF,OFF,0,0,100,100,0,0.156,69,576,8.4,71,13.5,0,27.2,44,6.854,14.4,841,96.1,9.3,62.16466,378457,88,0,10.9,2,0,0.492,74,27.64,35.24,27.95,96,17.5,0.5642,9,44,0,31.4,0,0,0
2021-09-04,04:23:52,10.9,10.27,11.04,10.45,12.69,12.16,85,86,82,0,0,0,5.16,0.0,0.0,0.0,0.0,0.0,0.0,23.6,53,0,125,ON,OFF,ON,0,34.2,30,0,13492,OFF,OFF,29.4,29.5,9.68,29.4,11.44,9.0,6.0,91.78,38.0,79.89,9,83,25,11,3,1,OFF,OFF,100,100,6.101,1.268,1,0,ON,ON,0.922,4.372,0,0,OFF,OFF,0,0,100,100,0,0.156,69,576,8.4,71,13.5,0,27.2,44,6.854,14.4,841,96.1,9.3,62.16466,378457,88,0,10.9,2,0,0.492,74,27.64,35.24,27.95,96,17.5,0.5642,9,44,0,31.4,0,0,0
2021-09-04,04:24:22,10.9,10.27,11.04,10.45,12.69,12.16,85,86,82,0,0,0,5.16,0.0,0.0,0.0,0.0,0.0,0.0,23.6,53,0,125,ON,OFF,ON,0,34.2,30,0,13492,OFF,OFF,29.4,29.5,9.68,29.4,11.44,9.0,6.0,91.78,38.0,79.89,9,83,25,11,3,1,OFF,OFF,100,100,6.101,1.268,1,0,ON,ON,0.922,4.372,0,0,OFF,OFF,0,0,100,100,0,0.156,69,576,8.4,71,13.5,0,27.2,44,6.854,14.4,841,96.1,9.3,62.16466,378457,88,0,10.9,2,0,0.492,74,27.64,35.24,27.95,96,17.5,0.5642,9,44,0,31.4,0,0,0
2021-09-04,04:24:52,10.9,10.27,11.04,10.45,12.69,12.16,85,86,82,0,0,0,5.16,0.0,0.0,0.0,0.0,0.0,0.0,23.6,53,0,125,ON,OFF,ON,0,34.2,30,0,13492,OFF,OFF,29.4,29.5,9.68,29.4,11.44,9.0,6.0,91.78,38.0,79.89,9,83,25,11,3,1,OFF,OFF,100,100,6.101,1.268,1,0,ON,ON,0.922,4.372,0,0,OFF,OFF,0,0,100,100,0,0.156,69,576,8.4,71,13.5,0,27.2,44,6.854,14.4,841,96.1,9.3,62.16466,378457,88,0,10.9,2,0,0.492,74,27.64,35.24,27.95,96,17.5,0.5642,9,44,0,31.4,0,0,0
2021-09-04,04:25:22,10.9,10.27,11.04,10.45,12.69,12.16,85,86,82,0,0,0,5.16,0.0,0.0,0.0,0.0,0.0,0.0,23.6,53,0,125,ON,OFF,ON,0,34.2,30,0,13492,OFF,OFF,29.4,29.5,9.68,29.4,11.44,9.0,6.0,91.78,38.0,79.89,9,83,25,11,3,1,OFF,OFF,100,100,6.101,1.268,1,0,ON,ON,0.922,4.372,0,0,OFF,OFF,0,0,100,100,0,0.156,69,576,8.4,71,13.5,0,27.2,44,6.854,14.4,841,96.1,9.3,62.16466,378457,88,0,10.9,2,0,0.492,74,27.64,35.24,27.95,96,17.5,0.5642,9,44,0,31.4,0,0,0
2021-09-04,04:25:52,10.9,10.27,11.04,10.45,12.69,12.16,85,86,82,0,0,0,5.16,0.0,0.0,0.0,0.0,0.0,0.0,23.6,53,0,125,ON,OFF,ON,0,34.2,30,0,13492,OFF,OFF,29.4,29.5,9.68,29.4,11.44,9.0,6.0,91.78,38.0,79.89,9,83,25,11,3,1,OFF,OFF,100,100,6.101,1.268,1,0,ON,ON,0.922,4.372,0,0,OFF,OFF,0,0,100,100,0,0.156,70,576,8.4,71,13.5,0,27.2,44,6.854,14.4,841,96.1,9.3,62.16466,378457,88,0,10.9,2,0,0.492,74,27.64,35.24,27.95,96,17.5,0.5642,9,44,0,31.4,0,0,0
2021-09-04,04:26:22,10.9,10.27,11.04,10.45,12.69,12.16,85,86,82,0,0,0,5.16,0.0,0.0,0.0,0.0,0.0,0.0,23.6,53,0,125,ON,OFF,ON,0,34.2,30,0,13492,OFF,OFF,29.4,29.5,9.68,29.4,11.44,9.0,6.0,91.78,38.0,79.89,9,83,25,11,3,1,OFF,OFF,100,100,6.101,1.268,1,0,ON,ON,0.922,4.372,0,0,OFF,OFF,0,0,100,100,0,0.156,70,576,8.4,71,13.5,0,27.2,44,6.854,14.4,841,96.1,9.3,62.16466,378457,88,0,10.9,2,0,0.492,74,27.64,35.24,27.95,96,17.5,0.5642,9,44,0,31.4,0,0,0
2021-09-04,04:26:52,10.9,10.27,11.04,10.45,12.69,12.16,85,86,82,0,0,0,5.16,0.0,0.0,0.0,0.0,0.0,0.0,23.6,53,0,125,ON,OFF,ON,0,34.2,30,0,13492,OFF,OFF,29.4,29.5,9.68,29.4,11.44,9.0,6.0,91.78,38.0,79.89,9,83,25,11,3,1,OFF,OFF,100,100,6.101,1.268,1,0,ON,ON,0.922,4.372,0,0,OFF,OFF,0,0,100,100,0,0.156,70,576,8.4,71,13.5,0,27.2,44,6.854,14.4,841,96.1,9.3,62.16466,378457,88,0,10.9,2,0,0.492,74,27.64,35.24,27.95,96,17.5,0.5642,9,44,0,31.4,0,0,0
2021-09-04,04:27:22,10.9,10.27,11.04,10.45,12.69,12.16,85,86,82,0,0,0,5.16,0.0,0.0,0.0,0.0,0.0,0.0,23.6,53,0,125,ON,OFF,ON,0,34.2,30,0,13492,OFF,OFF,29.4,29.5,9.68,29.4,11.44,9.0,6.0,91.78,38.0,79.89,9,83,25,11,3,1,OFF,OFF,100,100,6.101,1.268,1,0,ON,ON,0.922,4.372,0,0,OFF,OFF,0,0,100,100,0,0.156,70,576,8.4,71,13.5,0,27.2,44,6.854,14.4,841,96.1,9.3,62.16466,378457,88,0,10.9,2,0,0.492,74,27.64,35.24,27.95,96,17.5,0.5642,9,44,0,31.4,0,0,0
2021-09-04,04:27:52,10.9,10.27,11.04,10.45,12.69,12.16,85,86,82,0,0,0,5.16,0.0,0.0,0.0,0.0,0.0,0.0,23.6,53,0,125,ON,OFF,ON,0,34.2,30,0,13492,OFF,OFF,29.4,29.5,9.68,29.4,11.44,9.0,6.0,91.78,38.0,79.89,9,83,25,11,3,1,OFF,OFF,100,100,6.101,1.268,1,0,ON,ON,0.922,4.372,0,0,OFF,OFF,0,0,100,100,0,0.156,70,576,8.1,70,13.3,0,27.1,44,6.945,14,806,96.1,9.3,62.16466,378457,88,0,10.9,2,0,0.492,74,27.64,35.24,27.95,96,17.5,0.5642,9,44,0,31.4,0,0,0
2021-09-04,04:28:22,10.9,10.27,11.04,10.45,12.69,12.16,85,86,82,0,0,0,5.16,0.0,0.0,0.0,0.0,0.0,0.0,23.6,53,0,125,ON,OFF,ON,0,34.2,30,0,13492,OFF,OFF,29.4,29.5,9.68,29.4,11.44,9.0,6.0,91.78,38.0,79.89,9,83,25,11,3,1,OFF,OFF,100,100,6.101,1.268,1,0,ON,ON,0.922,4.372,0,0,OFF,OFF,0,0,100,100,0,0.156,70,576,8.1,70,13.3,0,27.1,44,6.945,14,806,96.1,9.3,62.16466,378457,88,0,10.9,2,0,0.492,74,27.64,35.24,27.95,96,17.5,0.5642,9,44,0,31.4,0,0,0
2021-09-04,04:28:53,10.9,10.27,11.04,10.45,12.69,12.16,85,86,82,0,0,0,5.16,0.0,0.0,0.0,0.0,0.0,0.0,23.6,53,0,125,ON,OFF,ON,0,34.2,30,0,13492,OFF,OFF,29.4,29.5,9.68,29.4,11.44,9.0,6.0,91.78,38.0,79.89,9,83,25,11,3,1,OFF,OFF,100,100,6.101,1.268,1,0,ON,ON,0.922,4.372,0,0,OFF,OFF,0,0,100,100,0,0.156,70,576,8.1,70,13.3,0,27.1,44,6.945,14,806,96.1,9.3,62.16466,378457,88,0,10.9,2,0,0.492,74,27.64,35.24,27.95,96,17.5,0.5642,9,44,0,31.4,0,0,0
2021-09-04,04:29:23,10.9,10.27,11.04,10.45,12.69,12.16,85,86,82,0,0,0,5.16,0.0,0.0,0.0,0.0,0.0,0.0,23.6,53,0,125,ON,OFF,ON,0,34.2,30,0,13492,OFF,OFF,29.4,29.5,9.68,29.4,11.44,9.0,6.0,91.78,38.0,79.89,9,83,25,11,3,1,OFF,OFF,100,100,6.101,1.268,1,0,ON,ON,0.922,4.372,0,0,OFF,OFF,0,0,100,100,0,0.156,70,576,8.1,70,13.3,0,27.1,44,6.945,14,806,96.1,9.3,62.16466,378457,88,0,10.9,2,0,0.492,74,27.64,35.24,27.95,96,17.5,0.5642,9,44,0,31.4,0,0,0
2021-09-04,04:29:53,10.9,10.27,11.04,10.45,12.69,12.16,85,86,82,0,0,0,5.16,0.0,0.0,0.0,0.0,0.0,0.0,23.6,53,0,125,ON,OFF,ON,0,34.2,30,0,13492,OFF,OFF,29.4,29.5,9.68,29.4,11.44,9.0,6.0,91.78,38.0,79.89,9,83,25,11,3,1,OFF,OFF,100,100,6.101,1.268,1,0,ON,ON,0.922,4.372,0,0,OFF,OFF,0,0,100,100,0,0.156,70,576,8.1,70,13.3,0,27.1,44,6.945,14,806,96.1,9.3,62.16466,378457,88,0,10.9,2,0,0.492,74,27.64,35.24,27.95,96,17.5,0.5642,9,44,0,31.4,0,0,0
2021-09-04,04:30:23,10.68,10.05,10.68,10.05,11.65,11.06,86,86,84,0,0,0,5.16,0.0,0.0,0.0,0.0,0.0,0.0,23.6,53,0,125,ON,OFF,ON,0,34.2,30,0,13492,OFF,OFF,29.4,29.5,9.68,29.4,11.44,9.0,6.0,91.78,38.0,79.89,9,83,25,11,3,1,OFF,OFF,100,100,6.101,1.268,1,0,ON,ON,0.922,4.372,0,0,OFF,OFF,0,0,100,100,0,0.156,70,576,8.1,70,13.3,0,27.1,44,6.945,14,806,96.1,9.3,62.16466,378457,88,0,10.9,2,0,0.492,74,27.64,35.24,27.95,96,17.5,0.5642,9,44,0,31.4,0,0,0
2021-09-04,04:30:53,10.68,10.05,10.68,10.05,11.65,11.06,86,86,84,0,0,0,5.16,0.0,0.0,0.0,0.0,0.0,0.0,23.6,53,0,125,ON,OFF,ON,0,34.2,30,0,13492,OFF,OFF,29.4,29.5,9.68,29.4,11.44,9.0,6.0,91.78,38.0,79.89,9,83,25,11,3,1,OFF,OFF,100,100,6.101,1.268,1,0,ON,ON,0.922,4.372,0,0,OFF,OFF,0,0,100,100,0,0.156,70,576,8.1,70,13.3,0,27.1,44,6.945,14,806,96.1,9.3,62.16466,378457,88,0,10.9,2,0,0.492,74,27.64,35.24,27.95,96,17.5,0.5642,9,44,0,31.4,0,0,0
2021-09-04,04:31:23,10.68,10.05,10.68,10.05,11.65,11.06,86,86,84,0,0,0,5.16,0.0,0.0,0.0,0.0,0.0,0.0,23.6,53,0,125,ON,OFF,ON,0,34.2,30,0,13492,OFF,OFF,29.4,29.5,9.68,29.4,11.44,9.0,6.0,91.78,38.0,79.89,9,83,25,11,3,1,OFF,OFF,100,100,6.101,1.268,1,0,ON,ON,0.922,4.372,0,0,OFF,OFF,0,0,100,100,0,0.156,70,576,8.1,70,13.3,0,27.1,44,6.945,14,806,96.1,9.3,62.16466,378457,88,0,10.9,2,0,0.492,74,27.64,35.24,27.95,96,17.5,0.5642,9,44,0,31.4,0,0,0
2021-09-04,04:31:53,10.68,10.05,10.68,10.05,11.65,11.06,86,86,84,0,0,0,5.16,0.0,0.0,0.0,0.0,0.0,0.0,23.6,53,0,125,ON,OFF,ON,0,34.2,30,0,13492,OFF,OFF,29.4,29.5,9.68,29.4,11.44,9.0,6.0,94.95,38.0,79.89,9,83,25,11,3,1,OFF,OFF,100,100,6.101,1.268,1,0,ON,ON,0.922,4.372,0,0,OFF,OFF,0,0,100,100,0,0.156,70,576,8.1,70,13.3,0,27.1,44,6.945,14,806,96.1,9.3,62.16466,378457,88,0,10.9,2,0,0.492,74,27.64,35.24,27.95,96,17.5,0.5642,9,44,0,31.4,0,0,0
2021-09-04,04:32:23,10.68,10.05,10.68,10.05,11.65,11.06,86,86,84,0,0,0,5.16,0.0,0.0,0.0,0.0,0.0,0.0,23.6,53,0,125,ON,OFF,ON,0,34.2,30,0,13492,OFF,OFF,29.4,29.5,9.68,29.4,11.44,9.0,6.0,94.95,38.0,79.89,9,83,25,11,3,1,OFF,OFF,100,100,6.101,1.268,1,0,ON,ON,0.922,4.372,0,0,OFF,OFF,0,0,100,100,0,0.156,70,576,8.1,70,13.3,0,27.1,44,6.945,14,806,96.1,9.3,62.16466,378457,88,0,10.9,2,0,0.492,74,27.64,35.24,27.95,96,17.5,0.5642,9,44,0,31.4,0,0,0
2021-09-04,04:32:53,10.68,10.05,10.68,10.05,11.65,11.06,86,86,84,0,0,0,5.16,0.0,0.0,0.0,0.0,0.0,0.0,23.6,53,0,125,ON,OFF,ON,0,34.2,30,0,13492,OFF,OFF,29.4,29.5,9.68,29.4,11.44,9.0,6.0,94.95,38.0,79.89,9,83,25,11,3,1,OFF,OFF,100,100,6.101,1.268,1,0,ON,ON,0.922,4.372,0,0,OFF,OFF,0,0,100,100,0,0.156,70,576,8.1,70,13.3,0,27.1,44,6.945,14,806,96.1,9.3,62.16466,378457,88,0,10.9,2,0,0.492,74,27.64,35.24,27.95,96,17.5,0.5642,9,44,0,31.4,0,0,0
2021-09-04,04:33:23,10.68,10.05,10.68,10.05,11.65,11.06,86,86,84,0,0,0,5.16,0.0,0.0,0.0,0.0,0.0,0.0,23.6,53,0,125,ON,OFF,ON,0,34.2,30,0,13492,OFF,OFF,29.4,29.5,9.68,29.4,11.44,9.0,6.0,94.95,38.0,79.89,9,83,25,11,3,1,OFF,OFF,100,100,6.101,1.268,1,0,ON,ON,0.922,4.372,0,0,OFF,OFF,0,0,100,100,0,0.156,70,576,8.1,70,13.3,0,27.1,44,6.945,14,806,96.1,9.3,62.16466,378457,88,0,10.9,2,0,0.492,74,27.64,35.24,27.95,96,17.5,0.5642,9,44,0,31.4,0,0,0
2021-09-04,04:33:53,10.68,10.05,10.68,10.05,11.65,11.06,86,86,84,0,0,0,5.16,0.0,0.0,0.0,0.0,0.0,0.0,23.6,53,0,125,ON,OFF,ON,0,34.2,30,0,13492,OFF,OFF,29.4,29.5,9.68,29.4,11.44,9.0,6.0,94.95,38.0,79.89,9,83,25,11,3,1,OFF,OFF,100,100,6.101,1.268,1,0,ON,ON,0.922,4.372,0,0,OFF,OFF,0,0,100,100,0,0.156,70,576,8.1,70,13.3,0,27.1,44,6.945,14,806,96.1,9.3,62.16466,378457,88,0,10.9,2,0,0.492,74,27.64,35.24,27.95,96,17.5,0.5642,9,44,0,31.4,0,0,0
2021-09-04,04:34:23,10.68,10.05,10.68,10.05,11.65,11.06,86,86,84,0,0,0,5.16,0.0,0.0,0.0,0.0,0.0,0.0,23.6,53,0,125,ON,OFF,ON,0,34.2,30,0,13492,OFF,OFF,29.4,29.5,9.68,29.4,11.44,9.0,6.0,94.95,38.0,79.89,9,83,25,11,3,1,OFF,OFF,100,100,6.101,1.268,1,0,ON,ON,0.922,4.372,0,0,OFF,OFF,0,0,100,100,0,0.156,70,576,8.1,70,13.3,0,27.1,44,6.945,14,806,96.1,9.3,62.16466,378457,88,0,10.9,2,0,0.492,74,27.64,35.24,27.95,96,17.5,0.5642,9,44,0,31.4,0,0,0
2021-09-04,04:34:53,10.68,10.05,10.68,10.05,11.65,11.06,86,86,84,0,0,0,5.16,0.0,0.0,0.0,0.0,0.0,0.0,23.6,53,0,125,ON,OFF,ON,0,34.2,30,0,13492,OFF,OFF,29.4,29.5,9.68,29.4,11.44,9.0,6.0,94.95,38.0,79.89,9,83,25,11,3,1,OFF,OFF,100,100,6.101,1.268,1,0,ON,ON,0.922,4.372,0,0,OFF,OFF,0,0,100,100,0,0.156,70,576,8.1,70,13.3,0,27.1,44,6.945,14,806,96.1,9.3,62.16466,378457,88,0,10.9,2,0,0.492,74,27.64,35.24,27.95,96,17.5,0.5642,9,44,0,31.4,0,0,0
2021-09-04,04:35:41,10.68,10.05,10.68,10.05,11.65,11.06,86,86,84,0,0,0,5.16,0.0,0.0,0.0,0.0,0.0,0.0,23.6,53,0,125,ON,OFF,ON,0,34.2,30,0,13492,OFF,OFF,29.4,29.5,9.68,29.4,11.44,9.0,6.0,94.95,38.0,79.89,9,83,25,11,3,1,OFF,OFF,100,100,6.101,1.268,1,0,ON,ON,0.922,4.372,0,0,OFF,OFF,0,0,100,100,0,0.156,70,576,8.1,70,13.3,0,27.1,44,6.945,14,806,96.1,9.3,62.16466,378457,88,0,10.9,2,0,0.492,74,27.64,35.24,27.95,96,17.5,0.5642,9,44,0,31.4,0,0,0
2021-09-04,04:36:11,10.68,10.05,10.68,10.05,11.65,11.06,86,86,84,0,0,0,5.16,0.0,0.0,0.0,0.0,0.0,0.0,23.6,53,0,125,ON,OFF,ON,0,34.2,30,0,13492,OFF,OFF,29.4,29.5,9.68,29.4,11.44,9.0,6.0,94.95,38.0,79.89,9,83,25,11,3,1,OFF,OFF,100,100,6.101,1.268,1,0,ON,ON,0.922,4.372,0,0,OFF,OFF,0,0,100,100,0,0.156,70,576,8.1,70,13.3,0,27.1,44,6.945,14,806,96.1,9.3,62.16466,378457,88,0,10.9,2,0,0.492,74,27.64,35.24,27.95,96,17.5,0.5642,9,44,0,31.4,0,0,0
2021-09-04,04:36:41,10.68,10.05,10.68,10.05,11.65,11.06,86,86,84,0,0,0,5.16,0.0,0.0,0.0,0.0,0.0,0.0,23.6,53,0,125,ON,OFF,ON,0,34.2,30,0,13492,OFF,OFF,29.4,29.5,9.68,29.4,11.44,9.0,6.0,94.95,38.0,79.89,9,83,25,11,3,1,OFF,OFF,100,100,6.101,1.268,1,0,ON,ON,0.922,4.372,0,0,OFF,OFF,0,0,100,100,0,0.156,70,576,8.1,70,13.3,0,27.1,44,6.945,14,806,96.1,9.3,62.16466,378457,88,0,10.9,2,0,0.492,74,27.12,35.24,27.95,96,17.5,0.5642,9,44,0,31.4,0,0,0
2021-09-04,04:37:11,10.68,10.05,10.68,10.05,11.65,11.06,86,86,84,0,0,0,5.16,0.0,0.0,0.0,0.0,0.0,0.0,23.6,53,0,125,ON,OFF,ON,0,34.2,30,0,13492,OFF,OFF,29.4,29.5,9.68,29.4,11.44,9.0,6.0,94.95,38.0,79.89,9,83,25,11,3,1,OFF,OFF,100,100,6.101,1.268,1,0,ON,ON,0.922,4.372,0,0,OFF,OFF,0,0,100,100,0,0.156,70,576,8.1,70,13.3,0,27.1,44,6.945,14,806,96.1,9.3,62.16466,378457,88,0,10.9,2,0,0.492,74,27.12,35.24,27.95,96,17.5,0.5642,9,44,0,31.4,0,0,0
2021-09-04,04:37:41,10.68,10.05,10.68,10.05,11.65,11.06,86,86,84,0,0,0,5.16,0.0,0.0,0.0,0.0,0.0,0.0,23.6,53,0,125,ON,OFF,ON,0,34.2,30,0,13492,OFF,OFF,29.4,29.5,9.68,29.4,11.44,9.0,6.0,94.95,38.0,79.89,9,83,25,11,3,1,OFF,OFF,100,100,6.101,1.268,1,0,ON,ON,0.922,4.372,0,0,OFF,OFF,0,0,100,100,0,0.156,70,576,8.1,70,13.3,0,27.1,44,6.945,14,806,96.1,9.3,62.16466,378457,88,0,10.9,2,0,0.492,74,27.12,35.24,27.95,96,17.5,0.5642,9,44,0,31.4,0,0,0
2021-09-04,04:38:11,10.68,10.05,10.68,10.05,11.65,11.06,86,86,84,0,0,0,5.16,0.0,0.0,0.0,0.0,0.0,0.0,23.6,53,0,125,ON,OFF,ON,0,34.2,30,0,13492,OFF,OFF,29.4,29.5,9.68,29.4,11.44,9.0,6.0,94.95,38.0,79.89,9,83,25,11,3,1,OFF,OFF,100,100,6.101,1.268,1,0,ON,ON,0.922,4.372,0,0,OFF,OFF,0,0,100,100,0,0.156,70,576,8.1,70,13.3,0,27.1,44,6.945,14,806,96.1,9.3,62.16466,378457,88,0,10.9,2,0,0.492,74,27.12,35.24,27.95,96,17.5,0.5642,9,44,0,31.4,0,0,0
2021-09-04,04:38:41,10.68,10.05,10.68,10.05,11.65,11.06,86,86,84,0,0,0,5.16,0.0,0.0,0.0,0.0,0.0,0.0,23.6,53,0,125,ON,OFF,ON,0,34.2,30,0,13492,OFF,OFF,29.4,29.5,9.68,29.4,11.44,9.0,6.0,94.95,38.0,79.89,9,83,25,11,3,1,OFF,OFF,100,100,6.101,1.268,1,0,ON,ON,0.922,4.372,0,0,OFF,OFF,0,0,100,100,0,0.156,70,576,8.1,70,13.3,0,27.1,44,6.945,14,806,96.1,9.3,62.16466,378457,88,0,10.9,2,0,0.492,74,27.12,35.24,27.95,96,17.5,0.5642,9,44,0,31.4,0,0,0
2021-09-04,04:39:11,10.68,10.05,10.68,10.05,11.65,11.06,86,86,84,0,0,0,5.16,0.0,0.0,0.0,0.0,0.0,0.0,23.6,53,0,125,ON,OFF,ON,0,34.2,30,0,13492,OFF,OFF,29.4,29.5,9.68,29.4,11.44,9.0,6.0,94.95,38.0,79.89,9,83,25,11,3,1,OFF,OFF,100,100,6.101,1.268,1,0,ON,ON,0.922,4.372,0,0,OFF,OFF,0,0,100,100,0,0.156,70,576,8.1,70,13.3,0,27.1,44,6.945,14,806,96.1,9.3,62.16466,378457,88,0,10.9,2,0,0.492,74,27.12,35.24,27.95,96,17.5,0.5642,9,44,0,31.4,0,0,0
2021-09-04,04:39:42,10.68,10.05,10.68,10.05,11.65,11.06,86,86,84,0,0,0,5.16,0.0,0.0,0.0,0.0,0.0,0.0,23.6,53,0,125,ON,OFF,ON,0,34.2,30,0,13492,OFF,OFF,29.4,29.5,9.68,29.4,11.44,9.0,6.0,94.95,38.0,79.89,9,83,25,11,3,1,OFF,OFF,100,100,6.101,1.268,1,0,ON,ON,0.922,4.372,0,0,OFF,OFF,0,0,100,100,0,0.156,70,576,8.1,70,13.3,0,27.1,44,6.945,14,806,96.1,9.3,62.16466,378457,88,0,10.9,2,0,0.492,74,27.12,34.69,27.95,96,17.5,0.5642,9,44,0,31.4,0,0,0
2021-09-04,04:40:12,10.68,10.05,10.68,10.05,11.65,11.06,86,86,84,0,0,0,5.16,0.0,0.0,0.0,0.0,0.0,0.0,23.6,53,0,125,ON,OFF,ON,0,34.2,30,0,13492,OFF,OFF,29.4,29.5,9.68,29.4,11.44,9.0,6.0,94.95,38.0,79.89,9,83,25,11,3,1,OFF,OFF,100,100,6.101,1.268,1,0,ON,ON,0.922,4.372,0,0,OFF,OFF,0,0,100,100,0,0.156,70,576,8.1,70,13.3,0,27.1,44,6.945,14,806,96.1,9.3,62.16466,378457,88,0,10.9,2,0,0.492,74,27.12,34.69,27.95,96,17.5,0.5642,9,44,0,31.4,0,0,0
2021-09-04,04:40:42,10.68,10.05,10.68,10.05,11.65,11.06,86,86,84,0,0,0,5.16,0.0,0.0,0.0,0.0,0.0,0.0,23.6,53,0,125,ON,OFF,ON,0,34.2,30,0,13492,OFF,OFF,29.4,29.5,9.68,29.4,11.44,9.0,6.0,94.95,38.0,79.89,9,83,25,11,3,1,OFF,OFF,100,100,6.101,1.268,1,0,ON,ON,0.922,4.372,0,0,OFF,OFF,0,0,100,100,0,0.156,70,576,8.1,70,13.3,0,27.1,44,6.945,14,806,96.1,9.3,62.16466,378457,88,0,10.9,2,0,0.492,74,27.12,34.69,27.95,96,17.5,0.5642,9,44,0,31.4,0,0,0
2021-09-04,04:41:12,10.68,10.05,10.68,10.05,11.65,11.06,86,86,84,0,0,0,5.16,0.0,0.0,0.0,0.0,0.0,0.0,23.6,53,0,125,ON,OFF,ON,0,34.2,30,0,13492,OFF,OFF,29.4,29.5,9.68,29.4,11.44,9.0,6.0,94.95,38.0,79.89,9,83,25,11,3,1,OFF,OFF,100,100,6.101,1.268,1,0,ON,ON,0.922,4.372,0,0,OFF,OFF,0,0,100,100,0,0.156,70,576,8.1,70,13.3,0,27.1,44,6.945,14,806,96.1,9.3,62.16466,378457,88,0,10.9,2,0,0.492,74,27.12,34.69,27.95,96,17.5,0.5642,9,44,0,31.4,0,0,0
2021-09-04,04:41:42,10.68,10.05,10.68,10.05,11.65,11.06,86,86,84,0,0,0,5.16,0.0,0.0,0.0,0.0,0.0,0.0,23.6,53,0,125,ON,OFF,ON,0,34.2,30,0,13492,OFF,OFF,29.4,29.5,9.68,29.4,11.44,9.0,6.0,94.95,38.0,79.89,9,83,25,11,3,1,OFF,OFF,100,100,6.101,1.268,1,0,ON,ON,0.922,4.372,0,0,OFF,OFF,0,0,100,100,0,0.156,70,576,8.1,70,13.3,0,27.1,44,6.945,14,806,96.1,9.3,62.16466,378457,88,0,10.9,2,0,0.492,74,27.12,34.69,27.95,96,17.5,0.5642,9,44,0,31.4,0,0,0
2021-09-04,04:42:12,10.68,10.05,10.68,10.05,11.65,11.06,86,86,84,0,0,0,5.16,0.0,0.0,0.0,0.0,0.0,0.0,23.6,53,0,125,ON,OFF,ON,0,34.2,30,0,13492,OFF,OFF,29.4,29.5,9.68,29.4,11.44,9.0,6.0,94.95,38.0,79.89,9,83,25,11,3,1,OFF,OFF,100,100,6.101,1.268,1,0,ON,ON,0.922,4.372,0,0,OFF,OFF,0,0,100,100,0,0.156,70,576,8.1,70,13.3,0,27.1,44,6.945,14,806,96.1,9.3,62.16466,378457,88,0,10.9,2,0,0.492,74,27.12,34.69,27.95,96,17.5,0.5642,9,44,0,31.4,0,0,0
2021-09-04,04:42:42,10.68,10.05,10.68,10.05,11.65,11.06,86,86,84,0,0,0,5.16,0.0,0.0,0.0,0.0,0.0,0.0,23.6,53,0,125,ON,OFF,ON,0,34.2,30,0,13492,OFF,OFF,29.4,29.5,9.68,29.4,11.44,9.0,6.0,94.95,38.0,79.89,9,83,25,11,3,1,OFF,OFF,100,100,6.101,1.268,1,0,ON,ON,0.922,4.372,0,0,OFF,OFF,0,0,100,100,0,0.156,70,576,8.1,70,13.3,0,27.1,44,6.945,14,806,96.1,9.3,62.16466,378457,88,0,10.9,2,0,0.492,74,27.12,34.69,27.95,96,17.5,0.5642,9,44,0,31.4,0,0,0
2021-09-04,04:43:12,10.68,10.05,10.68,10.05,11.65,11.06,86,86,84,0,0,0,5.16,0.0,0.0,0.0,0.0,0.0,0.0,23.6,53,0,125,ON,OFF,ON,0,34.2,30,0,13492,OFF,OFF,29.4,29.5,9.68,29.4,11.44,9.0,6.0,94.95,38.0,79.89,9,83,25,11,3,1,OFF,OFF,100,100,6.101,1.268,1,0,ON,ON,0.922,4.372,0,0,OFF,OFF,0,0,100,100,0,0.156,70,576,8.1,70,13.3,0,27.1,44,6.945,14,806,96.1,9.3,62.16466,378457,88,0,10.9,2,0,0.492,74,27.12,34.69,27.95,96,17.5,0.5642,9,44,0,31.4,0,0,0
2021-09-04,04:43:42,10.68,10.05,10.68,10.05,11.65,11.06,86,86,84,0,0,0,5.16,0.0,0.0,0.0,0.0,0.0,0.0,23.6,53,0,125,ON,OFF,ON,0,34.2,30,0,13492,OFF,OFF,29.4,29.5,9.68,29.4,11.44,9.0,6.0,94.95,38.0,79.89,9,83,25,11,3,1,OFF,OFF,100,100,6.101,1.268,1,0,ON,ON,0.922,4.372,0,0,OFF,OFF,0,0,100,100,0,0.156,70,576,8.1,70,13.3,0,27.1,44,6.945,14,806,96.1,9.3,62.16466,378457,88,0,10.9,2,0,0.492,74,27.12,34.69,27.95,96,17.5,0.5642,9,44,0,31.4,0,0,0
2021-09-04,04:44:12,10.68,10.05,10.68,10.05,11.65,11.06,86,86,84,0,0,0,5.16,0.0,0.0,0.0,0.0,0.0,0.0,23.6,53,0,125,ON,OFF,ON,0,34.2,30,0,13492,OFF,OFF,29.4,29.5,9.68,29.4,11.44,9.0,6.0,94.95,38.0,79.89,9,83,25,11,3,1,OFF,OFF,100,100,6.101,1.268,1,0,ON,ON,0.922,4.372,0,0,OFF,OFF,0,0,100,100,0,0.156,70,576,8.1,70,13.3,0,27.1,44,6.945,14,806,96.1,9.3,62.16466,378457,88,0,10.9,2,0,0.492,74,27.12,34.69,27.95,96,17.5,0.5642,9,44,0,31.4,0,0,0
2021-09-04,04:44:42,10.68,10.05,10.68,10.05,11.65,11.06,86,86,84,0,0,0,5.16,0.0,0.0,0.0,0.0,0.0,0.0,23.6,53,0,125,ON,OFF,ON,0,34.2,30,0,13492,OFF,OFF,29.4,29.5,9.68,29.4,11.44,9.0,6.0,94.95,38.0,79.89,9,83,25,11,3,1,OFF,OFF,100,100,6.101,1.268,1,0,ON,ON,0.922,4.372,0,0,OFF,OFF,0,0,100,100,0,0.156,70,576,8.1,70,13.3,0,27.1,44,6.945,14,806,96.1,9.3,62.16466,378457,88,0,10.9,2,0,0.492,74,27.12,34.69,27.95,96,17.5,0.5642,9,44,0,31.4,0,0,0
2021-09-04,04:45:12,10.68,10.05,10.68,10.05,11.65,11.06,86,86,84,0,0,0,5.16,0.0,0.0,0.0,0.0,0.0,0.0,23.6,53,0,125,ON,OFF,ON,0,34.2,30,0,13492,OFF,OFF,29.4,29.5,9.68,29.4,11.44,9.0,6.0,94.95,38.0,79.89,9,83,25,11,3,1,OFF,OFF,100,100,6.101,1.268,1,0,ON,ON,0.922,4.372,0,0,OFF,OFF,0,0,100,100,0,0.156,70,576,8.1,70,13.3,0,27.1,44,6.945,14,806,96.1,9.3,62.16466,378457,88,0,10.9,2,0,0.492,74,27.12,34.69,27.95,96,17.5,0.5642,9,44,0,31.4,0,0,0
2021-09-04,04:45:42,10.68,10.05,10.68,10.05,11.65,11.06,86,86,84,0,0,0,5.16,0.0,0.0,0.0,0.0,0.0,0.0,23.6,53,0,125,ON,OFF,ON,0,34.2,30,0,13492,OFF,OFF,29.4,29.5,9.68,29.4,11.44,9.0,6.0,94.95,38.0,79.89,9,83,25,11,3,1,OFF,OFF,100,100,6.101,1.268,1,0,ON,ON,0.922,4.372,0,0,OFF,OFF,0,0,100,100,0,0.156,70,576,8.1,70,13.3,0,27.1,44,6.945,14,806,96.1,9.3,62.16466,378457,88,0,10.9,2,0,0.492,74,27.12,34.69,27.38,96,17.5,0.5642,9,44,0,31.4,0,0,0
2021-09-04,04:46:12,10.68,10.05,10.68,10.05,11.65,11.06,86,86,84,0,0,0,5.16,0.0,0.0,0.0,0.0,0.0,0.0,23.6,53,0,125,ON,OFF,ON,0,34.2,30,0,13492,OFF,OFF,29.4,29.5,9.68,29.4,11.44,9.0,6.0,94.95,38.0,79.89,9,83,25,11,3,1,OFF,OFF,100,100,6.101,1.268,1,0,ON,ON,0.922,4.372,0,0,OFF,OFF,0,0,100,100,0,0.156,70,576,8.1,70,13.3,0,27.1,44,6.945,14,806,96.1,9.3,62.16466,378457,88,0,10.9,2,0,0.492,74,27.12,34.69,27.38,96,17.5,0.5642,9,44,0,31.4,0,0,0
2021-09-04,04:46:42,10.68,10.05,10.68,10.05,11.65,11.06,86,86,84,0,0,0,5.16,0.0,0.0,0.0,0.0,0.0,0.0,23.6,53,0,125,ON,OFF,ON,0,34.2,30,0,13492,OFF,OFF,29.4,29.5,9.68,29.4,11.44,9.0,6.0,94.95,38.0,79.89,9,83,25,11,3,1,OFF,OFF,100,100,6.101,1.268,1,0,ON,ON,0.922,4.372,0,0,OFF,OFF,0,0,100,100,0,0.156,70,576,8.1,70,13.3,0,27.1,44,6.945,14,806,96.1,9.3,62.16466,378457,88,0,10.9,2,0,0.492,74,27.12,34.69,27.38,96,17.5,0.5642,9,44,0,31.4,0,0,0
2021-09-04,04:47:12,10.68,10.05,10.68,10.05,11.65,11.06,86,86,84,0,0,0,5.16,0.0,0.0,0.0,0.0,0.0,0.0,23.6,53,0,125,ON,OFF,ON,0,34.2,30,0,13492,OFF,OFF,29.4,29.5,9.68,29.4,11.44,9.0,6.0,94.95,38.0,79.89,9,83,25,11,3,1,OFF,OFF,100,100,6.101,1.268,1,0,ON,ON,0.922,4.372,0,0,OFF,OFF,0,0,100,100,0,0.156,70,576,8.1,70,13.3,0,27.1,44,6.945,14,806,96.1,9.3,62.16466,378457,88,0,10.9,2,0,0.492,74,27.12,34.69,27.38,96,17.5,0.5642,9,44,0,31.4,0,0,0
2021-09-04,04:47:42,10.68,10.05,10.68,10.05,11.65,11.06,86,86,84,0,0,0,5.16,0.0,0.0,0.0,0.0,0.0,0.0,23.6,53,0,125,ON,OFF,ON,0,34.2,30,0,13492,OFF,OFF,29.4,29.5,9.68,29.4,11.44,9.0,6.0,94.95,38.0,79.89,9,83,25,11,3,1,OFF,OFF,100,100,6.101,1.268,1,0,ON,ON,0.922,4.372,0,0,OFF,OFF,0,0,100,100,0,0.156,70,576,8.1,70,13.3,0,27.1,44,6.945,14,806,96.1,9.3,62.16466,378457,88,0,10.9,2,0,0.492,74,27.12,34.69,27.38,96,17.5,0.5642,9,44,0,31.4,0,0,0
2021-09-04,04:48:12,10.68,10.05,10.68,10.05,11.65,11.06,86,86,84,0,0,0,5.16,0.0,0.0,0.0,0.0,0.0,0.0,23.6,53,0,125,ON,OFF,ON,0,34.2,30,0,13492,OFF,OFF,29.4,29.5,9.68,29.4,11.44,9.0,6.0,94.95,38.0,79.89,9,83,25,11,3,1,OFF,OFF,100,100,6.101,1.268,1,0,ON,ON,0.922,4.372,0,0,OFF,OFF,0,0,100,100,0,0.156,70,576,8.1,70,13.3,0,27.1,44,6.945,14,806,96.1,9.3,62.16466,378457,88,0,10.9,2,0,0.492,74,27.12,34.69,27.38,96,17.5,0.5642,9,44,0,31.4,0,0,0
2021-09-04,04:48:43,10.68,10.05,10.68,10.05,11.65,11.06,86,86,84,0,0,0,5.16,0.0,0.0,0.0,0.0,0.0,0.0,23.6,53,0,125,ON,OFF,ON,0,34.2,30,0,13492,OFF,OFF,29.4,29.5,9.68,29.4,11.44,9.0,6.0,94.95,38.0,79.89,9,83,25,11,3,1,OFF,OFF,100,100,6.101,1.268,1,0,ON,ON,0.922,4.372,0,0,OFF,OFF,0,0,100,100,0,0.156,70,576,8.1,70,13.1,0,27.1,44,6.945,14,806,96.1,9.3,62.16466,378457,88,0,10.9,2,0,0.492,74,27.12,34.69,27.38,96,17.5,0.5642,9,44,0,31.4,0,0,0
2021-09-04,04:49:13,10.68,10.05,10.68,10.05,11.65,11.06,86,86,84,0,0,0,5.16,0.0,0.0,0.0,0.0,0.0,0.0,23.6,53,0,125,ON,OFF,ON,0,34.2,30,0,13492,OFF,OFF,29.4,29.5,9.68,29.4,11.44,9.0,6.0,94.95,38.0,79.89,9,83,25,11,3,1,OFF,OFF,100,100,6.101,1.268,1,0,ON,ON,0.922,4.372,0,0,OFF,OFF,0,0,100,100,0,0.156,70,576,8.1,70,13.1,0,27.1,44,6.945,14,806,96.1,9.3,62.16466,378457,88,0,10.9,2,0,0.492,74,27.12,34.69,27.38,96,17.5,0.5642,9,44,0,31.4,0,0,0
2021-09-04,04:49:43,10.68,10.05,10.68,10.05,11.65,11.06,86,86,84,0,0,0,5.16,0.0,0.0,0.0,0.0,0.0,0.0,23.6,53,0,125,ON,OFF,ON,0,34.2,30,0,13492,OFF,OFF,29.4,29.5,9.68,29.4,11.44,9.0,6.0,94.95,38.0,79.89,9,83,25,11,3,1,OFF,OFF,100,100,6.101,1.268,1,0,ON,ON,0.922,4.372,0,0,OFF,OFF,0,0,100,100,0,0.156,70,576,8.1,70,13.1,0,26.7,44,6.945,14,806,96.1,9.3,62.16466,378457,88,0,10.9,2,0,0.492,74,27.12,34.69,27.38,96,17.5,0.5642,9,44,0,31.4,0,0,0
2021-09-04,04:50:13,10.68,10.05,10.68,10.05,11.65,11.06,86,86,84,0,0,0,5.16,0.0,0.0,0.0,0.0,0.0,0.0,23.6,53,0,125,ON,OFF,ON,0,34.2,30,0,13492,OFF,OFF,29.4,29.5,9.68,29.4,11.44,9.0,6.0,94.95,38.0,79.89,9,83,25,11,3,1,OFF,OFF,100,100,6.101,1.268,1,0,ON,ON,0.922,4.372,0,0,OFF,OFF,0,0,100,100,0,0.156,70,576,8.1,70,13.1,0,26.7,44,6.945,14,806,96.1,9.3,62.16466,378457,88,0,10.9,2,0,0.492,74,27.12,34.69,27.38,96,17.5,0.5642,9,44,0,31.4,0,0,0
2021-09-04,04:50:59,10.68,10.05,10.68,10.05,11.65,11.06,86,86,84,0,0,0,5.16,0.0,0.0,0.0,0.0,0.0,0.0,23.6,53,0,125,ON,OFF,ON,0,34.2,30,0,13492,OFF,OFF,29.4,29.5,9.68,29.4,11.44,9.0,6.0,94.95,38.0,79.89,9,83,25,11,3,1,OFF,OFF,100,100,6.102,1.268,1,0,ON,ON,0.922,4.372,0,0,OFF,OFF,0,0,100,100,0,0.156,70,576,8.1,70,13.1,0,26.7,44,6.945,14,806,96.1,9.3,62.16466,378457,88,0,10.9,2,0,0.492,74,27.12,34.69,27.38,96,17.5,0.5642,9,44,0,31.4,0,0,0
2021-09-04,04:51:29,10.68,10.05,10.68,10.05,11.65,11.06,86,86,84,0,0,0,5.16,0.0,0.0,0.0,0.0,0.0,0.0,23.6,53,0,125,ON,OFF,ON,0,34.2,30,0,13492,OFF,OFF,29.4,29.5,9.68,29.4,11.44,9.0,6.0,94.95,38.0,79.89,9,82,25,11,3,1,OFF,OFF,100,100,6.102,1.268,1,0,ON,ON,0.922,4.372,0,0,OFF,OFF,0,0,100,100,0,0.156,70,576,8.1,70,13.1,0,26.7,44,6.945,14,806,96.1,9.3,62.16466,378457,88,0,10.9,2,0,0.492,74,27.12,34.69,27.38,96,17.5,0.5642,9,44,0,31.4,0,0,0
2021-09-04,04:51:59,10.68,10.05,10.68,10.05,11.65,11.06,86,86,84,0,0,0,5.16,0.0,0.0,0.0,0.0,0.0,0.0,23.6,53,0,125,ON,OFF,ON,0,34.2,30,0,13492,OFF,OFF,29.4,29.5,9.68,29.4,11.44,9.0,6.0,94.95,38.0,79.89,9,82,25,11,3,1,OFF,OFF,100,100,6.102,1.268,1,0,ON,ON,0.922,4.372,0,0,OFF,OFF,0,0,100,100,0,0.156,70,576,8.1,70,13.1,0,26.7,44,6.945,14,806,96.1,9.3,62.16466,378457,88,0,10.9,2,0,0.492,74,27.12,34.69,27.38,96,17.5,0.5642,9,44,0,31.4,0,0,0
2021-09-04,04:52:29,10.68,10.05,10.68,10.05,11.65,11.06,86,86,84,0,0,0,5.16,0.0,0.0,0.0,0.0,0.0,0.0,23.6,53,0,125,ON,OFF,ON,0,34.2,30,0,13492,OFF,OFF,29.4,29.5,9.68,29.4,11.44,9.0,6.0,94.95,38.0,79.89,9,82,25,11,3,1,OFF,OFF,100,100,6.102,1.268,1,0,ON,ON,0.922,4.372,0,0,OFF,OFF,0,0,100,100,0,0.156,70,576,8.1,70,13.1,0,26.7,44,6.945,14,806,96.1,9.3,62.16466,378457,88,0,10.9,2,0,0.492,74,27.12,34.69,27.38,96,17.5,0.5642,9,44,0,31.4,0,0,0
2021-09-04,04:52:59,10.68,10.05,10.68,10.05,11.65,11.06,86,86,84,0,0,0,5.16,0.0,0.0,0.0,0.0,0.0,0.0,23.6,53,0,125,ON,OFF,ON,0,34.2,30,0,13492,OFF,OFF,29.4,29.5,9.68,29.4,11.44,9.0,6.0,94.95,38.0,79.89,9,82,25,11,3,1,OFF,OFF,100,100,6.102,1.268,1,0,ON,ON,0.922,4.372,0,0,OFF,OFF,0,0,100,100,0,0.156,70,576,8.1,70,13.1,0,26.7,44,6.945,14,806,96.1,9.3,62.16466,378457,88,0,10.9,2,0,0.492,74,27.12,34.69,27.38,96,17.5,0.5642,9,44,0,31.4,0,0,0
2021-09-04,04:53:29,10.68,10.05,10.68,10.05,11.65,11.06,86,86,84,0,0,0,5.16,0.0,0.0,0.0,0.0,0.0,0.0,23.6,53,0,125,ON,OFF,ON,0,34.2,30,0,13492,OFF,OFF,29.4,29.5,9.68,29.4,11.44,9.0,6.0,94.95,38.0,79.89,9,82,25,11,3,1,OFF,OFF,100,100,6.102,1.268,1,0,ON,ON,0.922,4.372,0,0,OFF,OFF,0,0,100,100,0,0.156,70,576,8.1,70,13.1,0,26.7,44,6.945,14,806,96.1,9.3,62.16466,378457,88,0,10.9,2,0,0.492,74,27.12,34.69,27.38,96,17.5,0.5642,9,44,0,31.4,0,0,0
2021-09-04,04:53:59,10.68,10.05,10.68,10.05,11.65,11.06,86,86,84,0,0,0,5.16,0.0,0.0,0.0,0.0,0.0,0.0,23.6,53,0,125,ON,OFF,ON,0,34.2,30,0,13492,OFF,OFF,29.4,29.5,9.68,29.4,11.44,9.0,6.0,94.95,38.0,79.89,9,82,25,11,3,1,OFF,OFF,100,100,6.102,1.268,1,0,ON,ON,0.922,4.372,0,0,OFF,OFF,0,0,100,100,0,0.156,70,576,8.1,70,13.1,0,26.7,44,6.945,14,806,96.1,9.3,62.16466,378457,88,0,10.9,2,0,0.492,74,27.12,34.69,27.38,96,17.5,0.5642,9,44,0,31.4,0,0,0
2021-09-04,04:54:28,10.68,10.05,10.68,10.05,11.65,11.06,86,86,84,0,0,0,5.16,0.0,0.0,0.0,0.0,0.0,0.0,23.6,53,0,125,ON,OFF,ON,0,34.2,30,0,13492,OFF,OFF,29.4,29.5,9.68,29.4,11.44,9.0,6.0,94.95,38.0,79.89,9,82,25,11,3,1,OFF,OFF,100,100,6.102,1.268,1,0,ON,ON,0.922,4.372,0,0,OFF,OFF,0,0,100,100,0,0.156,70,576,8.1,70,13.1,0,26.7,44,6.945,14,806,96.1,9.3,62.16466,378457,88,0,10.9,2,0,0.492,74,27.12,34.69,27.38,96,17.5,0.5642,9,44,0,31.4,0,0,0
2021-09-04,04:54:58,10.68,10.05,10.68,10.05,11.65,11.06,86,86,84,0,0,0,5.16,0.0,0.0,0.0,0.0,0.0,0.0,23.6,53,0,125,ON,OFF,ON,0,34.2,30,0,13492,OFF,OFF,29.4,29.5,9.68,29.4,11.44,9.0,6.0,94.95,38.0,79.89,9,82,25,11,3,1,OFF,OFF,100,100,6.102,1.268,1,0,ON,ON,0.922,4.372,0,0,OFF,OFF,0,0,100,100,0,0.156,70,576,8.1,70,13.1,0,26.7,44,6.945,14,806,96.1,9.3,62.16466,378457,88,0,10.9,2,0,0.492,74,27.12,34.69,27.38,96,17.5,0.5642,9,44,0,31.4,0,0,0
2021-09-04,04:55:28,10.68,10.05,10.68,10.05,11.65,11.06,86,86,84,0,0,0,5.16,0.0,0.0,0.0,0.0,0.0,0.0,23.6,53,0,125,ON,OFF,ON,0,34.2,30,0,13492,OFF,OFF,29.4,29.5,9.68,29.4,11.44,9.0,6.0,94.95,38.0,79.89,9,82,25,11,3,1,OFF,OFF,100,100,6.102,1.268,1,0,ON,ON,0.922,4.372,0,0,OFF,OFF,0,0,100,100,0,0.156,70,576,8.1,70,13.1,0,26.7,44,6.945,14,806,96.1,9.3,62.16466,378457,88,0,10.9,2,0,0.492,74,27.12,34.69,27.38,96,17.5,0.5642,9,44,0,31.4,0,0,0
2021-09-04,04:55:58,10.68,10.05,10.68,10.05,11.65,11.06,86,86,84,0,0,0,5.16,0.0,0.0,0.0,0.0,0.0,0.0,23.6,53,0,125,ON,OFF,ON,0,34.2,30,0,13492,OFF,OFF,29.4,29.5,9.68,29.4,11.44,9.0,6.0,94.95,38.0,79.89,9,82,25,11,3,1,OFF,OFF,100,100,6.102,1.268,1,0,ON,ON,0.922,4.372,0,0,OFF,OFF,0,0,100,100,0,0.156,70,576,8.1,70,13.1,0,26.7,44,6.945,14,806,96.1,9.3,62.16466,378457,88,0,10.9,2,0,0.492,74,27.12,34.69,27.38,96,17.5,0.5642,9,44,0,31.4,0,0,0
2021-09-04,04:56:29,10.68,10.05,10.68,10.05,11.65,11.06,86,86,84,0,0,0,5.16,0.0,0.0,0.0,0.0,0.0,0.0,23.6,53,0,125,ON,OFF,ON,0,34.2,30,0,13492,OFF,OFF,29.4,29.5,9.68,29.4,11.44,9.0,6.0,94.95,38.0,79.89,9,82,25,11,3,1,OFF,OFF,100,100,6.102,1.268,1,0,ON,ON,0.922,4.372,0,0,OFF,OFF,0,0,100,100,0,0.156,70,576,8.1,70,13.1,0,26.7,44,6.945,14,806,96.1,9.3,62.16466,378457,88,0,10.9,2,0,0.492,74,27.12,34.69,27.38,96,17.5,0.5642,9,44,0,31.4,0,0,0
2021-09-04,04:56:59,10.68,10.05,10.68,10.05,11.65,11.06,86,86,84,0,0,0,5.16,0.0,0.0,0.0,0.0,0.0,0.0,23.6,53,0,125,ON,OFF,ON,0,34.2,30,0,13492,OFF,OFF,29.4,29.5,9.68,29.4,11.44,9.0,6.0,94.95,38.0,79.89,8,83,25,11,3,1,OFF,OFF,100,100,6.102,1.268,1,0,ON,ON,0.922,4.372,0,0,OFF,OFF,0,0,100,100,0,0.156,70,576,8.1,70,13.1,0,26.7,44,6.945,14,806,96.1,9.3,62.16466,378457,88,0,10.9,2,0,0.492,74,27.12,34.69,27.38,96,17.5,0.5642,9,44,0,31.4,0,0,0
2021-09-04,04:57:29,10.68,10.05,10.68,10.05,11.65,11.06,86,86,84,0,0,0,5.16,0.0,0.0,0.0,0.0,0.0,0.0,23.6,53,0,125,ON,OFF,ON,0,34.2,30,0,13492,OFF,OFF,29.4,29.5,9.68,29.4,11.44,9.0,6.0,94.95,38.0,79.89,8,83,25,11,3,1,OFF,OFF,100,100,6.102,1.268,1,0,ON,ON,0.922,4.372,0,0,OFF,OFF,0,0,100,100,0,0.156,70,576,8.1,70,12.9,0,26.7,44,6.945,14,806,96.1,9.3,62.16466,378457,88,0,10.9,2,0,0.492,74,27.12,34.69,27.38,96,17.5,0.5642,9,44,0,31.4,0,0,0
2021-09-04,04:57:59,10.68,10.05,10.68,10.05,11.65,11.06,86,86,84,0,0,0,5.16,0.0,0.0,0.0,0.0,0.0,0.0,23.6,53,0,125,ON,OFF,ON,0,34.2,30,0,13492,OFF,OFF,29.4,29.5,9.68,29.4,11.44,9.0,6.0,94.95,38.0,79.89,8,83,25,11,3,1,OFF,OFF,100,100,6.102,1.268,1,0,ON,ON,0.922,4.372,0,0,OFF,OFF,0,0,100,100,0,0.156,70,576,7.7,70,12.9,0,26.6,44,6.829,13.5,806,96.1,9.3,62.16466,378457,88,0,10.9,2,0,0.492,74,27.12,34.69,27.38,96,17.5,0.5642,9,44,0,31.4,0,0,0
2021-09-04,04:58:29,10.68,10.05,10.68,10.05,11.65,11.06,86,86,84,0,0,0,5.16,0.0,0.0,0.0,0.0,0.0,0.0,23.6,53,0,125,ON,OFF,ON,0,34.2,30,0,13492,OFF,OFF,29.4,29.5,9.68,29.4,11.44,9.0,6.0,94.95,38.0,79.89,8,83,25,11,3,1,OFF,OFF,100,100,6.102,1.268,1,0,ON,ON,0.922,4.372,0,0,OFF,OFF,0,0,100,100,0,0.156,70,576,7.7,70,12.9,0,26.6,44,6.829,13.5,806,96.1,9.3,62.16466,378457,88,0,10.9,2,0,0.492,74,27.12,34.69,27.38,96,17.5,0.5642,9,44,0,31.4,0,0,0
2021-09-04,04:58:59,10.68,10.05,10.68,10.05,11.65,11.06,86,86,84,0,0,0,5.16,0.0,0.0,0.0,0.0,0.0,0.0,23.6,53,0,125,ON,OFF,ON,0,34.2,30,0,13492,OFF,OFF,29.4,29.5,9.68,29.4,11.44,9.0,6.0,94.95,38.0,79.89,8,83,24.5,11,3,1,OFF,OFF,100,100,6.102,1.268,1,0,ON,ON,0.922,4.372,0,0,OFF,OFF,0,0,100,100,0,0.156,70,576,7.7,70,12.9,0,26.6,44,6.829,13.5,806,96.1,9.3,62.16466,378457,88,0,10.9,2,0,0.492,74,27.12,34.69,27.38,96,17.5,0.5642,9,44,0,31.4,0,0,0
2021-09-04,04:59:29,10.68,10.05,10.68,10.05,11.65,11.06,86,86,84,0,0,0,5.16,0.0,0.0,0.0,0.0,0.0,0.0,23.6,53,0,125,ON,OFF,ON,0,34.2,30,0,13492,OFF,OFF,29.4,29.5,9.68,29.4,11.44,9.0,6.0,94.95,38.0,79.89,8,83,24.5,11,3,1,OFF,OFF,100,100,6.102,1.268,1,0,ON,ON,0.922,4.372,0,0,OFF,OFF,0,0,100,100,0,0.156,70,576,7.7,70,12.9,0,26.6,44,6.829,13.5,806,96.1,9.3,62.16466,378457,88,0,10.9,2,0,0.492,74,27.12,34.69,27.38,96,17.5,0.5642,9,44,0,31.4,0,0,0
2021-09-04,04:59:59,10.68,10.05,10.68,10.05,11.65,11.06,86,86,84,0,0,0,5.16,0.0,0.0,0.0,0.0,0.0,0.0,23.6,53,0,125,ON,OFF,ON,0,34.2,30,0,13492,OFF,OFF,29.4,29.5,9.68,29.4,11.44,9.0,6.0,94.95,38.0,79.89,8,83,24.5,11,3,1,OFF,OFF,100,100,6.102,1.268,1,0,ON,ON,0.922,4.372,0,0,OFF,OFF,0,0,100,100,0,0.156,70,576,7.7,70,12.9,0,26.6,44,6.829,13.5,806,96.1,9.3,62.16466,378457,88,0,10.9,2,0,0.492,74,27.12,34.69,27.38,96,17.5,0.5642,9,44,0,31.4,0,0,0
2021-09-04,05:00:29,10.68,10.05,10.68,10.05,11.65,11.06,86,86,84,0,0,0,5.16,0.0,0.0,0.0,0.0,0.0,0.0,23.6,53,0,125,ON,OFF,ON,0,34.2,30,0,13492,OFF,OFF,29.4,29.5,9.68,29.4,11.44,9.0,6.0,94.95,38.0,79.89,8,83,24.5,11,3,1,OFF,OFF,100,100,6.102,1.268,1,0,ON,ON,0.922,4.372,0,0,OFF,OFF,0,0,100,100,0,0.156,70,576,7.7,70,12.9,0,26.6,44,6.829,13.5,806,96.1,9.3,62.16466,378457,88,0,10.9,2,0,0.492,74,27.12,34.69,27.38,96,17.5,0.5642,9,44,0,31.4,0,0,0
2021-09-04,05:00:59,10.68,10.05,10.68,10.05,11.65,11.06,86,86,84,0,0,0,5.16,0.0,0.0,0.0,0.0,0.0,0.0,23.6,53,0,125,ON,OFF,ON,0,34.2,30,0,13492,OFF,OFF,29.4,29.5,9.68,29.4,11.44,9.0,6.0,94.95,38.0,79.89,8,83,24.5,11,3,1,OFF,OFF,100,100,6.102,1.268,1,0,ON,ON,0.922,4.372,0,0,OFF,OFF,0,0,100,100,0,0.156,70,576,7.7,70,12.9,0,26.6,44,6.829,13.5,806,96.1,9.3,62.16466,378457,88,0,10.9,2,0,0.492,74,27.12,34.69,27.38,96,17.5,0.5642,9,44,0,31.4,0,0,0
2021-09-04,05:01:29,10.68,10.05,10.68,10.05,11.65,11.06,86,86,84,0,0,0,5.16,0.0,0.0,0.0,0.0,0.0,0.0,23.6,53,0,125,ON,OFF,ON,0,34.2,30,0,13492,OFF,OFF,29.4,29.5,9.68,29.4,11.44,9.0,6.0,94.95,38.0,79.89,8,83,24.5,11,3,1,OFF,OFF,100,100,6.102,1.268,1,0,ON,ON,0.922,4.372,0,0,OFF,OFF,0,0,100,100,0,0.156,70,576,7.7,70,12.9,0,26.6,44,6.829,13.5,806,96.1,9.3,62.16466,378457,88,0,10.9,2,0,0.492,74,27.12,34.69,27.38,96,17.5,0.5642,9,44,0,31.4,0,0,0
2021-09-04,05:01:59,10.68,10.05,10.68,10.05,11.65,11.06,86,86,84,0,0,0,5.16,0.0,0.0,0.0,0.0,0.0,0.0,23.6,53,0,125,ON,OFF,ON,0,34.2,30,0,13492,OFF,OFF,29.4,29.5,9.68,29.4,11.44,9.0,6.0,94.95,38.0,79.89,8,83,24.5,11,3,1,OFF,OFF,100,100,6.102,1.268,1,0,ON,ON,0.922,4.372,0,0,OFF,OFF,0,0,100,100,0,0.156,70,576,7.7,70,12.9,0,26.6,44,6.829,13.5,806,96.1,9.3,62.16466,378457,88,0,10.9,2,0,0.492,74,27.12,34.69,27.38,96,17.5,0.5642,9,44,0,31.4,0,0,0
2021-09-04,05:02:29,10.68,10.05,10.68,10.05,11.65,11.06,86,86,84,0,0,0,5.16,0.0,0.0,0.0,0.0,0.0,0.0,23.6,53,0,125,ON,OFF,ON,0,34.2,30,0,13492,OFF,OFF,29.4,29.5,9.68,29.4,11.44,9.0,6.0,94.95,38.0,79.89,8,83,24.5,11,3,1,OFF,OFF,100,100,6.102,1.268,1,0,ON,ON,0.922,4.372,0,0,OFF,OFF,0,0,100,100,0,0.156,70,576,7.7,70,12.9,0,26.6,44,6.829,13.5,806,96.1,9.3,62.16466,378457,88,0,10.9,2,0,0.492,74,27.12,34.69,27.38,96,17.5,0.5642,9,44,0,31.4,0,0,0
2021-09-04,05:02:59,10.68,10.05,10.68,10.05,11.65,11.06,86,86,84,0,0,0,5.16,0.0,0.0,0.0,0.0,0.0,0.0,23.6,53,0,125,ON,OFF,ON,0,34.2,30,0,13492,OFF,OFF,29.4,29.5,9.68,29.4,11.44,9.0,6.0,94.95,38.0,79.89,8,83,24.5,11,3,1,OFF,OFF,100,100,6.102,1.268,1,0,ON,ON,0.922,4.372,0,0,OFF,OFF,0,0,100,100,0,0.156,70,576,7.7,70,12.9,0,26.6,44,6.829,13.5,806,96.1,9.3,62.16466,378457,88,0,10.9,2,0,0.492,74,27.12,34.69,27.38,96,17.5,0.5642,9,44,0,31.4,0,0,0
2021-09-04,05:03:29,10.68,10.05,10.68,10.05,11.65,11.06,86,86,84,0,0,0,5.16,0.0,0.0,0.0,0.0,0.0,0.0,23.6,53,0,125,ON,OFF,ON,0,34.2,30,0,13492,OFF,OFF,29.4,29.5,9.68,29.4,11.44,9.0,6.0,94.95,38.0,79.89,8,83,24.5,11,3,1,OFF,OFF,100,100,6.102,1.268,1,0,ON,ON,0.922,4.372,0,0,OFF,OFF,0,0,100,100,0,0.156,70,576,7.7,70,12.9,0,26.6,44,6.829,13.5,806,96.1,9.3,62.16466,378457,88,0,10.9,2,0,0.492,74,27.12,34.69,27.38,96,17.5,0.5642,9,44,0,31.4,0,0,0
2021-09-04,05:03:58,10.68,10.05,10.68,10.05,11.65,11.06,86,86,84,0,0,0,5.16,0.0,0.0,0.0,0.0,0.0,0.0,23.6,53,0,125,ON,OFF,ON,0,34.2,30,0,13492,OFF,OFF,29.4,29.5,9.68,29.4,11.44,9.0,6.0,94.95,38.0,79.89,8,83,24.5,11,3,1,OFF,OFF,100,100,6.102,1.268,1,0,ON,ON,0.922,4.372,0,0,OFF,OFF,0,0,100,100,0,0.156,70,576,7.7,70,12.9,0,26.6,44,6.829,13.5,806,96.1,9.3,62.16466,378457,88,0,10.9,2,0,0.492,74,27.12,34.69,27.38,96,17.5,0.5642,9,44,0,31.4,0,0,0
2021-09-04,05:04:28,10.68,10.05,10.68,10.05,11.65,11.06,86,86,84,0,0,0,5.16,0.0,0.0,0.0,0.0,0.0,0.0,23.6,53,0,125,ON,OFF,ON,0,34.2,30,0,13492,OFF,OFF,29.4,29.5,9.68,29.4,11.44,9.0,6.0,94.95,38.0,79.89,8,83,24.5,11,3,1,OFF,OFF,100,100,6.102,1.268,1,0,ON,ON,0.922,4.372,0,0,OFF,OFF,0,0,100,100,0,0.156,70,576,7.7,70,12.9,0,26.6,44,6.829,13.5,806,96.1,9.3,62.16466,378457,88,0,10.9,2,0,0.492,74,27.12,34.69,27.38,96,17.5,0.5642,9,44,0,31.4,0,0,0
2021-09-04,05:04:58,10.68,10.05,10.68,10.05,11.65,11.06,86,86,84,0,0,0,5.16,0.0,0.0,0.0,0.0,0.0,0.0,23.6,53,0,125,ON,OFF,ON,0,34.2,30,0,13492,OFF,OFF,29.4,29.5,9.68,29.4,11.44,9.0,6.0,94.95,38.0,79.89,8,83,24.5,11,3,1,OFF,OFF,100,100,6.102,1.268,1,0,ON,ON,0.922,4.372,0,0,OFF,OFF,0,0,100,100,0,0.156,70,576,7.7,70,12.9,0,26.6,44,6.829,13.5,806,96.1,9.3,62.16466,378457,88,0,10.9,2,0,0.492,74,27.12,34.69,27.38,96,17.5,0.5642,9,44,0,31.4,0,0,0
2021-09-04,05:05:28,10.68,10.05,10.68,10.05,11.65,11.06,86,86,84,0,0,0,5.16,0.0,0.0,0.0,0.0,0.0,0.0,23.6,53,0,125,ON,OFF,ON,0,34.2,30,0,13492,OFF,OFF,29.4,29.5,9.68,29.4,11.44,9.0,6.0,94.95,38.0,79.89,8,83,24.5,11,3,1,OFF,OFF,100,100,6.102,1.268,1,0,ON,ON,0.922,4.372,0,0,OFF,OFF,0,0,100,100,0,0.156,70,576,7.7,70,12.9,0,26.6,44,6.829,13.5,806,96.1,9.3,62.16466,378457,88,0,10.9,2,0,0.492,74,27.12,34.69,27.38,96,17.5,0.5642,9,44,0,31.4,0,0,0
2021-09-04,05:06:15,10.68,10.05,10.68,10.05,11.65,11.06,86,86,84,0,0,0,5.16,0.0,0.0,0.0,0.0,0.0,0.0,23.6,53,0,125,ON,OFF,ON,0,34.2,30,0,13492,OFF,OFF,29.4,29.5,9.68,29.4,11.44,9.0,6.0,94.95,38.0,79.89,8,83,24.5,11,3,1,OFF,OFF,100,100,6.102,1.268,1,0,ON,ON,0.922,4.372,0,0,OFF,OFF,0,0,100,100,0,0.156,70,576,7.7,70,12.9,0,26.6,44,6.829,13.5,806,96.1,9.3,62.16466,378457,88,0,10.9,2,0,0.492,74,27.12,34.69,27.38,96,17.5,0.5642,9,44,0,31.4,0,0,0
2021-09-04,05:06:45,10.68,10.05,10.68,10.05,11.65,11.06,86,86,84,0,0,0,5.16,0.0,0.0,0.0,0.0,0.0,0.0,23.6,53,0,125,ON,OFF,ON,0,34.2,30,0,13492,OFF,OFF,29.4,29.5,9.68,29.4,11.44,9.0,6.0,94.95,38.0,79.89,8,83,24.5,11,3,1,OFF,OFF,100,100,6.102,1.268,1,0,ON,ON,0.922,4.372,0,0,OFF,OFF,0,0,100,100,0,0.156,70,576,7.7,70,12.9,0,26.6,44,6.829,13.5,806,96.1,9.3,62.16466,378457,88,0,10.9,2,0,0.492,74,27.12,34.69,27.38,96,17.5,0.5642,9,44,0,31.4,0,0,0
2021-09-04,05:07:15,10.68,10.05,10.68,10.05,11.65,11.06,86,86,84,0,0,0,5.16,0.0,0.0,0.0,0.0,0.0,0.0,23.6,53,0,125,ON,OFF,ON,0,34.2,30,0,13492,OFF,OFF,29.4,29.5,9.68,29.4,11.44,9.0,6.0,94.95,38.0,79.89,8,83,24.5,11,3,1,OFF,OFF,100,100,6.102,1.268,1,0,ON,ON,0.922,4.372,0,0,OFF,OFF,0,0,100,100,0,0.156,70,576,7.7,70,12.9,0,26.6,44,6.829,13.5,806,96.1,9.3,62.16466,378457,88,0,10.9,2,0,0.492,74,27.12,34.69,27.38,96,17.5,0.5642,9,44,0,31.4,0,0,0
2021-09-04,05:07:45,10.68,10.05,10.68,10.05,11.65,11.06,86,86,84,0,0,0,5.16,0.0,0.0,0.0,0.0,0.0,0.0,23.6,53,0,125,ON,OFF,ON,0,34.2,30,0,13492,OFF,OFF,29.4,29.5,9.68,29.4,11.44,9.0,6.0,94.95,38.0,79.89,8,83,24.5,11,3,1,OFF,OFF,100,100,6.102,1.268,1,0,ON,ON,0.922,4.372,0,0,OFF,OFF,0,0,100,100,0,0.156,70,576,7.7,70,12.9,0,26.6,44,6.829,13.5,806,96.1,9.3,62.16466,378457,88,0,10.9,2,0,0.492,74,27.12,34.69,27.38,96,17.5,0.5642,9,44,0,31.4,0,0,0
2021-09-04,05:08:15,10.68,10.05,10.68,10.05,11.65,11.06,86,86,84,0,0,0,5.16,0.0,0.0,0.0,0.0,0.0,0.0,23.6,53,0,125,ON,OFF,ON,0,34.2,30,0,13492,OFF,OFF,29.4,29.5,9.68,29.4,11.44,9.0,6.0,94.95,38.0,79.89,8,83,24.5,11,3,1,OFF,OFF,100,100,6.102,1.268,1,0,ON,ON,0.922,4.372,0,0,OFF,OFF,0,0,100,100,0,0.156,70,576,7.7,70,12.9,0,26.6,44,6.829,13.5,806,96.1,9.3,62.16466,378457,88,0,10.9,2,0,0.492,74,27.12,34.69,27.38,96,17.5,0.5642,9,44,0,31.4,0,0,0
2021-09-04,05:08:45,10.68,10.05,10.68,10.05,11.65,11.06,86,86,84,0,0,0,5.16,0.0,0.0,0.0,0.0,0.0,0.0,23.6,53,0,125,ON,OFF,ON,0,34.2,30,0,13492,OFF,OFF,29.4,29.5,9.68,29.4,11.44,9.0,6.0,94.95,38.0,79.89,8,83,24.5,11,3,1,OFF,OFF,100,100,6.102,1.268,1,0,ON,ON,0.922,4.372,0,0,OFF,OFF,0,0,100,100,0,0.156,70,576,7.7,70,12.9,0,26.6,44,6.829,13.5,806,96.1,9.3,62.16466,378457,88,0,10.9,2,0,0.492,74,27.12,34.69,27.38,96,17.5,0.5642,9,44,0,31.4,0,0,0
2021-09-04,05:09:15,10.68,10.05,10.68,10.05,11.65,11.06,86,86,84,0,0,0,5.16,0.0,0.0,0.0,0.0,0.0,0.0,23.6,53,0,125,ON,OFF,ON,0,34.2,30,0,13492,OFF,OFF,29.4,29.5,9.68,29.4,11.44,9.0,6.0,94.95,38.0,79.89,8,83,24.5,11,3,1,OFF,OFF,100,100,6.102,1.268,1,0,ON,ON,0.922,4.372,0,0,OFF,OFF,0,0,100,100,0,0.156,70,576,7.7,70,12.9,0,26.6,44,6.829,13.5,806,96.1,9.3,62.16466,378457,88,0,10.9,2,0,0.492,74,27.12,34.69,27.38,96,17.5,0.5642,9,44,0,31.4,0,0,0
2021-09-04,05:09:45,10.68,10.05,10.68,10.05,11.65,11.06,86,86,84,0,0,0,5.16,0.0,0.0,0.0,0.0,0.0,0.0,23.6,53,0,125,ON,OFF,ON,0,34.2,30,0,13492,OFF,OFF,29.4,29.5,9.68,29.4,11.44,9.0,6.0,94.95,38.0,79.89,8,83,24.5,11,3,1,OFF,OFF,100,100,6.102,1.268,1,0,ON,ON,0.922,4.372,0,0,OFF,OFF,0,0,100,100,0,0.156,70,576,7.7,70,12.9,0,26.6,44,0,13.5,806,96.1,9.3,62.16466,378457,88,0,10.9,2,0,0.492,74,27.12,34.69,27.38,96,17.5,0.5642,9,44,0,31.4,0,0,0
2021-09-04,05:10:15,10.68,10.05,10.68,10.05,11.65,11.06,86,86,84,0,0,0,5.16,0.0,0.0,0.0,0.0,0.0,0.0,23.6,53,0,125,ON,OFF,ON,0,34.2,30,0,13492,OFF,OFF,29.4,29.5,9.68,29.4,11.44,9.0,6.0,94.95,38.0,79.89,8,83,24.5,11,3,1,OFF,OFF,100,100,6.102,1.268,1,0,ON,ON,0.922,4.372,0,0,OFF,OFF,0,0,100,100,0,0.156,70,576,7.7,70,12.9,0,26.6,44,0,13.5,806,96.1,9.3,62.16466,378457,88,0,10.9,2,0,0.492,74,27.12,34.69,27.38,96,17.5,0.5642,9,44,0,31.4,0,0,0
2021-09-04,05:10:45,10.68,10.05,10.68,10.05,11.65,11.06,86,86,84,0,0,0,5.16,0.0,0.0,0.0,0.0,0.0,0.0,23.6,53,0,125,ON,OFF,ON,0,34.2,30,0,13492,OFF,OFF,29.4,29.5,9.68,29.4,11.44,9.0,6.0,94.95,38.0,79.89,8,83,24.5,11,3,1,OFF,OFF,100,100,6.102,1.268,1,0,ON,ON,0.922,4.372,0,0,OFF,OFF,0,0,100,100,0,0.156,70,576,7.7,70,12.9,0,26.6,44,0,13.5,806,96.1,9.3,62.16466,378457,88,0,10.9,2,0,0.492,74,27.12,34.69,27.38,96,17.5,0.5642,9,44,0,31.4,0,0,0
2021-09-04,05:11:15,10.68,10.05,10.68,10.05,11.65,11.06,86,86,84,0,0,0,5.16,0.0,0.0,0.0,0.0,0.0,0.0,23.6,53,0,125,ON,OFF,ON,0,34.2,30,0,13492,OFF,OFF,29.4,29.5,9.68,29.4,11.44,9.0,6.0,94.95,38.0,79.89,8,83,24.5,11,3,1,OFF,OFF,100,100,6.102,1.268,1,0,ON,ON,0.922,4.372,0,0,OFF,OFF,0,0,100,100,0,0.156,70,576,7.7,70,12.9,0,26.6,44,0,13.5,806,96.1,9.3,62.16466,378457,88,0,10.9,2,0,0.492,74,27.12,34.69,27.38,96,17.5,0.5642,9,44,0,31.4,0,0,0
2021-09-04,05:11:46,10.68,10.05,10.68,10.05,11.65,11.06,86,86,84,0,0,0,5.16,0.0,0.0,0.0,0.0,0.0,0.0,23.6,53,0,125,ON,OFF,ON,0,34.2,30,0,13492,OFF,OFF,29.4,29.5,9.68,29.4,11.44,9.0,6.0,94.95,38.0,79.89,8,83,24.5,11,3,1,OFF,OFF,100,100,6.102,1.268,1,0,ON,ON,0.922,4.372,0,0,OFF,OFF,0,0,100,100,0,0.156,70,576,7.7,70,12.9,0,26.6,44,0,13.5,806,96.1,9.3,62.16466,378457,88,0,10.9,2,0,0.492,74,26.62,34.69,27.38,96,17.5,0.5642,9,44,0,31.4,0,0,0
2021-09-04,05:12:16,10.68,10.05,10.68,10.05,11.65,11.06,86,86,84,0,0,0,5.16,0.0,0.0,0.0,0.0,0.0,0.0,23.6,53,0,125,ON,OFF,ON,0,34.2,30,0,13492,OFF,OFF,29.4,29.5,9.68,29.4,11.44,9.0,6.0,94.95,38.0,79.89,8,83,24.5,11,3,1,OFF,OFF,100,100,6.102,1.268,1,0,ON,ON,0.922,4.372,0,0,OFF,OFF,0,0,100,100,0,0.156,70,576,7.7,70,12.9,0,26.6,44,0,13.5,806,96.1,9.3,62.16466,378457,88,0,10.9,2,0,0.492,74,26.62,34.69,27.38,96,17.5,0.5642,9,44,0,31.4,0,0,0
2021-09-04,05:12:46,10.68,10.05,10.68,10.05,11.65,11.06,86,86,84,0,0,0,5.16,0.0,0.0,0.0,0.0,0.0,0.0,23.6,53,0,125,ON,OFF,ON,0,34.2,30,0,13492,OFF,OFF,29.4,29.5,9.68,29.4,11.44,9.0,6.0,94.95,38.0,79.89,8,83,24.5,11,3,1,OFF,OFF,100,100,6.102,1.268,1,0,ON,ON,0.922,4.372,0,0,OFF,OFF,0,0,100,100,0,0.156,70,576,7.7,70,12.9,0,26.6,44,0,13.5,806,96.1,9.3,62.16466,378457,88,0,10.9,2,0,0.492,74,26.62,34.69,27.38,96,17.5,0.5642,9,44,0,31.4,0,0,0
2021-09-04,05:13:16,10.68,10.05,10.68,10.05,11.65,11.06,86,86,84,0,0,0,5.16,0.0,0.0,0.0,0.0,0.0,0.0,23.6,53,0,125,ON,OFF,ON,0,34.2,30,0,13492,OFF,OFF,29.4,29.5,9.68,29.4,11.44,9.0,6.0,94.95,38.0,79.89,8,83,24.5,11,3,1,OFF,OFF,100,100,6.102,1.268,1,0,ON,ON,0.922,4.372,0,0,OFF,OFF,0,0,100,100,0,0.156,70,576,7.7,70,12.9,0,26.6,44,0,13.5,806,96.1,9.3,62.16466,378457,88,0,10.9,2,0,0.492,74,26.62,34.69,27.38,96,17.5,0.5642,9,44,0,31.4,0,0,0
2021-09-04,05:13:46,10.68,10.05,10.68,10.05,11.65,11.06,86,86,84,0,0,0,5.16,0.0,0.0,0.0,0.0,0.0,0.0,23.6,53,0,125,ON,OFF,ON,0,34.2,30,0,13492,OFF,OFF,29.4,29.5,9.68,29.4,11.44,9.0,6.0,94.95,38.0,79.89,8,83,24.5,11,3,1,OFF,OFF,100,100,6.102,1.268,1,0,ON,ON,0.922,4.372,0,0,OFF,OFF,0,0,100,100,0,0.156,70,576,7.7,70,12.9,0,26.6,44,0,13.5,806,96.1,9.3,62.16466,378457,88,0,10.9,2,0,0.492,74,26.62,34.69,27.38,96,17.5,0.5642,9,44,0,31.4,0,0,0
2021-09-04,05:14:16,10.68,10.05,10.68,10.05,11.65,11.06,86,86,84,0,0,0,5.16,0.0,0.0,0.0,0.0,0.0,0.0,23.6,53,0,125,ON,OFF,ON,0,34.2,30,0,13492,OFF,OFF,29.4,29.5,9.68,29.4,11.44,9.0,6.0,94.95,38.0,79.89,8,83,24.5,11,3,1,OFF,OFF,100,100,6.102,1.268,1,0,ON,ON,0.922,4.372,0,0,OFF,OFF,0,0,100,100,0,0.156,70,576,7.7,70,12.9,0,26.6,44,0,13.5,806,96.1,9.3,62.16466,378457,88,0,10.9,2,0,0.492,74,26.62,34.69,27.38,96,17.5,0.5642,9,44,0,31.4,0,0,0
2021-09-04,05:14:46,10.68,10.05,10.68,10.05,11.65,11.06,86,86,84,0,0,0,5.16,0.0,0.0,0.0,0.0,0.0,0.0,23.6,53,0,125,ON,OFF,ON,0,34.2,30,0,13492,OFF,OFF,29.4,29.5,9.68,29.4,11.44,9.0,6.0,94.95,38.0,79.89,8,83,24.5,11,3,1,OFF,OFF,100,100,6.102,1.268,1,0,ON,ON,0.922,4.372,0,0,OFF,OFF,0,0,100,100,0,0.156,70,576,7.7,70,12.9,0,26.6,44,0,13.5,806,96.1,9.3,62.16466,378457,88,0,10.9,2,0,0.492,74,26.62,34.18,27.38,96,17.5,0.5642,9,44,0,31.4,0,0,0
2021-09-04,05:15:16,10.68,10.05,10.68,10.05,11.65,11.06,86,86,84,0,0,0,5.16,0.0,0.0,0.0,0.0,0.0,0.0,23.6,53,0,125,ON,OFF,ON,0,34.2,30,0,13492,OFF,OFF,29.4,29.5,9.68,29.4,11.44,9.0,6.0,94.95,38.0,79.89,8,83,24.5,11,3,1,OFF,OFF,100,100,6.102,1.268,1,0,ON,ON,0.922,4.372,0,0,OFF,OFF,0,0,100,100,0,0.156,70,576,7.7,70,12.9,0,26.6,44,0,13.5,806,96.1,9.3,62.16466,378457,88,0,10.9,2,0,0.492,74,26.62,34.18,27.38,96,17.5,0.5642,9,44,0,31.4,0,0,0
2021-09-04,05:15:46,10.68,10.05,10.68,10.05,11.65,11.06,86,86,84,0,0,0,5.16,0.0,0.0,0.0,0.0,0.0,0.0,23.6,53,0,125,ON,OFF,ON,0,34.2,30,0,13492,OFF,OFF,29.4,29.5,9.68,29.4,11.44,9.0,6.0,94.95,38.0,79.89,8,83,24.5,11,3,1,OFF,OFF,100,100,6.102,1.268,1,0,ON,ON,0.922,4.372,0,0,OFF,OFF,0,0,100,100,0,0.156,70,576,7.7,70,12.9,0,26.6,44,0,13.5,758,96.1,9.3,62.16466,378457,88,0,10.9,2,0,0.492,74,26.62,34.18,27.38,96,17.5,0.5642,9,44,0,31.4,0,0,0
2021-09-04,05:16:16,10.68,10.05,10.68,10.05,11.65,11.06,86,86,84,0,0,0,5.16,0.0,0.0,0.0,0.0,0.0,0.0,23.6,53,0,125,ON,OFF,ON,0,34.2,30,0,13492,OFF,OFF,29.4,29.5,9.68,29.4,11.44,9.0,6.0,94.95,38.0,79.89,8,83,24.5,11,3,1,OFF,OFF,100,100,6.102,1.268,1,0,ON,ON,0.922,4.372,0,0,OFF,OFF,0,0,100,100,0,0.156,70,576,7.7,70,12.9,0,26.6,44,0,13.5,758,96.1,9.3,62.16466,378457,88,0,10.9,2,0,0.492,74,26.62,34.18,27.38,96,17.5,0.5642,9,44,0,31.4,0,0,0
2021-09-04,05:16:46,10.68,10.05,10.68,10.05,11.65,11.06,86,86,84,0,0,0,5.16,0.0,0.0,0.0,0.0,0.0,0.0,23.6,53,0,125,ON,OFF,ON,0,34.2,30,0,13492,OFF,OFF,29.4,29.5,9.68,29.4,11.44,9.0,6.0,94.95,38.0,79.89,8,83,24.5,11,3,1,OFF,OFF,100,100,6.102,1.268,1,0,ON,ON,0.922,4.372,0,0,OFF,OFF,0,0,100,100,0,0.156,70,576,7.7,70,12.9,0,26.6,44,0,13.5,758,96.1,9.3,62.16466,378457,88,0,10.9,2,0,0.492,74,26.62,34.18,27.38,96,17.5,0.5642,9,44,0,31.4,0,0,0
2021-09-04,05:17:16,10.68,10.05,10.68,10.05,11.65,11.06,86,86,84,0,0,0,5.16,0.0,0.0,0.0,0.0,0.0,0.0,23.6,53,0,125,ON,OFF,ON,0,34.2,30,0,13492,OFF,OFF,29.4,29.5,9.68,29.4,11.44,9.0,6.0,94.95,38.0,79.89,8,83,24.5,11,3,1,OFF,OFF,100,100,6.102,1.268,1,0,ON,ON,0.922,4.372,0,0,OFF,OFF,0,0,100,100,0,0.156,70,576,7.7,70,12.9,0,26.6,44,0,13.5,758,96.1,9.3,62.16466,378457,88,0,10.9,2,0,0.492,74,26.62,34.18,27.38,96,17.5,0.5642,9,44,0,31.4,0,0,0
2021-09-04,05:17:47,10.68,10.05,10.68,10.05,11.65,11.06,86,86,84,0,0,0,5.16,0.0,0.0,0.0,0.0,0.0,0.0,23.6,53,0,125,ON,OFF,ON,0,34.2,30,0,13492,OFF,OFF,29.4,29.5,9.68,29.4,11.44,9.0,6.0,94.95,38.0,79.89,8,83,24.5,11,3,1,OFF,OFF,100,100,6.102,1.268,1,0,ON,ON,0.922,4.372,0,0,OFF,OFF,0,0,100,100,0,0.156,70,576,7.7,70,12.9,0,26.6,44,0,13.5,758,96.1,9.3,62.16466,378457,88,0,10.9,2,0,0.492,74,26.62,34.18,27.38,96,17.5,0.5642,9,44,0,31.4,0,0,0
2021-09-04,05:18:17,10.68,10.05,10.68,10.05,11.65,11.06,86,86,84,0,0,0,5.16,0.0,0.0,0.0,0.0,0.0,0.0,23.6,53,0,125,ON,OFF,ON,0,34.2,30,0,13492,OFF,OFF,29.4,29.5,9.68,29.4,11.44,9.0,6.0,94.95,38.0,79.89,8,83,24.5,11,3,1,OFF,OFF,100,100,6.102,1.268,1,0,ON,ON,0.922,4.372,0,0,OFF,OFF,0,0,100,100,0,0.156,70,576,7.7,70,12.9,0,26.6,44,0,13.5,758,96.1,9.3,62.16466,378457,88,0,10.9,2,0,0.492,74,26.62,34.18,27.38,96,17.5,0.5642,9,44,0,31.4,0,0,0
2021-09-04,05:18:47,10.68,10.05,10.68,10.05,11.65,11.06,86,86,84,0,0,0,5.16,0.0,0.0,0.0,0.0,0.0,0.0,23.6,53,0,125,ON,OFF,ON,0,34.2,30,0,13492,OFF,OFF,29.4,29.5,9.68,29.4,11.44,9.0,6.0,94.95,38.0,79.89,8,83,24.5,11,3,1,OFF,OFF,100,100,6.102,1.268,1,0,ON,ON,0.922,4.372,0,0,OFF,OFF,0,0,100,100,0,0.156,70,576,7.7,70,12.9,0,26.6,44,0,13.5,758,96.1,9.3,62.16466,378457,88,0,10.9,2,0,0.492,74,26.62,34.18,27.38,96,17.5,0.5642,9,44,0,31.4,0,0,0
2021-09-04,05:19:17,10.68,10.05,10.68,10.05,11.65,11.06,86,86,84,0,0,0,5.16,0.0,0.0,0.0,0.0,0.0,0.0,23.6,53,0,125,ON,OFF,ON,0,34.2,30,0,13492,OFF,OFF,29.4,29.5,9.68,29.4,10.78,9.0,6.0,94.95,38.0,79.89,8,83,24.5,10.5,3,1,OFF,OFF,100,100,6.102,1.268,1,0,ON,ON,0.922,4.372,0,0,OFF,OFF,0,0,100,100,0,0.156,70,576,7.7,70,12.9,0,26.6,44,0,13.5,758,96.1,9.3,62.16466,378457,88,0,10.9,2,0,0.492,74,26.62,34.18,27.38,96,17.5,0.5642,9,44,0,31.4,0,0,0
2021-09-04,05:19:47,10.68,10.05,10.68,10.05,11.65,11.06,86,86,84,0,0,0,5.16,0.0,0.0,0.0,0.0,0.0,0.0,23.6,53,0,125,ON,OFF,ON,0,34.2,30,0,13492,OFF,OFF,29.4,29.5,9.68,29.4,10.78,9.0,6.0,94.95,38.0,79.89,8,83,24.5,10.5,3,1,OFF,OFF,100,100,6.102,1.268,1,0,ON,ON,0.922,4.372,0,0,OFF,OFF,0,0,100,100,0,0.156,70,576,7.7,70,12.9,0,26.6,44,0,13.5,758,96.1,9.3,62.16466,378457,88,0,10.9,2,0,0.492,74,26.62,34.18,27.38,96,17.5,0.5642,9,44,0,31.4,0,0,0
2021-09-04,05:20:17,10.68,10.05,10.68,10.05,11.65,11.06,86,86,84,0,0,0,5.16,0.0,0.0,0.0,0.0,0.0,0.0,23.6,53,0,125,ON,OFF,ON,0,34.2,30,0,13492,OFF,OFF,29.4,29.5,9.68,29.4,10.78,9.0,6.0,94.95,38.0,79.89,8,83,24.5,10.5,3,1,OFF,OFF,100,100,6.102,1.268,1,0,ON,ON,0.922,4.372,0,0,OFF,OFF,0,0,100,100,0,0.156,70,576,7.7,70,12.9,0,26.6,44,0,13.5,758,96.1,9.3,62.16466,378457,88,0,10.9,2,0,0.492,74,26.62,34.18,27.38,96,17.5,0.5642,9,44,0,31.4,0,0,0
2021-09-04,05:20:47,10.68,10.05,10.68,10.05,11.65,11.06,86,86,84,0,0,0,5.16,0.0,0.0,0.0,0.0,0.0,0.0,23.6,53,0,125,ON,OFF,ON,0,34.2,30,0,13492,OFF,OFF,29.4,29.5,9.68,29.4,10.78,9.0,6.0,94.95,38.0,79.89,8,83,24.5,10.5,3,1,OFF,OFF,100,100,6.102,1.268,1,0,ON,ON,0.922,4.372,0,0,OFF,OFF,0,0,100,100,0,0.156,70,576,7.7,70,12.9,0,26.6,44,0,13.5,758,96.1,9.3,62.16466,378457,88,0,10.9,2,0,0.492,74,26.62,34.18,26.83,96,17.5,0.5642,9,44,0,31.4,0,0,0
2021-09-04,05:21:33,10.68,10.05,10.68,10.05,11.65,11.06,86,86,84,0,0,0,5.16,0.0,0.0,0.0,0.0,0.0,0.0,23.6,53,0,125,ON,OFF,ON,0,34.2,30,0,13492,OFF,OFF,29.4,29.5,9.68,29.4,10.78,9.0,6.0,94.95,38.0,79.89,8,83,24.5,10.5,3,1,OFF,OFF,100,100,6.102,1.268,1,0,ON,ON,0.922,4.372,0,0,OFF,OFF,0,0,100,100,0,0.156,70,576,7.7,70,12.9,0,26.2,44,0,13.5,758,96.1,9.3,62.16466,378457,88,0,10.9,2,0,0.492,74,26.62,34.18,26.83,96,17.5,0.5642,9,44,0,31.4,0,0,0
2021-09-04,05:22:03,10.68,10.05,10.68,10.05,11.65,11.06,86,86,84,0,0,0,5.16,0.0,0.0,0.0,0.0,0.0,0.0,23.6,53,0,125,ON,OFF,ON,0,34.2,30,0,13492,OFF,OFF,29.4,29.5,9.68,29.4,10.78,9.0,6.0,94.95,38.0,79.89,8,83,24.5,10.5,3,1,OFF,OFF,100,100,6.102,1.268,1,0,ON,ON,0.922,4.372,0,0,OFF,OFF,0,0,100,100,0,0.156,70,576,7.7,70,12.9,0,26.2,44,0,13.5,758,96.1,9.3,62.16466,378457,88,0,10.9,2,0,0.492,74,26.62,34.18,26.83,96,17.5,0.5642,9,44,0,31.4,0,0,0
2021-09-04,05:22:33,10.68,10.05,10.68,10.05,11.65,11.06,86,86,84,0,0,0,5.16,0.0,0.0,0.0,0.0,0.0,0.0,23.6,53,0,125,ON,OFF,ON,0,34.2,30,0,13492,OFF,OFF,29.4,29.5,9.68,29.4,10.78,9.0,6.0,94.95,38.0,79.89,8,83,24.5,10.5,3,1,OFF,OFF,100,100,6.102,1.268,1,0,ON,ON,0.922,4.372,0,0,OFF,OFF,0,0,100,100,0,0.156,70,576,7.7,70,12.9,0,26.2,44,0,13.5,758,96.1,9.3,62.16466,378457,88,0,10.9,2,0,0.492,74,26.62,34.18,26.83,96,17.5,0.5642,9,44,0,31.4,0,0,0
2021-09-04,05:23:03,10.68,10.05,10.68,10.05,11.65,11.06,86,86,84,0,0,0,5.16,0.0,0.0,0.0,0.0,0.0,0.0,23.6,53,0,125,ON,OFF,ON,0,34.2,30,0,13492,OFF,OFF,29.4,29.5,9.68,29.4,10.78,9.0,6.0,94.95,38.0,79.89,8,83,24.5,10.5,3,1,OFF,OFF,100,100,6.102,1.268,1,0,ON,ON,0.922,4.372,0,0,OFF,OFF,0,0,100,100,0,0.156,70,576,7.7,70,12.9,0,26.2,44,0,13.5,758,96.1,9.3,62.16466,378457,88,0,10.9,2,0,0.492,74,26.62,34.18,26.83,96,17.5,0.5642,9,44,0,31.4,0,0,0
2021-09-04,05:23:33,10.68,10.05,10.68,10.05,11.65,11.06,86,86,84,0,0,0,5.16,0.0,0.0,0.0,0.0,0.0,0.0,23.6,53,0,125,ON,OFF,ON,0,34.2,30,0,13492,OFF,OFF,29.4,29.5,9.68,29.4,10.78,9.0,6.0,94.95,38.0,79.89,8,83,24.5,10.5,3,1,OFF,OFF,100,100,6.102,1.268,1,0,ON,ON,0.922,4.372,0,0,OFF,OFF,0,0,100,100,0,0.156,70,576,7.7,70,12.9,0,26.2,44,0,13.5,758,96.1,9.3,62.16466,378457,88,0,10.9,2,0,0.492,74,26.62,34.18,26.83,96,17.5,0.5642,9,44,0,31.4,0,0,0
2021-09-04,05:24:03,10.68,10.05,10.68,10.05,11.65,11.06,86,86,84,0,0,0,5.16,0.0,0.0,0.0,0.0,0.0,0.0,23.6,53,0,125,ON,OFF,ON,0,34.2,30,0,13492,OFF,OFF,29.4,29.5,9.68,29.4,10.78,9.0,6.0,94.95,38.0,79.89,8,83,24.5,10.5,3,1,OFF,OFF,100,100,6.102,1.268,1,0,ON,ON,0.922,4.372,0,0,OFF,OFF,0,0,100,100,0,0.156,70,576,7.7,70,12.9,0,26.2,44,0,13.5,758,96.1,9.3,62.16466,378457,88,0,10.9,2,0,0.492,74,26.62,34.18,26.83,96,17.5,0.5642,9,44,0,31.4,0,0,0
2021-09-04,05:24:33,10.68,10.05,10.68,10.05,11.65,11.06,86,86,84,0,0,0,5.16,0.0,0.0,0.0,0.0,0.0,0.0,23.6,53,0,125,ON,OFF,ON,0,34.2,30,0,13492,OFF,OFF,29.4,29.5,9.68,29.4,10.78,9.0,6.0,94.95,38.0,79.89,8,83,24.5,10.5,3,1,OFF,OFF,100,100,6.102,1.268,1,0,ON,ON,0.922,4.372,0,0,OFF,OFF,0,0,100,100,0,0.156,70,576,7.7,70,12.9,0,26.2,44,0,13.5,758,96.1,9.3,62.16466,378457,88,0,10.9,2,0,0.492,74,26.62,34.18,26.83,96,17.5,0.5642,9,44,0,31.4,0,0,0
2021-09-04,05:25:03,10.68,10.05,10.68,10.05,11.65,11.06,86,86,84,0,0,0,5.16,0.0,0.0,0.0,0.0,0.0,0.0,23.6,53,0,125,ON,OFF,ON,0,34.2,30,0,13492,OFF,OFF,29.4,29.5,9.68,29.4,10.78,9.0,6.0,94.95,38.0,79.89,8,83,24.5,10.5,3,1,OFF,OFF,100,100,6.102,1.268,1,0,ON,ON,0.922,4.372,0,0,OFF,OFF,0,0,100,100,0,0.156,70,576,7.7,70,12.9,0,26.2,44,0,13.5,758,96.1,9.3,62.16466,378457,88,0,10.9,2,0,0.492,74,26.62,34.18,26.83,96,17.5,0.5642,9,44,0,31.4,0,0,0
2021-09-04,05:25:33,10.68,10.05,10.68,10.05,11.65,11.06,86,86,84,0,0,0,5.16,0.0,0.0,0.0,0.0,0.0,0.0,23.6,53,0,125,ON,OFF,ON,0,34.2,30,0,13492,OFF,OFF,29.4,29.5,9.68,29.4,10.78,9.0,6.0,94.95,38.0,79.89,8,83,24.5,10.5,3,1,OFF,OFF,100,100,6.102,1.268,1,0,ON,ON,0.922,4.372,0,0,OFF,OFF,0,0,100,100,0,0.156,70,576,7.7,70,12.9,0,26.2,44,0,13.5,758,96.1,9.3,62.16466,378457,88,0,10.9,2,0,0.492,74,26.62,34.18,26.83,96,17.5,0.5642,9,44,0,31.4,0,0,0
2021-09-04,05:26:03,10.68,10.05,10.68,10.05,11.65,11.06,86,86,84,0,0,0,5.16,0.0,0.0,0.0,0.0,0.0,0.0,23.6,53,0,125,ON,OFF,ON,0,34.2,30,0,13492,OFF,OFF,29.4,29.5,9.68,29.4,10.78,9.0,6.0,94.95,38.0,79.89,8,83,24.5,10.5,3,1,OFF,OFF,100,100,6.102,1.268,1,0,ON,ON,0.922,4.372,0,0,OFF,OFF,0,0,100,100,0,0.156,70,576,7.7,70,12.9,0,26.2,44,0,13.5,758,96.1,9.3,62.16466,378457,88,0,10.9,2,0,0.492,74,26.62,34.18,26.83,96,17.5,0.5642,9,44,0,31.4,0,0,0
2021-09-04,05:26:33,10.68,10.05,10.68,10.05,11.65,11.06,86,86,84,0,0,0,5.16,0.0,0.0,0.0,0.0,0.0,0.0,23.6,53,0,125,ON,OFF,ON,0,34.2,30,0,13492,OFF,OFF,29.4,29.5,9.68,29.4,10.78,9.0,6.0,94.95,38.0,79.89,8,83,24.5,10.5,3,1,OFF,OFF,100,100,6.102,1.268,1,0,ON,ON,0.922,4.372,0,0,OFF,OFF,0,0,100,100,0,0.156,70,576,7.7,70,12.9,0,26.2,44,0,13.5,758,96.1,9.3,62.16466,378457,88,0,10.9,2,0,0.492,74,26.62,34.18,26.83,96,17.5,0.5642,9,44,0,31.4,0,0,0
2021-09-04,05:27:03,10.68,10.05,10.68,10.05,11.65,11.06,86,86,84,0,0,0,5.16,0.0,0.0,0.0,0.0,0.0,0.0,23.6,53,0,125,ON,OFF,ON,0,34.2,30,0,13492,OFF,OFF,29.4,29.5,9.68,29.4,10.78,9.0,6.0,94.95,38.0,79.89,8,83,24.5,10.5,3,1,OFF,OFF,100,100,6.102,1.268,1,0,ON,ON,0.922,4.372,0,0,OFF,OFF,0,0,100,100,0,0.156,70,576,7.7,70,12.9,0,26.2,44,0,13.5,758,96.1,9.3,62.16466,378457,88,0,10.9,2,0,0.492,74,26.62,34.18,26.83,96,17.5,0.5642,9,44,0,31.4,0,0,0
2021-09-04,05:27:33,10.68,10.05,10.68,10.05,11.65,11.06,86,86,84,0,0,0,5.16,0.0,0.0,0.0,0.0,0.0,0.0,23.6,53,0,125,ON,OFF,ON,0,34.2,30,0,13492,OFF,OFF,29.4,29.5,9.68,29.4,10.78,9.0,6.0,94.95,38.0,79.89,8,83,24.5,10.5,3,1,OFF,OFF,100,100,6.102,1.268,1,0,ON,ON,0.922,4.372,0,0,OFF,OFF,0,0,100,100,0,0.156,70,576,7.7,70,13,0,26.2,44,0,13.1,758,96.1,9.3,62.16466,378457,88,0,10.9,2,0,0.492,74,26.62,34.18,26.83,96,17.5,0.5642,9,44,0,31.4,0,0,0
2021-09-04,05:28:03,10.68,10.05,10.68,10.05,11.65,11.06,86,86,84,0,0,0,5.16,0.0,0.0,0.0,0.0,0.0,0.0,23.6,53,0,125,ON,OFF,ON,0,34.2,30,0,13492,OFF,OFF,29.4,29.5,9.68,29.4,10.78,9.0,6.0,94.95,38.0,79.89,8,83,24.5,10.5,3,1,OFF,OFF,100,100,6.102,1.268,1,0,ON,ON,0.922,4.372,0,0,OFF,OFF,0,0,100,100,0,0.156,70,576,7.7,70,13,0,26.2,44,0,13.1,758,96.1,9.3,62.16466,378457,88,0,10.9,2,0,0.492,74,26.62,34.18,26.83,96,17.5,0.5642,9,44,0,31.4,0,0,0
2021-09-04,05:28:33,10.68,10.05,10.68,10.05,11.65,11.06,86,86,84,0,0,0,5.16,0.0,0.0,0.0,0.0,0.0,0.0,23.6,53,0,125,ON,OFF,ON,0,34.2,30,0,13492,OFF,OFF,29.4,29.5,9.68,29.4,10.78,9.0,6.0,94.95,38.0,79.89,8,83,24.5,10.5,3,1,OFF,OFF,100,100,6.102,1.268,1,0,ON,ON,0.922,4.372,0,0,OFF,OFF,0,0,100,100,0,0.156,70,576,7.7,70,13,0,26.2,44,0,13.1,758,96.1,9.3,62.16466,378457,88,0,10.9,2,0,0.492,74,26.62,34.18,26.83,96,17.5,0.5642,9,44,0,31.4,0,0,0
2021-09-04,05:29:03,10.68,10.05,10.68,10.05,11.65,11.06,86,86,84,0,0,0,5.16,0.0,0.0,0.0,0.0,0.0,0.0,23.6,53,0,125,ON,OFF,ON,0,34.2,30,0,13492,OFF,OFF,29.4,29.5,9.68,29.4,10.78,9.0,6.0,94.95,38.0,79.89,8,83,24.5,10.5,3,1,OFF,OFF,100,100,6.103,1.268,1,0,ON,ON,0.922,4.372,0,0,OFF,OFF,0,0,100,100,0,0.156,70,576,7.7,70,13,0,26.2,44,0,13.1,758,96.1,9.3,62.16466,378457,88,0,10.9,2,0,0.492,74,26.62,34.18,26.83,96,17.5,0.5642,9,44,0,31.4,0,0,0
2021-09-04,05:29:33,10.68,10.05,10.68,10.05,11.65,11.06,86,86,84,0,0,0,5.16,0.0,0.0,0.0,0.0,0.0,0.0,23.6,53,0,125,ON,OFF,ON,0,34.2,30,0,13492,OFF,OFF,29.4,29.5,9.68,29.4,10.78,9.0,6.0,94.95,38.0,79.89,8,83,24.5,10.5,3,1,OFF,OFF,100,100,6.103,1.268,1,0,ON,ON,0.922,4.372,0,0,OFF,OFF,0,0,100,100,0,0.156,70,576,7.7,70,13,0,26.2,44,0,13.1,758,96.1,9.3,62.16466,378457,88,0,10.9,2,0,0.492,74,26.62,34.18,26.83,96,17.5,0.5642,9,44,0,31.4,0,0,0
2021-09-04,05:30:03,10.24,9.57,11.35,10.73,16.61,16.13,86,84,69,0,0,0,5.16,0.0,0.0,0.0,0.0,0.0,0.0,23.6,53,0,125,ON,OFF,ON,0,34.2,30,0,13492,OFF,OFF,29.4,29.5,9.68,29.4,10.78,9.0,6.0,94.95,38.0,79.89,8,83,24.5,10.5,3,1,OFF,OFF,100,100,6.103,1.268,1,0,ON,ON,0.922,4.372,0,0,OFF,OFF,0,0,100,100,0,0.156,70,576,7.7,70,13,0,26.2,44,0,13.1,758,96.1,9.3,62.16466,378457,88,0,10.9,2,0,0.492,74,26.62,34.18,26.83,96,17.5,0.5642,9,44,0,31.4,0,0,0
2021-09-04,05:30:33,10.24,9.57,11.35,10.73,16.61,16.13,86,84,69,0,0,0,5.16,0.0,0.0,0.0,0.0,0.0,0.0,23.6,53,0,125,ON,OFF,ON,0,34.2,30,0,13492,OFF,OFF,29.4,29.5,9.68,29.4,10.78,9.0,6.0,94.95,38.0,79.89,8,83,24.5,10.5,3,1,OFF,OFF,100,100,6.103,1.268,1,0,ON,ON,0.922,4.372,0,0,OFF,OFF,0,0,100,100,0,0.156,70,576,7.7,70,13,0,26.2,44,0,13.1,758,96.1,9.3,62.16466,378457,88,0,10.9,2,0,0.492,74,26.62,34.18,26.83,96,17.5,0.5642,9,44,0,31.4,0,0,0
2021-09-04,05:31:03,10.24,9.57,11.35,10.73,16.61,16.13,86,84,69,0,0,0,5.16,0.0,0.0,0.0,0.0,0.0,0.0,23.6,53,0,125,ON,OFF,ON,0,34.2,30,0,13492,OFF,OFF,29.4,29.5,9.02,29.4,10.78,9.0,6.0,94.95,38.0,79.89,8,83,24.5,10.5,3,1,OFF,OFF,100,100,6.103,1.268,1,0,ON,ON,0.922,4.372,0,0,OFF,OFF,0,0,100,100,0,0.156,70,576,7.7,70,13,0,26.2,44,0,13.1,758,96.1,9.3,62.16466,378457,88,0,10.9,2,0,0.492,74,26.62,34.18,26.83,96,17.5,0.5642,9,44,0,31.4,0,0,0
2021-09-04,05:31:33,10.24,9.57,11.35,10.73,16.61,16.13,86,84,69,0,0,0,5.16,0.0,0.0,0.0,0.0,0.0,0.0,23.6,53,0,125,ON,OFF,ON,0,34.2,30,0,13492,OFF,OFF,29.4,29.5,9.02,29.4,10.78,9.0,6.0,94.95,38.0,79.89,8,83,24.5,10.5,3,1,OFF,OFF,100,100,6.103,1.268,1,0,ON,ON,0.922,4.372,0,0,OFF,OFF,0,0,100,100,0,0.156,70,576,7.7,70,13,0,26.2,44,0,13.1,758,96.1,9.3,62.16466,378457,88,0,10.9,2,0,0.492,74,26.62,34.18,26.83,96,17.5,0.5642,9,44,0,31.4,0,0,0
2021-09-04,05:32:03,10.24,9.57,11.35,10.73,16.61,16.13,86,84,69,0,0,0,5.16,0.0,0.0,0.0,0.0,0.0,0.0,23.6,53,0,125,ON,OFF,ON,0,34.2,30,0,13492,OFF,OFF,29.4,29.5,9.02,29.4,10.78,9.0,6.0,94.95,38.0,79.89,8,83,24.5,10.5,3,1,OFF,OFF,100,100,6.103,1.268,1,0,ON,ON,0.922,4.372,0,0,OFF,OFF,0,0,100,100,0,0.156,70,576,7.7,70,13,0,26.2,44,0,13.1,758,96.1,9.3,62.16466,378457,88,0,10.9,2,0,0.492,74,26.62,34.18,26.83,96,17.5,0.5642,9,44,0,31.4,0,0,0
2021-09-04,05:32:33,10.24,9.57,11.35,10.73,16.61,16.13,86,84,69,0,0,0,5.16,0.0,0.0,0.0,0.0,0.0,0.0,23.6,53,0,125,ON,OFF,ON,0,34.2,30,0,13492,OFF,OFF,29.4,29.5,9.02,29.4,10.78,9.0,6.0,94.95,38.0,79.89,8,83,24.5,10.5,3,1,OFF,OFF,100,100,6.103,1.268,1,0,ON,ON,0.922,4.372,0,0,OFF,OFF,0,0,100,100,0,0.156,70,576,7.7,70,13,0,26.2,44,0,13.1,758,96.1,9.3,62.16466,378457,88,0,10.9,2,0,0.492,74,26.62,34.18,26.83,96,17.5,0.5642,9,44,0,31.4,0,0,0
2021-09-04,05:33:03,10.24,9.57,11.35,10.73,16.61,16.13,86,84,69,0,0,0,5.16,0.0,0.0,0.0,0.0,0.0,0.0,23.6,53,0,125,ON,OFF,ON,0,34.2,30,0,13492,OFF,OFF,29.4,29.5,9.02,29.4,10.78,9.0,6.0,94.95,38.0,79.89,8,83,24.5,10.5,3,1,OFF,OFF,100,100,6.103,1.268,1,0,ON,ON,0.922,4.372,0,0,OFF,OFF,0,0,100,100,0,0.156,70,576,7.7,70,13,0,26.2,44,0,13.1,758,96.1,9.3,62.16466,378457,88,0,10.9,2,0,0.492,74,26.62,34.18,26.83,96,17.5,0.5642,9,44,0,31.4,0,0,0
2021-09-04,05:33:33,10.24,9.57,11.35,10.73,16.61,16.13,86,84,69,0,0,0,5.16,0.0,0.0,0.0,0.0,0.0,0.0,23.6,53,0,125,ON,OFF,ON,0,34.2,30,0,13492,OFF,OFF,29.4,29.5,9.02,29.4,10.78,9.0,6.0,94.95,38.0,79.89,8,83,24.5,10.5,3,1,OFF,OFF,100,100,6.103,1.268,1,0,ON,ON,0.922,4.372,0,0,OFF,OFF,0,0,100,100,0,0.156,70,576,7.7,70,13,0,26.2,44,0,13.1,758,96.1,9.3,62.16466,378457,88,0,10.9,2,0,0.492,74,26.62,34.18,26.83,96,17.5,0.5642,9,44,0,31.4,0,0,0
2021-09-04,05:34:03,10.24,9.57,11.35,10.73,16.61,16.13,86,84,69,0,0,0,5.16,0.0,0.0,0.0,0.0,0.0,0.0,23.6,53,0,125,ON,OFF,ON,0,34.2,30,0,13492,OFF,OFF,29.4,29.5,9.02,29.4,10.78,9.0,6.0,94.95,38.0,79.89,8,83,24.5,10.5,3,1,OFF,OFF,100,100,6.103,1.268,1,0,ON,ON,0.922,4.372,0,0,OFF,OFF,0,0,100,100,0,0.156,70,576,7.7,70,13,0,26.2,44,0,13.1,758,96.1,9.3,62.16466,378457,88,0,10.9,2,0,0.492,74,26.62,34.18,26.83,96,17.5,0.5642,9,44,0,31.4,0,0,0
2021-09-04,05:34:33,10.24,9.57,11.35,10.73,16.61,16.13,86,84,69,0,0,0,5.16,0.0,0.0,0.0,0.0,0.0,0.0,23.6,53,0,125,ON,OFF,ON,0,34.2,30,0,13492,OFF,OFF,29.4,29.5,9.02,29.4,10.78,9.0,6.0,94.95,38.0,79.89,8,83,24.5,10.5,3,1,OFF,OFF,100,100,6.103,1.268,1,0,ON,ON,0.922,4.372,0,0,OFF,OFF,0,0,100,100,0,0.156,70,576,7.7,70,13,0,26.2,44,0,13.1,758,96.1,9.3,62.16466,378457,88,0,10.9,2,0,0.492,74,26.62,34.18,26.83,96,17.5,0.5642,9,44,0,31.4,0,0,0
2021-09-04,05:35:03,10.24,9.57,11.35,10.73,16.61,16.13,86,84,69,0,0,0,5.16,0.0,0.0,0.0,0.0,0.0,0.0,23.6,53,0,125,ON,OFF,ON,0,34.2,30,0,13492,OFF,OFF,29.4,29.5,9.02,29.4,10.78,9.0,6.0,94.95,38.0,79.89,8,83,24.5,10.5,3,1,OFF,OFF,100,100,6.103,1.268,1,0,ON,ON,0.922,4.372,0,0,OFF,OFF,0,0,100,100,0,0.156,70,576,7.7,70,13,0,26.2,44,0,13.1,758,96.1,9.3,62.16466,378457,88,0,10.9,2,0,0.492,74,26.62,34.18,26.83,96,17.5,0.5642,9,44,0,31.4,0,0,0
2021-09-04,05:35:33,10.24,9.57,11.35,10.73,16.61,16.13,86,84,69,0,0,0,5.16,0.0,0.0,0.0,0.0,0.0,0.0,23.6,53,0,125,ON,OFF,ON,0,34.2,30,0,13492,OFF,OFF,29.4,29.5,9.02,29.4,10.78,9.0,6.0,94.95,38.0,79.89,8,83,24.5,10.5,3,1,OFF,OFF,100,100,6.103,1.268,1,0,ON,ON,0.922,4.372,0,0,OFF,OFF,0,0,100,100,0,0.156,70,576,7.7,70,13,0,26.2,44,0,13.1,758,96.1,9.3,62.16466,378457,88,0,10.9,2,0,0.492,74,26.62,34.18,26.83,96,17.5,0.5642,9,44,0,31.4,0,0,0
2021-09-04,05:36:03,10.24,9.57,11.35,10.73,16.61,16.13,86,84,69,0,0,0,5.16,0.0,0.0,0.0,0.0,0.0,0.0,23.6,53,0,125,ON,OFF,ON,0,34.2,30,0,13492,OFF,OFF,29.4,29.5,9.02,29.4,10.78,9.0,6.0,94.95,38.0,79.89,8,83,24.5,10.5,3,1,OFF,OFF,100,100,6.103,1.268,1,0,ON,ON,0.922,4.372,0,0,OFF,OFF,0,0,100,100,0,0.156,70,576,7.7,70,13,0,26.2,44,0,13.1,758,96.1,9.3,62.16466,378457,88,0,10.9,2,0,0.492,74,26.62,34.18,26.83,96,17.5,0.5642,9,44,0,31.4,0,0,0
2021-09-04,05:36:50,10.24,9.57,11.35,10.73,16.61,16.13,86,84,69,0,0,0,5.16,0.0,0.0,0.0,0.0,0.0,0.0,23.6,53,0,125,ON,OFF,ON,0,34.2,30,0,13492,OFF,OFF,29.4,29.5,9.02,29.4,10.78,9.0,6.0,94.95,38.0,79.89,8,83,24.5,10.5,3,1,OFF,OFF,100,100,6.103,1.268,1,0,ON,ON,0.922,4.372,0,0,OFF,OFF,0,0,100,100,0,0.156,70,576,7.7,70,13,0,26.2,44,0,13.1,758,96.1,9.3,62.16466,378457,88,0,10.9,2,0,0.492,74,26.62,34.18,26.83,96,17.5,0.5642,9,44,0,31.4,0,0,0
2021-09-04,05:37:20,10.24,9.57,11.35,10.73,16.61,16.13,86,84,69,0,0,0,5.16,0.0,0.0,0.0,0.0,0.0,0.0,23.6,53,0,125,ON,OFF,ON,0,34.2,30,0,13492,OFF,OFF,29.4,29.5,9.02,29.4,10.78,9.0,6.0,94.95,38.0,79.89,8,83,24.5,10.5,3,1,OFF,OFF,100,100,6.103,1.268,1,0,ON,ON,0.922,4.372,0,0,OFF,OFF,0,0,100,100,0,0.156,70,576,7.7,70,13,0,26.2,44,0,13.1,758,96.1,9.3,62.16466,378457,88,0,10.9,2,0,0.492,74,26.62,34.18,26.83,96,17.5,0.5642,9,44,0,31.4,0,0,0
2021-09-04,05:37:50,10.24,9.57,11.35,10.73,16.61,16.13,86,84,69,0,0,0,5.16,0.0,0.0,0.0,0.0,0.0,0.0,23.6,53,0,125,ON,OFF,ON,0,34.2,30,0,13492,OFF,OFF,29.4,29.5,9.02,29.4,10.78,9.0,6.0,94.95,38.0,79.89,8,83,24.5,10.5,3,1,OFF,OFF,100,100,6.103,1.268,1,0,ON,ON,0.922,4.372,0,0,OFF,OFF,0,0,100,100,0,0.156,70,576,7.7,70,13,0,26.2,44,0,13.1,758,96.1,9.3,62.16466,378457,88,0,10.9,2,0,0.492,74,26.62,34.18,26.83,96,17.5,0.5642,9,44,0,31.4,0,0,0
2021-09-04,05:38:25,10.24,9.57,11.35,10.73,16.61,16.13,86,84,69,0,0,0,5.16,0.0,0.0,0.0,0.0,0.0,0.0,23.6,53,0,125,ON,OFF,ON,0,34.2,30,0,13492,OFF,OFF,29.4,29.5,9.02,29.4,10.78,9.0,6.0,94.95,38.0,79.89,8,83,24.5,10.5,3,1,OFF,OFF,100,100,6.103,1.268,1,0,ON,ON,0.922,4.372,0,0,OFF,OFF,0,0,100,100,0,0.156,70,576,7.7,70,13,0,26.2,44,0,13.1,758,96.1,9.3,62.16466,378457,88,0,10.9,2,0,0.492,74,26.62,34.18,26.83,96,17.5,0.5642,9,44,0,31.4,0,0,0
2021-09-04,05:38:55,10.24,9.57,11.35,10.73,16.61,16.13,86,84,69,0,0,0,5.16,0.0,0.0,0.0,0.0,0.0,0.0,23.6,53,0,125,ON,OFF,ON,0,34.2,30,0,13492,OFF,OFF,29.4,29.5,9.02,29.4,10.78,9.0,6.0,94.95,38.0,79.89,8,83,24.5,10.5,3,1,OFF,OFF,100,100,6.103,1.268,1,0,ON,ON,0.922,4.372,0,0,OFF,OFF,0,0,100,100,0,0.156,70,576,7.7,70,13,0,26.2,44,0,13.1,758,96.1,9.3,62.16466,378457,88,0,10.9,2,0,0.492,74,26.62,34.18,26.83,96,17.5,0.5642,9,44,0,31.4,0,0,0
2021-09-04,05:39:25,10.24,9.57,11.35,10.73,16.61,16.13,86,84,69,0,0,0,5.16,0.0,0.0,0.0,0.0,0.0,0.0,23.6,53,0,125,ON,OFF,ON,0,34.2,30,0,13492,OFF,OFF,29.4,29.5,9.02,29.4,10.78,9.0,6.0,94.95,38.0,79.89,8,83,24.5,10.5,3,1,OFF,OFF,100,100,6.103,1.268,1,0,ON,ON,0.922,4.372,0,0,OFF,OFF,0,0,100,100,0,0.156,70,576,7.7,70,13,0,26.2,44,0,13.1,758,96.1,9.3,62.16466,378457,88,0,10.9,2,0,0.492,74,26.62,34.18,26.83,96,17.5,0.5642,9,44,0,31.4,0,0,0
2021-09-04,05:39:55,10.24,9.57,11.35,10.73,16.61,16.13,86,84,69,0,0,0,5.16,0.0,0.0,0.0,0.0,0.0,0.0,23.6,53,0,125,ON,OFF,ON,0,34.2,30,0,13492,OFF,OFF,29.4,29.5,9.02,29.4,10.78,9.0,6.0,94.95,38.0,79.89,8,83,24.5,10.5,3,1,OFF,OFF,100,100,6.103,1.268,1,0,ON,ON,0.922,4.372,0,0,OFF,OFF,0,0,100,100,0,0.156,70,576,7.7,70,13,0,26.2,44,0,13.1,758,96.1,9.3,62.16466,378457,88,0,10.9,2,0,0.492,74,26.62,34.18,26.83,96,17.5,0.5642,9,44,0,31.4,0,0,0
2021-09-04,05:40:25,10.24,9.57,11.35,10.73,16.61,16.13,86,84,69,0,0,0,5.16,0.0,0.0,0.0,0.0,0.0,0.0,23.6,53,0,125,ON,OFF,ON,0,34.2,30,0,13492,OFF,OFF,29.4,29.5,9.02,29.4,10.78,9.0,6.0,94.95,38.0,79.89,8,83,24.5,10.5,3,1,OFF,OFF,100,100,6.103,1.268,1,0,ON,ON,0.922,4.372,0,0,OFF,OFF,0,0,100,100,0,0.156,70,576,7.7,70,13,0,26.2,44,0,13.1,758,96.1,9.3,62.16466,378457,88,0,10.9,2,0,0.492,74,26.62,34.18,26.83,96,17.5,0.5642,9,44,0,31.4,0,0,0
2021-09-04,05:40:55,10.24,9.57,11.35,10.73,16.61,16.13,86,84,69,0,0,0,5.16,0.0,0.0,0.0,0.0,0.0,0.0,23.6,53,0,125,ON,OFF,ON,0,34.2,30,0,13492,OFF,OFF,29.4,29.5,9.02,29.4,10.78,9.0,6.0,94.95,38.0,79.89,8,83,24.5,10.5,3,1,OFF,OFF,100,100,6.103,1.268,1,0,ON,ON,0.922,4.372,0,0,OFF,OFF,0,0,100,100,0,0.156,70,576,7.7,70,13,0,26.2,44,0,13.1,758,96.1,9.3,62.16466,378457,88,0,10.9,2,0,0.492,74,26.62,34.18,26.83,96,17.5,0.5642,9,44,0,31.4,0,0,0
2021-09-04,05:41:25,10.24,9.57,11.35,10.73,16.61,16.13,86,84,69,0,0,0,5.16,0.0,0.0,0.0,0.0,0.0,0.0,23.6,53,0,125,ON,OFF,ON,0,34.2,30,0,13492,OFF,OFF,29.4,29.5,9.02,29.4,10.78,9.0,6.0,94.95,38.0,79.89,8,83,24.5,10.5,3,1,OFF,OFF,100,100,6.103,1.268,1,0,ON,ON,0.922,4.372,0,0,OFF,OFF,0,0,100,100,0,0.156,70,576,7.7,70,13,0,26.2,44,0,13.1,758,96.1,9.3,62.16466,378457,88,0,10.9,2,0,0.492,74,26.62,34.18,26.83,96,17.5,0.5642,9,44,0,31.4,0,0,0
2021-09-04,05:41:55,10.24,9.57,11.35,10.73,16.61,16.13,86,84,69,0,0,0,5.16,0.0,0.0,0.0,0.0,0.0,0.0,23.6,53,0,125,ON,OFF,ON,0,34.2,30,0,13492,OFF,OFF,29.4,29.5,9.02,29.4,10.78,9.0,6.0,94.95,38.0,79.89,8,83,24.5,10.5,3,1,OFF,OFF,100,100,6.103,1.268,1,0,ON,ON,0.922,4.372,0,0,OFF,OFF,0,0,100,100,0,0.156,70,576,7.7,70,13,0,26.2,44,0,13.1,758,96.1,9.3,62.16466,378457,88,0,10.9,2,0,0.492,74,26.62,34.18,26.83,96,17.5,0.5642,9,44,0,31.4,0,0,0
2021-09-04,05:42:25,10.24,9.57,11.35,10.73,16.61,16.13,86,84,69,0,0,0,5.16,0.0,0.0,0.0,0.0,0.0,0.0,23.6,53,0,125,ON,OFF,ON,0,34.2,30,0,13492,OFF,OFF,29.4,29.5,9.02,29.4,10.78,9.0,6.0,94.95,38.0,79.89,8,84,24.5,10.5,3,1,OFF,OFF,100,100,6.103,1.268,1,0,ON,ON,0.922,4.372,0,0,OFF,OFF,0,0,100,100,0,0.156,70,576,7.7,70,13,0,26.2,44,0,13.1,758,96.1,9.3,62.16466,378457,88,0,10.9,2,0,0.492,74,26.62,34.18,26.83,96,17.5,0.5642,9,44,0,31.4,0,0,0
2021-09-04,05:42:55,10.24,9.57,11.35,10.73,16.61,16.13,86,84,69,0,0,0,5.16,0.0,0.0,0.0,0.0,0.0,0.0,23.6,53,0,125,ON,OFF,ON,0,34.2,30,0,13492,OFF,OFF,29.4,29.5,9.02,29.4,10.78,9.0,6.0,94.95,38.0,79.89,8,84,24.5,10.5,3,1,OFF,OFF,100,100,6.103,1.268,1,0,ON,ON,0.922,4.372,0,0,OFF,OFF,0,0,100,100,0,0.156,70,576,7.7,70,13,0,26.2,44,0,13.1,758,96.1,9.3,62.16466,378457,88,0,10.9,2,0,0.492,74,26.62,34.18,26.83,96,17.5,0.5642,9,44,0,31.4,0,0,0
2021-09-04,05:43:25,10.24,9.57,11.35,10.73,16.61,16.13,86,84,69,0,0,0,5.16,0.0,0.0,0.0,0.0,0.0,0.0,23.6,53,0,125,ON,OFF,ON,0,34.2,30,0,13492,OFF,OFF,29.4,29.5,9.02,29.4,10.78,9.0,6.0,94.95,38.0,79.89,8,84,24.5,10.5,3,1,OFF,OFF,100,100,6.103,1.268,1,0,ON,ON,0.922,4.372,0,0,OFF,OFF,0,0,100,100,0,0.156,70,576,7.7,70,13,0,26.2,44,0,13.1,758,96.1,9.3,62.16466,378457,88,0,10.9,2,0,0.492,74,26.62,34.18,26.83,96,17.5,0.5642,9,44,0,31.4,0,0,0
2021-09-04,05:43:55,10.24,9.57,11.35,10.73,16.61,16.13,86,84,69,0,0,0,5.16,0.0,0.0,0.0,0.0,0.0,0.0,23.6,53,0,125,ON,OFF,ON,0,34.2,30,0,13492,OFF,OFF,29.4,29.5,9.02,29.4,10.78,9.0,6.0,94.95,38.0,79.89,8,84,24,10.5,3,1,OFF,OFF,100,100,6.103,1.268,1,0,ON,ON,0.922,4.372,0,0,OFF,OFF,0,0,100,100,0,0.156,70,576,7.7,70,13,0,26.2,44,0,13.1,758,96.1,9.3,62.16466,378457,88,0,10.9,2,0,0.492,75,26.62,34.18,26.83,96,17.5,0.5642,9,44,0,31.4,0,0,0
2021-09-04,05:44:25,10.24,9.57,11.35,10.73,16.61,16.13,86,84,69,0,0,0,5.16,0.0,0.0,0.0,0.0,0.0,0.0,23.6,53,0,125,ON,OFF,ON,0,34.2,30,0,13492,OFF,OFF,29.4,29.5,9.02,29.4,10.78,9.0,6.0,94.95,38.0,79.89,8,84,24,10.5,3,1,OFF,OFF,100,100,6.103,1.268,1,0,ON,ON,0.922,4.372,0,0,OFF,OFF,0,0,100,100,0,0.156,70,576,7.7,70,13,0,26.2,44,0,13.1,758,96.1,9.3,62.16466,378457,88,0,10.9,2,0,0.492,75,26.62,34.18,26.83,96,17.5,0.5642,9,44,0,31.4,0,0,0
2021-09-04,05:44:55,10.24,9.57,11.35,10.73,16.61,16.13,86,84,69,0,0,0,5.16,0.0,0.0,0.0,0.0,0.0,0.0,23.6,53,0,125,ON,OFF,ON,0,34.2,30,0,13492,OFF,OFF,29.4,29.5,9.02,29.4,10.78,9.0,6.0,94.95,38.0,79.89,8,84,24,10.5,3,1,OFF,OFF,100,100,6.103,1.268,1,0,ON,ON,0.922,4.372,0,0,OFF,OFF,0,0,100,100,0,0.156,70,576,7.7,70,12.6,0,26.2,44,0,13.1,758,96.1,9.3,62.16466,378457,88,0,10.9,2,0,0.492,75,26.62,34.18,26.83,96,17.5,0.5642,9,44,0,31.4,0,0,0
2021-09-04,05:45:25,10.24,9.57,11.35,10.73,16.61,16.13,86,84,69,0,0,0,5.16,0.0,0.0,0.0,0.0,0.0,0.0,23.6,53,0,125,ON,OFF,ON,0,34.2,30,0,13492,OFF,OFF,29.4,29.5,9.02,29.4,10.78,9.0,6.0,94.95,38.0,79.89,8,84,24,10.5,3,1,OFF,OFF,100,100,6.103,1.268,1,0,ON,ON,0.922,4.372,0,0,OFF,OFF,0,0,100,100,0,0.156,70,576,7.7,70,12.6,0,26.2,44,0,13.1,758,96.1,9.3,62.16466,378457,88,0,10.9,2,0,0.492,75,26.62,34.18,26.83,96,17.5,0.5642,9,44,0,31.4,0,0,0
2021-09-04,05:45:55,10.24,9.57,11.35,10.73,16.61,16.13,86,84,69,0,0,0,5.16,0.0,0.0,0.0,0.0,0.0,0.0,23.6,53,0,125,ON,OFF,ON,0,34.2,30,0,13492,OFF,OFF,29.4,29.5,9.02,29.4,10.78,9.0,6.0,94.95,38.0,79.89,8,84,24,10.5,3,1,OFF,OFF,100,100,6.103,1.268,1,0,ON,ON,0.922,4.372,0,0,OFF,OFF,0,0,100,100,0,0.156,70,576,7.7,70,12.6,0,26.2,44,0,13.1,758,96.1,9.3,62.16466,378457,88,0,10.9,2,0,0.492,75,26.62,34.18,26.83,96,17.5,0.5642,9,44,0,31.4,0,0,0
2021-09-04,05:46:25,10.24,9.57,11.35,10.73,16.61,16.13,86,84,69,0,0,0,5.16,0.0,0.0,0.0,0.0,0.0,0.0,23.6,53,0,125,ON,OFF,ON,0,34.2,30,0,13492,OFF,OFF,29.4,29.5,9.02,29.4,10.78,9.0,6.0,94.95,38.0,79.89,8,84,24,10.5,3,1,OFF,OFF,100,100,6.103,1.268,1,0,ON,ON,0.922,4.372,0,0,OFF,OFF,0,0,100,100,0,0.156,70,576,7.7,70,12.6,0,26.2,44,0,13.1,758,96.1,9.3,62.16466,378457,88,0,10.9,2,0,0.492,75,26.62,34.18,26.83,96,17.5,0.5642,9,44,0,31.4,0,0,0
2021-09-04,05:47:05,10.24,9.57,11.35,10.73,16.61,16.13,86,84,69,0,0,0,5.16,0.0,0.0,0.0,0.0,0.0,0.0,23.6,53,0,125,ON,OFF,ON,0,34.2,30,0,13492,OFF,OFF,29.4,29.5,9.02,29.4,10.78,9.0,6.0,94.95,38.0,79.89,8,84,24,10.5,3,1,OFF,OFF,100,100,6.103,1.268,1,0,ON,ON,0.922,4.372,0,0,OFF,OFF,0,0,100,100,0,0.156,70,576,7.7,70,12.6,0,26.2,44,0,13.1,758,96.1,9.3,62.16466,378457,88,0,10.9,2,0,0.492,75,26.62,34.18,26.83,96,17.5,0.5642,9,44,0,31.4,0,0,0
2021-09-04,05:47:35,10.24,9.57,11.35,10.73,16.61,16.13,86,84,69,0,0,0,5.16,0.0,0.0,0.0,0.0,0.0,0.0,23.6,53,0,125,ON,OFF,ON,0,34.2,30,0,13492,OFF,OFF,29.4,29.5,9.02,29.4,10.78,9.0,6.0,94.95,38.0,79.89,8,84,24,10.5,3,1,OFF,OFF,100,100,6.103,1.268,1,0,ON,ON,0.922,4.372,0,0,OFF,OFF,0,0,100,100,0,0.156,70,576,7.7,70,12.6,0,26.2,44,0,13.1,758,96.1,9.3,62.16466,378457,88,0,10.9,2,0,0.492,75,26.62,34.18,26.83,96,17.5,0.5642,9,44,0,31.4,0,0,0
2021-09-04,05:48:05,10.24,9.57,11.35,10.73,16.61,16.13,86,84,69,0,0,0,5.16,0.0,0.0,0.0,0.0,0.0,0.0,23.6,53,0,125,ON,OFF,ON,0,34.2,30,0,13492,OFF,OFF,29.4,29.5,9.02,29.4,10.78,9.0,6.0,94.95,38.0,79.89,8,84,24,10.5,3,1,OFF,OFF,100,100,6.103,1.268,1,0,ON,ON,0.922,4.372,0,0,OFF,OFF,0,0,100,100,0,0.156,70,576,7.7,70,12.6,0,26.2,44,0,13.1,758,96.1,9.3,62.16466,378457,88,0,10.9,2,0,0.492,75,26.62,34.18,26.83,96,17.5,0.5642,9,44,0,31.4,0,0,0
2021-09-04,05:48:35,10.24,9.57,11.35,10.73,16.61,16.13,86,84,69,0,0,0,5.16,0.0,0.0,0.0,0.0,0.0,0.0,23.6,53,0,125,ON,OFF,ON,0,34.2,30,0,13492,OFF,OFF,29.4,29.5,9.02,29.4,10.78,9.0,6.0,94.95,38.0,79.89,8,84,24,10.5,3,1,OFF,OFF,100,100,6.103,1.268,1,0,ON,ON,0.922,4.372,0,0,OFF,OFF,0,0,100,100,0,0.156,70,576,7.7,70,12.6,0,26.2,44,0,13.1,758,96.1,9.3,62.16466,378457,88,0,10.9,2,0,0.492,75,26.62,34.18,26.83,96,17.5,0.5642,9,44,0,31.4,0,0,0
2021-09-04,05:49:05,10.24,9.57,11.35,10.73,16.61,16.13,86,84,69,0,0,0,5.16,0.0,0.0,0.0,0.0,0.0,0.0,23.6,53,0,125,ON,OFF,ON,0,34.2,30,0,13492,OFF,OFF,29.4,29.5,9.02,29.4,10.78,9.0,6.0,94.95,38.0,79.89,8,84,24,10.5,3,1,OFF,OFF,100,100,6.103,1.268,1,0,ON,ON,0.922,4.372,0,0,OFF,OFF,0,0,100,100,0,0.156,70,576,7.7,70,12.6,0,26.2,44,0,13.1,758,96.1,9.3,62.16466,378457,88,0,10.9,2,0,0.492,75,26.62,34.18,26.83,96,17.5,0.5642,9,44,0,31.4,0,0,0
2021-09-04,05:49:35,10.24,9.57,11.35,10.73,16.61,16.13,86,84,69,0,0,0,5.16,0.0,0.0,0.0,0.0,0.0,0.0,23.6,53,0,125,ON,OFF,ON,0,34.2,30,0,13492,OFF,OFF,29.4,29.5,9.02,29.4,10.78,9.0,6.0,94.95,38.0,79.89,8,84,24,10.5,3,1,OFF,OFF,100,100,6.103,1.268,1,0,ON,ON,0.922,4.372,0,0,OFF,OFF,0,0,100,100,0,0.156,70,576,7.7,70,12.6,0,26.2,44,0,13.1,758,96.1,9.3,62.16466,378457,88,0,10.9,2,0,0.492,75,26.62,33.67,26.83,96,17.5,0.5642,9,44,0,31.4,0,0,0
2021-09-04,05:50:05,10.24,9.57,11.35,10.73,16.61,16.13,86,84,69,0,0,0,5.16,0.0,0.0,0.0,0.0,0.0,0.0,23.6,53,0,125,ON,OFF,ON,0,34.2,30,0,13492,OFF,OFF,29.4,29.5,9.02,29.4,10.78,9.0,6.0,94.95,38.0,79.89,8,84,24,10.5,3,1,OFF,OFF,100,100,6.103,1.268,1,0,ON,ON,0.922,4.372,0,0,OFF,OFF,0,0,100,100,0,0.156,70,576,7.7,70,12.6,0,26.2,44,0,13.1,758,96.1,9.3,62.16466,378457,88,0,10.9,2,0,0.492,75,26.62,33.67,26.83,96,17.5,0.5642,9,44,0,31.4,0,0,0
2021-09-04,05:50:35,10.24,9.57,11.35,10.73,16.61,16.13,86,84,69,0,0,0,5.16,0.0,0.0,0.0,0.0,0.0,0.0,23.6,53,0,125,ON,OFF,ON,0,34.2,30,0,13492,OFF,OFF,29.4,29.5,9.02,29.4,10.78,9.0,6.0,94.95,38.0,79.89,8,84,24,10.5,3,1,OFF,OFF,100,100,6.103,1.268,1,0,ON,ON,0.922,4.372,0,0,OFF,OFF,0,0,100,100,0,0.156,70,576,7.7,70,12.6,0,26.2,44,0,13.1,758,96.1,9.3,62.16466,378457,88,0,10.9,2,0,0.492,75,26.62,33.67,26.83,96,17.5,0.5642,9,44,0,31.4,0,0,0
2021-09-04,05:51:05,10.24,9.57,11.35,10.73,16.61,16.13,86,84,69,0,0,0,5.16,0.0,0.0,0.0,0.0,0.0,0.0,23.6,53,0,125,ON,OFF,ON,0,34.2,30,0,13492,OFF,OFF,29.4,29.5,9.02,29.4,10.78,9.0,6.0,94.95,38.0,79.89,8,84,24,10.5,3,1,OFF,OFF,100,100,6.103,1.268,1,0,ON,ON,0.922,4.372,0,0,OFF,OFF,0,0,100,100,0,0.156,70,576,7.7,70,12.6,0,26.2,44,0,13.1,758,96.1,9.3,62.16466,378457,88,0,10.9,2,0,0.492,75,26.62,33.67,26.83,96,17.5,0.5642,9,44,0,31.4,0,0,0
2021-09-04,05:51:35,10.24,9.57,11.35,10.73,16.61,16.13,86,84,69,0,0,0,5.16,0.0,0.0,0.0,0.0,0.0,0.0,23.6,53,0,125,ON,OFF,ON,0,34.2,30,0,13492,OFF,OFF,29.4,29.5,9.02,29.4,10.78,9.0,6.0,94.95,38.0,79.89,8,84,24,10.5,3,1,OFF,OFF,100,100,6.103,1.268,1,0,ON,ON,0.922,4.372,0,0,OFF,OFF,0,0,100,100,0,0.156,70,576,7.7,70,12.6,0,26.2,44,0,13.1,758,96.1,9.3,62.16466,378457,88,0,10.9,2,0,0.492,75,26.62,33.67,26.83,96,17.5,0.5642,9,44,0,31.4,0,0,0
2021-09-04,05:52:24,10.24,9.57,11.35,10.73,16.61,16.13,86,84,69,0,0,0,5.16,0.0,0.0,0.0,0.0,0.0,0.0,23.6,53,0,125,ON,OFF,ON,0,34.2,30,0,13492,OFF,OFF,29.4,29.5,9.02,29.4,10.78,9.0,6.0,94.95,38.0,79.89,8,84,24,10.5,3,1,OFF,OFF,100,100,6.103,1.268,1,0,ON,ON,0.922,4.372,0,0,OFF,OFF,0,0,100,100,0,0.156,70,576,7.7,70,12.6,0,26.2,44,0,13.1,758,96.1,9.3,62.16466,378457,88,0,10.9,2,0,0.492,75,26.05,33.67,26.83,96,17.5,0.5642,9,44,0,31.4,0,0,0
2021-09-04,05:52:54,10.24,9.57,11.35,10.73,16.61,16.13,86,84,69,0,0,0,5.16,0.0,0.0,0.0,0.0,0.0,0.0,23.6,53,0,125,ON,OFF,ON,0,34.2,30,0,13492,OFF,OFF,29.4,29.5,9.02,29.4,10.78,9.0,6.0,94.95,38.0,79.89,8,84,24,10.5,3,1,OFF,OFF,100,100,6.103,1.268,1,0,ON,ON,0.922,4.372,0,0,OFF,OFF,0,0,100,100,0,0.156,70,576,7.7,70,12.6,0,26.2,44,0,13.1,758,96.1,9.3,62.16466,378457,88,0,10.9,2,0,0.492,75,26.05,33.67,26.83,96,17.5,0.5642,9,44,0,31.4,0,0,0
2021-09-04,05:53:24,10.24,9.57,11.35,10.73,16.61,16.13,86,84,69,0,0,0,5.16,0.0,0.0,0.0,0.0,0.0,0.0,23.6,53,0,125,ON,OFF,ON,0,34.2,30,0,13492,OFF,OFF,29.4,29.5,9.02,29.4,10.78,9.0,6.0,94.95,38.0,79.89,8,84,24,10.5,3,1,OFF,OFF,100,100,6.103,1.268,1,0,ON,ON,0.922,4.372,0,0,OFF,OFF,0,0,100,100,0,0.156,70,576,7.7,70,12.6,0,26.2,44,0,13.1,758,96.1,9.3,62.16466,378457,88,0,10.9,2,0,0.492,75,26.05,33.67,26.83,96,17.5,0.5642,9,44,0,31.4,0,0,0
2021-09-04,05:53:54,10.24,9.57,11.35,10.73,16.61,16.13,86,84,69,0,0,0,5.16,0.0,0.0,0.0,0.0,0.0,0.0,23.6,53,0,125,ON,OFF,ON,0,34.2,30,0,13492,OFF,OFF,29.4,29.5,9.02,29.4,10.78,9.0,6.0,94.95,38.0,79.89,8,84,24,10.5,3,1,OFF,OFF,100,100,6.103,1.268,1,0,ON,ON,0.922,4.372,0,0,OFF,OFF,0,0,100,100,0,0.156,70,576,7.7,70,12.6,0,26.2,44,0,13.1,758,96.1,9.3,62.16466,378457,88,0,10.9,2,0,0.492,75,26.05,33.67,26.83,96,17.5,0.5642,9,44,0,31.4,0,0,0
2021-09-04,05:54:25,10.24,9.57,11.35,10.73,16.61,16.13,86,84,69,0,0,0,5.16,0.0,0.0,0.0,0.0,0.0,0.0,23.6,53,0,125,ON,OFF,ON,0,34.2,30,0,13492,OFF,OFF,29.4,29.5,9.02,29.4,10.78,9.0,6.0,94.95,38.0,79.89,8,84,24,10.5,3,1,OFF,OFF,100,100,6.103,1.268,1,0,ON,ON,0.922,4.372,0,0,OFF,OFF,0,0,100,100,0,0.156,70,576,7.7,70,12.6,0,26.2,44,0,13.1,758,96.1,9.3,62.16466,378457,88,0,10.9,2,0,0.492,75,26.05,33.67,26.83,96,17.5,0.5642,9,44,0,31.4,0,0,0
2021-09-04,05:54:55,10.24,9.57,11.35,10.73,16.61,16.13,86,84,69,0,0,0,5.16,0.0,0.0,0.0,0.0,0.0,0.0,23.6,53,0,125,ON,OFF,ON,0,34.2,30,0,13492,OFF,OFF,29.4,29.5,9.02,29.4,10.78,9.0,6.0,94.95,38.0,79.89,8,84,24,10.5,3,1,OFF,OFF,100,100,6.103,1.268,1,0,ON,ON,0.922,4.372,0,0,OFF,OFF,0,0,100,100,0,0.156,70,576,7.7,70,12.6,0,26.2,44,0,13.1,758,96.1,9.3,62.16466,378457,88,0,10.9,2,0,0.492,75,26.05,33.67,26.83,96,17.5,0.5642,9,44,0,31.4,0,0,0
2021-09-04,05:55:25,10.24,9.57,11.35,10.73,16.61,16.13,86,84,69,0,0,0,5.16,0.0,0.0,0.0,0.0,0.0,0.0,23.6,53,0,125,ON,OFF,ON,0,34.2,30,0,13492,OFF,OFF,29.4,29.5,9.02,29.4,10.78,9.0,6.0,94.95,38.0,79.89,8,84,24,10.5,3,1,OFF,OFF,100,100,6.103,1.268,1,0,ON,ON,0.922,4.372,0,0,OFF,OFF,0,0,100,100,0,0.156,70,576,7.7,70,12.6,0,26.2,44,0,13.1,758,96.1,9.3,62.16466,378457,88,0,10.9,2,0,0.492,75,26.05,33.67,26.26,96,17.5,0.5642,9,44,0,31.4,0,0,0
2021-09-04,05:55:55,10.24,9.57,11.35,10.73,16.61,16.13,86,84,69,0,0,0,5.16,0.0,0.0,0.0,0.0,0.0,0.0,23.6,53,0,125,ON,OFF,ON,0,34.2,30,0,13492,OFF,OFF,29.4,29.5,9.02,29.4,10.78,9.0,6.0,94.95,38.0,79.89,8,84,24,10.5,3,1,OFF,OFF,100,100,6.103,1.268,1,0,ON,ON,0.922,4.372,0,0,OFF,OFF,0,0,100,100,0,0.156,70,576,7.7,70,12.6,0,26.2,44,0,13.1,758,96.1,9.3,62.16466,378457,88,0,10.9,2,0,0.492,75,26.05,33.67,26.26,96,17.5,0.5642,9,44,0,31.4,0,0,0
2021-09-04,05:56:25,10.24,9.57,11.35,10.73,16.61,16.13,86,84,69,0,0,0,5.16,0.0,0.0,0.0,0.0,0.0,0.0,23.6,53,0,125,ON,OFF,ON,0,34.2,30,0,13492,OFF,OFF,29.4,29.5,9.02,29.4,10.78,9.0,6.0,94.95,38.0,79.89,8,84,24,10.5,3,1,OFF,OFF,100,100,6.103,1.268,1,0,ON,ON,0.922,4.372,0,0,OFF,OFF,0,0,100,100,0,0.156,70,576,7.7,70,12.6,0,26.2,44,0,13.1,758,96.1,9.3,62.16466,378457,88,0,10.9,2,0,0.492,75,26.05,33.67,26.26,96,17.5,0.5642,9,44,0,31.4,0,0,0
2021-09-04,05:56:55,10.24,9.57,11.35,10.73,16.61,16.13,86,84,69,0,0,0,5.16,0.0,0.0,0.0,0.0,0.0,0.0,23.6,53,0,125,ON,OFF,ON,0,34.2,30,0,13492,OFF,OFF,29.4,29.5,9.02,29.4,10.78,9.0,6.0,94.95,38.0,79.89,8,84,24,10.5,3,1,OFF,OFF,100,100,6.103,1.268,1,0,ON,ON,0.922,4.372,0,0,OFF,OFF,0,0,100,100,0,0.156,70,576,7.7,70,12.6,0,25.7,44,0,13.1,758,96.1,9.3,62.16466,378457,88,0,10.9,2,0,0.492,75,26.05,33.67,26.26,96,17.5,0.5642,9,44,0,31.4,0,0,0
2021-09-04,05:57:25,10.24,9.57,11.35,10.73,16.61,16.13,86,84,69,0,0,0,5.16,0.0,0.0,0.0,0.0,0.0,0.0,23.6,53,0,125,ON,OFF,ON,0,34.2,30,0,13492,OFF,OFF,29.4,29.5,9.02,29.4,10.78,9.0,6.0,94.95,38.0,79.89,8,84,24,10.5,3,1,OFF,OFF,100,100,6.103,1.268,1,0,ON,ON,0.922,4.372,0,0,OFF,OFF,0,0,100,100,0,0.156,70,576,7.7,70,12.6,0,25.7,44,0,13.1,758,96.1,9.3,62.16466,378457,88,0,10.9,2,0,0.492,75,26.05,33.67,26.26,96,17.5,0.5642,9,44,0,31.4,0,0,0
2021-09-04,05:58:02,10.24,9.57,11.35,10.73,16.61,16.13,86,84,69,0,0,0,5.16,0.0,0.0,0.0,0.0,0.0,0.0,23.6,53,0,125,ON,OFF,ON,0,34.2,30,0,13492,OFF,OFF,29.4,29.5,9.02,29.4,10.78,9.0,6.0,94.95,38.0,79.89,8,84,24,10.5,3,1,OFF,OFF,100,100,6.103,1.268,1,0,ON,ON,0.922,4.372,0,0,OFF,OFF,0,0,100,100,0,0.156,70,576,7.5,71,12.6,0,25.7,44,0,12.6,758,96.1,9.3,62.16466,378457,88,0,10.9,2,0,0.492,75,26.05,33.67,26.26,96,17.5,0.5642,9,44,0,31.4,0,0,0
2021-09-04,05:58:32,10.24,9.57,11.35,10.73,16.61,16.13,86,84,69,0,0,0,5.16,0.0,0.0,0.0,0.0,0.0,0.0,23.6,53,0,125,ON,OFF,ON,0,34.2,30,0,13492,OFF,OFF,29.4,29.5,9.02,29.4,10.78,9.0,6.0,94.95,38.0,79.89,8,84,24,10.5,3,1,OFF,OFF,100,100,6.103,1.268,1,0,ON,ON,0.922,4.372,0,0,OFF,OFF,2,0,100,100,0,0.156,70,576,7.5,71,12.6,0,25.7,44,0,12.6,758,96.1,9.3,62.16466,378457,88,0,10.9,2,0,0.492,75,26.05,33.67,26.26,96,17.5,0.5642,9,44,0,31.4,0,0,0
2021-09-04,05:59:02,10.24,9.57,11.35,10.73,16.61,16.13,86,84,69,0,0,0,5.16,0.0,0.0,0.0,0.0,0.0,0.0,23.6,53,0,125,ON,OFF,ON,0,34.2,30,0,13492,OFF,OFF,29.4,29.5,9.02,29.4,10.78,9.0,6.0,94.95,38.0,79.89,8,84,24,10.5,3,1,OFF,OFF,100,100,6.103,1.268,1,0,ON,ON,0.922,4.372,0,0,OFF,OFF,2,0,100,100,0,0.156,70,576,7.5,71,12.6,0,25.7,44,0,12.6,758,96.1,9.3,62.16466,378457,88,0,10.9,2,0,0.492,75,26.05,33.67,26.26,96,17.5,0.5642,9,44,0,31.4,0,0,0
2021-09-04,05:59:32,10.24,9.57,11.35,10.73,16.61,16.13,86,84,69,0,0,0,5.16,0.0,0.0,0.0,0.0,0.0,0.0,23.6,53,0,125,ON,OFF,ON,0,34.2,30,0,13492,OFF,OFF,29.4,29.5,9.02,29.4,10.78,9.0,6.0,94.95,38.0,79.89,8,84,24,10.5,3,1,OFF,OFF,100,100,6.103,1.268,1,0,ON,ON,0.922,4.372,0,0,OFF,OFF,2,0,100,100,0,0.156,70,576,7.5,71,12.6,0,25.7,44,0,12.6,758,96.1,9.3,62.16466,378457,88,0,10.9,2,0,0.492,75,26.05,33.67,26.26,96,17.5,0.5642,9,44,0,31.4,0,0,0
2021-09-04,06:00:02,10.24,9.57,11.35,10.73,16.61,16.13,86,84,69,0,0,0,5.16,0.0,0.0,0.0,0.0,0.0,0.0,23.6,53,0,125,ON,OFF,ON,0,34.2,30,0,13492,OFF,OFF,29.4,29.5,9.02,29.4,10.78,9.0,6.0,94.95,38.0,79.89,8,84,24,10.5,3,1,OFF,OFF,100,100,6.103,1.268,1,0,ON,ON,0.922,4.372,0,0,OFF,OFF,2,0,100,100,0,0.156,70,576,7.5,71,12.6,0,25.7,44,0,12.6,758,96.1,9.3,62.16466,378457,88,0,10.9,2,0,0.492,75,26.05,33.67,26.26,96,17.5,0.5642,9,44,0,31.4,0,0,0
2021-09-04,06:00:32,10.24,9.57,11.35,10.73,16.61,16.13,86,84,69,0,0,0,5.16,0.0,0.0,0.0,0.0,0.0,0.0,23.6,53,0,125,ON,OFF,ON,0,34.2,30,0,13492,OFF,OFF,29.4,29.5,9.02,29.4,10.78,9.0,6.0,94.95,38.0,79.89,8,84,24,10.5,3,1,OFF,OFF,100,100,6.103,1.268,1,0,ON,ON,0.922,4.372,0,0,OFF,OFF,2,0,100,100,0,0.156,70,576,7.5,71,12.6,0,25.7,44,0,12.6,758,96.1,9.3,62.16466,378457,88,0,10.9,2,0,0.492,75,26.05,33.67,26.26,96,17.5,0.5642,9,44,0,31.4,0,0,0
2021-09-04,06:01:02,10.24,9.57,11.35,10.73,16.61,16.13,86,84,69,0,0,0,5.16,0.0,0.0,0.0,0.0,0.0,0.0,23.6,53,0,125,ON,OFF,ON,0,34.2,30,0,13492,OFF,OFF,29.4,29.5,9.02,29.4,10.78,9.0,6.0,94.95,38.0,79.89,8,84,24,10.5,3,1,OFF,OFF,100,100,6.103,1.268,1,0,ON,ON,0.922,4.372,0,0,OFF,OFF,2,0,100,100,0,0.156,70,576,7.5,71,12.6,0,25.7,44,0,12.6,758,96.1,9.3,62.16466,378457,88,0,10.9,2,0,0.492,75,26.05,33.67,26.26,96,17.5,0.5642,9,44,0,31.4,0,0,0
2021-09-04,06:01:32,10.24,9.57,11.35,10.73,16.61,16.13,86,84,69,0,0,0,5.16,0.0,0.0,0.0,0.0,0.0,0.0,23.6,53,0,125,ON,OFF,ON,0,34.2,30,0,13492,OFF,OFF,29.4,29.5,9.02,29.4,10.78,9.0,6.0,94.95,38.0,79.89,8,84,24,10.5,3,1,OFF,OFF,100,100,6.103,1.268,1,0,ON,ON,0.922,4.372,0,0,OFF,OFF,2,0,100,100,0,0.156,70,576,7.5,71,12.6,0,25.7,44,0,12.6,758,96.1,9.3,62.16466,378457,88,0,10.9,2,0,0.492,75,26.05,33.67,26.26,96,17.5,0.5642,9,44,0,31.4,0,0,0
2021-09-04,06:02:02,10.24,9.57,11.35,10.73,16.61,16.13,86,84,69,0,0,0,5.16,0.0,0.0,0.0,0.0,0.0,0.0,23.6,53,0,125,ON,OFF,ON,0,34.2,30,0,13492,OFF,OFF,29.4,29.5,9.02,29.4,10.78,9.0,6.0,94.95,38.0,79.89,8,84,24,10,3,1,OFF,OFF,100,100,6.103,1.268,1,0,ON,ON,0.922,4.372,0,0,OFF,OFF,2,0,100,100,0,0.156,70,576,7.5,71,12.6,0,25.7,44,0,12.6,758,96.1,9.3,62.16466,378457,88,0,10.9,2,0,0.492,75,26.05,33.67,26.26,96,17.5,0.5642,9,44,0,31.4,0,0,0
2021-09-04,06:02:32,10.24,9.57,11.35,10.73,16.61,16.13,86,84,69,0,0,0,5.16,0.0,0.0,0.0,0.0,0.0,0.0,23.6,53,0,125,ON,OFF,ON,0,34.2,30,0,13492,OFF,OFF,29.4,29.5,9.02,29.4,10.78,9.0,6.0,94.95,38.0,79.89,8,84,24,10,3,1,OFF,OFF,100,100,6.103,1.268,1,0,ON,ON,0.922,4.372,0,0,OFF,OFF,5,0,100,100,0,0.156,70,576,7.5,71,12.6,0,25.7,44,0,12.6,758,96.1,9.3,62.16466,378457,88,0,10.9,2,0,0.492,75,26.05,33.67,26.26,96,17.5,0.5642,9,44,0,31.4,0,0,0
2021-09-04,06:03:02,10.24,9.57,11.35,10.73,16.61,16.13,86,84,69,0,0,0,5.16,0.0,0.0,0.0,0.0,0.0,0.0,23.6,53,0,125,ON,OFF,ON,0,34.2,30,0,13492,OFF,OFF,29.4,29.5,9.02,29.4,10.78,9.0,6.0,94.95,38.0,79.89,8,84,24,10,3,1,OFF,OFF,100,100,6.103,1.268,1,0,ON,ON,0.922,4.372,0,0,OFF,OFF,5,0,100,100,0,0.156,70,576,7.5,71,12.6,0,25.7,44,0,12.6,758,96.1,9.3,62.16466,378457,88,0,10.9,2,0,0.492,75,26.05,33.67,26.26,96,17.5,0.5642,9,44,0,31.4,0,0,0
2021-09-04,06:03:32,10.24,9.57,11.35,10.73,16.61,16.13,86,84,69,0,0,0,5.16,0.0,0.0,0.0,0.0,0.0,0.0,23.6,53,0,125,ON,OFF,ON,0,34.2,30,0,13492,OFF,OFF,29.4,29.5,9.02,29.4,10.78,9.0,6.0,94.95,38.0,79.89,8,84,24,10,3,1,OFF,OFF,100,100,6.103,1.268,1,0,ON,ON,0.922,4.372,0,0,OFF,OFF,5,0,100,100,0,0.156,70,576,7.5,71,12.6,0,25.7,44,0,12.6,758,96.1,9.3,62.16466,378457,88,0,10.9,2,0,0.492,75,26.05,33.67,26.26,96,17.5,0.5642,9,44,0,31.4,0,0,0
2021-09-04,06:04:02,10.24,9.57,11.35,10.73,16.61,16.13,86,84,69,0,0,0,5.16,0.0,0.0,0.0,0.0,0.0,0.0,23.6,53,0,125,ON,OFF,ON,0,34.2,30,0,13492,OFF,OFF,29.4,29.5,9.02,29.4,10.78,9.0,6.0,94.95,38.0,79.89,8,84,24,10,3,1,OFF,OFF,100,100,6.103,1.268,1,0,ON,ON,0.922,4.372,0,0,OFF,OFF,5,0,100,100,0,0.156,70,576,7.5,71,12.6,0,25.7,44,0,12.6,758,96.1,9.3,62.16466,378457,88,0,10.9,2,0,0.492,75,26.05,33.67,26.26,96,17.5,0.5642,9,44,0,31.4,0,0,0
2021-09-04,06:04:32,10.24,9.57,11.35,10.73,16.61,16.13,86,84,69,0,0,0,5.16,0.0,0.0,0.0,0.0,0.0,0.0,23.6,53,0,125,ON,OFF,ON,0,34.2,30,0,13492,OFF,OFF,29.4,29.5,9.02,29.4,10.78,9.0,6.0,94.95,38.0,79.89,8,84,24,10,3,1,OFF,OFF,100,100,6.103,1.268,1,0,ON,ON,0.922,4.372,0,0,OFF,OFF,8,0,100,100,0,0.156,70,576,7.5,71,12.6,0,25.7,44,6.313,12.6,758,96.1,9.3,62.16466,378457,88,0,10.9,2,0,0.492,75,26.05,33.67,26.26,96,17.5,0.5642,9,44,0,31.4,0,0,0
2021-09-04,06:05:02,10.24,9.57,11.35,10.73,16.61,16.13,86,84,69,0,0,0,5.16,0.0,0.0,0.0,0.0,0.0,0.0,23.6,53,0,125,ON,OFF,ON,0,34.2,30,0,13492,OFF,OFF,29.4,29.5,9.02,29.4,10.78,9.0,6.0,94.95,38.0,79.89,8,84,24,10,3,1,OFF,OFF,100,100,6.103,1.268,1,0,ON,ON,0.922,4.372,0,0,OFF,OFF,8,0,100,100,0,0.156,70,576,7.5,71,12.6,0,25.7,44,6.313,12.6,758,96.1,9.3,62.16466,378457,88,0,10.9,2,0,0.492,75,26.05,33.67,26.26,96,17.5,0.5642,9,44,0,31.4,0,0,0
2021-09-04,06:05:32,10.24,9.57,11.35,10.73,16.61,16.13,86,84,69,0,0,0,5.16,0.0,0.0,0.0,0.0,0.0,0.0,23.6,53,0,125,ON,OFF,ON,0,34.2,30,0,13492,OFF,OFF,29.4,29.5,9.02,29.4,10.78,9.0,6.0,94.95,38.0,79.89,8,84,24,10,3,1,OFF,OFF,100,100,6.103,1.268,1,0,ON,ON,0.922,4.372,0,0,OFF,OFF,8,0,100,100,0,0.156,70,576,7.5,71,12.6,0,25.7,44,6.313,12.6,758,96.1,9.3,62.16466,378457,88,0,10.9,2,0,0.492,75,26.05,33.67,26.26,96,17.5,0.5642,9,44,0,31.4,0,0,0
2021-09-04,06:06:02,10.24,9.57,11.35,10.73,16.61,16.13,86,84,69,0,0,0,5.16,0.0,0.0,0.0,0.0,0.0,0.0,23.6,53,0,125,ON,OFF,ON,0,34.2,30,0,13492,OFF,OFF,29.4,29.5,9.02,29.4,10.78,9.0,6.0,94.95,38.0,79.89,8,84,24,10,3,1,OFF,OFF,100,100,6.103,1.268,1,0,ON,ON,0.922,4.372,0,0,OFF,OFF,8,0,100,100,0,0.156,70,576,7.5,71,12.6,0,25.7,44,6.313,12.6,758,96.1,9.3,62.16466,378457,88,0,10.9,2,0,0.492,75,26.05,33.67,26.26,96,17.5,0.5642,9,44,0,31.4,0,0,0
2021-09-04,06:06:38,10.24,9.57,11.35,10.73,16.61,16.13,86,84,69,0,0,0,5.16,0.0,0.0,0.0,0.0,0.0,0.0,23.6,53,0,125,ON,OFF,ON,0,34.2,30,0,13492,OFF,OFF,29.4,29.5,9.02,29.4,10.78,9.0,6.0,94.95,38.0,79.89,8,84,24,10,3,1,OFF,OFF,100,100,6.103,1.268,1,0,ON,ON,0.922,4.372,0,0,OFF,OFF,8,0,100,100,0,0.156,70,576,7.5,71,12.6,0,25.7,44,6.313,12.6,758,96.1,9.3,62.16466,378457,88,0,10.9,2,0,0.492,75,26.05,33.67,26.26,96,17.5,0.5642,9,44,0,31.4,0,0,0
2021-09-04,06:07:08,10.24,9.57,11.35,10.73,16.61,16.13,86,84,69,0,0,0,5.16,0.0,0.0,0.0,0.0,0.0,0.0,23.6,53,0,125,ON,OFF,ON,0,34.2,30,0,13492,OFF,OFF,29.4,29.5,9.02,29.4,10.78,9.0,6.0,94.95,38.0,79.89,8,84,24,10,3,1,OFF,OFF,100,100,6.103,1.268,1,0,ON,ON,0.922,4.372,0,0,OFF,OFF,8,0,100,100,0,0.156,70,576,7.5,71,12.6,0,25.7,44,6.313,12.6,758,96.1,9.3,62.16466,378457,88,0,10.9,2,0,0.492,75,26.05,33.67,26.26,96,17.5,0.5642,9,44,0,31.4,0,0,0
2021-09-04,06:07:55,10.24,9.57,11.35,10.73,16.61,16.13,86,84,69,0,0,0,5.16,0.0,0.0,0.0,0.0,0.0,0.0,23.6,53,0,125,ON,OFF,ON,0,34.2,30,0,13492,OFF,OFF,29.4,29.5,9.02,29.4,10.78,9.0,6.0,94.95,38.0,79.89,8,84,23.5,10,3,1,OFF,OFF,100,100,6.103,1.268,1,0,ON,ON,0.922,4.372,0,0,OFF,OFF,13,0,100,100,0,0.156,70,576,7.5,71,12.6,0,25.7,44,6.313,12.6,758,96.1,9.3,62.16466,378457,88,0,10.9,2,0,0.492,75,26.05,33.67,26.26,96,17.5,0.5642,9,44,0,31.4,0,0,0
2021-09-04,06:08:25,10.24,9.57,11.35,10.73,16.61,16.13,86,84,69,0,0,0,5.16,0.0,0.0,0.0,0.0,0.0,0.0,23.6,53,0,125,ON,OFF,ON,0,34.2,30,0,13492,OFF,OFF,29.4,29.5,9.02,29.4,10.78,9.0,6.0,94.95,38.0,79.89,8,84,23.5,10,3,1,OFF,OFF,100,100,6.103,1.268,1,0,ON,ON,0.922,4.372,0,0,OFF,OFF,13,0,100,100,0,0.156,70,576,7.5,71,12.6,0,25.7,44,6.313,12.6,758,96.1,9.3,62.16466,378457,88,0,10.9,2,0,0.492,75,26.05,33.67,26.26,96,17.5,0.5642,9,44,0,31.4,0,0,0
2021-09-04,06:08:55,10.24,9.57,11.35,10.73,16.61,16.13,86,84,69,0,0,0,5.16,0.0,0.0,0.0,0.0,0.0,0.0,23.6,53,0,125,ON,OFF,ON,0,34.2,30,0,13492,OFF,OFF,29.4,29.5,9.02,29.4,10.78,9.0,6.0,94.95,38.0,79.89,8,84,23.5,10,3,1,OFF,OFF,100,100,6.104,1.268,1,0,ON,ON,0.922,4.372,0,0,OFF,OFF,13,0,100,100,0,0.156,70,576,7.5,71,12.6,0,25.7,44,6.313,12.6,758,96.1,9.3,62.16466,378457,88,0,10.9,2,0,0.492,75,26.05,33.67,26.26,96,17.5,0.5642,9,44,0,31.4,0,0,0
2021-09-04,06:09:25,10.24,9.57,11.35,10.73,16.61,16.13,86,84,69,0,0,0,5.16,0.0,0.0,0.0,0.0,0.0,0.0,23.6,53,0,125,ON,OFF,ON,0,34.2,30,0,13492,OFF,OFF,29.4,29.5,9.02,29.4,10.78,9.0,6.0,94.95,38.0,79.89,8,84,23.5,10,3,2,OFF,OFF,100,100,6.104,1.268,1,0,ON,ON,0.922,4.372,0,0,OFF,OFF,13,0,100,100,0,0.156,70,576,7.5,71,12.6,0,25.7,44,6.313,12.6,758,96.1,9.3,62.16466,378457,88,0,10.9,2,0,0.492,75,26.05,33.67,26.26,96,17.5,0.5642,9,44,0,31.4,0,0,0
2021-09-04,06:09:55,10.24,9.57,11.35,10.73,16.61,16.13,86,84,69,0,0,0,5.16,0.0,0.0,0.0,0.0,0.0,0.0,23.6,53,0,125,ON,OFF,ON,0,34.2,30,0,13492,OFF,OFF,29.4,29.5,9.02,29.4,10.78,9.0,6.0,94.95,38.0,79.89,8,84,23.5,10,3,2,OFF,OFF,100,100,6.104,1.268,1,0,ON,ON,0.922,4.372,0,0,OFF,OFF,13,0,100,100,0,0.156,70,576,7.5,71,12.6,0,25.7,44,0,12.6,758,96.1,9.3,62.16466,378457,88,0,10.9,2,0,0.492,75,26.05,33.67,26.26,96,17.5,0.5642,9,44,0,31.4,0,0,0
2021-09-04,06:10:25,10.24,9.57,11.35,10.73,16.61,16.13,86,84,69,0,0,0,5.16,0.0,0.0,0.0,0.0,0.0,0.0,23.6,53,0,125,ON,OFF,ON,0,34.2,30,0,13492,OFF,OFF,29.4,29.5,9.02,29.4,10.78,9.0,6.0,94.95,38.0,79.89,8,84,23.5,10,3,2,OFF,OFF,100,100,6.104,1.268,1,0,ON,ON,0.922,4.372,0,0,OFF,OFF,13,0,100,100,0,0.156,70,576,7.5,71,12.6,0,25.7,44,0,12.6,758,96.1,9.3,62.16466,378457,88,0,10.9,2,0,0.492,75,26.05,33.67,26.26,96,17.5,0.5642,9,44,0,31.4,0,0,0
2021-09-04,06:10:59,10.24,9.57,11.35,10.73,16.61,16.13,86,84,69,0,0,0,5.16,0.0,0.0,0.0,0.0,0.0,0.0,23.6,53,0,125,ON,OFF,ON,0,34.2,30,0,13492,OFF,OFF,29.4,29.5,9.02,29.4,10.78,9.0,6.0,94.95,38.0,79.89,8,84,23.5,10,3,2,OFF,OFF,100,100,6.104,1.268,1,0,ON,ON,0.922,4.372,0,0,OFF,OFF,25,0,100,100,0,0.156,70,576,7.5,71,12.6,0,25.7,44,0,12.6,758,96.1,9.3,62.16466,378457,88,0,10.9,2,0,0.492,75,26.05,33.67,26.26,96,17.5,0.5642,9,44,0,31.4,0,0,0
2021-09-04,06:11:29,10.24,9.57,11.35,10.73,16.61,16.13,86,84,69,0,0,0,5.16,0.0,0.0,0.0,0.0,0.0,0.0,23.6,53,0,125,ON,OFF,ON,0,34.2,30,0,13492,OFF,OFF,29.4,29.5,9.02,29.4,10.78,9.0,6.0,94.95,38.0,79.89,8,84,23.5,10,3,2,OFF,OFF,100,100,6.104,1.268,1,0,ON,ON,0.922,4.372,0,0,OFF,OFF,25,0,100,100,0,0.156,70,576,7.5,71,12.6,0,25.7,44,0,12.6,758,96.1,9.3,62.16466,378457,88,0,10.9,2,0,0.492,75,26.05,33.67,26.26,96,17.5,0.5642,9,44,0,31.4,0,0,0
2021-09-04,06:11:59,10.24,9.57,11.35,10.73,16.61,16.13,86,84,69,0,0,0,5.16,0.0,0.0,0.0,0.0,0.0,0.0,23.6,53,0,125,ON,OFF,ON,0,34.2,30,0,13492,OFF,OFF,29.4,29.5,9.02,29.4,10.78,9.0,6.0,94.95,38.0,79.89,8,84,23.5,10,3,2,OFF,OFF,100,100,6.104,1.268,1,0,ON,ON,0.922,4.372,0,0,OFF,OFF,25,0,100,100,0,0.156,70,576,7.5,71,12.6,0,25.7,44,0,12.6,758,96.1,9.3,62.16466,378457,88,0,10.9,2,0,0.492,75,26.05,33.67,26.26,96,17.5,0.5642,9,44,0,31.4,0,0,0
2021-09-04,06:12:29,10.24,9.57,11.35,10.73,16.61,16.13,86,84,69,0,0,0,5.16,0.0,0.0,0.0,0.0,0.0,0.0,23.6,53,0,125,ON,OFF,ON,0,34.2,30,0,13492,OFF,OFF,29.4,29.5,9.02,29.4,10.78,9.0,6.0,94.95,38.0,79.89,8,84,23.5,10,3,2,OFF,OFF,100,100,6.104,1.268,1,0,ON,ON,0.922,4.372,0,0,OFF,OFF,25,0,100,100,0,0.156,70,576,7.5,71,12.6,0,25.7,44,0,12.6,758,96.1,9.3,62.16466,378457,88,0,10.9,2,0,0.492,75,26.05,33.67,26.26,96,17.5,0.5642,9,44,0,31.4,0,0,0
2021-09-04,06:12:59,10.24,9.57,11.35,10.73,16.61,16.13,86,84,69,0,0,0,5.16,0.0,0.0,0.0,0.0,0.0,0.0,23.6,53,0,125,ON,OFF,ON,0,34.2,30,0,13492,OFF,OFF,29.4,29.5,9.02,29.4,10.78,9.0,6.0,94.95,38.0,79.89,8,84,23.5,10,3,2,OFF,OFF,100,100,6.104,1.268,1,0,ON,ON,0.922,4.372,0,0,OFF,OFF,25,0,100,100,0,0.156,70,576,7.5,71,12.6,0,25.7,44,0,12.6,758,96.1,9.3,62.16466,378457,88,0,10.9,2,0,0.492,75,26.05,33.67,26.26,96,17.5,0.5642,9,44,0,31.4,0,0,0
2021-09-04,06:13:29,10.24,9.57,11.35,10.73,16.61,16.13,86,84,69,0,0,0,5.16,0.0,0.0,0.0,0.0,0.0,0.0,23.6,53,0,125,ON,OFF,ON,0,34.2,30,0,13492,OFF,OFF,29.4,29.5,9.02,29.4,10.78,9.0,6.0,94.95,38.0,79.89,8,84,23.5,10,3,2,OFF,OFF,100,100,6.104,1.268,1,0,ON,ON,0.922,4.372,0,0,OFF,OFF,25,0,100,100,0,0.156,70,576,7.5,71,12.6,0,25.7,44,0,12.6,758,96.1,9.3,62.16466,378457,88,0,10.9,2,0,0.492,75,26.05,33.67,26.26,96,17.5,0.5642,9,44,0,31.4,0,0,0
2021-09-04,06:13:59,10.24,9.57,11.35,10.73,16.61,16.13,86,84,69,0,0,0,5.16,0.0,0.0,0.0,0.0,0.0,0.0,23.6,53,0,125,ON,OFF,ON,0,34.2,30,0,13492,OFF,OFF,29.4,29.5,9.02,29.4,10.78,9.0,6.0,94.95,38.0,79.89,8,84,23.5,10,3,2,OFF,OFF,100,100,6.104,1.268,1,0,ON,ON,0.922,4.372,0,0,OFF,OFF,41,0,100,100,0,0.156,70,576,7.5,71,12.6,0,25.7,44,0,12.6,758,96,9.3,62.16466,378457,93,67,7.5,2,0,0.492,75,26.05,33.67,26.26,96,17.5,0.5642,9,44,0,31.4,0,0,0
2021-09-04,06:14:29,10.24,9.57,11.35,10.73,16.61,16.13,86,84,69,0,0,0,5.16,0.0,0.0,0.0,0.0,0.0,0.0,23.6,53,0,125,ON,OFF,ON,0,34.2,30,0,13492,OFF,OFF,29.4,29.5,9.02,29.4,10.12,9.0,6.0,94.95,38.0,79.89,8,84,23.5,10,3,2,OFF,OFF,100,100,6.104,1.268,1,0,ON,ON,0.922,4.372,0,0,OFF,OFF,41,0,100,100,0,0.156,70,576,7.5,71,12.6,0,25.7,44,0,12.6,758,96,9.3,62.16466,378457,93,67,7.5,2,0,0.492,75,26.05,33.67,26.26,96,17.5,0.5642,9,44,0,31.4,0,0,0
2021-09-04,06:14:59,10.24,9.57,11.35,10.73,16.61,16.13,86,84,69,0,0,0,5.16,0.0,0.0,0.0,0.0,0.0,0.0,23.6,53,0,125,ON,OFF,ON,0,34.2,30,0,13492,OFF,OFF,29.4,29.5,9.02,29.4,10.12,9.0,6.0,94.95,38.0,79.89,8,84,23.5,10,3,2,OFF,OFF,100,100,6.104,1.268,1,0,ON,ON,0.922,4.372,0,0,OFF,OFF,41,0,100,100,0,0.156,70,576,7.5,71,12.6,0,25.7,44,0,12.6,758,96,9.3,62.16466,378457,93,67,7.5,2,0,0.492,75,26.05,33.67,26.26,96,17.5,0.5642,9,44,0,31.4,0,0,0
2021-09-04,06:15:29,10.24,9.57,11.35,10.73,16.61,16.13,86,84,69,0,0,0,5.16,0.0,0.0,0.0,0.0,0.0,0.0,23.6,53,0,125,ON,OFF,ON,0,34.2,30,0,13492,OFF,OFF,29.4,29.5,9.02,29.4,10.12,9.0,6.0,94.95,38.0,79.89,8,84,23.5,10,3,2,OFF,OFF,100,100,6.104,1.268,1,0,ON,ON,0.922,4.372,0,0,OFF,OFF,41,0,100,100,0,0.156,70,576,7.5,71,12.6,0,25.7,44,0,12.6,758,96,9.3,62.16466,378457,93,67,7.5,2,0,0.492,75,26.05,33.67,26.26,96,17.5,0.5642,9,44,0,31.4,0,0,0
2021-09-04,06:15:59,10.24,9.57,11.35,10.73,16.61,16.13,86,84,69,0,0,0,5.16,0.0,0.0,0.0,0.0,0.0,0.0,23.6,53,0,125,ON,OFF,ON,0,34.2,30,0,13492,OFF,OFF,29.4,29.5,9.02,29.4,10.12,9.0,6.0,94.95,38.0,79.89,8,84,23.5,10,3,2,OFF,OFF,100,100,6.104,1.268,1,0,ON,ON,0.922,4.372,0,0,OFF,OFF,41,0,100,100,0,0.156,70,576,7.5,71,12.6,0,25.7,44,0,12.6,758,96,9.3,62.16466,378457,93,67,7.5,2,0,0.492,75,26.05,33.67,26.26,96,17.5,0.5642,9,44,0,31.4,0,0,0
2021-09-04,06:16:29,10.24,9.57,11.35,10.73,16.61,16.13,86,84,69,0,0,0,5.16,0.0,0.0,0.0,0.0,0.0,0.0,23.6,53,0,125,ON,OFF,ON,0,34.2,30,0,13492,OFF,OFF,29.4,29.5,9.02,29.4,10.12,9.0,6.0,94.95,38.0,79.89,8,84,23.5,10,3,2,OFF,OFF,100,100,6.104,1.268,1,0,ON,ON,0.922,4.372,0,0,OFF,OFF,41,0,100,100,0,0.156,70,576,7.5,71,12.6,0,25.7,44,0,12.6,758,96,9.3,62.16466,378457,93,67,7.5,2,0,0.492,75,26.05,33.67,26.26,96,17.5,0.5642,9,44,0,31.4,0,0,0
2021-09-04,06:16:59,10.24,9.57,11.35,10.73,16.61,16.13,86,84,69,0,0,0,5.16,0.0,0.0,0.0,0.0,0.0,0.0,23.6,53,0,125,ON,OFF,ON,0,34.2,30,0,13492,OFF,OFF,29.4,29.5,9.02,29.4,10.12,9.0,6.0,94.95,38.0,79.89,8,84,23.5,10,3,2,OFF,OFF,100,100,6.104,1.268,1,0,ON,ON,0.922,4.372,0,0,OFF,OFF,72,0,100,100,0,0.156,70,576,7.5,71,12.6,0,25.7,44,0,12.6,758,96,9.3,62.16466,378457,93,67,7.5,2,0,0.492,75,26.05,33.67,26.26,96,17.5,0.5642,9,44,0,31.4,0,0,0
2021-09-04,06:17:29,10.24,9.57,11.35,10.73,16.61,16.13,86,84,69,0,0,0,5.16,0.0,0.0,0.0,0.0,0.0,0.0,23.6,53,0,125,ON,OFF,ON,0,34.2,30,0,13492,OFF,OFF,29.4,29.5,9.02,29.4,10.12,9.0,6.0,94.95,38.0,79.89,8,84,23.5,10,3,2,OFF,OFF,100,100,6.104,1.268,1,0,ON,ON,0.922,4.372,0,0,OFF,OFF,72,0,100,100,0,0.156,70,576,7.5,71,12.6,0,25.7,44,0,12.6,758,96,9.3,62.16466,378457,93,67,7.5,2,0,0.492,75,26.05,33.67,26.26,96,17.5,0.5642,9,44,0,31.4,0,0,0
2021-09-04,06:17:59,10.24,9.57,11.35,10.73,16.61,16.13,86,84,69,0,0,0,5.16,0.0,0.0,0.0,0.0,0.0,0.0,23.6,53,0,125,ON,OFF,ON,0,34.2,30,0,13492,OFF,OFF,29.4,29.5,9.02,29.4,10.12,9.0,6.0,94.95,38.0,79.89,8,84,23.5,10,3,2,OFF,OFF,100,100,6.104,1.268,1,0,ON,ON,0.922,4.372,0,0,OFF,OFF,72,0,100,100,0,0.156,70,576,7.5,71,12.6,0,25.7,44,0,12.6,758,96,9.3,62.16466,378457,93,67,7.5,2,0,0.492,75,26.05,33.67,26.26,96,17.5,0.5642,9,44,0,31.4,0,0,0
2021-09-04,06:18:29,10.24,9.57,11.35,10.73,16.61,16.13,86,84,69,0,0,0,5.16,0.0,0.0,0.0,0.0,0.0,0.0,23.6,53,0,125,ON,OFF,ON,0,34.2,30,0,13492,OFF,OFF,29.4,29.5,9.02,29.4,10.12,9.0,6.0,94.95,38.0,79.89,8,84,23.5,10,3,2,OFF,OFF,100,100,6.104,1.268,1,0,ON,ON,0.922,4.372,0,0,OFF,OFF,72,0,100,100,0,0.156,70,576,7.5,71,12.6,0,25.7,44,0,12.6,758,96,9.3,62.16466,378457,93,67,7.5,2,0,0.492,75,26.05,33.67,26.26,96,17.5,0.5642,9,44,0,31.4,0,0,0
2021-09-04,06:18:59,10.24,9.57,11.35,10.73,16.61,16.13,86,84,69,0,0,0,5.16,0.0,0.0,0.0,0.0,0.0,0.0,23.6,53,0,125,ON,OFF,ON,0,34.2,30,0,13492,OFF,OFF,29.4,29.5,9.02,29.4,10.12,9.0,6.0,94.95,38.0,79.89,8,84,23.5,10,3,2,OFF,OFF,100,100,6.104,1.268,1,0,ON,ON,0.922,4.372,0,0,OFF,OFF,72,0,100,100,0,0.156,70,576,7.5,71,12.6,0,25.7,44,0,12.6,758,96,9.3,62.16466,378457,93,67,7.5,2,0,0.492,75,26.05,33.67,26.26,96,17.5,0.5642,9,44,0,31.4,0,0,0
2021-09-04,06:19:29,10.24,9.57,11.35,10.73,16.61,16.13,86,84,69,0,0,0,5.16,0.0,0.0,0.0,0.0,0.0,0.0,23.6,53,0,125,ON,OFF,ON,0,34.2,30,0,13492,OFF,OFF,29.4,29.5,9.02,29.4,10.12,9.0,6.0,94.95,38.0,79.89,8,84,23.5,10,3,2,OFF,OFF,100,100,6.104,1.268,1,0,ON,ON,0.922,4.372,0,0,OFF,OFF,72,0,100,100,0,0.156,70,576,7.5,71,12.6,0,25.7,44,0,12.6,758,96,9.3,62.16466,378457,93,67,7.5,2,0,0.492,75,26.05,33.67,26.26,96,17.5,0.5642,9,44,0,31.4,0,0,0
2021-09-04,06:19:59,10.24,9.57,11.35,10.73,16.61,16.13,86,84,69,0,0,0,5.16,0.0,0.0,0.0,0.0,0.0,0.0,23.6,53,0,125,ON,OFF,ON,0,34.2,30,0,13492,OFF,OFF,29.4,29.5,9.02,29.4,10.12,9.0,6.0,94.95,38.0,79.89,7,84,23.5,10,3,2,OFF,OFF,100,100,6.104,1.268,1,0,ON,ON,0.922,4.372,0,0,OFF,OFF,113,0,100,100,0,0.156,70,576,7.5,71,12.6,0,25.7,44,0,12.6,758,96,9.3,62.16466,378457,93,67,7.5,2,0,0.492,75,26.05,33.67,26.26,96,17.5,0.5642,9,44,0,31.4,0,0,0
2021-09-04,06:20:29,10.24,9.57,11.35,10.73,16.61,16.13,86,84,69,0,0,0,5.16,0.0,0.0,0.0,0.0,0.0,0.0,23.6,53,0,125,ON,OFF,ON,0,34.2,30,0,13492,OFF,OFF,29.4,29.5,9.02,29.4,10.12,9.0,6.0,94.95,38.0,79.89,7,84,23.5,10,3,2,OFF,OFF,100,100,6.104,1.268,1,0,ON,ON,0.922,4.372,0,0,OFF,OFF,113,0,100,100,0,0.156,70,576,7.5,71,12.6,0,25.7,44,0,12.6,758,96,9.3,62.16466,378457,93,67,7.5,2,0,0.492,75,26.05,33.67,26.26,96,17.5,0.5642,9,44,0,31.4,0,0,0
2021-09-04,06:20:59,10.24,9.57,11.35,10.73,16.61,16.13,86,84,69,0,0,0,5.16,0.0,0.0,0.0,0.0,0.0,0.0,23.6,53,0,125,ON,OFF,ON,0,34.2,30,0,13492,OFF,OFF,29.4,29.5,9.02,29.4,10.12,9.0,6.0,94.95,38.0,79.89,7,84,23.5,10,3,2,OFF,OFF,100,100,6.104,1.268,1,0,ON,ON,0.922,4.372,0,0,OFF,OFF,113,0,100,100,0,0.156,70,576,7.5,71,12.6,0,25.7,44,0,12.6,758,96,9.3,62.16466,378457,93,67,7.5,2,0,0.492,75,26.05,33.67,26.26,96,17.5,0.5642,9,44,0,31.4,0,0,0
2021-09-04,06:21:29,10.24,9.57,11.35,10.73,16.61,16.13,86,84,69,0,0,0,5.16,0.0,0.0,0.0,0.0,0.0,0.0,23.6,53,0,125,ON,OFF,ON,0,34.2,30,0,13492,OFF,OFF,29.4,29.5,9.02,29.4,10.12,9.0,6.0,94.95,38.0,79.89,7,84,23.5,10,3,2,OFF,OFF,100,100,6.104,1.268,1,0,ON,ON,0.922,4.372,0,0,OFF,OFF,113,0,100,100,0,0.156,70,576,7.5,71,12.1,0,25.7,44,0,12.6,758,96,9.3,62.16466,378457,93,67,7.5,2,0,0.492,75,26.05,33.67,26.26,96,17.5,0.5642,9,44,0,31.4,0,0,0
2021-09-04,06:21:59,10.24,9.57,11.35,10.73,16.61,16.13,86,84,69,0,0,0,5.16,0.0,0.0,0.0,0.0,0.0,0.0,23.6,53,0,125,ON,OFF,ON,0,34.2,30,0,13492,OFF,OFF,29.4,29.5,9.02,29.4,10.12,9.0,6.0,94.95,38.0,79.89,7,84,23.5,10,3,2,OFF,OFF,100,100,6.104,1.268,1,0,ON,ON,0.922,4.372,0,0,OFF,OFF,150,0,100,100,0,0.156,70,576,7.5,71,12.1,0,25.7,44,0,12.6,758,96,9.3,62.16466,378457,93,67,7.5,2,0,0.492,75,26.05,33.67,26.26,96,17.5,0.5642,9,44,0,31.4,0,0,0
2021-09-04,06:22:30,10.24,9.57,11.35,10.73,16.61,16.13,86,84,69,0,0,0,5.16,0.0,0.0,0.0,0.0,0.0,0.0,23.6,53,0,125,ON,OFF,ON,0,34.2,30,0,13492,OFF,OFF,29.4,29.5,9.02,29.4,10.12,9.0,6.0,94.95,38.0,79.89,7,84,23.5,10,3,2,OFF,OFF,100,100,6.104,1.268,1,0,ON,ON,0.922,4.372,0,0,OFF,OFF,150,0,100,100,0,0.156,70,576,7.5,71,12.1,0,25.7,44,0,12.6,758,96,9.3,62.16466,378457,93,67,7.5,2,0,0.492,75,26.05,33.67,26.26,96,17.5,0.5642,9,44,0,31.4,0,0,0
2021-09-04,06:23:15,10.24,9.57,11.35,10.73,16.61,16.13,86,84,69,0,0,0,5.16,0.0,0.0,0.0,0.0,0.0,0.0,23.6,53,0,125,ON,OFF,ON,0,34.2,30,0,13492,OFF,OFF,29.4,29.5,9.02,29.4,10.12,9.0,6.0,94.95,38.0,79.89,7,84,23.5,10,3,2,OFF,OFF,100,100,6.104,1.268,1,0,ON,ON,0.922,4.372,0,0,OFF,OFF,150,0,100,100,0,0.156,70,576,7.5,71,12.1,0,25.7,44,0,12.6,758,96,9.3,62.16466,378457,93,67,7.5,2,0,0.492,75,26.05,33.67,26.26,96,17.5,0.5642,9,44,0,31.4,0,0,0
2021-09-04,06:23:46,10.24,9.57,11.35,10.73,16.61,16.13,86,84,69,0,0,0,5.16,0.0,0.0,0.0,0.0,0.0,0.0,23.6,53,0,125,ON,OFF,ON,0,34.2,30,0,13492,OFF,OFF,29.4,29.5,8.36,29.4,10.12,9.0,6.0,94.95,38.0,79.89,7,84,23.5,10,3,2,OFF,OFF,100,100,6.104,1.268,1,0,ON,ON,0.922,4.372,0,0,OFF,OFF,150,0,100,100,0,0.156,70,576,7.5,71,12.1,0,25.7,44,0,12.6,758,96,9.3,62.16466,378457,93,67,7.5,2,0,0.492,75,26.05,33.67,26.26,96,17.5,0.5642,9,44,0,31.4,0,0,0
2021-09-04,06:24:16,10.24,9.57,11.35,10.73,16.61,16.13,86,84,69,0,0,0,5.16,0.0,0.0,0.0,0.0,0.0,0.0,23.6,53,0,125,ON,OFF,ON,0,34.2,30,0,13492,OFF,OFF,29.4,29.5,8.36,29.4,10.12,9.0,6.0,94.95,38.0,79.89,7,84,23.5,10,3,2,OFF,OFF,100,100,6.104,1.268,1,0,ON,ON,0.922,4.372,0,0,OFF,OFF,150,0,100,100,0,0.156,70,576,7.5,71,12.1,0,25.7,44,0,12.6,758,96,9.3,62.16466,378457,93,67,7.5,2,0,0.492,75,26.05,33.67,26.26,96,17.5,0.5642,9,44,0,31.4,0,0,0
2021-09-04,06:24:46,10.24,9.57,11.35,10.73,16.61,16.13,86,84,69,0,0,0,5.16,0.0,0.0,0.0,0.0,0.0,0.0,23.6,53,0,125,ON,OFF,ON,0,34.2,30,0,13492,OFF,OFF,29.4,29.5,8.36,29.4,10.12,9.0,6.0,94.95,38.0,79.89,7,84,23.5,10,3,2,OFF,OFF,100,100,6.104,1.268,1,0,ON,ON,0.922,4.372,0,0,OFF,OFF,150,0,100,100,0,0.156,70,576,7.5,71,12.1,0,25.7,44,0,12.6,758,96,9.3,62.16466,378457,93,67,7.5,2,0,0.492,75,26.05,33.67,26.26,96,17.5,0.5642,9,44,0,31.4,0,0,0
2021-09-04,06:25:16,10.24,9.57,11.35,10.73,16.61,16.13,86,84,69,0,0,0,5.16,0.0,0.0,0.0,0.0,0.0,0.0,23.6,53,0,125,ON,OFF,ON,0,34.2,30,0,13492,OFF,OFF,29.4,29.5,8.36,29.4,10.12,9.0,6.0,94.95,38.0,79.89,7,84,23.5,10,3,2,OFF,OFF,100,100,6.104,1.268,1,0,ON,ON,0.922,4.372,0,0,OFF,OFF,219,0,100,100,0,0.156,70,576,7.5,71,12.1,0,25.7,44,0,12.6,758,96,9.3,62.16466,378457,93,67,7.5,2,0,0.492,75,26.05,33.67,26.26,96,17.5,0.5642,9,44,0,31.4,0,0,0
2021-09-04,06:25:46,10.24,9.57,11.35,10.73,16.61,16.13,86,84,69,0,0,0,5.16,0.0,0.0,0.0,0.0,0.0,0.0,23.6,53,0,125,ON,OFF,ON,0,34.2,30,0,13492,OFF,OFF,29.4,29.5,8.36,29.4,10.12,9.0,6.0,94.95,38.0,79.89,7,84,23.5,10,3,2,OFF,OFF,100,100,6.104,1.268,1,0,ON,ON,0.922,4.372,0,0,OFF,OFF,219,0,100,100,0,0.156,70,576,7.5,71,12.1,0,25.7,44,0,12.6,758,96,9.3,62.16466,378457,93,67,7.5,2,0,0.492,75,26.05,33.67,26.26,96,17.5,0.5642,9,44,0,31.4,0,0,0
2021-09-04,06:26:16,10.24,9.57,11.35,10.73,16.61,16.13,86,84,69,0,0,0,5.16,0.0,0.0,0.0,0.0,0.0,0.0,23.6,53,0,125,ON,OFF,ON,0,34.2,30,0,13492,OFF,OFF,29.4,29.5,8.36,29.4,10.12,9.0,6.0,94.95,38.0,79.89,7,84,23.5,10,3,2,OFF,OFF,100,100,6.104,1.268,1,0,ON,ON,0.922,4.372,0,0,OFF,OFF,219,0,100,100,0,0.156,70,576,7.5,71,12.1,0,25.7,44,0,12.6,758,96,9.3,62.16466,378457,93,67,7.5,2,0,0.492,75,26.05,33.67,26.26,96,17.5,0.5642,9,44,0,31.4,0,0,0
2021-09-04,06:26:46,10.24,9.57,11.35,10.73,16.61,16.13,86,84,69,0,0,0,5.16,0.0,0.0,0.0,0.0,0.0,0.0,23.6,53,0,125,ON,OFF,ON,0,34.2,30,0,13492,OFF,OFF,29.4,29.5,8.36,29.4,10.12,9.0,6.0,94.95,38.0,79.89,7,84,23.5,10,3,2,OFF,OFF,100,100,6.104,1.268,1,0,ON,ON,0.922,4.372,0,0,OFF,OFF,219,0,100,100,0,0.156,70,576,7.5,71,12.1,0,25.7,44,0,12.6,758,96,9.3,62.16466,378457,93,67,7.5,2,0,0.492,75,26.05,33.67,26.26,96,17.5,0.5642,9,44,0,31.4,0,0,0
2021-09-04,06:27:16,10.24,9.57,11.35,10.73,16.61,16.13,86,84,69,0,0,0,5.16,0.0,0.0,0.0,0.0,0.0,0.0,23.6,53,0,125,ON,OFF,ON,0,34.2,30,0,13492,OFF,OFF,29.4,29.5,8.36,29.4,10.12,9.0,6.0,94.95,38.0,79.89,7,84,23.5,10,3,2,OFF,OFF,100,100,6.104,1.268,1,0,ON,ON,0.922,4.372,0,0,OFF,OFF,219,0,100,100,0,0.156,70,576,7.5,71,12.1,0,25.7,44,0,12.6,758,96,9.3,62.16466,378457,93,67,7.5,2,0,0.492,75,26.05,33.67,26.26,96,17.5,0.5642,9,44,0,31.4,0,0,0
2021-09-04,06:27:46,10.24,9.57,11.35,10.73,16.61,16.13,86,84,69,0,0,0,5.16,0.0,0.0,0.0,0.0,0.0,0.0,23.6,53,0,125,ON,OFF,ON,0,34.2,30,0,13492,OFF,OFF,29.4,29.5,8.36,29.4,10.12,9.0,6.0,94.95,38.0,79.89,7,84,23.5,10,3,2,OFF,OFF,100,100,6.104,1.268,1,0,ON,ON,0.922,4.372,0,0,OFF,OFF,219,0,100,100,0,0.156,70,576,7.2,71,12.2,0,25.2,44,0,12.2,758,96,9.3,62.16466,378457,93,67,7.5,2,0,0.492,75,26.05,33.67,26.26,96,17.5,0.5642,9,44,0,31.4,0,0,0
2021-09-04,06:28:18,10.24,9.57,11.35,10.73,16.61,16.13,86,84,69,0,0,0,5.16,0.0,0.0,0.0,0.0,0.0,0.0,23.6,53,0,125,ON,OFF,ON,0,34.2,30,0,13492,OFF,OFF,29.4,29.5,8.36,29.4,10.12,9.0,6.0,94.95,38.0,79.89,7,84,23.5,10,3,2,OFF,OFF,100,100,6.104,1.268,1,0,ON,ON,0.922,4.372,0,0,OFF,OFF,308,0,100,100,0,0.156,70,576,7.2,71,12.2,0,25.2,44,0,12.2,758,96,9.3,62.16466,378457,93,67,7.5,2,0,0.492,75,26.05,33.67,26.26,96,17.5,0.5642,9,44,0,31.4,0,0,0
2021-09-04,06:28:48,10.24,9.57,11.35,10.73,16.61,16.13,86,84,69,0,0,0,5.16,0.0,0.0,0.0,0.0,0.0,0.0,23.6,53,0,125,ON,OFF,ON,0,34.2,30,0,13492,OFF,OFF,29.4,29.5,8.36,29.4,10.12,9.0,6.0,94.95,38.0,79.89,7,84,23.5,10,3,2,OFF,OFF,100,100,6.104,1.268,1,0,ON,ON,0.922,4.372,0,0,OFF,OFF,308,0,100,100,0,0.156,70,576,7.2,71,12.2,0,25.2,44,0,12.2,758,96,9.3,62.16466,378457,93,67,7.5,2,0,0.492,75,26.05,33.67,26.26,96,17.5,0.5642,9,44,0,31.4,0,0,0
2021-09-04,06:29:18,10.24,9.57,11.35,10.73,16.61,16.13,86,84,69,0,0,0,5.16,0.0,0.0,0.0,0.0,0.0,0.0,23.6,53,0,125,ON,OFF,ON,0,34.2,30,0,13492,OFF,OFF,29.4,29.5,8.36,29.4,10.12,9.0,6.0,94.95,38.0,79.89,7,84,23.5,10,3,2,OFF,OFF,100,100,6.104,1.268,1,0,ON,ON,0.922,4.372,0,0,OFF,OFF,308,0,100,100,0,0.156,70,576,7.2,71,12.2,0,25.2,44,0,12.2,758,96,9.3,62.16466,378457,93,67,7.5,2,0,0.492,75,26.05,33.67,26.26,96,17.5,0.5642,9,44,0,31.4,0,0,0
2021-09-04,06:29:48,10.24,9.57,11.35,10.73,16.61,16.13,86,84,69,0,0,0,5.16,0.0,0.0,0.0,0.0,0.0,0.0,23.6,53,0,125,ON,OFF,ON,0,34.2,30,0,13492,OFF,OFF,29.4,29.5,8.36,29.4,10.12,9.0,6.0,94.95,38.0,79.89,7,84,23.5,10,3,2,OFF,OFF,100,100,6.104,1.268,1,0,ON,ON,0.922,4.372,0,0,OFF,OFF,308,0,100,100,0,0.156,70,576,7.2,71,12.2,0,25.2,44,0,12.2,758,96,9.3,62.16466,378457,93,67,7.5,2,0,0.492,75,26.05,33.67,26.26,96,17.5,0.5642,9,44,0,31.4,0,0,0
2021-09-04,06:30:18,10.09,9.43,11.25,10.65,16.56,16.07,87,85,69,0,0,0,5.16,0.0,0.0,0.0,0.0,0.0,0.0,23.6,53,0,125,ON,OFF,ON,0,34.2,30,0,13492,OFF,OFF,29.4,29.5,8.36,29.4,10.12,9.0,6.0,94.95,38.0,79.89,7,84,23.5,10,3,2,OFF,OFF,100,100,6.104,1.268,1,0,ON,ON,0.922,4.372,0,0,OFF,OFF,308,0,100,100,0,0.156,70,576,7.2,71,12.2,0,25.2,44,0,12.2,758,96,9.3,62.16466,378457,93,67,7.5,2,0,0.492,75,26.05,33.67,26.26,96,17.5,0.5642,9,44,0,31.4,0,0,0
2021-09-04,06:30:48,10.09,9.43,11.25,10.65,16.56,16.07,87,85,69,0,0,0,5.16,0.0,0.0,0.0,0.0,0.0,0.0,23.6,53,0,125,ON,OFF,ON,0,34.2,30,0,13492,OFF,OFF,29.4,29.5,8.36,29.4,10.12,9.0,6.0,94.95,38.0,79.89,7,84,23.5,10,3,2,OFF,OFF,100,100,6.104,1.268,1,0,ON,ON,0.922,4.372,0,0,OFF,OFF,308,0,100,100,0,0.156,70,576,7.2,71,12.2,0,25.2,44,0,12.2,758,96,9.3,62.16466,378457,93,67,7.5,2,0,0.492,75,26.05,33.67,25.71,96,17.5,0.5642,9,44,0,31.4,0,0,0
2021-09-04,06:31:18,10.09,9.43,11.25,10.65,16.56,16.07,87,85,69,0,0,0,5.16,0.0,0.0,0.0,0.0,0.0,0.0,23.6,53,0,125,ON,OFF,ON,0,34.2,30,0,13492,OFF,OFF,29.4,29.5,8.36,29.4,10.12,9.0,6.0,94.95,38.0,79.89,7,84,22.5,10,3,2,OFF,OFF,100,100,6.104,1.268,1,0,ON,ON,0.922,4.372,0,0,OFF,OFF,414,0,100,100,0,0.156,70,576,7.2,71,12.2,0,25.2,44,0,12.2,758,96,9.3,62.16466,378457,93,67,7.5,2,0,0.492,75,26.05,33.67,25.71,96,17.5,0.5642,9,44,0,31.4,0,0,0
2021-09-04,06:31:48,10.09,9.43,11.25,10.65,16.56,16.07,87,85,69,0,0,0,5.16,0.0,0.0,0.0,0.0,0.0,0.0,23.6,53,0,125,ON,OFF,ON,0,34.2,30,0,13492,OFF,OFF,29.4,29.5,8.36,29.4,10.12,9.0,6.0,94.95,38.0,79.89,7,84,22.5,10,3,2,OFF,OFF,100,100,6.104,1.268,1,0,ON,ON,0.922,4.372,0,0,OFF,OFF,414,0,100,100,0,0.156,70,576,7.2,71,12.2,0,25.2,44,0,12.2,758,96,9.3,62.16466,378457,93,67,7.5,2,0,0.492,75,25.5,33.67,25.71,96,17.5,0.5642,9,44,0,31.4,0,0,0
2021-09-04,06:32:18,10.09,9.43,11.25,10.65,16.56,16.07,87,85,69,0,0,0,5.16,0.0,0.0,0.0,0.0,0.0,0.0,23.6,53,0,125,ON,OFF,ON,0,34.2,30,0,13492,OFF,OFF,29.4,29.5,8.36,29.4,10.12,9.0,6.0,94.95,38.0,79.89,7,84,22.5,10,3,2,OFF,OFF,100,100,6.104,1.268,1,0,ON,ON,0.922,4.372,0,0,OFF,OFF,414,0,100,100,0,0.156,70,576,7.2,71,12.2,0,25.2,44,0,12.2,758,96,9.3,62.16466,378457,93,67,7.5,2,0,0.492,75,25.5,33.67,25.71,96,17.5,0.5642,9,44,0,31.4,0,0,0
2021-09-04,06:32:48,10.09,9.43,11.25,10.65,16.56,16.07,87,85,69,0,0,0,5.16,0.0,0.0,0.0,0.0,0.0,0.0,23.6,53,0,125,ON,OFF,ON,0,34.2,30,0,13492,OFF,OFF,29.4,29.5,8.36,29.4,10.12,9.0,6.0,94.95,38.0,79.89,7,84,22.5,10,3,2,OFF,OFF,100,100,6.104,1.268,1,0,ON,ON,0.922,4.372,0,0,OFF,OFF,414,0,100,100,0,0.156,70,576,7.2,71,12.2,0,25.2,44,0,12.2,758,96,9.3,62.16466,378457,93,67,7.5,2,0,0.492,75,25.5,33.67,25.71,96,17.5,0.5642,9,44,0,31.4,0,0,0
2021-09-04,06:33:18,10.09,9.43,11.25,10.65,16.56,16.07,87,85,69,0,0,0,5.16,0.0,0.0,0.0,0.0,0.0,0.0,23.6,53,0,125,ON,OFF,ON,0,34.2,30,0,13492,OFF,OFF,29.4,29.5,8.36,29.4,10.12,9.0,6.0,94.95,38.0,79.89,7,84,22.5,10,3,2,OFF,OFF,100,100,6.104,1.268,1,0,ON,ON,0.922,4.372,0,0,OFF,OFF,414,0,100,100,0,0.156,70,576,7.2,71,12.2,0,25.2,44,0,12.2,758,96,9.3,62.16466,378457,93,67,7.5,2,0,0.492,75,25.5,33.67,25.71,96,17.5,0.5642,9,44,0,31.4,0,0,0
2021-09-04,06:33:48,10.09,9.43,11.25,10.65,16.56,16.07,87,85,69,0,0,0,5.16,0.0,0.0,0.0,0.0,0.0,0.0,23.6,53,0,125,ON,OFF,ON,0,34.2,30,0,13492,OFF,OFF,29.4,29.5,8.36,29.4,10.12,9.0,6.0,94.95,38.0,79.89,7,84,22.5,10,3,2,OFF,OFF,100,100,6.104,1.268,1,0,ON,ON,0.922,4.372,0,0,OFF,OFF,414,0,100,100,0,0.156,70,576,7.2,71,12.2,0,25.2,44,0,12.2,758,96,9.3,62.16466,378457,93,67,7.5,2,0,0.492,75,25.5,33.67,25.71,96,17.5,0.5642,9,44,0,31.4,0,0,0
2021-09-04,06:34:19,10.09,9.43,11.25,10.65,16.56,16.07,87,85,69,0,0,0,5.16,0.0,0.0,0.0,0.0,0.0,0.0,23.6,53,0,125,ON,OFF,ON,0,34.2,30,0,13492,OFF,OFF,29.4,29.5,8.36,29.4,10.12,9.0,6.0,94.95,38.0,79.89,7,84,22.5,10,3,2,OFF,OFF,100,100,6.104,1.268,1,0,ON,ON,0.922,4.372,0,0,OFF,OFF,550,0,100,100,0,0.156,70,576,7.2,71,12.2,0,25.2,44,0,12.2,758,96,9.3,62.16466,378457,93,67,7.5,2,0,0.492,75,25.5,33.67,25.71,96,17.5,0.5642,9,44,0,31.4,0,0,0
2021-09-04,06:34:49,10.09,9.43,11.25,10.65,16.56,16.07,87,85,69,0,0,0,5.16,0.0,0.0,0.0,0.0,0.0,0.0,23.6,53,0,125,ON,OFF,ON,0,34.2,30,0,13492,OFF,OFF,29.4,29.5,8.36,29.4,10.12,9.0,6.0,94.95,38.0,79.89,7,84,22.5,10,3,2,OFF,OFF,100,100,6.104,1.268,1,0,ON,ON,0.922,4.372,0,0,OFF,OFF,550,52,100,100,0,0.156,70,576,7.2,71,12.2,0,25.2,44,0,12.2,758,96,9.3,62.16466,378457,93,67,7.5,2,0,0.492,75,25.5,33.67,25.71,96,17.5,0.5642,9,44,0,31.4,0,0,0
2021-09-04,06:35:19,10.09,9.43,11.25,10.65,16.56,16.07,87,85,69,0,0,0,5.16,0.0,0.0,0.0,0.0,0.0,0.0,23.6,53,0,125,ON,OFF,ON,0,34.2,30,0,13492,OFF,OFF,29.4,29.5,8.36,29.4,10.12,9.0,6.0,94.95,38.0,79.89,7,84,22.5,9.5,3,2,OFF,OFF,100,100,6.104,1.268,1,0,ON,ON,0.922,4.372,0,0,OFF,OFF,550,52,100,100,0,0.156,70,576,7.2,71,12.2,0,25.2,44,0,12.2,758,96,9.3,62.16466,378457,93,67,7.5,2,0,0.492,75,25.5,33.67,25.71,96,17.5,0.5642,9,44,0,31.4,0,0,0
2021-09-04,06:35:49,10.09,9.43,11.25,10.65,16.56,16.07,87,85,69,0,0,0,5.16,0.0,0.0,0.0,0.0,0.0,0.0,23.6,53,0,125,ON,OFF,ON,0,34.2,30,0,13492,OFF,OFF,29.4,29.5,8.36,29.4,10.12,9.0,6.0,94.95,38.0,79.89,7,84,22.5,10,3,2,OFF,OFF,100,100,6.104,1.268,1,0,ON,ON,0.922,4.372,0,0,OFF,OFF,550,52,100,100,0,0.156,70,576,7.2,71,12.2,0,25.2,44,0,12.2,758,96,9.3,62.16466,378457,93,67,7.5,2,0,0.492,75,25.5,33.67,25.71,96,17.5,0.5642,9,44,0,31.4,0,0,0
2021-09-04,06:36:19,10.09,9.43,11.25,10.65,16.56,16.07,87,85,69,0,0,0,5.16,0.0,0.0,0.0,0.0,0.0,0.0,23.6,53,0,125,ON,OFF,ON,0,34.2,30,0,13492,OFF,OFF,29.4,29.5,8.36,29.4,10.12,9.0,6.0,94.95,38.0,79.89,7,84,22.5,10,3,2,OFF,OFF,100,100,6.104,1.268,1,0,ON,ON,0.922,4.372,0,0,OFF,OFF,656,52,100,100,0,0.156,70,576,7.2,71,12.2,0,25.2,44,0,12.2,758,96,9.3,62.16466,378457,93,67,7.5,2,0,0.492,75,25.5,33.67,25.71,96,17.5,0.5642,9,44,0,31.4,0,0,0
2021-09-04,06:36:49,10.09,9.43,11.25,10.65,16.56,16.07,87,85,69,0,0,0,5.16,0.0,0.0,0.0,0.0,0.0,0.0,23.6,53,0,125,ON,OFF,ON,0,34.2,30,0,13492,OFF,OFF,29.4,29.5,8.36,29.4,10.12,9.0,6.0,94.95,38.0,79.89,7,84,22.5,10,3,2,OFF,OFF,100,100,6.104,1.268,1,0,ON,ON,0.922,4.372,0,0,OFF,OFF,656,52,100,100,0,0.156,70,576,7.2,71,12.2,0,25.2,44,0,12.2,758,96,9.3,62.16466,378457,93,67,7.5,2,0,0.492,75,25.5,33.67,25.71,96,17.5,0.5642,9,44,0,31.4,0,0,0
2021-09-04,06:37:19,10.09,9.43,11.25,10.65,16.56,16.07,87,85,69,0,0,0,5.16,0.0,0.0,0.0,0.0,0.0,0.0,23.6,53,0,125,ON,OFF,ON,0,34.2,30,0,13492,OFF,OFF,29.4,29.5,8.36,29.4,10.12,9.0,6.0,94.95,38.0,79.89,7,84,22.5,10,3,2,OFF,OFF,100,100,6.104,1.268,1,0,ON,ON,0.922,4.372,0,0,OFF,OFF,656,52,100,100,0,0.156,70,576,7.2,71,12.2,0,25.2,44,0,12.2,758,96,9.3,62.16466,378457,93,67,7.5,2,0,0.492,75,25.5,33.67,25.71,96,17.5,0.5642,9,44,0,31.4,0,0,0
2021-09-04,06:37:49,10.09,9.43,11.25,10.65,16.56,16.07,87,85,69,0,0,0,5.16,0.0,0.0,0.0,0.0,0.0,0.0,23.6,53,0,125,ON,OFF,ON,0,34.2,30,0,13492,OFF,OFF,29.4,29.5,8.36,29.4,10.12,9.0,6.0,94.95,38.0,79.89,7,84,22.5,9.5,3,2,OFF,OFF,100,100,6.104,1.268,1,0,ON,ON,0.922,4.372,0,0,OFF,OFF,656,52,100,100,0,0.156,70,576,7.2,71,12.2,0,25.2,44,0,12.2,758,96,9.3,62.16466,378457,93,67,7.5,2,0,0.492,75,25.5,33.67,25.71,96,17.5,0.5642,9,44,0,31.4,0,0,0
2021-09-04,06:38:36,10.09,9.43,11.25,10.65,16.56,16.07,87,85,69,0,0,0,5.16,0.0,0.0,0.0,0.0,0.0,0.0,23.6,53,0,125,ON,OFF,ON,0,34.2,30,0,13492,OFF,OFF,29.4,29.5,8.36,29.4,10.12,9.0,6.0,94.95,38.0,79.89,7,84,22.5,9.5,3,2,OFF,OFF,100,100,6.104,1.268,1,0,ON,ON,0.922,4.372,0,0,OFF,OFF,767,52,100,100,0,0.156,70,576,7.2,71,12.2,0,25.2,44,0,12.2,758,96,9.3,62.16466,378457,93,67,7.5,2,0,0.492,75,25.5,33.67,25.71,96,17.5,0.5642,9,44,0,31.4,0,0,0
2021-09-04,06:39:06,10.09,9.43,11.25,10.65,16.56,16.07,87,85,69,0,0,0,5.16,0.0,0.0,0.0,0.0,0.0,0.0,23.6,53,0,125,ON,OFF,ON,0,34.2,30,0,13492,OFF,OFF,29.4,29.5,8.36,29.4,10.12,9.0,6.0,94.95,38.0,79.89,7,84,22.5,9.5,3,2,OFF,OFF,100,100,6.104,1.268,1,0,ON,ON,0.922,4.372,0,0,OFF,OFF,767,52,100,100,0,0.156,70,576,7.2,71,12.2,0,25.2,44,0,12.2,758,96,9.3,62.16466,378457,93,67,7.5,2,0,0.492,75,25.5,33.67,25.71,96,17.5,0.5642,9,44,0,31.4,0,0,0
2021-09-04,06:39:36,10.09,9.43,11.25,10.65,16.56,16.07,87,85,69,0,0,0,5.16,0.0,0.0,0.0,0.0,0.0,0.0,23.6,53,0,125,ON,OFF,ON,0,34.2,30,0,13492,OFF,OFF,29.4,29.5,8.36,29.4,10.12,9.0,6.0,94.95,38.0,79.89,7,84,22.5,9.5,3,2,OFF,OFF,100,100,6.104,1.268,1,0,ON,ON,0.922,4.372,0,0,OFF,OFF,767,52,100,100,0,0.156,70,576,7.2,71,12.2,0,25.2,44,0,12.2,758,96,9.3,62.16466,378457,93,67,7.5,2,0,0.492,75,25.5,33.67,25.71,96,17.5,0.5642,9,44,0,31.4,0,0,0
2021-09-04,06:40:06,10.09,9.43,11.25,10.65,16.56,16.07,87,85,69,0,0,0,5.16,0.0,0.0,0.0,0.0,0.0,0.0,23.6,53,0,125,ON,OFF,ON,0,34.2,30,0,13492,OFF,OFF,29.4,29.5,8.36,29.4,10.12,9.0,6.0,94.95,38.0,79.89,7,85,22.5,9.5,3,2,OFF,OFF,100,100,6.104,1.268,1,0,ON,ON,0.922,4.372,0,0,OFF,OFF,767,52,100,100,0,0.156,70,576,7.2,71,12.2,0,25.2,44,0,12.2,758,96,9.3,62.16466,378457,93,67,7.5,2,0,0.492,75,25.5,33.67,25.71,96,17.5,0.5642,9,44,0,31.4,0,0,0
2021-09-04,06:40:36,10.09,9.43,11.25,10.65,16.56,16.07,87,85,69,0,0,0,5.16,0.0,0.0,0.0,0.0,0.0,0.0,23.6,53,0,125,ON,OFF,ON,0,34.2,30,0,13492,OFF,OFF,29.4,29.5,8.36,29.4,10.12,9.0,6.0,94.95,38.0,79.89,7,85,22.5,9.5,3,2,OFF,OFF,100,100,6.104,1.268,1,0,ON,ON,0.922,4.372,0,0,OFF,OFF,895,86,100,100,0,0.156,70,576,7.2,71,12.2,0,25.2,44,0,12.2,758,96,9.3,62.16466,378457,93,67,7.5,2,0,0.492,75,25.5,33.67,25.58,96,17.5,0.5642,9,44,0,31.4,0,0,0
2021-09-04,06:41:06,10.09,9.43,11.25,10.65,16.56,16.07,87,85,69,0,0,0,5.16,0.0,0.0,0.0,0.0,0.0,0.0,23.6,53,0,125,ON,OFF,ON,0,34.2,30,0,13492,OFF,OFF,29.4,29.5,8.36,29.4,10.12,9.0,6.0,94.95,38.0,79.89,7,85,22.5,9.5,3,2,OFF,OFF,100,100,6.104,1.268,1,0,ON,ON,0.922,4.372,0,0,OFF,OFF,895,86,100,100,0,0.156,70,576,7.2,71,12.2,0,25.2,44,0,12.2,758,96,9.3,62.16466,378457,93,67,7.5,2,0,0.492,75,25.5,33.67,25.58,96,17.5,0.5642,9,44,0,31.4,0,0,0
2021-09-04,06:41:36,10.09,9.43,11.25,10.65,16.56,16.07,87,85,69,0,0,0,5.16,0.0,0.0,0.0,0.0,0.0,0.0,23.6,53,0,125,ON,OFF,ON,0,34.2,30,0,13492,OFF,OFF,29.4,29.5,8.36,29.4,10.12,9.0,6.0,94.95,38.0,79.89,7,85,22.5,9.5,3,2,OFF,OFF,100,100,6.104,1.268,1,0,ON,ON,0.922,4.372,0,0,OFF,OFF,895,86,100,100,0,0.156,70,576,7.2,71,12.2,0,25.2,44,0,12.2,758,96,9.3,62.16466,378457,93,67,7.5,2,0,0.492,75,25.5,33.67,25.58,96,17.5,0.5642,9,44,0,31.4,0,0,0
2021-09-04,06:42:06,10.09,9.43,11.25,10.65,16.56,16.07,87,85,69,0,0,0,5.16,0.0,0.0,0.0,0.0,0.0,0.0,23.6,53,0,125,ON,OFF,ON,0,34.2,30,0,13492,OFF,OFF,29.4,29.5,8.36,29.4,10.12,9.0,6.0,94.95,38.0,79.89,7,85,22.5,9.5,3,2,OFF,OFF,100,100,6.104,1.268,1,0,ON,ON,0.922,4.372,0,0,OFF,OFF,895,86,100,100,0,0.156,70,576,7.2,71,12.2,0,25.2,44,0,12.2,758,96,9.3,62.16466,378457,93,67,7.5,2,0,0.492,75,25.5,33.67,25.58,96,17.5,0.5642,9,44,0,31.4,0,0,0
2021-09-04,06:42:36,10.09,9.43,11.25,10.65,16.56,16.07,87,85,69,0,0,0,5.16,0.0,0.0,0.0,0.0,0.0,0.0,23.6,53,0,125,ON,OFF,ON,0,34.2,30,0,13492,OFF,OFF,29.4,29.5,8.36,29.4,10.12,9.0,6.0,94.95,38.0,79.89,7,85,22.5,9.5,3,2,OFF,OFF,100,100,6.104,1.268,1,0,ON,ON,0.922,4.372,0,0,OFF,OFF,1039,86,100,100,0,0.156,70,576,7.2,71,12.2,0,25.2,44,0,12.2,758,96,9.3,62.16466,378457,93,67,7.5,2,0,0.492,75,25.5,33.67,25.58,96,17.5,0.5642,9,44,0,31.4,0,0,0
2021-09-04,06:43:06,10.09,9.43,11.25,10.65,16.56,16.07,87,85,69,0,0,0,5.16,0.0,0.0,0.0,0.0,0.0,0.0,23.6,53,0,125,ON,OFF,ON,0,34.2,30,0,13492,OFF,OFF,29.4,29.5,8.36,29.4,10.12,9.0,6.0,94.95,38.0,79.89,7,85,22.5,9.5,3,2,OFF,OFF,100,100,6.104,1.268,1,0,ON,ON,0.922,4.372,0,0,OFF,OFF,1039,86,100,100,0,0.156,70,576,7.2,71,12.2,0,25.2,44,0,12.2,758,96,9.3,62.16466,378457,93,67,7.5,2,0,0.492,75,25.5,33.67,25.58,96,17.5,0.5642,9,44,0,31.4,0,0,0
2021-09-04,06:43:36,10.09,9.43,11.25,10.65,16.56,16.07,87,85,69,0,0,0,5.16,0.0,0.0,0.0,0.0,0.0,0.0,23.6,53,0,125,ON,OFF,ON,0,34.2,30,0,13492,OFF,OFF,29.4,29.5,8.36,29.4,10.12,9.0,6.0,94.95,38.0,79.89,7,85,22.5,9.5,3,2,OFF,OFF,100,100,6.104,1.268,1,0,ON,ON,0.922,4.372,0,0,OFF,OFF,1039,86,100,100,0,0.156,70,576,7.2,71,12.2,0,25.2,44,0,12.2,758,96,9.3,62.16466,378457,93,67,7.5,2,0,0.492,75,25.5,33.67,25.58,96,17.5,0.5642,9,44,0,31.4,0,0,0
2021-09-04,06:44:06,10.09,9.43,11.25,10.65,16.56,16.07,87,85,69,0,0,0,5.16,0.0,0.0,0.0,0.0,0.0,0.0,23.6,53,0,125,ON,OFF,ON,0,34.2,30,0,13492,OFF,OFF,29.4,29.5,8.36,29.4,10.12,9.0,6.0,94.95,38.0,79.89,7,85,22.5,9.5,3,2,OFF,OFF,100,100,6.104,1.268,1,0,ON,ON,0.922,4.372,0,0,OFF,OFF,1039,86,100,100,0,0.156,70,576,7.2,71,12.2,0,25.2,44,0,12.2,758,96,9.3,62.16466,378457,93,67,7.5,2,0,0.492,75,25.5,33.67,25.58,96,17.5,0.5642,9,44,0,31.4,0,0,0
2021-09-04,06:44:36,10.09,9.43,11.25,10.65,16.56,16.07,87,85,69,0,0,0,5.16,0.0,0.0,0.0,0.0,0.0,0.0,23.6,53,0,125,ON,OFF,ON,0,34.2,30,0,13492,OFF,OFF,29.4,29.5,8.36,29.4,10.12,9.0,6.0,94.95,38.0,79.89,7,85,22.5,9.5,3,2,OFF,OFF,100,100,6.104,1.268,1,0,ON,ON,0.922,4.372,0,0,OFF,OFF,1039,86,100,100,0,0.156,70,576,7.2,71,12.2,0,25.2,44,0,12.2,758,96,9.3,62.16466,378457,93,67,7.5,2,0,0.492,75,25.5,33.67,25.58,96,17.5,0.5642,9,44,0,31.4,0,0,0
2021-09-04,06:45:06,10.09,9.43,11.25,10.65,16.56,16.07,87,85,69,0,0,0,5.16,0.0,0.0,0.0,0.0,0.0,0.0,23.6,53,0,125,ON,OFF,ON,0,34.2,30,0,13492,OFF,OFF,29.4,29.5,8.36,29.4,10.12,9.0,6.0,94.95,38.0,79.89,7,85,22.5,9.5,3,2,OFF,OFF,100,100,6.104,1.268,1,0,ON,ON,0.922,4.372,0,0,OFF,OFF,1039,86,100,100,0,0.156,70,576,7.2,71,12.2,0,25.2,44,0,12.2,758,96,9.3,62.16466,378457,93,67,7.5,2,0,0.492,75,25.5,33.67,25.58,96,17.5,0.5642,9,44,0,31.4,0,0,0
2021-09-04,06:45:36,10.09,9.43,11.25,10.65,16.56,16.07,87,85,69,0,0,0,5.16,0.0,0.0,0.0,0.0,0.0,0.0,23.6,53,0,125,ON,OFF,ON,0,34.2,30,0,13492,OFF,OFF,29.4,29.5,8.36,29.4,10.12,9.0,6.0,94.95,38.0,79.89,7,85,22.5,9.5,3,2,OFF,OFF,100,100,6.104,1.268,1,0,ON,ON,0.922,4.372,0,0,OFF,OFF,1039,86,100,100,0,0.156,70,576,7.2,73,12.2,0,25.2,44,0,12.2,758,96,9.3,62.16466,378457,93,67,7.5,2,0,0.492,75,25.5,33.67,25.58,96,17.5,0.5642,9,44,0,31.4,0,0,0
2021-09-04,06:46:06,10.09,9.43,11.25,10.65,16.56,16.07,87,85,69,0,0,0,5.16,0.0,0.0,0.0,0.0,0.0,0.0,23.6,53,0,125,ON,OFF,ON,0,34.2,30,0,13492,OFF,OFF,29.4,29.5,8.36,29.4,10.12,9.0,6.0,94.95,38.0,79.89,8,84,22.5,9.5,3,2,OFF,OFF,100,100,6.104,1.268,1,0,ON,ON,0.922,4.372,0,0,OFF,OFF,1039,86,100,100,0,0.156,70,576,7.2,73,12.2,0,25.2,44,0,12.2,758,96,9.3,62.16466,378457,93,67,7.5,2,0,0.492,75,25.5,33.67,25.58,96,17.5,0.5642,9,44,0,31.4,0,0,0
2021-09-04,06:46:36,10.09,9.43,11.25,10.65,16.56,16.07,87,85,69,0,0,0,5.16,0.0,0.0,0.0,0.0,0.0,0.0,23.6,53,0,125,ON,OFF,ON,0,34.2,30,0,13492,OFF,OFF,29.4,29.5,8.36,29.4,10.12,9.0,6.0,94.95,38.0,79.89,8,84,22.5,9.5,3,2,OFF,OFF,100,100,6.104,1.268,1,0,ON,ON,0.922,4.372,0,0,OFF,OFF,1039,86,100,100,0,0.156,70,576,7.2,73,12.2,0,25.2,44,0,12.2,758,96,9.3,62.16466,378457,93,67,7.5,2,0,0.492,75,25.5,33.67,25.58,96,17.5,0.5642,9,44,0,31.4,0,0,0
2021-09-04,06:47:06,10.09,9.43,11.25,10.65,16.56,16.07,87,85,69,0,0,0,5.16,0.0,0.0,0.0,0.0,0.0,0.0,23.6,53,0,125,ON,OFF,ON,0,34.2,30,0,13492,OFF,OFF,29.4,29.5,8.36,29.4,10.12,9.0,6.0,94.95,38.0,79.89,8,84,22.5,9.5,3,2,OFF,OFF,100,100,6.105,1.268,1,0,ON,ON,0.922,4.372,0,0,OFF,OFF,1039,86,100,100,0,0.156,70,576,7.2,73,12.2,0,25.2,44,0,12.2,758,96,9.3,62.16466,378457,93,67,7.5,2,0,0.492,75,25.5,33.67,25.58,96,17.5,0.5642,9,44,0,31.4,0,0,0
2021-09-04,06:47:36,10.09,9.43,11.25,10.65,16.56,16.07,87,85,69,0,0,0,5.16,0.0,0.0,0.0,0.0,0.0,0.0,23.6,53,0,125,ON,OFF,ON,0,34.2,30,0,13492,OFF,OFF,29.4,29.5,8.36,29.4,10.12,9.0,6.0,94.95,38.0,79.89,8,84,22.5,9.5,3,2,OFF,OFF,100,100,6.105,1.268,1,0,ON,ON,0.922,4.372,0,0,OFF,OFF,1039,136,100,100,0,0.156,70,576,7.2,73,12.2,0,25.2,44,0,12.2,758,96,9.3,62.16466,378457,93,67,7.5,2,0,0.492,75,25.5,33.67,25.58,96,17.5,0.5642,9,44,0,31.4,0,0,0
2021-09-04,06:48:06,10.09,9.43,11.25,10.65,16.56,16.07,87,85,69,0,0,0,5.16,0.0,0.0,0.0,0.0,0.0,0.0,23.6,53,0,125,ON,OFF,ON,0,34.2,30,0,13492,OFF,OFF,29.4,29.5,8.36,29.4,10.12,9.0,6.0,94.95,38.0,79.89,8,84,22.5,9.5,3,2,OFF,OFF,100,100,6.105,1.268,1,0,ON,ON,0.922,4.372,0,0,OFF,OFF,1039,136,100,100,0,0.156,70,576,7.2,73,12.2,0,25.2,44,0,12.2,758,96,9.3,62.16466,378457,93,67,7.5,2,0,0.492,75,25.5,33.67,25.58,96,17.5,0.5642,9,44,0,31.4,0,0,0
2021-09-04,06:48:36,10.09,9.43,11.25,10.65,16.56,16.07,87,85,69,0,0,0,5.16,0.0,0.0,0.0,0.0,0.0,0.0,23.6,53,0,125,ON,OFF,ON,0,34.2,30,0,13492,OFF,OFF,29.4,29.5,8.36,29.4,10.12,9.0,6.0,94.95,38.0,79.89,8,84,22.5,9.5,3,2,OFF,OFF,100,100,6.105,1.268,1,0,ON,ON,0.922,4.372,0,0,OFF,OFF,1039,136,100,100,0,0.156,70,576,7.2,73,12.2,0,25.2,44,0,12.2,758,96,9.3,62.16466,378457,93,67,7.5,2,0,0.492,75,25.5,33.67,25.58,96,17.5,0.5642,9,44,0,31.4,0,0,0
2021-09-04,06:49:06,10.09,9.43,11.25,10.65,16.56,16.07,87,85,69,0,0,0,5.16,0.0,0.0,0.0,0.0,0.0,0.0,23.6,53,0,125,ON,OFF,ON,0,34.2,30,0,13492,OFF,OFF,29.4,29.5,8.36,29.4,10.12,9.0,6.0,94.95,38.0,79.89,8,84,22.5,9.5,3,2,OFF,OFF,100,100,6.105,1.268,1,0,ON,ON,0.922,4.372,0,0,OFF,OFF,1039,136,100,100,0,0.156,70,576,7.2,73,12.2,0,25.2,44,0,12.2,758,96,9.3,62.16466,378457,93,67,7.5,2,0,0.492,75,25.5,33.67,25.58,96,17.5,0.5642,9,44,0,31.4,0,0,0
2021-09-04,06:49:36,10.09,9.43,11.25,10.65,16.56,16.07,87,85,69,0,0,0,5.16,0.0,0.0,0.0,0.0,0.0,0.0,23.6,53,0,125,ON,OFF,ON,0,34.2,30,0,13492,OFF,OFF,29.4,29.5,8.36,29.4,10.12,9.0,6.0,94.95,38.0,79.89,8,84,22.5,9.5,3,2,OFF,OFF,100,100,6.105,1.268,1,0,ON,ON,0.922,4.372,0,0,OFF,OFF,1039,136,100,100,0,0.156,70,576,7.2,73,12.2,0,25.2,44,0,12.2,758,96,9.3,62.16466,378457,93,67,7.5,2,0,0.492,75,25.5,33.67,25.58,96,17.5,0.5642,9,44,0,31.4,0,0,0
2021-09-04,06:50:06,10.09,9.43,11.25,10.65,16.56,16.07,87,85,69,0,0,0,5.16,0.0,0.0,0.0,0.0,0.0,0.0,23.6,53,0,125,ON,OFF,ON,0,34.2,30,0,13492,OFF,OFF,29.4,29.5,8.36,29.4,10.12,9.0,6.0,94.95,38.0,79.89,8,84,22.5,9.5,3,2,OFF,OFF,100,100,6.105,1.268,1,0,ON,ON,0.922,4.372,0,0,OFF,OFF,1039,136,100,100,0,0.156,70,576,7.2,73,12.2,0,25.2,44,0,12.2,758,96,9.3,62.16466,378457,93,67,7.5,2,0,0.492,75,25.5,33.67,25.58,96,17.5,0.5642,9,44,0,31.4,0,0,0
2021-09-04,06:50:36,10.09,9.43,11.25,10.65,16.56,16.07,87,85,69,0,0,0,5.16,0.0,0.0,0.0,0.0,0.0,0.0,23.6,53,0,125,ON,OFF,ON,0,34.2,30,0,13492,OFF,OFF,29.4,29.5,8.36,29.4,10.12,9.0,6.0,94.95,38.0,79.89,8,84,22.5,9.5,3,2,OFF,OFF,100,100,6.105,1.268,1,0,ON,ON,0.922,4.372,0,0,OFF,OFF,1039,136,100,100,0,0.156,70,576,7.2,73,12.2,0,25.2,44,0,12.2,758,96,9.3,62.16466,378457,93,67,7.5,2,0,0.492,75,25.5,33.67,25.58,96,17.5,0.5642,9,44,0,31.4,0,0,0
2021-09-04,06:51:06,10.09,9.43,11.25,10.65,16.56,16.07,87,85,69,0,0,0,5.16,0.0,0.0,0.0,0.0,0.0,0.0,23.6,53,0,125,ON,OFF,ON,0,34.2,30,0,13492,OFF,OFF,29.4,29.5,8.36,29.4,10.12,9.0,6.0,94.95,38.0,79.89,8,84,22.5,9.5,3,2,OFF,OFF,100,100,6.105,1.268,1,0,ON,ON,0.922,4.372,0,0,OFF,OFF,1039,136,100,100,0,0.156,70,576,7.2,73,12.2,0,25.2,44,0,12.2,758,96,9.3,62.16466,378457,93,67,7.5,2,0,0.492,75,25.5,33.67,25.58,96,17.5,0.5642,9,44,0,31.4,0,0,0
2021-09-04,06:51:36,10.09,9.43,11.25,10.65,16.56,16.07,87,85,69,0,0,0,5.16,0.0,0.0,0.0,0.0,0.0,0.0,23.6,53,0,125,ON,OFF,ON,0,34.2,30,0,13492,OFF,OFF,29.4,29.5,8.36,29.4,10.12,9.0,6.0,94.95,38.0,79.89,8,84,22.5,9.5,3,2,OFF,OFF,100,100,6.105,1.268,1,0,ON,ON,0.922,4.372,0,0,OFF,OFF,1039,136,100,100,0,0.156,70,576,7.2,73,12.2,0,25.2,44,0,12.2,758,96,9.3,62.16466,378457,93,67,7.5,2,0,0.492,75,25.5,33.67,25.58,96,17.5,0.5642,9,44,0,31.4,0,0,0
2021-09-04,06:52:06,10.09,9.43,11.25,10.65,16.56,16.07,87,85,69,0,0,0,5.16,0.0,0.0,0.0,0.0,0.0,0.0,23.6,53,0,125,ON,OFF,ON,0,34.2,30,0,13492,OFF,OFF,29.4,29.5,8.36,29.4,10.12,9.0,6.0,94.95,38.0,79.89,8,84,22.5,9.5,3,2,OFF,OFF,100,100,6.105,1.268,1,0,ON,ON,0.922,4.372,0,0,OFF,OFF,1039,136,100,100,0,0.156,70,576,7.2,73,12.2,0,25.2,44,0,12.2,758,96,9.3,62.16466,378457,93,67,7.5,2,0,0.492,75,25.22,33.67,25.58,96,17.5,0.5642,9,44,0,31.4,0,0,0
2021-09-04,06:52:36,10.09,9.43,11.25,10.65,16.56,16.07,87,85,69,0,0,0,5.16,0.0,0.0,0.0,0.0,0.0,0.0,23.6,53,0,125,ON,OFF,ON,0,34.2,30,0,13492,OFF,OFF,29.4,29.5,8.36,29.4,10.12,9.0,6.0,94.95,38.0,79.89,8,84,22.5,9.5,3,2,OFF,OFF,100,100,6.105,1.268,1,0,ON,ON,0.922,4.372,0,0,OFF,OFF,1039,136,100,100,0,0.156,70,576,7.2,73,12.2,0,25.2,44,0,12.2,758,96,9.3,62.16466,378457,93,67,7.5,2,0,0.492,75,25.22,33.67,25.58,96,17.5,0.5642,9,44,0,31.4,0,0,0
2021-09-04,06:53:06,10.09,9.43,11.25,10.65,16.56,16.07,87,85,69,0,0,0,5.16,0.0,0.0,0.0,0.0,0.0,0.0,23.6,53,0,125,ON,OFF,ON,0,34.2,30,0,13492,OFF,OFF,29.4,29.5,8.36,29.4,10.12,9.0,6.0,94.95,38.0,79.89,8,84,22.5,9.5,3,2,OFF,OFF,100,100,6.105,1.268,1,0,ON,ON,0.922,4.372,0,0,OFF,OFF,1039,177,100,100,0,0.156,70,576,7.2,73,12.2,0,25.2,44,0,12.2,758,96,9.3,62.16466,378457,93,67,7.5,2,0,0.492,75,25.22,33.67,25.58,96,17.5,0.5642,9,44,0,31.4,0,0,0
2021-09-04,06:53:52,10.09,9.43,11.25,10.65,16.56,16.07,87,85,69,0,0,0,5.16,0.0,0.0,0.0,0.0,0.0,0.0,23.6,53,0,125,ON,OFF,ON,0,34.2,30,0,13492,OFF,OFF,29.4,29.5,8.36,29.4,10.12,9.0,6.0,94.95,38.0,79.89,8,84,22.5,9.5,3,2,OFF,OFF,100,100,6.105,1.268,1,0,ON,ON,0.922,4.372,0,0,OFF,OFF,1039,177,100,100,0,0.156,70,576,7.2,73,12.2,0,25.2,44,0,12.2,758,96,9.3,62.16466,378457,93,67,7.5,2,0,0.492,75,25.22,33.67,25.58,96,17.5,0.5642,9,44,0,31.4,0,0,0
2021-09-04,06:54:22,10.09,9.43,11.25,10.65,16.56,16.07,87,85,69,0,0,0,5.16,0.0,0.0,0.0,0.0,0.0,0.0,23.6,53,0,125,ON,OFF,ON,0,34.2,30,0,13492,OFF,OFF,29.4,29.5,8.36,29.4,10.12,9.0,6.0,94.95,38.0,79.89,8,84,22.5,9.5,3,2,OFF,OFF,100,100,6.105,1.268,1,0,ON,ON,0.922,4.372,0,0,OFF,OFF,2048,177,100,100,0,0.156,70,576,7.2,73,12.2,0,25.2,44,0,12.2,758,96,9.3,62.16466,378457,93,67,7.5,2,0,0.492,75,25.22,33.67,25.58,96,17.5,0.5642,9,44,0,31.4,0,0,0
2021-09-04,06:54:52,10.09,9.43,11.25,10.65,16.56,16.07,87,85,69,0,0,0,5.16,0.0,0.0,0.0,0.0,0.0,0.0,23.6,53,0,125,ON,OFF,ON,0,34.2,30,0,13492,OFF,OFF,29.4,29.5,8.36,29.4,10.12,9.0,6.0,94.95,38.0,79.89,8,84,22.5,9.5,3,2,OFF,OFF,100,100,6.105,1.268,1,0,ON,ON,0.922,4.372,0,0,OFF,OFF,2048,177,100,100,0,0.156,70,576,7.2,73,12.2,0,25.2,44,0,12.2,758,96,9.3,62.16466,378457,93,67,7.5,2,0,0.492,75,25.22,33.67,25.58,96,17.5,0.5642,9,44,0,31.4,0,0,0
2021-09-04,06:55:22,10.09,9.43,11.25,10.65,16.56,16.07,87,85,69,0,0,0,5.16,0.0,0.0,0.0,0.0,0.0,0.0,23.6,53,0,125,ON,OFF,ON,0,34.2,30,0,13492,OFF,OFF,29.4,29.5,8.36,29.4,10.12,9.0,6.0,94.95,38.0,79.89,8,84,22.5,9.5,3,2,OFF,OFF,100,100,6.105,1.268,1,0,ON,ON,0.922,4.372,0,0,OFF,OFF,2048,177,100,100,0,0.156,70,576,7.2,73,12.2,0,25.2,44,0,12.2,758,96,9.3,62.16466,378457,93,67,7.5,2,0,0.492,75,25.22,33.67,25.58,96,17.5,0.5642,9,44,0,31.4,0,0,0
2021-09-04,06:55:52,10.09,9.43,11.25,10.65,16.56,16.07,87,85,69,0,0,0,5.16,0.0,0.0,0.0,0.0,0.0,0.0,23.6,53,0,125,ON,OFF,ON,0,34.2,30,0,13492,OFF,OFF,29.4,29.5,8.36,29.4,10.12,9.0,6.0,94.95,38.0,79.89,8,84,22.5,9.5,3,2,OFF,OFF,100,100,6.105,1.268,1,0,ON,ON,0.922,4.372,0,0,OFF,OFF,2048,177,100,100,0,0.156,70,576,7.2,73,12.2,0,25.2,44,0,12.2,758,96,9.3,62.16466,378457,93,67,7.5,2,0,0.492,75,25.22,33.67,25.58,96,17.5,0.5642,9,44,0,31.4,0,0,0
2021-09-04,06:56:22,10.09,9.43,11.25,10.65,16.56,16.07,87,85,69,0,0,0,5.16,0.0,0.0,0.0,0.0,0.0,0.0,23.6,53,0,125,ON,OFF,ON,0,34.2,30,0,13492,OFF,OFF,29.4,29.5,8.36,29.4,10.12,9.0,6.0,94.95,38.0,79.89,8,84,22.5,9.5,3,2,OFF,OFF,100,100,6.105,1.268,1,0,ON,ON,0.922,4.372,0,0,OFF,OFF,2048,177,100,100,0,0.156,70,576,7.2,73,12.2,0,25.2,44,0,12.2,758,96,9.3,62.16466,378457,93,67,7.5,2,0,0.492,75,25.22,33.67,25.58,96,17.5,0.5642,9,44,0,31.4,0,0,0
2021-09-04,06:56:52,10.09,9.43,11.25,10.65,16.56,16.07,87,85,69,0,0,0,5.16,0.0,0.0,0.0,0.0,0.0,0.0,23.6,53,0,125,ON,OFF,ON,0,34.2,30,0,13492,OFF,OFF,29.4,29.5,8.36,29.4,10.12,9.0,6.0,94.95,38.0,79.89,8,84,22.5,9.5,3,2,OFF,OFF,100,100,6.105,1.268,1,0,ON,ON,0.922,4.372,0,0,OFF,OFF,2048,177,100,100,0,0.156,70,576,7.2,73,12.2,0,25.2,44,0,12.2,758,96,9.3,62.16466,378457,93,67,7.5,2,0,0.492,75,25.22,33.67,25.58,96,17.5,0.5642,9,44,0,31.4,0,0,0
2021-09-04,06:57:22,10.09,9.43,11.25,10.65,16.56,16.07,87,85,69,0,0,0,5.16,0.0,0.0,0.0,0.0,0.0,0.0,23.6,53,0,125,ON,OFF,ON,0,34.2,30,0,13492,OFF,OFF,29.4,29.5,8.36,29.4,10.12,9.0,6.0,94.95,38.0,79.89,8,84,22.5,9.5,3,2,OFF,OFF,100,100,6.105,1.268,1,0,ON,ON,0.922,4.372,0,0,OFF,OFF,2048,177,100,100,0,0.156,70,576,7.2,73,12.2,0,25.2,44,0,12.2,758,96,9.3,62.16466,378457,93,67,7.5,2,0,0.492,75,25.22,33.67,25.58,96,17.5,0.5642,9,44,0,31.4,0,0,0
2021-09-04,06:57:52,10.09,9.43,11.25,10.65,16.56,16.07,87,85,69,0,0,0,5.16,0.0,0.0,0.0,0.0,0.0,0.0,23.6,53,0,125,ON,OFF,ON,0,34.2,30,0,13492,OFF,OFF,29.4,29.5,8.36,29.4,10.12,9.0,6.0,94.95,38.0,79.89,8,84,22.5,9.5,3,2,OFF,OFF,100,100,6.105,1.268,1,0,ON,ON,0.922,4.372,0,0,OFF,OFF,2048,177,100,100,0,0.156,70,576,7.2,71,12.1,0,24.8,44,0,11.8,758,96,9.3,62.16466,378457,93,67,7.5,2,0,0.492,75,25.22,33.67,25.58,96,17.5,0.5642,9,44,0,31.4,0,0,0
2021-09-04,06:58:22,10.09,9.43,11.25,10.65,16.56,16.07,87,85,69,0,0,0,5.16,0.0,0.0,0.0,0.0,0.0,0.0,23.6,53,0,125,ON,OFF,ON,0,34.2,30,0,13492,OFF,OFF,29.4,29.5,8.36,29.4,10.12,9.0,6.0,94.95,38.0,79.89,8,84,22.5,9.5,3,2,OFF,OFF,100,100,6.105,1.268,1,0,ON,ON,0.922,4.372,0,0,OFF,OFF,2048,177,100,100,0,0.156,70,576,7.2,71,12.1,0,24.8,44,0,11.8,758,96,9.3,62.16466,378457,93,67,7.5,2,0,0.492,75,25.22,33.67,25.58,96,17.5,0.5642,9,44,0,31.4,0,0,0
2021-09-04,06:58:52,10.09,9.43,11.25,10.65,16.56,16.07,87,85,69,0,0,0,5.16,0.0,0.0,0.0,0.0,0.0,0.0,23.6,53,0,125,ON,OFF,ON,0,34.2,30,0,13492,OFF,OFF,29.4,29.5,8.36,29.4,10.12,9.0,6.0,94.95,38.0,79.89,8,84,22.5,9.5,3,2,OFF,OFF,100,100,6.105,1.268,1,0,ON,ON,0.922,4.372,0,0,OFF,OFF,2048,177,100,100,0,0.156,70,576,7.2,71,12.1,0,24.8,44,0,11.8,657,96,9.3,62.16466,378457,93,67,7.5,2,0,0.492,75,25.22,33.67,25.58,96,17.5,0.5642,9,44,0,31.4,0,0,0
2021-09-04,06:59:22,10.09,9.43,11.25,10.65,16.56,16.07,87,85,69,0,0,0,5.16,0.0,0.0,0.0,0.0,0.0,0.0,23.6,53,0,125,ON,OFF,ON,0,34.2,30,0,13492,OFF,OFF,29.4,29.5,8.36,29.4,10.12,9.0,6.0,94.95,38.0,79.89,8,84,22.5,9.5,3,2,OFF,OFF,100,100,6.105,1.268,1,0,ON,ON,0.922,4.372,0,0,OFF,OFF,2048,177,100,100,0,0.156,70,576,7.2,71,12.1,0,24.8,44,0,11.8,657,96,9.3,62.16466,378457,93,67,7.5,2,0,0.492,75,25.22,33.67,25.58,96,17.5,0.5642,9,44,0,31.4,0,0,0
2021-09-04,06:59:52,10.09,9.43,11.25,10.65,16.56,16.07,87,85,69,0,0,0,5.16,0.0,0.0,0.0,0.0,0.0,0.0,23.6,53,0,125,ON,OFF,ON,0,34.2,30,0,13492,OFF,OFF,29.4,29.5,8.36,29.4,10.12,9.0,6.0,94.95,38.0,79.89,8,84,22.5,9.5,3,2,OFF,OFF,100,100,6.105,1.268,1,0,ON,ON,0.922,4.372,0,0,OFF,OFF,2048,241,100,100,0,0.156,70,576,7.2,71,12.1,0,24.8,44,0,11.8,657,96,9.3,62.16466,378457,93,67,7.5,2,0,0.492,75,25.22,33.67,25.58,96,17.5,0.5642,9,44,0,31.4,0,0,0
2021-09-04,07:00:22,10.09,9.43,11.25,10.65,16.56,16.07,87,85,69,0,0,0,5.16,0.0,0.0,0.0,0.0,0.0,0.0,23.6,53,0,125,ON,OFF,ON,0,34.2,30,0,13492,OFF,OFF,29.4,29.5,8.36,29.4,10.12,9.0,6.0,94.95,38.0,79.89,8,84,22.5,9.5,3,2,OFF,OFF,100,100,6.105,1.268,1,0,ON,ON,0.922,4.372,0,0,OFF,OFF,2048,241,100,100,0,0.156,70,576,7.2,71,12.1,0,24.8,44,0,11.8,657,96,9.3,62.16466,378457,93,67,7.5,2,0,0.492,75,25.22,33.67,25.58,96,17.5,0.5642,9,44,0,31.4,0,0,0
2021-09-04,07:00:52,10.09,9.43,11.25,10.65,16.56,16.07,87,85,69,0,0,0,5.16,0.0,0.0,0.0,0.0,0.0,0.0,23.6,53,0,125,ON,OFF,ON,0,34.2,30,0,13492,OFF,OFF,29.4,29.5,8.36,29.4,10.12,9.0,6.0,94.95,38.0,79.89,8,84,22.5,9.5,3,2,OFF,OFF,100,100,6.105,1.268,1,0,ON,ON,0.922,4.372,0,0,OFF,OFF,2048,241,100,100,0,0.156,70,576,7.2,71,12.1,0,24.8,44,0,11.8,657,96,9.3,62.16466,378457,93,67,7.5,2,0,0.492,75,25.22,33.67,25.58,96,17.5,0.5642,9,44,0,31.4,0,0,0
2021-09-04,07:01:22,10.09,9.43,11.25,10.65,16.56,16.07,87,85,69,0,0,0,5.16,0.0,0.0,0.0,0.0,0.0,0.0,23.6,53,0,125,ON,OFF,ON,0,34.2,30,0,13492,OFF,OFF,29.4,29.5,8.36,29.4,10.12,9.0,6.0,94.95,38.0,79.89,8,84,22.5,9.5,3,2,OFF,OFF,100,100,6.105,1.268,1,0,ON,ON,0.922,4.372,0,0,OFF,OFF,2048,241,100,100,0,0.156,70,576,7.2,71,12.1,0,24.8,44,0,11.8,657,96,9.3,62.16466,378457,93,67,7.5,2,0,0.492,75,25.22,33.67,25.58,96,17.5,0.5642,9,44,0,31.4,0,0,0
2021-09-04,07:01:52,10.09,9.43,11.25,10.65,16.56,16.07,87,85,69,0,0,0,5.16,0.0,0.0,0.0,0.0,0.0,0.0,23.6,53,0,125,ON,OFF,ON,0,34.2,30,0,13492,OFF,OFF,29.4,29.5,8.36,29.4,10.12,9.0,6.0,94.95,38.0,79.89,8,84,22.5,10,3,2,OFF,OFF,100,100,6.105,1.268,1,0,ON,ON,0.922,4.372,0,0,OFF,OFF,2048,241,100,100,0,0.156,70,576,7.2,71,12.1,0,24.8,44,0,11.8,657,96,9.3,62.16466,378457,93,67,7.5,2,0,0.492,75,25.22,33.67,25.58,96,17.5,0.5642,9,44,0,31.4,0,0,0
2021-09-04,07:02:22,10.09,9.43,11.25,10.65,16.56,16.07,87,85,69,0,0,0,5.16,0.0,0.0,0.0,0.0,0.0,0.0,23.6,53,0,125,ON,OFF,ON,0,34.2,30,0,13492,OFF,OFF,29.4,29.5,8.36,29.4,10.12,9.0,6.0,94.95,38.0,79.89,8,84,22.5,10,3,2,OFF,OFF,100,100,6.105,1.268,1,0,ON,ON,0.922,4.372,0,0,OFF,OFF,3105,241,100,100,0,0.156,70,576,7.2,71,12.1,0,24.8,44,0,11.8,657,96,9.3,62.16466,378457,93,67,7.5,2,0,0.492,75,25.22,33.67,25.58,96,17.5,0.5642,9,44,0,31.4,0,0,0
2021-09-04,07:02:52,10.09,9.43,11.25,10.65,16.56,16.07,87,85,69,0,0,0,5.16,0.0,0.0,0.0,0.0,0.0,0.0,23.6,53,0,125,ON,OFF,ON,0,34.2,30,0,13492,OFF,OFF,29.4,29.5,8.36,29.4,10.12,9.0,6.0,94.95,38.0,79.89,8,84,22.5,10,3,2,OFF,OFF,100,100,6.105,1.268,1,0,ON,ON,0.922,4.372,0,0,OFF,OFF,3135,241,100,100,0,0.156,70,576,7.2,71,12.1,0,24.7,44,0,11.8,657,96,9.3,62.16466,378457,93,67,7.5,2,0,0.492,75,25.22,33.67,25.58,96,17.5,0.5642,9,44,0,31.4,0,0,0
2021-09-04,07:03:22,10.09,9.43,11.25,10.65,16.56,16.07,87,85,69,0,0,0,5.16,0.0,0.0,0.0,0.0,0.0,0.0,23.6,53,0,125,ON,OFF,ON,0,34.2,30,0,13492,OFF,OFF,29.4,29.5,8.36,29.4,10.12,9.0,6.0,94.95,38.0,79.89,8,84,22.5,10,3,2,OFF,OFF,100,100,6.105,1.268,1,0,ON,ON,0.922,4.372,0,0,OFF,OFF,3135,241,100,100,0,0.156,70,576,7.2,71,12.1,0,24.7,44,0,11.8,657,96,9.3,62.16466,378457,93,67,7.5,2,0,0.492,75,25.22,33.67,25.58,96,17.5,0.5642,9,44,0,31.4,0,0,0
2021-09-04,07:03:52,10.09,9.43,11.25,10.65,16.56,16.07,87,85,69,0,0,0,5.16,0.0,0.0,0.0,0.0,0.0,0.0,23.6,53,0,125,ON,OFF,ON,0,34.2,30,0,13492,OFF,OFF,29.4,29.5,8.36,29.4,10.12,9.0,6.0,94.95,38.0,79.89,8,84,22.5,10,3,2,OFF,OFF,100,100,6.105,1.268,1,0,ON,ON,0.922,4.372,0,0,OFF,OFF,3135,241,100,100,0,0.156,70,576,7.2,71,12.1,0,24.7,44,0,11.8,657,96,9.3,62.16466,378457,93,67,7.5,2,0,0.492,75,25.22,33.67,25.58,96,17.5,0.5642,9,44,0,31.4,0,0,0
2021-09-04,07:04:22,10.09,9.43,11.25,10.65,16.56,16.07,87,85,69,0,0,0,5.16,0.0,0.0,0.0,0.0,0.0,0.0,23.6,53,0,125,ON,OFF,ON,0,34.2,30,0,13492,OFF,OFF,29.4,29.5,8.36,29.4,10.12,9.0,6.0,94.95,38.0,79.89,8,84,22.5,10,3,2,OFF,OFF,100,100,6.105,1.268,1,0,ON,ON,0.922,4.372,0,0,OFF,OFF,3135,241,100,100,0,0.156,70,576,7.2,71,12.1,0,24.7,44,0,11.8,657,96,9.3,62.16466,378457,93,67,7.5,2,0,0.492,75,25.22,32.65,25.58,96,17.5,0.5642,9,44,0,31.4,0,0,0
2021-09-04,07:04:52,10.09,9.43,11.25,10.65,16.56,16.07,87,85,69,0,0,0,5.16,0.0,0.0,0.0,0.0,0.0,0.0,23.6,53,0,125,ON,OFF,ON,0,34.2,30,0,13492,OFF,OFF,29.4,29.5,8.36,29.4,10.12,9.0,6.0,94.95,38.0,79.89,8,84,22.5,10,3,2,OFF,OFF,100,100,6.105,1.268,1,0,ON,ON,0.922,4.372,0,0,OFF,OFF,3135,241,100,100,0,0.156,70,576,7.2,71,12.1,0,24.7,44,0,11.8,657,96,9.3,62.16466,378457,93,67,7.5,2,0,0.492,75,25.22,32.65,25.58,96,17.5,0.5642,9,44,0,31.4,0,0,0
2021-09-04,07:05:22,10.09,9.43,11.25,10.65,16.56,16.07,87,85,69,0,0,0,5.16,0.0,0.0,0.0,0.0,0.0,0.0,23.6,53,0,125,ON,OFF,ON,0,34.2,30,0,13492,OFF,OFF,29.4,29.5,8.36,29.4,10.12,9.0,6.0,94.95,38.0,79.89,8,84,22.5,10,3,2,OFF,OFF,100,100,6.105,1.268,1,0,ON,ON,0.922,4.372,0,0,OFF,OFF,3135,241,100,100,0,0.156,70,576,7.2,71,12.1,0,24.7,44,0,11.8,657,96,9.3,62.16466,378457,93,67,7.5,2,0,0.492,75,25.22,32.65,25.58,96,17.5,0.5642,9,44,0,31.4,0,0,0
2021-09-04,07:05:52,10.09,9.43,11.25,10.65,16.56,16.07,87,85,69,0,0,0,5.16,0.0,0.0,0.0,0.0,0.0,0.0,23.6,53,0,125,ON,OFF,ON,0,34.2,30,0,13492,OFF,OFF,29.4,29.5,8.36,29.4,10.12,9.0,6.0,94.95,38.0,79.89,8,84,22.5,10,3,2,OFF,OFF,100,100,6.105,1.268,1,0,ON,ON,0.922,4.372,0,0,OFF,OFF,4195,241,100,100,0,0.156,70,576,7.2,71,12.1,0,24.7,44,0,11.8,657,96,9.3,62.16466,378457,93,67,7.5,2,0,0.492,75,25.22,32.65,25.58,96,17.5,0.5642,9,44,0,31.4,0,0,0
2021-09-04,07:06:22,10.09,9.43,11.25,10.65,16.56,16.07,87,85,69,0,0,0,5.16,0.0,0.0,0.0,0.0,0.0,0.0,23.6,53,0,125,ON,OFF,ON,0,34.2,30,0,13492,OFF,OFF,29.4,29.5,8.36,29.4,10.12,9.0,6.0,94.95,38.0,79.89,8,84,22.5,10,3,2,OFF,OFF,100,100,6.105,1.268,1,0,ON,ON,0.922,4.372,0,0,OFF,OFF,4195,241,100,100,0,0.156,70,576,7.2,71,12.1,0,24.7,44,0,11.8,657,96,9.3,62.16466,378457,93,67,7.5,2,0,0.492,75,25.22,32.65,25.58,96,17.5,0.5642,9,44,0,31.4,0,0,0
2021-09-04,07:06:52,10.09,9.43,11.25,10.65,16.56,16.07,87,85,69,0,0,0,5.16,0.0,0.0,0.0,0.0,0.0,0.0,23.6,53,0,125,ON,OFF,ON,0,34.2,30,0,13492,OFF,OFF,29.4,29.5,8.36,29.4,10.12,9.0,6.0,94.95,38.0,79.89,8,84,22.5,10,3,2,OFF,OFF,100,100,6.105,1.268,1,0,ON,ON,0.922,4.372,0,0,OFF,OFF,4195,241,100,100,0,0.156,70,576,7.2,71,12.1,0,24.7,44,0,11.8,657,96,9.3,62.16466,378457,93,67,7.5,2,0,0.492,75,25.22,32.65,25.58,96,17.5,0.5642,9,44,0,31.4,0,0,0
2021-09-04,07:07:22,10.09,9.43,11.25,10.65,16.56,16.07,87,85,69,0,0,0,5.16,0.0,0.0,0.0,0.0,0.0,0.0,23.6,53,0,125,ON,OFF,ON,0,34.2,30,0,13492,OFF,OFF,29.4,29.5,8.36,29.4,10.12,9.0,6.0,94.95,38.0,79.89,8,84,22.5,10,3,2,OFF,OFF,100,100,6.105,1.268,1,0,ON,ON,0.922,4.372,0,0,OFF,OFF,4195,241,100,100,0,0.156,70,576,7.2,71,12.1,0,24.7,44,0,11.8,657,96,9.3,62.16466,378457,93,67,7.5,2,0,0.492,75,25.22,32.65,25.58,96,17.5,0.5642,9,44,0,31.4,0,0,0
2021-09-04,07:07:52,10.09,9.43,11.25,10.65,16.56,16.07,87,85,69,0,0,0,5.16,0.0,0.0,0.0,0.0,0.0,0.0,23.6,53,0,125,ON,OFF,ON,0,34.2,30,0,13492,OFF,OFF,29.4,29.5,8.36,29.4,10.12,9.0,6.0,94.95,38.0,79.89,9,84,22.5,10,3,2,OFF,OFF,100,100,6.105,1.268,1,0,ON,ON,0.922,4.372,0,0,OFF,OFF,4195,319,100,100,0,0.156,70,576,7.2,71,12.1,0,24.7,44,0,11.8,657,96,9.3,62.16466,378457,93,67,7.5,2,0,0.492,75,25.22,32.65,25.58,96,17.5,0.5642,9,44,0,31.4,0,0,0
2021-09-04,07:08:22,10.09,9.43,11.25,10.65,16.56,16.07,87,85,69,0,0,0,5.16,0.0,0.0,0.0,0.0,0.0,0.0,23.6,53,0,125,ON,OFF,ON,0,34.2,30,0,13492,OFF,OFF,29.4,29.5,8.36,29.4,10.12,9.0,6.0,94.95,38.0,79.89,9,84,22.5,10,3,2,OFF,OFF,100,100,6.105,1.268,1,0,ON,ON,0.922,4.372,0,0,OFF,OFF,4195,319,100,100,0,0.156,70,576,7.2,71,12.1,0,24.7,44,0,11.8,657,96,9.3,62.16466,378457,93,67,7.5,2,0,0.492,75,25.22,32.65,25.58,96,17.5,0.5642,9,44,0,31.4,0,0,0
2021-09-04,07:09:08,10.09,9.43,11.25,10.65,16.56,16.07,87,85,69,0,0,0,5.16,0.0,0.0,0.0,0.0,0.0,0.0,23.6,53,0,125,ON,OFF,ON,0,34.2,30,0,13492,OFF,OFF,29.4,29.5,8.36,29.4,10.78,9.0,6.0,94.95,38.0,79.89,9,84,22.5,10,3,2,OFF,OFF,100,100,6.105,1.268,1,0,ON,ON,0.922,4.372,0,0,OFF,OFF,4195,319,100,100,0,0.156,70,576,7.2,71,12.1,0,24.7,44,0,11.8,657,96,9.3,62.16466,378457,93,67,7.5,2,0,0.492,75,25.22,32.65,25.58,96,17.5,0.5642,9,44,0,31.4,0,0,0
2021-09-04,07:09:38,10.09,9.43,11.25,10.65,16.56,16.07,87,85,69,0,0,0,5.16,0.0,0.0,0.0,0.0,0.0,0.0,23.6,53,0,125,ON,OFF,ON,0,34.2,30,0,13492,OFF,OFF,29.4,29.5,8.36,29.4,10.78,9.0,6.0,94.95,38.0,79.89,10,83,22.5,10,3,2,OFF,OFF,100,100,6.105,1.268,1,0,ON,ON,0.922,4.372,0,0,OFF,OFF,4195,319,100,100,0,0.156,70,576,7.2,71,12.1,0,24.7,44,0,11.8,657,96,9.3,62.16466,378457,93,67,7.5,2,0,0.492,75,25.22,32.65,25.58,96,17.5,0.5642,9,44,0,31.4,0,0,0
2021-09-04,07:10:08,10.09,9.43,11.25,10.65,16.56,16.07,87,85,69,0,0,0,5.16,0.0,0.0,0.0,0.0,0.0,0.0,23.6,53,0,125,ON,OFF,ON,0,34.2,30,0,13492,OFF,OFF,29.4,29.5,8.36,29.4,10.78,9.0,6.0,94.95,38.0,79.89,10,83,22.5,10,3,2,OFF,OFF,100,100,6.105,1.268,1,0,ON,ON,0.922,4.372,0,0,OFF,OFF,4195,319,100,100,0,0.156,70,576,7.2,71,12.1,0,24.7,44,0,11.8,657,96,9.3,62.16466,378457,93,67,7.5,2,0,0.492,75,25.22,32.65,25.58,96,17.5,0.5642,9,44,0,31.4,0,0,0
2021-09-04,07:10:38,10.09,9.43,11.25,10.65,16.56,16.07,87,85,69,0,0,0,5.16,0.0,0.0,0.0,0.0,0.0,0.0,23.6,53,0,125,ON,OFF,ON,0,34.2,30,0,13492,OFF,OFF,29.4,29.5,8.36,29.4,10.78,9.0,6.0,94.95,38.0,79.89,10,83,22.5,10,3,2,OFF,OFF,100,100,6.105,1.268,1,0,ON,ON,0.922,4.372,0,0,OFF,OFF,5443,319,100,100,0,0.156,70,576,7.2,71,12.6,0,24.7,44,0,11.8,657,96,9.3,62.16466,378457,93,67,7.5,2,0,0.492,75,25.22,32.65,25.58,96,17.5,0.5642,9,44,0,31.4,0,0,0
2021-09-04,07:11:08,10.09,9.43,11.25,10.65,16.56,16.07,87,85,69,0,0,0,5.16,0.0,0.0,0.0,0.0,0.0,0.0,23.6,53,0,125,ON,OFF,ON,0,34.2,30,0,13492,OFF,OFF,29.4,29.5,8.36,29.4,10.78,9.0,6.0,94.95,38.0,79.89,10,83,22.5,10,3,2,OFF,OFF,100,100,6.105,1.268,1,0,ON,ON,0.922,4.372,0,0,OFF,OFF,5443,319,100,100,0,0.156,70,576,7.2,71,12.6,0,24.7,44,0,11.8,657,96,9.3,62.16466,378457,93,67,7.5,2,0,0.492,75,25.22,32.65,25.58,96,17.5,0.5642,9,44,0,31.4,0,0,0
2021-09-04,07:11:38,10.09,9.43,11.25,10.65,16.56,16.07,87,85,69,0,0,0,5.16,0.0,0.0,0.0,0.0,0.0,0.0,23.6,53,0,125,ON,OFF,ON,0,34.2,30,0,13492,OFF,OFF,29.4,29.5,8.36,29.4,10.78,9.0,6.0,94.95,38.0,79.89,10,82,22.5,10,3,2,OFF,OFF,100,100,6.105,1.268,1,0,ON,ON,0.922,4.372,0,0,OFF,OFF,5443,319,100,100,0,0.156,70,576,7.2,71,12.6,0,24.7,44,0,11.8,657,96,9.3,62.16466,378457,93,67,7.5,2,0,0.492,75,25.22,32.65,25.58,96,17.5,0.5642,9,44,0,31.4,0,0,0
2021-09-04,07:12:08,10.09,9.43,11.25,10.65,16.56,16.07,87,85,69,0,0,0,5.16,0.0,0.0,0.0,0.0,0.0,0.0,23.6,53,0,125,ON,OFF,ON,0,34.2,30,0,13492,OFF,OFF,29.4,29.5,8.36,29.4,10.78,9.0,6.0,94.95,38.0,79.89,10,82,22.5,10,3,2,OFF,OFF,100,100,6.105,1.268,1,0,ON,ON,0.922,4.372,0,0,OFF,OFF,5443,319,100,100,0,0.156,70,576,7.2,71,12.6,0,24.7,44,0,11.8,657,96,9.3,62.16466,378457,93,67,7.5,2,0,0.492,75,25.22,32.65,25.58,96,17.5,0.5642,9,44,0,31.4,0,0,0
2021-09-04,07:12:38,10.09,9.43,11.25,10.65,16.56,16.07,87,85,69,0,0,0,5.16,0.0,0.0,0.0,0.0,0.0,0.0,23.6,53,0,125,ON,OFF,ON,0,34.2,30,0,13492,OFF,OFF,29.4,29.5,8.36,29.4,10.78,9.0,6.0,94.95,38.0,79.89,10,82,22.5,10,3,2,OFF,OFF,100,100,6.105,1.268,1,0,ON,ON,0.922,4.372,0,0,OFF,OFF,5443,319,100,100,0,0.156,70,576,7.2,71,12.6,0,24.7,44,0,11.8,657,96,9.3,62.16466,378457,93,67,7.5,2,0,0.492,75,25.22,32.65,25.58,96,17.5,0.5642,9,44,0,31.4,0,0,0
2021-09-04,07:13:08,10.09,9.43,11.25,10.65,16.56,16.07,87,85,69,0,0,0,5.16,0.0,0.0,0.0,0.0,0.0,0.0,23.6,53,0,125,ON,OFF,ON,0,34.2,30,0,13492,OFF,OFF,29.4,29.5,8.36,29.4,11.44,9.0,6.0,94.95,38.0,79.89,10,82,22.5,10.5,3,2,OFF,OFF,100,100,6.105,1.268,1,0,ON,ON,0.922,4.372,0,0,OFF,OFF,5443,319,100,100,0,0.156,70,576,7.2,71,12.6,0,24.7,44,0,11.8,657,96,9.3,62.16466,378457,93,67,7.5,2,0,0.492,75,25.22,32.65,25.58,96,17.5,0.5642,9,44,0,31.4,0,0,0
2021-09-04,07:13:38,10.09,9.43,11.25,10.65,16.56,16.07,87,85,69,0,0,0,5.16,0.0,0.0,0.0,0.0,0.0,0.0,23.6,53,0,125,ON,OFF,ON,0,34.2,30,0,13492,OFF,OFF,29.4,29.5,8.36,29.4,11.44,9.0,6.0,94.95,38.0,79.89,11,81,22.5,10.5,3,2,OFF,OFF,100,100,6.105,1.268,1,0,ON,ON,0.922,4.372,0,0,OFF,OFF,5443,319,100,100,0,0.156,70,576,7.2,71,12.6,0,24.7,44,0,11.8,657,96,9.3,62.16466,378457,93,67,7.5,2,0,0.492,75,25.22,32.65,25.58,96,17.5,0.5642,9,44,0,31.4,0,0,0
2021-09-04,07:14:08,10.09,9.43,11.25,10.65,16.56,16.07,87,85,69,0,0,0,5.16,0.0,0.0,0.0,0.0,0.0,0.0,23.6,53,0,125,ON,OFF,ON,0,34.2,30,0,13492,OFF,OFF,29.4,29.5,8.36,29.4,11.44,9.0,6.0,94.95,38.0,79.89,11,81,22.5,10.5,3,2,OFF,OFF,100,100,6.105,1.268,1,0,ON,ON,0.922,4.372,0,0,OFF,OFF,5443,319,100,100,0,0.156,70,576,7.2,71,12.6,0,24.7,44,0,11.8,657,96,9.3,62.16466,378457,93,67,7.5,2,0,0.492,75,25.22,32.65,25.58,96,17.5,0.5642,9,44,0,31.4,0,0,0
2021-09-04,07:14:38,10.09,9.43,11.25,10.65,16.56,16.07,87,85,69,0,0,0,5.16,0.0,0.0,0.0,0.0,0.0,0.0,23.6,53,0,125,ON,OFF,ON,0,34.2,30,0,13492,OFF,OFF,29.4,29.5,8.36,29.4,11.44,9.0,6.0,94.95,38.0,79.89,11,81,22.5,10.5,3,2,OFF,OFF,100,100,6.105,1.268,1,0,ON,ON,0.922,4.372,0,0,OFF,OFF,6596,319,100,100,0,0.156,70,576,7.2,71,12.6,0,24.7,44,0,11.8,657,96,9.3,62.16466,378457,93,67,7.5,2,0,0.492,75,25.22,32.65,25.58,96,17.5,0.5642,9,44,0,31.4,0,0,0
2021-09-04,07:15:08,10.09,9.43,11.25,10.65,16.56,16.07,87,85,69,0,0,0,5.16,0.0,0.0,0.0,0.0,0.0,0.0,23.6,53,0,125,ON,OFF,ON,0,34.2,30,0,13492,OFF,OFF,29.4,29.5,8.36,29.4,11.44,9.0,6.0,94.95,38.0,79.89,11,81,22.5,10.5,3,2,OFF,OFF,100,100,6.105,1.268,1,0,ON,ON,0.922,4.372,0,0,OFF,OFF,6596,319,100,100,0,0.156,70,576,7.2,71,12.6,0,24.7,44,0,11.8,657,96,9.3,62.16466,378457,93,67,7.5,2,0,0.492,75,25.22,32.65,25.58,96,17.5,0.5642,9,44,0,31.4,0,0,0
2021-09-04,07:15:38,10.09,9.43,11.25,10.65,16.56,16.07,87,85,69,0,0,0,5.16,0.0,0.0,0.0,0.0,0.0,0.0,23.6,53,0,125,ON,OFF,ON,0,34.2,30,0,13492,OFF,OFF,29.4,29.5,8.36,29.4,11.44,9.0,6.0,94.95,38.0,79.89,12,80,22.5,10.5,3,2,OFF,OFF,100,100,6.105,1.268,1,0,ON,ON,0.922,4.372,0,0,OFF,OFF,6596,319,100,100,0,0.156,70,576,7.2,71,12.6,0,24.7,44,0,11.8,657,96,9.3,62.16466,378457,93,67,7.5,2,0,0.492,75,25.22,32.65,25.06,96,17.5,0.5642,9,44,0,31.4,0,0,0
2021-09-04,07:16:08,10.09,9.43,11.25,10.65,16.56,16.07,87,85,69,0,0,0,5.16,0.0,0.0,0.0,0.0,0.0,0.0,23.6,53,0,125,ON,OFF,ON,0,34.2,30,0,13492,OFF,OFF,29.4,29.5,8.36,29.4,12.1,9.0,6.0,94.95,38.0,79.89,12,80,22.5,10.5,3,2,OFF,OFF,100,100,6.105,1.268,1,0,ON,ON,0.922,4.372,0,0,OFF,OFF,6596,417,100,100,0,0.156,70,576,7.2,71,12.6,0,24.7,44,0,11.8,657,96,9.3,62.16466,378457,93,67,7.5,2,0,0.492,75,25.22,32.65,25.06,96,17.5,0.5642,9,44,0,31.4,0,0,0
2021-09-04,07:16:38,10.09,9.43,11.25,10.65,16.56,16.07,87,85,69,0,0,0,5.16,0.0,0.0,0.0,0.0,0.0,0.0,23.6,53,0,125,ON,OFF,ON,0,34.2,30,0,13492,OFF,OFF,29.4,29.5,8.36,29.4,12.1,9.0,6.0,94.95,38.0,79.89,12,80,22.5,10.5,3,2,OFF,OFF,100,100,6.105,1.268,1,0,ON,ON,0.922,4.372,0,0,OFF,OFF,6596,417,100,100,0,0.156,70,576,7.2,71,13.2,0,24.7,44,0,11.8,657,96,9.3,62.16466,378457,93,67,7.5,2,0,0.492,75,25.22,32.65,25.06,96,17.5,0.5642,9,44,0,31.4,0,0,0
2021-09-04,07:17:08,10.09,9.43,11.25,10.65,16.56,16.07,87,85,69,0,0,0,5.16,0.0,0.0,0.0,0.0,0.0,0.0,23.6,53,0,125,ON,OFF,ON,0,34.2,30,0,13492,OFF,OFF,29.4,29.5,8.36,29.4,12.1,9.0,6.0,94.95,38.0,79.89,12,80,22.5,10.5,3,2,OFF,OFF,100,100,6.105,1.268,1,0,ON,ON,0.922,4.372,0,0,OFF,OFF,6596,417,100,100,0,0.156,70,576,7.2,71,13.2,0,24.7,44,0,11.8,657,96,9.3,62.16466,378457,93,67,7.5,2,0,0.492,75,25.22,32.65,25.06,96,17.5,0.5642,9,44,0,31.4,0,0,0
2021-09-04,07:17:38,10.09,9.43,11.25,10.65,16.56,16.07,87,85,69,0,0,0,5.16,0.0,0.0,0.0,0.0,0.0,0.0,23.6,53,0,125,ON,OFF,ON,0,34.2,30,0,13492,OFF,OFF,29.4,29.5,8.36,29.4,12.1,9.0,6.0,94.95,38.0,79.89,12,80,22.5,10.5,3,2,OFF,OFF,100,100,6.105,1.268,1,0,ON,ON,0.922,4.372,0,0,OFF,OFF,6596,417,100,100,0,0.156,70,576,7.2,71,13.2,0,24.7,44,0,11.8,657,96,9.3,62.16466,378457,93,67,7.5,2,0,0.492,75,25.22,32.65,25.06,96,17.5,0.5642,9,44,0,31.4,0,0,0
2021-09-04,07:18:08,10.09,9.43,11.25,10.65,16.56,16.07,87,85,69,0,0,0,5.16,0.0,0.0,0.0,0.0,0.0,0.0,23.6,53,0,125,ON,OFF,ON,0,34.2,30,0,13492,OFF,OFF,29.4,29.5,8.36,29.4,12.1,9.0,6.0,94.95,38.0,79.89,12,80,22.5,10.5,3,98,OFF,OFF,100,100,6.105,1.268,1,0,ON,ON,0.922,4.372,0,0,OFF,OFF,6596,417,100,100,0,0.156,70,576,7.2,71,13.2,0,24.7,44,0,11.8,657,96,9.3,62.16466,378457,93,67,7.5,2,0,0.492,75,25.22,32.65,25.06,96,17.5,0.5642,9,44,0,31.4,0,0,0
2021-09-04,07:18:38,10.09,9.43,11.25,10.65,16.56,16.07,87,85,69,0,0,0,5.16,0.0,0.0,0.0,0.0,0.0,0.0,23.6,53,0,125,ON,OFF,ON,0,34.2,30,0,13492,OFF,OFF,29.4,29.5,8.36,29.4,12.1,9.0,6.0,94.95,38.0,79.89,12,80,22.5,10.5,3,98,OFF,OFF,100,100,6.105,1.268,1,0,ON,ON,0.922,4.372,0,0,OFF,OFF,7683,417,100,100,0,0.156,70,576,7.2,71,13.2,0,24.7,44,0,11.8,657,96,9.3,62.16466,378457,93,67,7.5,2,0,0.492,75,25.22,32.65,25.06,96,17.5,0.5642,9,44,0,31.4,0,0,0
2021-09-04,07:19:08,10.09,9.43,11.25,10.65,16.56,16.07,87,85,69,0,0,0,5.16,0.0,0.0,0.0,0.0,0.0,0.0,23.6,53,0,125,ON,OFF,ON,0,34.2,30,0,13492,OFF,OFF,29.4,29.5,8.36,29.4,12.76,9.0,6.0,94.95,38.0,79.89,12,80,22.5,10.5,3,98,OFF,OFF,100,100,6.105,1.268,1,0,ON,ON,0.922,4.372,0,0,OFF,OFF,7683,417,100,100,0,0.156,70,576,7.2,71,13.2,0,24.7,44,0,11.8,657,96,9.3,62.16466,378457,93,67,7.5,2,0,0.492,75,25.22,32.65,25.06,96,17.5,0.5642,9,44,0,31.4,0,0,0
2021-09-04,07:19:38,10.09,9.43,11.25,10.65,16.56,16.07,87,85,69,0,0,0,5.16,0.0,0.0,0.0,0.0,0.0,0.0,23.6,53,0,125,ON,OFF,ON,0,34.2,30,0,13492,OFF,OFF,29.4,29.5,8.36,29.4,12.76,9.0,6.0,94.95,38.0,79.89,13,79,22.5,10.5,3,98,OFF,OFF,100,100,6.105,1.268,1,0,ON,ON,0.922,4.372,0,0,OFF,OFF,7683,417,100,100,0,0.156,70,576,7.2,67,13.2,0,24.7,44,0,11.8,657,96,9.3,62.16466,378457,93,67,7.5,2,0,0.492,75,25.22,32.65,25.06,96,17.5,0.5642,9,44,0,31.4,0,0,0
2021-09-04,07:20:08,10.09,9.43,11.25,10.65,16.56,16.07,87,85,69,0,0,0,5.16,0.0,0.0,0.0,0.0,0.0,0.0,23.6,53,0,125,ON,OFF,ON,0,34.2,30,0,13492,OFF,OFF,29.4,29.5,8.36,29.4,12.76,9.0,6.0,94.95,38.0,74.29,13,79,22.5,10.5,3,98,OFF,OFF,100,100,6.105,1.268,1,0,ON,ON,0.922,4.372,0,0,OFF,OFF,7683,417,100,100,0,0.156,70,576,7.2,67,13.2,0,24.7,44,0,11.8,657,96,9.3,62.16466,378457,93,67,7.5,2,0,0.492,75,25.22,32.65,25.06,96,17.5,0.5642,9,44,0,31.4,0,0,0
2021-09-04,07:20:38,10.09,9.43,11.25,10.65,16.56,16.07,87,85,69,0,0,0,5.16,0.0,0.0,0.0,0.0,0.0,0.0,23.6,53,0,125,ON,OFF,ON,0,34.2,30,0,13492,OFF,OFF,29.4,29.5,8.36,29.4,12.76,9.0,6.0,94.95,38.0,74.29,13,79,22.5,10.5,3,98,OFF,OFF,100,100,6.105,1.268,1,0,ON,ON,0.922,4.372,0,0,OFF,OFF,7683,417,100,100,0,0.156,70,576,7.2,67,13.2,0,24.7,44,0,11.8,657,96,9.3,62.16466,378457,93,67,7.5,2,0,0.492,75,25.22,32.65,25.06,96,17.5,0.5642,9,44,0,31.4,0,0,0
2021-09-04,07:21:08,10.09,9.43,11.25,10.65,16.56,16.07,87,85,69,0,0,0,5.16,0.0,0.0,0.0,0.0,0.0,0.0,23.6,53,0,125,ON,OFF,ON,0,34.2,30,0,13492,OFF,OFF,29.4,29.5,8.36,29.4,12.76,9.0,6.0,94.95,38.0,74.29,13,79,22.5,11,3,98,OFF,OFF,100,100,6.105,1.268,1,0,ON,ON,0.922,4.372,0,0,OFF,OFF,7683,417,100,100,0,0.156,70,576,7.2,67,13.2,0,24.7,44,0,11.8,657,96,9.3,62.16466,378457,93,67,7.5,2,0,0.492,75,25.22,32.65,25.06,96,17.5,0.5642,9,44,0,31.4,0,0,0
2021-09-04,07:21:38,10.09,9.43,11.25,10.65,16.56,16.07,87,85,69,0,0,0,5.16,0.0,0.0,0.0,0.0,0.0,0.0,23.6,53,0,125,ON,OFF,ON,0,34.2,30,0,13492,OFF,OFF,29.4,29.5,8.36,29.4,12.76,9.0,6.0,94.95,38.0,74.29,13,79,22.5,11,3,98,OFF,OFF,100,100,6.105,1.268,1,0,ON,ON,0.922,4.372,0,0,OFF,OFF,7683,417,100,100,0,0.156,70,576,7.2,67,13.7,0,24.7,44,0,11.8,657,96,9.3,62.16466,378457,93,67,7.5,2,0,0.492,75,25.22,32.65,25.06,96,17.5,0.5642,9,44,0,31.4,0,0,0
2021-09-04,07:22:08,10.09,9.43,11.25,10.65,16.56,16.07,87,85,69,0,0,0,5.16,0.0,0.0,0.0,0.0,0.0,0.0,23.6,53,0,125,ON,OFF,ON,0,34.2,30,0,13492,OFF,OFF,29.4,29.5,8.36,29.4,13.42,9.0,6.0,94.95,38.0,74.29,13,79,22.5,11,3,98,OFF,OFF,100,100,6.105,1.268,1,0,ON,ON,0.922,4.372,0,0,OFF,OFF,7683,417,100,100,0,0.156,70,576,7.2,67,13.7,0,24.7,44,0,11.8,657,96,9.3,62.16466,378457,93,67,7.5,2,0,0.492,75,25.22,32.65,25.06,96,17.5,0.5642,9,44,0,31.4,0,0,0
2021-09-04,07:22:38,10.09,9.43,11.25,10.65,16.56,16.07,87,85,69,0,0,0,5.16,0.0,0.0,0.0,0.0,0.0,0.0,23.6,53,0,125,ON,OFF,ON,0,34.2,30,0,13492,OFF,OFF,29.4,29.5,8.36,29.4,13.42,9.0,6.0,94.95,38.0,74.29,13,79,22.5,11,3,98,OFF,OFF,100,100,6.105,1.268,1,0,ON,ON,0.922,4.372,0,0,OFF,OFF,7683,417,100,100,0,0.156,70,576,7.2,67,13.7,0,24.7,44,0,11.8,657,96,9.3,62.16466,378457,93,67,7.5,2,0,0.492,75,25.22,32.65,25.06,96,17.5,0.5642,9,44,0,31.4,0,0,0
2021-09-04,07:23:08,10.09,9.43,11.25,10.65,16.56,16.07,87,85,69,0,0,0,5.16,0.0,0.0,0.0,0.0,0.0,0.0,23.6,53,0,125,ON,OFF,ON,0,34.2,30,0,13492,OFF,OFF,29.4,29.5,8.36,29.4,13.42,9.0,6.0,94.95,38.0,74.29,13,79,22.5,11,3,98,OFF,OFF,100,100,6.105,1.268,1,0,ON,ON,0.922,4.372,0,0,OFF,OFF,8901,417,100,100,0,0.156,70,576,7.2,67,13.7,0,24.7,44,0,11.8,657,96,9.3,62.16466,378457,93,67,7.5,2,0,0.492,75,25.22,32.65,25.06,96,17.5,0.5642,9,44,0,31.4,0,0,0
2021-09-04,07:23:38,10.09,9.43,11.25,10.65,16.56,16.07,87,85,69,0,0,0,5.16,0.0,0.0,0.0,0.0,0.0,0.0,23.6,53,0,125,ON,OFF,ON,0,34.2,30,0,13492,OFF,OFF,29.4,29.5,8.36,29.4,13.42,9.0,6.0,94.95,38.0,74.29,13,78,22.5,11,3,98,OFF,OFF,100,100,6.105,1.268,1,0,ON,ON,0.922,4.372,0,0,OFF,OFF,8901,417,100,100,0,0.156,70,576,7.2,67,13.7,0,24.7,44,0,11.8,657,96,9.3,62.16466,378457,93,67,7.5,2,0,0.492,75,25.22,32.65,25.06,96,17.5,0.5642,9,44,0,31.4,0,0,0
2021-09-04,07:24:26,10.09,9.43,11.25,10.65,16.56,16.07,87,85,69,0,0,0,5.16,0.0,0.0,0.0,0.0,0.0,0.0,23.6,53,0,125,ON,OFF,ON,0,34.2,30,0,13492,OFF,OFF,29.4,29.5,9.02,29.4,13.42,9.0,6.0,94.95,38.0,74.29,13,78,22,11,3,98,OFF,OFF,100,100,6.105,1.268,1,0,ON,ON,0.922,4.372,0,0,OFF,OFF,8901,417,100,100,0,0.156,70,576,7.2,67,13.7,0,24.7,44,0,11.8,657,96,9.3,62.16466,378457,93,67,7.5,2,0,0.492,75,25.22,32.65,25.06,96,17.5,0.5642,9,44,0,31.4,0,0,0
2021-09-04,07:24:56,10.09,9.43,11.25,10.65,16.56,16.07,87,85,69,0,0,0,5.16,0.0,0.0,0.0,0.0,0.0,0.0,23.6,53,0,125,ON,OFF,ON,0,34.2,30,0,13492,OFF,OFF,29.4,29.5,9.02,29.4,14.08,9.0,6.0,94.95,38.0,74.29,13,78,22,11,3,98,OFF,OFF,100,100,6.106,1.268,1,0,ON,ON,0.922,4.372,0,0,OFF,OFF,8901,528,100,100,0,0.156,70,576,7.2,67,13.7,0,24.7,44,0,11.8,657,96,9.3,62.16466,378457,93,67,7.5,2,0,0.492,75,25.22,32.65,25.06,96,17.5,0.5642,9,44,0,31.4,0,0,0
2021-09-04,07:25:26,10.09,9.43,11.25,10.65,16.56,16.07,87,85,69,0,0,0,5.16,0.0,0.0,0.0,0.0,0.0,0.0,23.6,53,0,125,ON,OFF,ON,0,34.2,30,0,13492,OFF,OFF,29.4,29.5,9.02,29.4,14.08,9.0,6.0,94.95,38.0,74.29,14,78,22,11,3,98,OFF,OFF,100,100,6.106,1.268,1,0,ON,ON,0.922,4.372,0,0,OFF,OFF,8901,528,100,100,0,0.156,70,576,7.2,67,13.7,0,24.7,44,0,11.8,657,96,9.3,62.16466,378457,93,67,7.5,2,0,0.492,75,25.22,32.65,25.06,96,17.5,0.5642,9,44,0,31.4,0,0,0
2021-09-04,07:25:56,10.09,9.43,11.25,10.65,16.56,16.07,87,85,69,0,0,0,5.16,0.0,0.0,0.0,0.0,0.0,0.0,23.6,53,0,125,ON,OFF,ON,0,34.2,30,0,13492,OFF,OFF,29.4,29.5,9.02,29.4,14.08,9.0,6.0,94.95,38.0,74.29,14,78,22,11,3,98,OFF,OFF,100,100,6.106,1.268,1,0,ON,ON,0.922,4.372,0,0,OFF,OFF,9991,528,100,100,0,0.156,70,576,7.2,67,13.7,0,24.7,44,0,11.8,657,96,9.3,62.16466,378457,93,67,7.5,2,0,0.492,75,25.22,32.65,25.06,96,17.5,0.5642,9,44,0,31.4,0,0,0
2021-09-04,07:26:26,10.09,9.43,11.25,10.65,16.56,16.07,87,85,69,0,0,0,5.16,0.0,0.0,0.0,0.0,0.0,0.0,23.6,53,0,125,ON,OFF,ON,0,34.2,30,0,13492,OFF,OFF,29.4,29.5,9.02,29.4,14.08,9.0,6.0,94.95,38.0,74.29,14,78,22,11,3,98,OFF,OFF,100,100,6.106,1.268,1,0,ON,ON,0.922,4.372,0,0,OFF,OFF,9991,528,100,100,0,0.156,70,576,7.2,67,14.2,0,24.7,44,0,11.8,657,96,9.3,62.16466,378457,93,67,7.5,2,0,0.492,75,25.22,32.65,25.06,96,17.5,0.5642,9,44,0,31.4,0,0,0
2021-09-04,07:26:56,10.09,9.43,11.25,10.65,16.56,16.07,87,85,69,0,0,0,5.16,0.0,0.0,0.0,0.0,0.0,0.0,23.6,53,0,125,ON,OFF,ON,0,34.2,30,0,13492,OFF,OFF,29.4,29.5,9.02,29.4,14.08,9.0,6.0,94.95,38.0,74.29,14,78,22,11,3,98,OFF,OFF,100,100,6.106,1.268,1,0,ON,ON,0.922,4.372,0,0,OFF,OFF,9991,528,100,100,0,0.156,70,576,7.2,67,14.2,0,24.7,44,0,11.8,657,96,9.3,62.16466,378457,93,67,7.5,2,0,0.492,75,25.22,32.65,25.06,96,17.5,0.5642,9,44,0,31.4,0,0,0
2021-09-04,07:27:26,10.09,9.43,11.25,10.65,16.56,16.07,87,85,69,0,0,0,5.16,0.0,0.0,0.0,0.0,0.0,0.0,23.6,53,0,125,ON,OFF,ON,0,34.2,30,0,13492,OFF,OFF,29.4,29.5,9.02,29.4,14.08,9.0,6.0,94.95,38.0,74.29,14,77,22,11,3,98,OFF,OFF,100,100,6.106,1.268,1,0,ON,ON,0.922,4.372,0,0,OFF,OFF,9991,528,100,100,0,0.156,70,576,7.2,67,14.3,0,24.7,44,0,11.8,657,96,9.3,62.16466,378457,93,67,7.5,2,0,0.492,75,25.22,32.65,25.06,96,17.5,0.5642,9,44,0,31.4,0,0,0
2021-09-04,07:27:56,10.09,9.43,11.25,10.65,16.56,16.07,87,85,69,0,0,0,5.16,0.0,0.0,0.0,0.0,0.0,0.0,23.6,53,0,125,ON,OFF,ON,0,34.2,30,0,13492,OFF,OFF,29.4,29.5,9.02,29.4,14.74,9.0,6.0,94.95,38.0,74.29,14,77,22,11,3,98,OFF,OFF,100,100,6.106,1.268,1,0,ON,ON,0.922,4.372,0,0,OFF,OFF,9991,528,100,100,0,0.156,70,576,7.9,65,14.3,0,24.5,44,0,11.4,657,96,9.3,62.16466,378457,93,67,7.5,2,0,0.492,75,25.22,32.65,25.06,96,17.5,0.5642,9,44,0,31.4,0,0,0
2021-09-04,07:28:26,10.09,9.43,11.25,10.65,16.56,16.07,87,85,69,0,0,0,5.16,0.0,0.0,0.0,0.0,0.0,0.0,23.6,53,0,125,ON,OFF,ON,0,34.2,30,0,13492,OFF,OFF,29.4,29.5,9.02,29.4,14.74,9.0,6.0,94.95,38.0,74.29,14,77,22,11,3,98,OFF,OFF,100,100,6.106,1.268,1,0,ON,ON,0.922,4.372,0,0,OFF,OFF,9991,528,100,100,0,0.156,70,576,7.9,65,14.3,0,24.5,44,0,11.4,657,96,9.3,62.16466,378457,93,67,7.5,2,0,0.492,75,25.22,32.65,25.06,96,17.5,0.5642,9,44,0,31.4,0,0,0
2021-09-04,07:28:56,10.09,9.43,11.25,10.65,16.56,16.07,87,85,69,0,0,0,5.16,0.0,0.0,0.0,0.0,0.0,0.0,23.6,53,0,125,ON,OFF,ON,0,34.2,30,0,13492,OFF,OFF,29.4,29.5,9.02,29.4,14.74,9.0,6.0,94.95,38.0,69.27,14,77,22,11,3,98,OFF,OFF,100,100,6.106,1.268,1,0,ON,ON,0.922,4.372,0,0,OFF,OFF,9991,528,100,100,0,0.156,70,576,7.9,65,14.3,0,24.5,44,0,11.4,657,96,9.3,62.16466,378457,93,67,7.5,2,0,0.492,75,25.22,32.65,25.06,96,17.5,0.5642,9,44,0,31.4,0,0,0
2021-09-04,07:29:26,10.09,9.43,11.25,10.65,16.56,16.07,87,85,69,0,0,0,5.16,0.0,0.0,0.0,0.0,0.0,0.0,23.6,53,0,125,ON,OFF,ON,0,34.2,30,0,13492,OFF,OFF,29.4,29.5,9.02,29.4,14.74,9.0,6.0,94.95,38.0,69.27,14,76,22,11,3,98,OFF,OFF,100,100,6.106,1.268,1,0,ON,ON,0.922,4.372,0,0,OFF,OFF,9991,528,100,100,0,0.156,70,576,7.9,65,14.3,0,24.5,44,0,11.4,657,96,9.3,62.16466,378457,93,67,7.5,2,0,0.492,75,25.22,32.65,25.06,96,17.5,0.5642,9,44,0,31.4,0,0,0
2021-09-04,07:29:56,10.09,9.43,11.25,10.65,16.56,16.07,87,85,69,0,0,0,5.16,0.0,0.0,0.0,0.0,0.0,0.0,23.6,53,0,125,ON,OFF,ON,0,34.2,30,0,13492,OFF,OFF,29.4,29.5,9.02,29.4,14.74,9.0,6.0,94.95,38.0,69.27,14,76,22,11.5,3,98,OFF,OFF,100,100,6.106,1.268,1,0,ON,ON,0.922,4.372,0,0,OFF,OFF,11272,528,100,100,0,0.156,70,576,7.9,65,14.3,0,24.5,44,0,11.4,657,96,9.3,62.16466,378457,93,67,7.5,2,0,0.492,75,25.22,32.65,25.06,96,17.5,0.5642,9,44,0,31.4,0,0,0
2021-09-04,07:30:26,9.84,9.84,9.84,9.84,13.16,12.65,91,91,81,20,20,13,5.16,0.0,0.0,0.0,0.0,0.0,0.0,23.6,53,0,125,ON,OFF,ON,0,34.2,30,0,13492,OFF,OFF,29.4,29.5,9.02,29.4,15.4,9.0,6.0,94.95,38.0,69.27,14,76,22,11.5,3,98,OFF,OFF,100,100,6.106,1.268,1,0,ON,ON,0.922,4.372,0,0,OFF,OFF,11272,528,100,100,0,0.156,70,576,7.9,65,14.3,0,24.5,44,0,11.4,657,96,9.3,62.16466,378457,93,67,7.5,2,0,0.492,75,25.22,32.65,25.06,96,17.5,0.5642,9,44,0,31.4,0,0,0
2021-09-04,07:30:56,9.84,9.84,9.84,9.84,13.16,12.65,91,91,81,20,20,13,5.16,0.0,0.0,0.0,0.0,0.0,0.0,23.6,53,0,125,ON,OFF,ON,0,34.2,30,0,13492,OFF,OFF,29.4,29.5,9.02,29.4,15.4,9.0,6.0,94.95,38.0,69.27,14,76,22,11.5,3,98,OFF,OFF,100,100,6.106,1.268,1,0,ON,ON,0.922,4.372,0,0,OFF,OFF,11272,528,100,100,0,0.156,70,576,7.9,65,14.3,0,24.5,44,0,11.4,657,96,9.3,62.16466,378457,93,67,7.5,2,0,0.492,75,25.22,32.65,25.06,96,17.5,0.5642,9,44,0,31.4,0,0,0
2021-09-04,07:31:26,9.84,9.84,9.84,9.84,13.16,12.65,91,91,81,20,20,13,5.16,0.0,0.0,0.0,0.0,0.0,0.0,23.6,53,0,125,ON,OFF,ON,0,34.2,30,0,13492,OFF,OFF,29.4,29.5,9.02,29.4,15.4,9.0,6.0,94.95,38.0,69.27,15,76,22,11.5,3,98,OFF,OFF,100,100,6.106,1.268,1,0,ON,ON,0.922,4.372,0,0,OFF,OFF,11272,528,100,100,0,0.156,70,576,7.9,65,14.3,0,24.5,44,0,11.4,657,96,9.3,62.16466,378457,93,67,7.5,2,0,0.492,75,25.22,32.65,25.06,96,17.5,0.5642,9,44,0,31.4,0,0,0
2021-09-04,07:31:56,9.84,9.84,9.84,9.84,13.16,12.65,91,91,81,20,20,13,5.16,0.0,0.0,0.0,0.0,0.0,0.0,23.6,53,0,125,ON,OFF,ON,0,34.2,30,0,13492,OFF,OFF,29.4,29.5,9.02,29.4,15.4,9.0,6.0,94.95,38.0,69.27,15,76,22,11.5,3,98,OFF,OFF,100,100,6.106,1.268,1,0,ON,ON,0.922,4.372,0,0,OFF,OFF,11272,528,100,100,0,0.156,70,576,7.9,65,14.3,0,24.5,44,0,11.4,657,96,9.3,62.16466,378457,93,67,7.5,2,0,0.492,75,24.72,32.65,25.06,96,17.5,0.5642,9,44,0,31.4,0,0,0
2021-09-04,07:32:26,9.84,9.84,9.84,9.84,13.16,12.65,91,91,81,20,20,13,5.16,0.0,0.0,0.0,0.0,0.0,0.0,23.6,53,0,125,ON,OFF,ON,0,34.2,30,0,13492,OFF,OFF,29.4,29.5,9.02,29.4,15.4,9.0,6.0,94.95,38.0,69.27,15,76,22,11.5,3,98,OFF,OFF,100,100,6.106,1.268,1,0,ON,ON,0.922,4.372,0,0,OFF,OFF,11272,528,100,100,0,0.156,70,576,7.9,65,14.3,0,24.5,44,0,11.4,657,96,9.3,62.16466,378457,93,67,7.5,2,0,0.492,75,24.72,32.65,25.06,96,17.5,0.5642,9,44,0,31.4,0,0,0
2021-09-04,07:32:56,9.84,9.84,9.84,9.84,13.16,12.65,91,91,81,20,20,13,5.16,0.0,0.0,0.0,0.0,0.0,0.0,23.6,53,0,125,ON,OFF,ON,0,34.2,30,0,13492,OFF,OFF,29.4,29.5,9.02,29.4,15.4,9.0,6.0,94.95,38.0,69.27,15,76,22,11.5,3,98,OFF,OFF,100,100,6.106,1.268,1,0,ON,ON,0.922,4.372,0,0,OFF,OFF,11272,528,100,100,0,0.156,70,576,7.9,65,14.3,0,24.5,44,0,11.4,657,96,9.3,62.16466,378457,93,67,7.5,2,0,0.492,75,24.72,32.65,25.06,96,17.5,0.5642,9,44,0,31.4,0,0,0
2021-09-04,07:33:26,9.84,9.84,9.84,9.84,13.16,12.65,91,91,81,20,20,13,5.16,0.0,0.0,0.0,0.0,0.0,0.0,23.6,53,0,125,ON,OFF,ON,0,34.2,30,0,13492,OFF,OFF,29.4,29.5,9.02,29.4,15.4,9.0,6.0,94.95,38.0,69.27,15,76,22,11.5,3,98,OFF,OFF,100,100,6.106,1.268,1,0,ON,ON,0.922,4.372,0,0,OFF,OFF,11272,631,100,100,0,0.156,70,576,7.9,65,14.3,0,24.5,44,0,11.4,657,96,9.3,62.16466,378457,93,67,7.5,2,0,0.492,75,24.72,32.65,25.06,96,17.5,0.5642,9,44,0,31.4,0,0,0
2021-09-04,07:33:56,9.84,9.84,9.84,9.84,13.16,12.65,91,91,81,20,20,13,5.16,0.0,0.0,0.0,0.0,0.0,0.0,23.6,53,0,125,ON,OFF,ON,0,34.2,30,0,13492,OFF,OFF,29.4,29.5,9.68,29.4,16.06,9.0,6.0,94.95,38.0,69.27,15,76,22,11.5,3,98,OFF,OFF,100,100,6.106,1.268,1,0,ON,ON,0.922,4.372,0,0,OFF,OFF,11272,631,100,100,0,0.156,70,576,7.9,65,14.3,0,24.5,44,0,11.4,657,96,9.3,62.16466,378457,93,67,7.5,2,0,0.492,75,24.72,32.65,25.06,96,17.5,0.5642,9,44,0,31.4,0,0,0
2021-09-04,07:34:31,9.84,9.84,9.84,9.84,13.16,12.65,91,91,81,20,20,13,5.16,0.0,0.0,0.0,0.0,0.0,0.0,23.6,53,0,125,ON,OFF,ON,0,34.2,30,0,13492,OFF,OFF,29.4,29.5,9.68,29.4,16.06,9.0,6.0,94.95,38.0,69.27,15,76,22,11.5,3,98,OFF,OFF,100,100,6.106,1.268,1,0,ON,ON,0.922,4.372,0,0,OFF,OFF,11272,631,100,100,0,0.156,70,576,7.9,65,14.3,0,24.5,44,0,11.4,657,96,9.3,62.16466,378457,93,67,7.5,2,0,0.492,75,24.72,32.65,25.06,96,17.5,0.5642,9,44,0,31.4,0,0,0
2021-09-04,07:35:01,9.84,9.84,9.84,9.84,13.16,12.65,91,91,81,20,20,13,5.16,0.0,0.0,0.0,0.0,0.0,0.0,23.6,53,0,125,ON,OFF,ON,0,34.2,30,0,13492,OFF,OFF,29.4,29.5,9.68,29.4,16.06,9.0,6.0,94.95,38.0,69.27,15,76,22,11.5,3,98,OFF,OFF,100,100,6.106,1.268,1,0,ON,ON,0.922,4.372,0,0,OFF,OFF,11272,631,100,100,0,0.156,70,576,7.9,65,14.3,0,24.5,44,0,11.4,657,96,9.3,62.16466,378457,93,67,7.5,2,0,0.492,75,24.72,32.65,25.06,96,17.5,0.5642,9,44,0,31.4,0,0,0
2021-09-04,07:35:31,9.84,9.84,9.84,9.84,13.16,12.65,91,91,81,20,20,13,5.16,0.0,0.0,0.0,0.0,0.0,0.0,23.6,53,0,125,ON,OFF,ON,0,34.2,30,0,13492,OFF,OFF,29.4,29.5,9.68,29.4,16.06,9.0,6.0,94.95,38.0,69.27,15,76,22,11.5,3,98,OFF,OFF,100,100,6.106,1.268,1,0,ON,ON,0.922,4.372,0,0,OFF,OFF,11272,631,100,100,0,0.156,70,576,7.9,65,14.3,0,24.5,44,0,11.4,657,96,9.3,62.16466,378457,93,67,7.5,2,0,0.492,75,24.72,32.65,25.06,96,17.5,0.5642,9,44,0,31.4,0,0,0
2021-09-04,07:36:01,9.84,9.84,9.84,9.84,13.16,12.65,91,91,81,20,20,13,5.16,0.0,0.0,0.0,0.0,0.0,0.0,23.6,53,0,125,ON,OFF,ON,0,34.2,30,0,13492,OFF,OFF,29.4,29.5,9.68,29.4,16.06,9.0,6.0,94.95,38.0,69.27,15,76,22,11.5,3,98,OFF,OFF,100,100,6.106,1.268,1,0,ON,ON,0.922,4.372,0,0,OFF,OFF,11272,631,100,100,0,0.156,70,576,7.9,65,14.3,0,24.5,44,0,11.4,657,96,9.3,62.16466,378457,93,67,7.5,2,0,0.492,75,24.72,32.65,25.06,96,17.5,0.5642,9,44,0,31.4,0,0,0
2021-09-04,07:36:31,9.84,9.84,9.84,9.84,13.16,12.65,91,91,81,20,20,13,5.16,0.0,0.0,0.0,0.0,0.0,0.0,23.6,53,0,125,ON,OFF,ON,0,34.2,30,0,13492,OFF,OFF,29.4,29.5,9.68,29.4,16.72,9.0,6.0,94.95,38.0,69.27,15,76,22,11.5,3,98,OFF,OFF,100,100,6.106,1.268,1,0,ON,ON,0.922,4.372,0,0,OFF,OFF,11272,631,100,100,0,0.156,70,576,7.9,65,14.7,0,24.5,44,0,11.4,657,96,9.3,62.16466,378457,93,67,7.5,2,0,0.492,75,24.72,32.65,25.06,96,17.5,0.5642,9,44,0,31.4,0,0,0
2021-09-04,07:37:01,9.84,9.84,9.84,9.84,13.16,12.65,91,91,81,20,20,13,5.16,0.0,0.0,0.0,0.0,0.0,0.0,23.6,53,0,125,ON,OFF,ON,0,34.2,30,0,13492,OFF,OFF,29.4,29.5,9.68,29.4,16.72,9.0,6.0,94.95,38.0,69.27,15,76,22,11.5,3,98,OFF,OFF,100,100,6.106,1.268,1,0,ON,ON,0.922,4.372,0,0,OFF,OFF,11272,631,100,100,0,0.156,70,576,7.9,65,14.7,0,24.5,44,0,11.4,657,96,9.3,62.16466,378457,93,67,7.5,2,0,0.492,75,24.72,32.65,25.06,96,17.5,0.5642,9,44,0,31.4,0,0,0
2021-09-04,07:37:31,9.84,9.84,9.84,9.84,13.16,12.65,91,91,81,20,20,13,5.16,0.0,0.0,0.0,0.0,0.0,0.0,23.6,53,0,125,ON,OFF,ON,0,34.2,30,0,13492,OFF,OFF,29.4,29.5,9.68,29.4,16.72,9.0,6.0,94.95,38.0,64.24,15,75,22,11.5,3,98,OFF,OFF,100,100,6.106,1.268,1,0,ON,ON,0.922,4.372,0,0,OFF,OFF,11272,631,100,100,0,0.156,70,576,7.9,65,14.7,0,24.5,44,5.756,11.4,657,96,9.3,62.16466,378457,93,67,7.5,2,0,0.492,75,24.72,32.65,25.06,96,17.5,0.5642,9,44,0,31.4,0,0,0
2021-09-04,07:38:01,9.84,9.84,9.84,9.84,13.16,12.65,91,91,81,20,20,13,5.16,0.0,0.0,0.0,0.0,0.0,0.0,23.6,53,0,125,ON,OFF,ON,0,34.2,30,0,13492,OFF,OFF,29.4,29.5,9.68,29.4,16.72,9.0,6.0,94.95,38.0,64.24,15,75,22,11.5,3,98,OFF,OFF,100,100,6.106,1.268,1,0,ON,ON,0.922,4.372,0,0,OFF,OFF,11272,631,100,100,0,0.156,70,576,7.9,65,14.7,0,24.5,44,5.756,11.4,657,96,9.3,62.16466,378457,93,67,7.5,2,0,0.492,75,24.72,32.65,25.06,96,17.5,0.5642,9,44,0,31.4,0,0,0
2021-09-04,07:38:31,9.84,9.84,9.84,9.84,13.16,12.65,91,91,81,20,20,13,5.16,0.0,0.0,0.0,0.0,0.0,0.0,23.6,53,0,125,ON,OFF,ON,0,34.2,30,0,13492,OFF,OFF,29.4,29.5,9.68,29.4,16.72,9.0,6.0,94.95,38.0,64.24,15,75,22,11.5,3,98,OFF,OFF,100,100,6.106,1.268,1,0,ON,ON,0.922,4.372,0,0,OFF,OFF,11272,631,100,100,0,0.156,70,576,7.9,65,14.7,0,24.5,44,5.756,11.4,657,96,9.3,62.16466,378457,93,67,7.5,2,0,0.492,75,24.72,32.65,25.06,96,17.5,0.5642,9,44,0,31.4,0,0,0
2021-09-04,07:39:01,9.84,9.84,9.84,9.84,13.16,12.65,91,91,81,20,20,13,5.16,0.0,0.0,0.0,0.0,0.0,0.0,23.6,53,0,125,ON,OFF,ON,0,34.2,30,0,13492,OFF,OFF,29.4,29.5,9.68,29.4,17.38,9.0,6.0,94.95,38.0,64.24,15,75,22,12,3,98,OFF,OFF,100,100,6.106,1.268,1,0,ON,ON,0.922,4.372,0,0,OFF,OFF,11272,631,100,100,0,0.156,70,576,7.9,65,14.7,0,24.5,44,5.756,11.4,657,96,9.3,62.16466,378457,93,67,7.5,2,0,0.492,75,24.72,32.65,25.06,96,17.5,0.5642,9,44,0,31.4,0,0,0
2021-09-04,07:39:48,9.84,9.84,9.84,9.84,13.16,12.65,91,91,81,20,20,13,5.16,0.0,0.0,0.0,0.0,0.0,0.0,23.6,53,0,125,ON,OFF,ON,0,34.2,30,0,13492,OFF,OFF,29.4,29.5,9.68,29.4,17.38,9.0,6.0,94.95,38.0,64.24,16,74,22,12,3,98,OFF,OFF,100,100,6.106,1.268,1,0,ON,ON,0.922,4.372,0,0,OFF,OFF,11272,631,100,100,0,0.156,70,576,7.9,65,14.7,0,24.5,44,5.756,11.4,657,96,9.3,62.16466,378457,93,67,7.5,2,0,0.492,75,24.72,32.65,25.06,96,17.5,0.5642,9,44,0,31.4,0,0,0
2021-09-04,07:40:18,9.84,9.84,9.84,9.84,13.16,12.65,91,91,81,20,20,13,5.16,0.0,0.0,0.0,0.0,0.0,0.0,23.6,53,0,125,ON,OFF,ON,0,34.2,30,0,13492,OFF,OFF,29.4,29.5,9.68,29.4,17.38,9.0,6.0,94.95,38.0,64.24,16,74,22,12,3,98,OFF,OFF,100,100,6.106,1.268,1,0,ON,ON,0.922,4.372,0,0,OFF,OFF,11272,631,100,100,0,0.156,70,576,7.9,65,14.7,0,24.5,44,5.756,11.4,657,96,9.3,62.16466,378457,93,67,7.5,2,0,0.492,75,24.72,32.65,25.06,96,17.5,0.5642,9,44,0,31.4,0,0,0
2021-09-04,07:40:49,9.84,9.84,9.84,9.84,13.16,12.65,91,91,81,20,20,13,5.16,0.0,0.0,0.0,0.0,0.0,0.0,23.6,53,0,125,ON,OFF,ON,0,34.2,30,0,13492,OFF,OFF,29.4,29.5,9.68,29.4,17.38,9.0,6.0,94.95,38.0,64.24,16,74,22,12,3,98,OFF,OFF,100,100,6.106,1.268,1,0,ON,ON,0.922,4.372,0,0,OFF,OFF,11272,631,100,100,0,0.156,70,576,7.9,65,14.7,0,24.5,44,5.756,11.4,657,96,9.3,62.16466,378457,93,67,7.5,2,0,0.492,75,24.72,32.65,25.06,96,17.5,0.5642,9,44,0,31.4,0,0,0
2021-09-04,07:41:19,9.84,9.84,9.84,9.84,13.16,12.65,91,91,81,20,20,13,5.16,0.0,0.0,0.0,0.0,0.0,0.0,23.6,53,0,125,ON,OFF,ON,0,34.2,30,0,13492,OFF,OFF,29.4,29.5,9.68,29.4,17.38,9.0,6.0,94.95,38.0,64.24,16,74,22,12,3,98,OFF,OFF,100,100,6.106,1.268,1,0,ON,ON,0.922,4.372,0,0,OFF,OFF,11272,742,100,100,0,0.156,70,576,7.9,65,14.7,0,24.5,44,5.756,11.4,657,96,9.3,62.16466,378457,93,67,7.5,2,0,0.492,75,24.72,32.65,25.06,96,17.5,0.5642,9,44,0,31.4,0,0,0
2021-09-04,07:41:49,9.84,9.84,9.84,9.84,13.16,12.65,91,91,81,20,20,13,5.16,0.0,0.0,0.0,0.0,0.0,0.0,23.6,53,0,125,ON,OFF,ON,0,34.2,30,0,13492,OFF,OFF,29.4,29.5,9.68,29.4,18.04,9.0,6.0,94.95,38.0,64.24,16,74,22,12,3,98,OFF,OFF,100,100,6.106,1.268,1,0,ON,ON,0.922,4.372,0,0,OFF,OFF,11272,742,100,100,0,0.156,70,576,7.9,65,14.7,0,24.5,44,5.756,11.4,657,96,9.3,62.16466,378457,93,67,7.5,2,0,0.492,75,24.72,32.65,25.06,96,17.5,0.5642,9,44,0,31.4,0,0,0
2021-09-04,07:42:19,9.84,9.84,9.84,9.84,13.16,12.65,91,91,81,20,20,13,5.16,0.0,0.0,0.0,0.0,0.0,0.0,23.6,53,0,125,ON,OFF,ON,0,34.2,30,0,13492,OFF,OFF,29.4,29.5,9.68,29.4,18.04,9.0,6.0,94.95,38.0,64.24,16,74,22,12,3,98,OFF,OFF,100,100,6.106,1.268,1,0,ON,ON,0.922,4.372,0,0,OFF,OFF,11272,742,100,100,0,0.156,70,576,7.9,65,14.7,0,24.5,44,5.756,11.4,657,96,9.3,62.16466,378457,93,67,7.5,2,0,0.492,75,24.72,32.65,25.06,96,17.5,0.5642,9,44,0,31.4,0,0,0
2021-09-04,07:42:49,9.84,9.84,9.84,9.84,13.16,12.65,91,91,81,20,20,13,5.16,0.0,0.0,0.0,0.0,0.0,0.0,23.6,53,0,125,ON,OFF,ON,0,34.2,30,0,13492,OFF,OFF,29.4,29.5,9.68,29.4,18.04,9.0,6.0,94.95,38.0,64.24,16,74,22,12,3,98,OFF,OFF,100,100,6.106,1.268,1,0,ON,ON,0.922,4.372,0,0,OFF,OFF,11272,742,100,100,0,0.156,70,576,7.9,65,14.7,0,24.5,44,5.756,11.4,657,96,9.3,62.16466,378457,93,67,7.5,2,0,0.492,75,24.72,32.65,25.06,96,17.5,0.5642,9,44,0,31.4,0,0,0
2021-09-04,07:43:19,9.84,9.84,9.84,9.84,13.16,12.65,91,91,81,20,20,13,5.16,0.0,0.0,0.0,0.0,0.0,0.0,23.6,53,0,125,ON,OFF,ON,0,34.2,30,0,13492,OFF,OFF,29.4,29.5,10.34,29.4,18.04,9.0,6.0,94.95,38.0,64.24,16,74,22,12,3,98,OFF,OFF,100,100,6.106,1.268,1,0,ON,ON,0.922,4.372,0,0,OFF,OFF,16396,742,100,100,0,0.156,70,576,7.9,65,14.7,0,24.5,44,5.756,11.4,657,96,9.3,62.16466,378457,93,67,7.5,2,0,0.492,75,24.72,32.65,25.06,96,17.5,0.5642,9,44,0,31.4,0,0,0
2021-09-04,07:43:49,9.84,9.84,9.84,9.84,13.16,12.65,91,91,81,20,20,13,5.16,0.0,0.0,0.0,0.0,0.0,0.0,23.6,53,0,125,ON,OFF,ON,0,34.2,30,0,13492,OFF,OFF,29.4,29.5,10.34,29.4,18.04,9.0,6.0,94.95,38.0,64.24,16,74,22,12,3,98,OFF,OFF,100,100,6.106,1.268,1,0,ON,ON,0.922,4.372,0,0,OFF,OFF,16396,742,100,100,0,0.156,70,576,7.9,65,14.7,0,24.5,44,5.756,11.4,657,96,9.3,62.16466,378457,93,67,7.5,2,0,0.492,75,24.72,32.65,25.06,96,17.5,0.5642,9,44,0,31.4,0,0,0
2021-09-04,07:44:19,9.84,9.84,9.84,9.84,13.16,12.65,91,91,81,20,20,13,5.16,0.0,0.0,0.0,0.0,0.0,0.0,23.6,53,0,125,ON,OFF,ON,0,34.2,30,0,13492,OFF,OFF,29.4,29.5,10.34,29.4,18.04,9.0,6.0,94.95,38.0,64.24,16,74,22,12,3,98,OFF,OFF,100,100,6.106,1.268,1,0,ON,ON,0.922,4.372,0,0,OFF,OFF,16396,742,100,100,0,0.156,70,576,7.9,65,14.7,0,24.5,44,5.756,11.4,657,96,9.3,62.16466,378457,93,67,7.5,2,0,0.492,75,24.72,32.65,25.06,96,17.5,0.5642,9,44,0,31.4,0,0,0
2021-09-04,07:44:49,9.84,9.84,9.84,9.84,13.16,12.65,91,91,81,20,20,13,5.16,0.0,0.0,0.0,0.0,0.0,0.0,23.6,53,0,125,ON,OFF,ON,0,34.2,30,0,13492,OFF,OFF,29.4,29.5,10.34,29.4,18.7,9.0,6.0,94.95,38.0,59.17,16,74,22,12,3,98,OFF,OFF,100,100,6.106,1.268,1,0,ON,ON,0.922,4.372,0,0,OFF,OFF,16396,742,100,100,0,0.156,70,576,7.9,65,14.7,0,24.5,44,5.756,11.4,657,96,9.3,62.16466,378457,93,67,7.5,2,0,0.492,75,24.72,32.65,25.06,96,17.5,0.5642,9,44,0,31.4,0,0,0
2021-09-04,07:45:19,9.84,9.84,9.84,9.84,13.16,12.65,91,91,81,20,20,13,5.16,0.0,0.0,0.0,0.0,0.0,0.0,23.6,53,0,125,ON,OFF,ON,0,34.2,30,0,13492,OFF,OFF,29.4,29.5,10.34,29.4,18.7,9.0,6.0,94.95,38.0,59.17,16,73,22,12,3,98,OFF,OFF,100,100,6.106,1.268,1,0,ON,ON,0.922,4.372,0,0,OFF,OFF,16396,742,100,100,0,0.156,70,576,7.9,65,14.7,0,24.5,44,5.756,11.4,657,96,9.3,62.16466,378457,93,67,7.5,2,0,0.492,75,24.72,32.65,25.06,96,17.5,0.5642,9,44,0,31.4,0,0,0
2021-09-04,07:45:49,9.84,9.84,9.84,9.84,13.16,12.65,91,91,81,20,20,13,5.16,0.0,0.0,0.0,0.0,0.0,0.0,23.6,53,0,125,ON,OFF,ON,0,34.2,30,0,13492,OFF,OFF,29.4,29.5,10.34,29.4,18.7,9.0,6.0,94.95,38.0,59.17,16,73,22,12,3,98,OFF,OFF,100,100,6.106,1.268,1,0,ON,ON,0.922,4.372,0,0,OFF,OFF,16396,742,100,100,0,0.156,70,576,7.9,65,14.7,0,24.5,44,5.756,11.4,657,96,9.3,62.16466,378457,93,67,7.5,2,0,0.492,75,24.72,32.65,25.06,96,17.5,0.5642,9,44,0,31.4,0,0,0
2021-09-04,07:46:19,9.84,9.84,9.84,9.84,13.16,12.65,91,91,81,20,20,13,5.16,0.0,0.0,0.0,0.0,0.0,0.0,23.6,53,0,125,ON,OFF,ON,0,34.2,30,0,13492,OFF,OFF,29.4,29.5,10.34,29.4,18.7,9.0,6.0,94.95,38.0,59.17,16,73,22,12,3,98,OFF,OFF,100,100,6.106,1.268,1,0,ON,ON,0.922,4.372,0,0,OFF,OFF,16396,742,100,100,0,0.156,70,576,7.9,65,14.7,0,24.5,44,5.756,11.4,657,96,9.3,62.16466,378457,93,67,7.5,2,0,0.492,75,24.72,32.65,25.06,96,17.5,0.5642,9,44,0,31.4,0,0,0
2021-09-04,07:46:49,9.84,9.84,9.84,9.84,13.16,12.65,91,91,81,20,20,13,5.16,0.0,0.0,0.0,0.0,0.0,0.0,23.6,53,0,125,ON,OFF,ON,0,34.2,30,0,13492,OFF,OFF,29.4,29.5,10.34,29.4,18.7,9.0,6.0,94.95,38.0,59.17,16,73,22,12,3,98,OFF,OFF,100,100,6.106,1.268,1,0,ON,ON,0.922,4.372,0,0,OFF,OFF,16396,742,100,100,0,0.156,70,576,7.9,65,14.7,0,24.5,44,5.756,11.4,657,96,9.3,62.16466,378457,93,67,7.5,2,0,0.492,75,24.72,32.65,25.06,96,17.5,0.5642,9,44,0,31.4,0,0,0
2021-09-04,07:47:19,9.84,9.84,9.84,9.84,13.16,12.65,91,91,81,20,20,13,5.16,0.0,0.0,0.0,0.0,0.0,0.0,23.6,53,0,125,ON,OFF,ON,0,34.2,30,0,13492,OFF,OFF,29.4,29.5,10.34,29.4,19.36,9.0,6.0,94.95,38.0,59.17,16,73,22,12.5,3,98,OFF,OFF,100,100,6.106,1.268,1,0,ON,ON,0.922,4.372,0,0,OFF,OFF,16396,742,100,100,0,0.156,70,576,7.9,65,14.7,0,24.5,44,5.756,11.4,657,96,9.3,62.16466,378457,93,67,7.5,2,0,0.492,75,24.72,32.65,25.06,96,17.5,0.5642,9,44,0,31.4,0,0,0
2021-09-04,07:47:49,9.84,9.84,9.84,9.84,13.16,12.65,91,91,81,20,20,13,5.16,0.0,0.0,0.0,0.0,0.0,0.0,23.6,53,0,125,ON,OFF,ON,0,34.2,30,0,13492,OFF,OFF,29.4,29.5,10.34,29.4,19.36,9.0,6.0,94.95,38.0,59.17,16,72,22,12.5,3,99,OFF,OFF,100,100,6.106,1.268,1,0,ON,ON,0.922,4.372,0,0,OFF,OFF,16396,742,100,100,0,0.156,70,576,7.9,65,14.7,0,24.5,44,5.756,11.4,657,96,9.3,62.16466,378457,93,67,7.5,2,0,0.492,75,24.72,32.65,25.06,96,17.5,0.5642,9,44,0,31.4,0,0,0
2021-09-04,07:48:19,9.84,9.84,9.84,9.84,13.16,12.65,91,91,81,20,20,13,5.16,0.0,0.0,0.0,0.0,0.0,0.0,23.6,53,0,125,ON,OFF,ON,0,34.2,30,0,13492,OFF,OFF,29.4,29.5,10.34,29.4,19.36,9.0,6.0,94.95,38.0,59.17,16,72,22,12.5,3,99,OFF,OFF,100,100,6.106,1.268,1,0,ON,ON,0.922,4.372,0,0,OFF,OFF,16396,742,100,100,0,0.156,70,576,7.9,65,14.7,0,24.5,44,5.756,11.4,657,96,9.3,62.16466,378457,93,67,7.5,2,0,0.492,75,24.72,32.65,25.06,96,17.5,0.5642,9,44,0,31.4,0,0,0
2021-09-04,07:48:49,9.84,9.84,9.84,9.84,13.16,12.65,91,91,81,20,20,13,5.16,0.0,0.0,0.0,0.0,0.0,0.0,23.6,53,0,125,ON,OFF,ON,0,34.2,30,0,13492,OFF,OFF,29.4,29.5,10.34,29.4,19.36,9.0,6.0,89.94,38.0,59.17,16,72,22,12.5,3,99,OFF,OFF,100,100,6.106,1.268,1,0,ON,ON,0.922,4.372,0,0,OFF,OFF,16396,742,100,100,0,0.156,70,576,7.9,65,15.2,0,24.5,44,5.756,11.4,657,96,9.3,62.16466,378457,93,67,7.5,2,0,0.492,75,24.72,32.65,25.06,96,17.5,0.5642,9,44,0,31.4,0,0,0
2021-09-04,07:49:24,9.84,9.84,9.84,9.84,13.16,12.65,91,91,81,20,20,13,5.16,0.0,0.0,0.0,0.0,0.0,0.0,23.6,53,0,125,ON,OFF,ON,0,34.2,30,0,13492,OFF,OFF,29.4,29.5,10.34,29.4,19.36,9.0,6.0,89.94,38.0,59.17,17,72,22,12.5,3,99,OFF,OFF,100,100,6.106,1.268,1,0,ON,ON,0.922,4.372,0,0,OFF,OFF,16396,847,100,100,0,0.156,70,576,7.9,65,15.2,0,24.5,44,5.756,11.4,657,96,9.3,62.16466,378457,93,67,7.5,2,0,0.492,75,24.72,32.65,25.06,96,17.5,0.5642,9,44,0,31.4,0,0,0
2021-09-04,07:49:54,9.84,9.84,9.84,9.84,13.16,12.65,91,91,81,20,20,13,5.16,0.0,0.0,0.0,0.0,0.0,0.0,23.6,53,0,125,ON,OFF,ON,0,34.2,30,0,13492,OFF,OFF,29.4,29.5,10.34,29.4,20.02,9.0,6.0,89.94,38.0,59.17,17,72,22,12.5,3,99,OFF,OFF,100,100,6.106,1.268,1,0,ON,ON,0.922,4.372,0,0,OFF,OFF,16396,847,100,100,0,0.156,70,576,7.9,65,15.2,0,24.5,44,5.756,11.4,657,96,9.3,62.16466,378457,93,67,7.5,2,0,0.492,75,24.72,32.65,25.06,96,17.5,0.5642,9,44,0,31.4,0,0,0
2021-09-04,07:50:24,9.84,9.84,9.84,9.84,13.16,12.65,91,91,81,20,20,13,5.16,0.0,0.0,0.0,0.0,0.0,0.0,23.6,53,0,125,ON,OFF,ON,0,34.2,30,0,13492,OFF,OFF,29.4,29.5,10.34,29.4,20.02,9.0,6.0,89.94,38.0,59.17,17,72,22,12.5,3,99,OFF,OFF,100,100,6.106,1.268,1,0,ON,ON,0.922,4.372,0,0,OFF,OFF,16396,847,100,100,0,0.156,70,576,7.9,65,15.2,0,24.5,44,5.756,11.4,657,96,9.3,62.16466,378457,93,67,7.5,2,0,0.492,75,24.72,32.65,25.06,96,17.5,0.5642,9,44,0,31.4,0,0,0
2021-09-04,07:50:54,9.84,9.84,9.84,9.84,13.16,12.65,91,91,81,20,20,13,5.16,0.0,0.0,0.0,0.0,0.0,0.0,23.6,53,0,125,ON,OFF,ON,0,34.2,30,0,13492,OFF,OFF,29.4,29.5,10.34,29.4,20.02,9.0,6.0,89.94,38.0,59.17,17,72,22,12.5,3,99,OFF,OFF,100,100,6.106,1.268,1,0,ON,ON,0.922,4.372,0,0,OFF,OFF,16396,847,100,100,0,0.156,70,576,7.9,65,15.2,0,24.5,44,5.756,11.4,657,96,9.3,62.16466,378457,93,67,7.5,2,0,0.492,75,24.72,32.65,25.06,96,17.5,0.5642,9,44,0,31.4,0,0,0
2021-09-04,07:51:24,9.84,9.84,9.84,9.84,13.16,12.65,91,91,81,20,20,13,5.16,0.0,0.0,0.0,0.0,0.0,0.0,23.6,53,0,125,ON,OFF,ON,0,34.2,30,0,13492,OFF,OFF,29.4,29.5,10.34,29.4,20.02,9.0,6.0,89.94,38.0,59.17,17,71,22,12.5,3,99,OFF,OFF,100,100,6.106,1.268,1,0,ON,ON,0.922,4.372,0,0,OFF,OFF,16396,847,100,100,0,0.156,70,576,7.9,65,15.2,0,24.5,44,5.756,11.4,657,96,9.3,62.16466,378457,93,67,7.5,2,0,0.492,75,24.72,32.65,25.06,96,17.5,0.5642,9,44,0,31.4,0,0,0
2021-09-04,07:51:54,9.84,9.84,9.84,9.84,13.16,12.65,91,91,81,20,20,13,5.16,0.0,0.0,0.0,0.0,0.0,0.0,23.6,53,0,125,ON,OFF,ON,0,34.2,30,0,13492,OFF,OFF,29.4,29.5,10.34,29.4,20.02,9.0,6.0,89.94,38.0,59.17,17,71,22,12.5,3,99,OFF,OFF,100,100,6.106,1.268,1,0,ON,ON,0.922,4.372,0,0,OFF,OFF,16396,847,100,100,0,0.156,70,576,7.9,65,15.2,0,24.5,44,5.756,11.4,657,96,9.3,62.16466,378457,93,67,7.5,2,0,0.492,75,24.72,32.65,25.06,96,17.5,0.5642,9,44,0,31.4,0,0,0
2021-09-04,07:52:24,9.84,9.84,9.84,9.84,13.16,12.65,91,91,81,20,20,13,5.16,0.0,0.0,0.0,0.0,0.0,0.0,23.6,53,0,125,ON,OFF,ON,0,34.2,30,0,13492,OFF,OFF,29.4,29.5,11,29.4,20.68,9.0,6.0,89.94,38.0,59.17,17,71,22,12.5,3,99,OFF,OFF,100,100,6.106,1.268,1,0,ON,ON,0.922,4.372,0,0,OFF,OFF,16396,847,100,100,0,0.156,70,576,7.9,65,15.2,0,24.5,44,5.756,11.4,657,96,9.3,62.16466,378457,93,67,7.5,2,0,0.492,75,24.72,32.65,25.06,96,17.5,0.5642,9,44,0,31.4,0,0,0
2021-09-04,07:52:54,9.84,9.84,9.84,9.84,13.16,12.65,91,91,81,20,20,13,5.16,0.0,0.0,0.0,0.0,0.0,0.0,23.6,53,0,125,ON,OFF,ON,0,34.2,30,0,13492,OFF,OFF,29.4,29.5,11,29.4,20.68,9.0,6.0,89.94,38.0,54.13,17,71,22,13.5,3,99,OFF,OFF,100,100,6.106,1.268,1,0,ON,ON,0.922,4.372,0,0,OFF,OFF,16396,847,100,100,0,0.156,70,576,7.9,65,15.2,0,24.5,44,5.756,11.4,657,96,9.3,62.16466,378457,93,67,7.5,2,0,0.492,75,24.72,32.65,25.06,96,17.5,0.5642,9,44,0,31.4,0,0,0
2021-09-04,07:53:24,9.84,9.84,9.84,9.84,13.16,12.65,91,91,81,20,20,13,5.16,0.0,0.0,0.0,0.0,0.0,0.0,23.6,53,0,125,ON,OFF,ON,0,34.2,30,0,13492,OFF,OFF,29.4,29.5,11,29.4,20.68,9.0,6.0,89.94,38.0,54.13,17,70,22,13.5,3,99,OFF,OFF,100,100,6.106,1.268,1,0,ON,ON,0.922,4.372,0,0,OFF,OFF,16396,947,100,100,0,0.156,70,576,7.9,65,15.2,0,24.5,44,5.756,11.4,657,96,9.3,62.16466,378457,93,67,7.5,2,0,0.492,75,24.72,32.65,25.06,96,17.5,0.5642,9,44,0,31.4,0,0,0
2021-09-04,07:53:54,9.84,9.84,9.84,9.84,13.16,12.65,91,91,81,20,20,13,5.16,0.0,0.0,0.0,0.0,0.0,0.0,23.6,53,0,125,ON,OFF,ON,0,34.2,30,0,13492,OFF,OFF,29.4,29.5,11,29.4,20.68,9.0,6.0,89.94,38.0,54.13,17,70,22,13.5,3,99,OFF,OFF,100,100,6.106,1.268,1,0,ON,ON,0.922,4.372,0,0,OFF,OFF,16396,947,100,100,0,0.156,70,576,7.9,65,15.2,0,24.5,44,5.756,11.4,657,96,9.3,62.16466,378457,93,67,7.5,2,0,0.492,75,24.72,32.65,25.06,96,17.5,0.5642,9,44,0,31.4,0,0,0
2021-09-04,07:54:24,9.84,9.84,9.84,9.84,13.16,12.65,91,91,81,20,20,13,5.16,0.0,0.0,0.0,0.0,0.0,0.0,23.6,53,0,125,ON,OFF,ON,0,34.2,30,0,13492,OFF,OFF,29.4,29.5,11,29.4,20.68,9.0,6.0,89.94,38.0,54.13,17,70,22,13.5,3,99,OFF,OFF,100,100,6.106,1.268,1,0,ON,ON,0.922,4.372,0,0,OFF,OFF,21775,947,100,100,0,0.156,70,576,7.9,65,15.2,0,24.5,44,5.756,11.4,657,96,9.3,62.16466,378457,93,67,7.5,2,0,0.492,75,24.72,32.15,25.06,96,17.5,0.5642,9,44,0,31.4,0,0,0
2021-09-04,07:55:11,9.84,9.84,9.84,9.84,13.16,12.65,91,91,81,20,20,13,5.16,0.0,0.0,0.0,0.0,0.0,0.0,23.6,53,0,125,ON,OFF,ON,0,34.2,30,0,13492,OFF,OFF,29.4,29.5,11,29.4,21.34,9.0,6.0,89.94,38.0,54.13,17,70,22,13.5,3,99,OFF,OFF,100,100,6.106,1.268,1,0,ON,ON,0.922,4.372,0,0,OFF,OFF,21775,947,100,100,0,0.156,70,576,7.9,65,15.2,0,24.5,44,5.756,11.4,657,96,9.3,62.16466,378457,93,67,7.5,2,0,0.492,75,24.72,32.15,25.06,96,17.5,0.5642,9,44,0,31.4,0,0,0
2021-09-04,07:55:41,9.84,9.84,9.84,9.84,13.16,12.65,91,91,81,20,20,13,5.16,0.0,0.0,0.0,0.0,0.0,0.0,23.6,53,0,125,ON,OFF,ON,0,34.2,30,0,13492,OFF,OFF,29.4,29.5,11,29.4,21.34,9.0,6.0,89.94,38.0,54.13,18,70,22,13.5,3,99,OFF,OFF,100,100,6.106,1.268,1,0,ON,ON,0.922,4.372,0,0,OFF,OFF,21775,947,100,100,0,0.156,70,576,7.9,65,15.2,0,24.5,44,5.756,11.4,657,96,9.3,62.16466,378457,93,67,7.5,2,0,0.492,75,24.72,32.15,25.06,96,17.5,0.5642,9,44,0,31.4,0,0,0
2021-09-04,07:56:11,9.84,9.84,9.84,9.84,13.16,12.65,91,91,81,20,20,13,5.16,0.0,0.0,0.0,0.0,0.0,0.0,23.6,53,0,125,ON,OFF,ON,0,34.2,30,0,13492,OFF,OFF,29.4,29.5,11,29.4,21.34,9.0,6.0,89.94,38.0,54.13,18,70,22,13.5,3,99,OFF,OFF,100,100,6.106,1.268,1,0,ON,ON,0.922,4.372,0,0,OFF,OFF,21775,947,100,100,0,0.156,70,576,7.9,65,15.2,0,24.5,44,5.756,11.4,657,96,9.3,62.16466,378457,93,67,7.5,2,0,0.492,75,24.72,32.15,25.06,96,17.5,0.5642,9,44,0,31.4,0,0,0
2021-09-04,07:56:41,9.84,9.84,9.84,9.84,13.16,12.65,91,91,81,20,20,13,5.16,0.0,0.0,0.0,0.0,0.0,0.0,23.6,53,0,125,ON,OFF,ON,0,34.2,30,0,13492,OFF,OFF,29.4,29.5,11,29.4,21.34,9.0,6.0,89.94,38.0,54.13,18,70,22,13.5,3,99,OFF,OFF,100,100,6.106,1.268,1,0,ON,ON,0.922,4.372,0,0,OFF,OFF,21775,947,100,100,0,0.156,70,576,7.9,65,15.2,0,24.5,44,5.756,11.4,657,96,9.3,62.16466,378457,93,67,7.5,2,0,0.492,75,24.72,32.15,25.06,96,17.5,0.5642,9,44,0,31.4,0,0,0
2021-09-04,07:57:11,9.84,9.84,9.84,9.84,13.16,12.65,91,91,81,20,20,13,5.16,0.0,0.0,0.0,0.0,0.0,0.0,23.6,53,0,125,ON,OFF,ON,0,34.2,30,0,13492,OFF,OFF,29.4,29.5,11,29.4,21.34,9.0,6.0,89.94,38.0,54.13,18,70,22,13.5,3,99,OFF,OFF,100,100,6.106,1.268,1,0,ON,ON,0.922,4.372,0,0,OFF,OFF,21775,947,100,100,0,0.156,70,576,7.9,65,15.2,0,24.5,44,5.756,11.4,657,96,9.3,62.16466,378457,93,67,7.5,2,0,0.492,75,24.72,32.15,25.06,96,17.5,0.5642,9,44,0,31.4,0,0,0
2021-09-04,07:57:41,9.84,9.84,9.84,9.84,13.16,12.65,91,91,81,20,20,13,5.16,0.0,0.0,0.0,0.0,0.0,0.0,23.6,53,0,125,ON,OFF,ON,0,34.2,30,0,13492,OFF,OFF,29.4,29.5,11,29.4,22,9.0,6.0,89.94,38.0,54.13,18,69,22,13.5,3,99,OFF,OFF,100,100,6.106,1.268,1,0,ON,ON,0.922,4.372,0,0,OFF,OFF,21775,947,100,100,0,0.156,70,576,8.4,62,15.5,0,24.3,44,5.756,11.2,657,96,9.3,62.16466,378457,93,67,7.5,2,0,0.492,75,24.72,32.15,25.06,96,17.5,0.5642,9,44,0,31.4,0,0,0
2021-09-04,07:58:11,9.84,9.84,9.84,9.84,13.16,12.65,91,91,81,20,20,13,5.16,0.0,0.0,0.0,0.0,0.0,0.0,23.6,53,0,125,ON,OFF,ON,0,34.2,30,0,13492,OFF,OFF,29.4,29.5,11,29.4,22,9.0,6.0,89.94,38.0,54.13,18,69,22,13.5,3,99,OFF,OFF,100,100,6.106,1.268,1,0,ON,ON,0.922,4.372,0,0,OFF,OFF,21775,947,100,100,0,0.156,70,576,8.4,62,15.5,0,24.3,44,5.756,11.2,657,96,9.3,62.16466,378457,93,67,7.5,2,0,0.492,75,24.72,32.15,25.06,96,17.5,0.5642,9,44,0,31.4,0,0,0
2021-09-04,07:58:41,9.84,9.84,9.84,9.84,13.16,12.65,91,91,81,20,20,13,5.16,0.0,0.0,0.0,0.0,0.0,0.0,23.6,53,0,125,ON,OFF,ON,0,34.2,30,0,13492,OFF,OFF,29.4,29.5,11,29.4,22,9.0,6.0,89.94,38.0,54.13,18,69,22,13.5,3,99,OFF,OFF,100,100,6.106,1.268,1,0,ON,ON,0.922,4.372,0,0,OFF,OFF,21775,1048,100,100,0,0.156,70,576,8.4,62,15.5,0,24.3,44,5.756,11.2,657,96,9.3,62.16466,378457,93,67,7.5,2,0,0.492,75,24.72,32.15,25.06,96,17.5,0.5642,9,44,0,31.4,0,0,0
2021-09-04,07:59:11,9.84,9.84,9.84,9.84,13.16,12.65,91,91,81,20,20,13,5.16,0.0,0.0,0.0,0.0,0.0,0.0,23.6,53,0,125,ON,OFF,ON,0,34.2,30,0,13492,OFF,OFF,29.4,29.5,11,29.4,22,9.0,6.0,89.94,38.0,54.13,18,69,22,14,3,99,OFF,OFF,100,100,6.106,1.268,1,0,ON,ON,0.922,4.372,0,0,OFF,OFF,21775,1048,100,100,0,0.156,70,576,8.4,62,15.5,0,24.3,44,5.756,11.2,657,96,9.3,62.16466,378457,93,67,7.5,2,0,0.492,75,24.72,32.15,25.06,96,17.5,0.5642,9,44,0,31.4,0,0,0
2021-09-04,07:59:41,9.84,9.84,9.84,9.84,13.16,12.65,91,91,81,20,20,13,5.16,0.0,0.0,0.0,0.0,0.0,0.0,23.6,53,0,125,ON,OFF,ON,0,34.2,30,0,13492,OFF,OFF,29.4,29.5,11,29.4,22,9.0,6.0,89.94,38.0,54.13,18,68,22,14,3,99,OFF,OFF,100,100,6.106,1.268,1,0,ON,ON,0.922,4.372,0,0,OFF,OFF,21775,1048,100,100,0,0.156,70,576,8.4,62,15.7,0,24.3,44,5.756,11.2,657,96,9.3,62.16466,378457,93,67,7.5,2,0,0.492,75,24.72,32.15,25.06,96,17.5,0.5642,9,44,0,31.4,0,0,0
2021-09-04,08:00:11,9.84,9.84,9.84,9.84,13.16,12.65,91,91,81,20,20,13,5.16,0.0,0.0,0.0,0.0,0.0,0.0,23.6,53,0,125,ON,OFF,ON,0,34.2,30,0,13492,OFF,OFF,29.4,29.5,11,29.4,22,9.0,6.0,89.94,38.0,54.13,18,68,22,14,3,99,OFF,OFF,100,100,6.106,1.268,1,0,ON,ON,0.922,4.372,0,0,OFF,OFF,21775,1048,100,100,0,0.156,70,576,8.4,62,15.7,0,24.3,44,5.756,11.2,657,96,9.3,62.16466,378457,93,67,7.5,2,0,0.492,75,24.72,32.15,25.06,96,17.5,0.5642,9,44,0,31.4,0,0,0
2021-09-04,08:00:41,9.84,9.84,9.84,9.84,13.16,12.65,91,91,81,20,20,13,5.16,0.0,0.0,0.0,0.0,0.0,0.0,23.6,53,0,125,ON,OFF,ON,0,34.2,30,0,13492,OFF,OFF,29.4,29.5,11,29.4,22.66,9.0,6.0,89.94,38.0,49.11,18,68,22,14,3,99,OFF,OFF,100,100,6.106,1.268,1,0,ON,ON,0.922,4.372,0,0,OFF,OFF,21775,1048,100,100,0,0.156,70,576,8.4,62,15.7,0,24.3,44,5.756,11.2,657,96,9.3,62.16466,378457,93,67,7.5,2,0,0.492,75,24.72,32.15,25.06,96,17.5,0.5642,9,44,0,31.4,0,0,0
2021-09-04,08:01:11,9.84,9.84,9.84,9.84,13.16,12.65,91,91,81,20,20,13,5.16,0.0,0.0,0.0,0.0,0.0,0.0,23.6,53,0,125,ON,OFF,ON,0,34.2,30,0,13492,OFF,OFF,29.4,29.5,11,29.4,22.66,9.0,6.0,89.94,38.0,49.11,18,68,22,14,3,99,OFF,OFF,100,100,6.106,1.268,1,0,ON,ON,0.922,4.372,0,0,OFF,OFF,21775,1048,100,100,0,0.156,70,576,8.4,62,15.7,0,24.3,44,5.756,11.2,657,96,9.3,62.16466,378457,93,67,7.5,2,0,0.492,75,24.72,32.15,25.06,96,17.5,0.5642,9,44,0,31.4,0,0,0
2021-09-04,08:01:41,9.84,9.84,9.84,9.84,13.16,12.65,91,91,81,20,20,13,5.16,0.0,0.0,0.0,0.0,0.0,0.0,23.6,53,0,125,ON,OFF,ON,0,34.2,30,0,13492,OFF,OFF,29.4,29.5,11,29.4,22.66,9.0,6.0,89.94,38.0,49.11,19,68,22,14,3,99,OFF,OFF,100,100,6.106,1.268,1,0,ON,ON,0.922,4.372,0,0,OFF,OFF,21775,1048,100,100,0,0.156,70,576,8.4,62,15.7,0,24.3,44,5.756,11.2,657,96,9.3,62.16466,378457,93,67,7.5,2,0,0.492,75,24.72,32.15,25.06,96,17.5,0.5642,9,44,0,31.4,0,0,0
2021-09-04,08:02:11,9.84,9.84,9.84,9.84,13.16,12.65,91,91,81,20,20,13,5.16,0.0,0.0,0.0,0.0,0.0,0.0,23.6,53,0,125,ON,OFF,ON,0,34.2,30,0,13492,OFF,OFF,29.4,29.5,11.66,29.4,22.66,9.0,6.0,89.94,38.0,49.11,19,68,22,14,3,99,OFF,OFF,100,100,6.106,1.268,1,0,ON,ON,0.922,4.372,0,0,OFF,OFF,21775,1048,100,100,0,0.156,70,576,8.4,62,15.7,0,24.3,44,5.756,11.2,657,96,9.3,62.16466,378457,93,67,7.5,2,0,0.492,75,24.72,32.15,25.06,96,17.5,0.5642,9,44,0,31.4,0,0,0
2021-09-04,08:02:41,9.84,9.84,9.84,9.84,13.16,12.65,91,91,81,20,20,13,5.16,0.0,0.0,0.0,0.0,0.0,0.0,23.6,53,0,125,ON,OFF,ON,0,34.2,30,0,13492,OFF,OFF,29.4,29.5,11.66,29.4,22.66,9.0,6.0,89.94,38.0,49.11,19,68,22,14,3,99,OFF,OFF,100,100,6.106,1.268,1,0,ON,ON,0.922,4.372,0,0,OFF,OFF,21775,1048,100,100,0,0.156,70,576,8.4,62,15.7,0,24.3,44,5.756,11.2,657,96,9.3,62.16466,378457,93,67,7.5,2,0,0.492,75,24.72,32.15,25.06,96,17.5,0.5642,9,44,0,31.4,0,0,0
2021-09-04,08:03:11,9.84,9.84,9.84,9.84,13.16,12.65,91,91,81,20,20,13,5.16,0.0,0.0,0.0,0.0,0.0,0.0,23.6,53,0,125,ON,OFF,ON,0,34.2,30,0,13492,OFF,OFF,29.4,29.5,11.66,29.4,22.66,9.0,6.0,89.94,38.0,49.11,19,68,22,14,3,99,OFF,OFF,100,100,6.107,1.268,1,0,ON,ON,0.922,4.372,0,0,OFF,OFF,21775,1048,100,100,0,0.156,70,576,8.4,62,15.7,0,24.3,44,5.756,11.2,657,96,9.3,62.16466,378457,93,67,7.5,2,0,0.492,75,24.72,32.15,25.06,96,17.5,0.5642,9,44,0,31.4,0,0,0
2021-09-04,08:03:40,9.84,9.84,9.84,9.84,13.16,12.65,91,91,81,20,20,13,5.16,0.0,0.0,0.0,0.0,0.0,0.0,23.6,53,0,125,ON,OFF,ON,0,34.2,30,0,13492,OFF,OFF,29.4,29.5,11.66,29.4,23.32,9.0,6.0,89.94,38.0,49.11,19,68,22,14,3,99,OFF,OFF,100,100,6.107,1.268,1,0,ON,ON,0.922,4.372,0,0,OFF,OFF,21775,1048,100,100,0,0.156,70,576,8.4,62,15.7,0,24.3,44,5.756,11.2,657,96,9.3,62.16466,378457,93,67,7.5,2,0,0.492,75,24.72,32.15,25.06,96,17.5,0.5642,9,44,0,31.4,0,0,0
2021-09-04,08:04:10,9.84,9.84,9.84,9.84,13.16,12.65,91,91,81,20,20,13,5.16,0.0,0.0,0.0,0.0,0.0,0.0,23.6,53,0,125,ON,OFF,ON,0,34.2,30,0,13492,OFF,OFF,29.4,29.5,11.66,29.4,23.32,9.0,6.0,89.94,38.0,49.11,19,68,22,14,3,99,OFF,OFF,100,100,6.107,1.268,1,0,ON,ON,0.922,4.372,0,0,OFF,OFF,21775,1048,100,100,0,0.156,70,576,8.4,62,15.7,0,24.3,44,5.756,11.2,657,96,9.3,62.16466,378457,93,67,7.5,2,0,0.492,75,24.72,32.15,25.06,96,17.5,0.5642,9,44,0,31.4,0,0,0
2021-09-04,08:04:44,9.84,9.84,9.84,9.84,13.16,12.65,91,91,81,20,20,13,5.16,0.0,0.0,0.0,0.0,0.0,0.0,23.6,53,0,125,ON,OFF,ON,0,34.2,30,0,13492,OFF,OFF,29.4,29.5,11.66,29.4,23.32,9.0,6.0,89.94,38.0,49.11,19,68,22,14,3,99,OFF,OFF,100,100,6.107,1.268,1,0,ON,ON,0.922,4.372,0,0,OFF,OFF,21775,1048,100,100,0,0.156,70,576,8.4,62,15.7,0,24.3,44,5.756,11.2,657,96,9.3,62.16466,378457,93,67,7.5,2,0,0.492,75,24.72,32.15,25.06,96,17.5,0.5642,9,44,0,31.4,0,0,0
2021-09-04,08:05:14,9.84,9.84,9.84,9.84,13.16,12.65,91,91,81,20,20,13,5.16,0.0,0.0,0.0,0.0,0.0,0.0,23.6,53,0,125,ON,OFF,ON,0,34.2,30,0,13492,OFF,OFF,29.4,29.5,11.66,29.4,23.32,9.0,6.0,89.94,38.0,49.11,19,68,22,14,3,99,OFF,OFF,100,100,6.107,1.268,1,0,ON,ON,0.922,4.372,0,0,OFF,OFF,21775,1048,100,100,0,0.156,70,576,8.4,62,15.7,0,24.3,44,5.756,11.2,657,96,9.3,62.16466,378457,93,67,7.5,2,0,0.492,75,24.72,32.15,25.06,96,17.5,0.5642,9,44,0,31.4,0,0,0
2021-09-04,08:05:44,9.84,9.84,9.84,9.84,13.16,12.65,91,91,81,20,20,13,5.16,0.0,0.0,0.0,0.0,0.0,0.0,23.6,53,0,125,ON,OFF,ON,0,34.2,30,0,13492,OFF,OFF,29.4,29.5,11.66,29.4,23.32,9.0,6.0,89.94,38.0,49.11,19,66,22,14,3,99,OFF,OFF,100,100,6.107,1.268,1,0,ON,ON,0.922,4.372,0,0,OFF,OFF,21775,1048,100,100,0,0.156,70,576,8.4,62,15.7,0,24.3,44,5.756,11.2,657,96,9.3,62.16466,378457,93,67,7.5,2,0,0.492,75,24.72,32.15,25.06,96,17.5,0.5642,9,44,0,31.4,0,0,0
2021-09-04,08:06:14,9.84,9.84,9.84,9.84,13.16,12.65,91,91,81,20,20,13,5.16,0.0,0.0,0.0,0.0,0.0,0.0,23.6,53,0,125,ON,OFF,ON,0,34.2,30,0,13492,OFF,OFF,29.4,29.5,11.66,29.4,23.32,9.0,6.0,89.94,38.0,49.11,19,66,22,14,3,99,OFF,OFF,100,100,6.107,1.268,1,0,ON,ON,0.922,4.372,0,0,OFF,OFF,26899,1048,100,100,0,0.156,70,576,8.4,62,15.7,0,24.3,44,5.756,11.2,657,96,9.3,62.16466,378457,93,67,7.5,2,0,0.492,75,24.72,32.15,25.06,96,17.5,0.5642,9,44,0,31.4,0,0,0
2021-09-04,08:06:44,9.84,9.84,9.84,9.84,13.16,12.65,91,91,81,20,20,13,5.16,0.0,0.0,0.0,0.0,0.0,0.0,23.6,53,0,125,ON,OFF,ON,0,34.2,30,0,13492,OFF,OFF,29.4,29.5,11.66,29.4,23.98,9.0,6.0,89.94,38.0,49.11,19,66,22,14,3,99,OFF,OFF,100,100,6.107,1.268,1,0,ON,ON,0.922,4.372,0,0,OFF,OFF,26899,1048,100,100,0,0.156,70,576,8.4,62,15.7,0,24.3,44,5.756,11.2,657,96,9.3,62.16466,378457,93,67,7.5,2,0,0.492,75,24.72,32.15,25.06,96,17.5,0.5642,9,44,0,31.4,0,0,0
2021-09-04,08:07:14,9.84,9.84,9.84,9.84,13.16,12.65,91,91,81,20,20,13,5.16,0.0,0.0,0.0,0.0,0.0,0.0,23.6,53,0,125,ON,OFF,ON,0,34.2,30,0,13492,OFF,OFF,29.4,29.5,11.66,29.4,23.98,9.0,6.0,89.94,38.0,49.11,19,66,22,14,3,99,OFF,OFF,100,100,6.107,1.268,1,0,ON,ON,0.922,4.372,0,0,OFF,OFF,26899,1048,100,100,0,0.156,70,576,8.4,62,15.7,0,24.3,44,5.756,11.2,657,96,9.3,62.16466,378457,93,67,7.5,2,0,0.492,75,24.72,32.15,25.06,96,17.5,0.5642,9,44,0,31.4,0,0,0
2021-09-04,08:07:44,9.84,9.84,9.84,9.84,13.16,12.65,91,91,81,20,20,13,5.16,0.0,0.0,0.0,0.0,0.0,0.0,23.6,53,0,125,ON,OFF,ON,0,34.2,30,0,13492,OFF,OFF,29.4,29.5,11.66,29.4,23.98,9.0,6.0,89.94,38.0,49.11,19,66,22,14,3,99,OFF,OFF,100,100,6.107,1.268,1,0,ON,ON,0.922,4.372,0,0,OFF,OFF,26899,1048,100,100,0,0.156,70,576,8.4,62,16.2,0,24.3,44,5.756,11.2,657,96,9.3,62.16466,378457,93,67,7.5,2,0,0.492,75,24.72,32.15,25.06,96,17.5,0.5642,9,44,0,31.4,0,0,0
2021-09-04,08:08:14,9.84,9.84,9.84,9.84,13.16,12.65,91,91,81,20,20,13,5.16,0.0,0.0,0.0,0.0,0.0,0.0,23.6,53,0,125,ON,OFF,ON,0,34.2,30,0,13492,OFF,OFF,29.4,29.5,11.66,29.4,23.98,9.0,6.0,89.94,38.0,49.11,19,66,22,14,3,99,OFF,OFF,100,100,6.107,1.268,1,0,ON,ON,0.922,4.372,0,0,OFF,OFF,26899,1048,100,100,0,0.156,70,576,8.4,62,16.2,0,24.3,44,5.756,11.2,657,96,9.3,62.16466,378457,93,67,7.5,2,0,0.492,75,24.72,32.15,25.06,96,17.5,0.5642,9,44,0,31.4,0,0,0
2021-09-04,08:08:44,9.84,9.84,9.84,9.84,13.16,12.65,91,91,81,20,20,13,5.16,0.0,0.0,0.0,0.0,0.0,0.0,23.6,53,0,125,ON,OFF,ON,0,34.2,30,0,13492,OFF,OFF,29.4,29.5,11.66,29.4,23.98,9.0,6.0,89.94,38.0,49.11,19,66,22,14.5,3,99,OFF,OFF,100,100,6.107,1.268,1,0,ON,ON,0.922,4.372,0,0,OFF,OFF,26899,1048,100,100,0,0.156,70,576,8.4,62,16.2,0,24.3,44,5.756,11.2,657,96,9.3,62.16466,378457,93,67,7.5,2,0,0.492,75,24.72,32.15,25.06,96,17.5,0.5642,9,44,0,31.4,0,0,0
2021-09-04,08:09:14,9.84,9.84,9.84,9.84,13.16,12.65,91,91,81,20,20,13,5.16,0.0,0.0,0.0,0.0,0.0,0.0,23.6,53,0,125,ON,OFF,ON,0,34.2,30,0,13492,OFF,OFF,29.4,29.5,11.66,29.4,23.98,9.0,6.0,89.94,38.0,49.11,19,66,22,14.5,3,99,OFF,OFF,100,100,6.107,1.268,1,0,ON,ON,0.922,4.372,0,0,OFF,OFF,26899,1048,100,100,0,0.156,70,576,8.4,62,16.2,0,24.3,44,5.756,11.2,657,96,9.3,62.16466,378457,93,67,7.5,2,0,0.492,75,24.72,32.15,25.06,96,17.5,0.5642,9,44,0,31.4,0,0,0
2021-09-04,08:09:44,9.84,9.84,9.84,9.84,13.16,12.65,91,91,81,20,20,13,5.16,0.0,0.0,0.0,0.0,0.0,0.0,23.6,53,0,125,ON,OFF,ON,0,34.2,30,0,13492,OFF,OFF,29.4,29.5,11.66,29.4,24.64,9.0,6.0,89.94,38.0,49.11,19,66,22,14.5,3,99,OFF,OFF,100,100,6.107,1.268,1,0,ON,ON,0.922,4.372,0,0,OFF,OFF,26899,1048,100,100,0,0.156,70,576,8.4,62,16.2,0,24.3,44,0.322,11.2,657,96,9.3,62.16466,378457,93,67,7.5,2,0,0.492,75,24.72,32.15,25.06,96,17.5,0.5642,9,44,0,31.4,0,0,0
2021-09-04,08:10:30,9.84,9.84,9.84,9.84,13.16,12.65,91,91,81,20,20,13,5.16,0.0,0.0,0.0,0.0,0.0,0.0,23.6,53,0,125,ON,OFF,ON,0,34.2,30,0,13492,OFF,OFF,29.4,29.5,12.32,29.4,24.64,9.0,6.0,89.94,38.0,49.11,19,66,22,14.5,3,99,OFF,OFF,100,100,6.107,1.268,1,0,ON,ON,0.922,4.372,0,0,OFF,OFF,26899,1048,100,100,0,0.156,70,576,8.4,62,16.2,0,24.3,44,0.322,11.2,657,96,9.3,62.16466,378457,93,67,7.5,2,0,0.492,75,24.72,32.15,25.06,96,17.5,0.5642,9,44,0,31.4,0,0,0
2021-09-04,08:11:00,9.84,9.84,9.84,9.84,13.16,12.65,91,91,81,20,20,13,5.16,0.0,0.0,0.0,0.0,0.0,0.0,23.6,53,0,125,ON,OFF,ON,0,34.2,30,0,13492,OFF,OFF,29.4,29.5,12.32,29.4,24.64,9.0,6.0,89.94,38.0,49.11,19,66,22,14.5,3,99,OFF,OFF,100,100,6.107,1.268,1,0,ON,ON,0.922,4.372,0,0,OFF,OFF,26899,1048,100,100,0,0.156,70,576,8.4,62,16.2,0,24.3,44,0.322,11.2,657,96,9.3,62.16466,378457,93,67,7.5,2,0,0.492,75,24.72,32.15,25.06,96,17.5,0.5642,9,44,0,31.4,0,0,0
2021-09-04,08:11:30,9.84,9.84,9.84,9.84,13.16,12.65,91,91,81,20,20,13,5.16,0.0,0.0,0.0,0.0,0.0,0.0,23.6,53,0,125,ON,OFF,ON,0,34.2,30,0,13492,OFF,OFF,29.4,29.5,12.32,29.4,24.64,9.0,6.0,89.94,38.0,49.11,20,65,22,14.5,3,99,OFF,OFF,100,100,6.107,1.268,1,0,ON,ON,0.922,4.372,0,0,OFF,OFF,26899,1048,100,100,0,0.156,70,576,8.4,62,16.2,0,24.3,44,0.322,11.2,657,96,9.3,62.16466,378457,93,67,7.5,2,0,0.492,75,24.72,32.15,25.06,96,17.5,0.5642,9,44,0,31.4,0,0,0
2021-09-04,08:12:00,9.84,9.84,9.84,9.84,13.16,12.65,91,91,81,20,20,13,5.16,0.0,0.0,0.0,0.0,0.0,0.0,23.6,53,0,125,ON,OFF,ON,0,34.2,30,0,13492,OFF,OFF,29.4,29.5,12.32,29.4,24.64,9.0,6.0,89.94,38.0,44.11,20,65,22,14.5,3,99,OFF,OFF,100,100,6.107,1.268,1,0,ON,ON,0.922,4.372,0,0,OFF,OFF,26899,1048,100,100,0,0.156,70,576,8.4,62,16.2,0,24.3,44,0.322,11.2,657,96,9.3,62.16466,378457,93,67,7.5,2,0,0.492,75,24.72,32.15,25.06,96,17.5,0.5642,9,44,0,31.4,0,0,0
2021-09-04,08:12:31,9.84,9.84,9.84,9.84,13.16,12.65,91,91,81,20,20,13,5.16,0.0,0.0,0.0,0.0,0.0,0.0,23.6,53,0,125,ON,OFF,ON,0,34.2,30,0,13492,OFF,OFF,29.4,29.5,12.32,29.4,25.3,9.0,6.0,89.94,38.0,44.11,20,65,22,14.5,3,99,OFF,OFF,100,100,6.107,1.268,1,0,ON,ON,0.922,4.372,0,0,OFF,OFF,26899,1048,100,100,0,0.156,70,576,8.4,62,16.2,0,24.3,44,0.322,11.2,657,96,9.3,62.16466,378457,93,67,7.5,2,0,0.492,75,24.72,32.15,25.06,96,17.5,0.5642,9,44,0,31.4,0,0,0
2021-09-04,08:13:01,9.84,9.84,9.84,9.84,13.16,12.65,91,91,81,20,20,13,5.16,0.0,0.0,0.0,0.0,0.0,0.0,23.6,53,0,125,ON,OFF,ON,0,34.2,30,0,13492,OFF,OFF,29.4,29.5,12.32,29.4,25.3,9.0,6.0,89.94,38.0,44.11,20,65,22,14.5,3,99,OFF,OFF,100,100,6.107,1.268,1,0,ON,ON,0.922,4.372,0,0,OFF,OFF,26899,1048,100,100,0,0.156,70,576,8.4,62,16.2,0,24.3,44,0.322,11.2,657,96,9.3,62.16466,378457,93,67,7.5,2,0,0.492,75,24.72,32.15,25.06,96,17.5,0.5642,9,44,0,31.4,0,0,0
2021-09-04,08:13:31,9.84,9.84,9.84,9.84,13.16,12.65,91,91,81,20,20,13,5.16,0.0,0.0,0.0,0.0,0.0,0.0,23.6,53,0,125,ON,OFF,ON,0,34.2,30,0,13492,OFF,OFF,29.4,29.5,12.32,29.4,25.3,9.0,6.0,84.9,38.0,44.11,20,64,22,14.5,3,99,OFF,OFF,100,100,6.107,1.268,1,0,ON,ON,0.922,4.372,0,0,OFF,OFF,26899,1048,100,100,0,0.156,70,576,8.4,62,16.2,0,24.3,44,0.322,11.2,657,96,9.3,62.16466,378457,93,67,7.5,2,0,0.492,75,24.72,32.15,25.06,96,17.5,0.5642,9,44,0,31.4,0,0,0
2021-09-04,08:14:01,9.84,9.84,9.84,9.84,13.16,12.65,91,91,81,20,20,13,5.16,0.0,0.0,0.0,0.0,0.0,0.0,23.6,53,0,125,ON,OFF,ON,0,34.2,30,0,13492,OFF,OFF,29.4,29.5,12.32,29.4,25.3,9.0,6.0,84.9,38.0,44.11,20,64,22,14.5,3,99,OFF,OFF,100,100,6.107,1.268,1,0,ON,ON,0.922,4.372,0,0,OFF,OFF,26899,1048,100,100,0,0.156,70,576,8.4,62,16.2,0,24.3,44,0.322,11.2,657,96,9.3,62.16466,378457,93,67,7.5,2,0,0.492,75,24.72,32.15,25.06,96,17.5,0.5642,9,44,0,31.4,0,0,0
2021-09-04,08:14:31,9.84,9.84,9.84,9.84,13.16,12.65,91,91,81,20,20,13,5.16,0.0,0.0,0.0,0.0,0.0,0.0,23.6,53,0,125,ON,OFF,ON,0,34.2,30,0,13492,OFF,OFF,29.4,29.5,12.32,29.4,25.3,9.0,6.0,84.9,38.0,44.11,20,64,22,14.5,3,99,OFF,OFF,100,100,6.107,1.268,1,0,ON,ON,0.922,4.372,0,0,OFF,OFF,26899,1048,100,100,0,0.156,70,576,8.4,62,16.2,0,24.3,44,0.322,11.2,657,96,9.3,62.16466,378457,93,67,7.5,2,0,0.492,75,24.72,32.15,25.06,96,17.5,0.5642,9,44,0,31.4,0,0,0
2021-09-04,08:15:01,9.84,9.84,9.84,9.84,13.16,12.65,91,91,81,20,20,13,5.16,0.0,0.0,0.0,0.0,0.0,0.0,23.6,53,0,125,ON,OFF,ON,0,34.2,30,0,13492,OFF,OFF,29.4,29.5,12.32,29.4,25.3,9.0,6.0,84.9,38.0,44.11,20,64,22,14.5,3,99,OFF,OFF,100,100,6.107,1.268,1,0,ON,ON,0.922,4.372,0,0,OFF,OFF,26899,1048,100,100,0,0.156,70,576,8.4,62,16.2,0,24.3,44,0.322,11.2,657,96,9.3,62.16466,378457,93,67,7.5,2,0,0.492,75,24.72,32.15,25.06,96,17.5,0.5642,9,44,0,31.4,0,0,0
2021-09-04,08:15:31,9.84,9.84,9.84,9.84,13.16,12.65,91,91,81,20,20,13,5.16,0.0,0.0,0.0,0.0,0.0,0.0,23.6,53,0,125,ON,OFF,ON,0,34.2,30,0,13492,OFF,OFF,29.4,29.5,12.32,29.4,25.96,9.0,6.0,84.9,38.0,44.11,20,64,22,14.5,3,99,OFF,OFF,100,100,6.107,1.268,1,0,ON,ON,0.922,4.372,0,0,OFF,OFF,26899,1048,100,100,0,0.156,70,576,8.4,62,16.7,0,24.3,44,0.322,11.2,657,96,9.3,62.16466,378457,93,67,7.5,2,0,0.492,75,24.72,32.15,25.06,96,17.5,0.5642,9,44,0,31.4,0,0,0
2021-09-04,08:16:01,9.84,9.84,9.84,9.84,13.16,12.65,91,91,81,20,20,13,5.16,0.0,0.0,0.0,0.0,0.0,0.0,23.6,53,0,125,ON,OFF,ON,0,34.2,30,0,13492,OFF,OFF,29.4,29.5,12.32,29.4,25.96,9.0,6.0,84.9,38.0,44.11,20,64,22,15,3,99,OFF,OFF,100,100,6.107,1.268,1,0,ON,ON,0.922,4.372,0,0,OFF,OFF,26899,1048,100,100,0,0.156,70,576,8.4,62,16.7,0,24.3,44,0.322,11.2,657,96,9.3,62.16466,378457,93,67,7.5,2,0,0.492,75,24.72,32.15,25.06,96,17.5,0.5642,9,44,0,31.4,0,0,0
2021-09-04,08:16:31,9.84,9.84,9.84,9.84,13.16,12.65,91,91,81,20,20,13,5.16,0.0,0.0,0.0,0.0,0.0,0.0,23.6,53,0,125,ON,OFF,ON,0,34.2,30,0,13492,OFF,OFF,29.4,29.5,12.32,29.4,25.96,9.0,6.0,84.9,38.0,44.11,20,64,22,15,3,99,OFF,OFF,100,100,6.107,1.268,1,0,ON,ON,0.922,4.372,0,0,OFF,OFF,26899,1048,100,100,0,0.156,70,576,8.4,62,16.7,0,24.3,44,0.322,11.2,657,96,9.3,62.16466,378457,93,67,7.5,2,0,0.492,75,24.72,32.15,25.06,96,17.5,0.5642,9,44,0,31.4,0,0,0
2021-09-04,08:17:01,9.84,9.84,9.84,9.84,13.16,12.65,91,91,81,20,20,13,5.16,0.0,0.0,0.0,0.0,0.0,0.0,23.6,53,0,125,ON,OFF,ON,0,34.2,30,0,13492,OFF,OFF,29.4,29.5,12.32,29.4,25.96,9.0,6.0,84.9,38.0,44.11,20,64,22,15,3,99,OFF,OFF,100,100,6.107,1.268,1,0,ON,ON,0.922,4.372,0,0,OFF,OFF,26899,1048,100,100,0,0.156,70,576,8.4,62,16.7,0,24.3,44,0.322,11.2,657,96,9.3,62.16466,378457,93,67,7.5,2,0,0.492,75,24.72,32.15,25.06,96,17.5,0.5642,9,44,0,31.4,0,0,0
2021-09-04,08:17:31,9.84,9.84,9.84,9.84,13.16,12.65,91,91,81,20,20,13,5.16,0.0,0.0,0.0,0.0,0.0,0.0,23.6,53,0,125,ON,OFF,ON,0,34.2,30,0,13492,OFF,OFF,29.4,29.5,12.32,29.4,25.96,9.0,6.0,84.9,38.0,44.11,20,62,22,15,3,99,OFF,OFF,100,100,6.107,1.268,1,0,ON,ON,0.922,4.372,0,0,OFF,OFF,32281,1048,100,100,0,0.156,70,576,8.4,62,16.7,0,24.3,44,0.322,11.2,657,96,9.3,62.16466,378457,93,67,7.5,2,0,0.492,75,24.72,32.15,25.06,96,17.5,0.5642,9,44,0,31.4,0,0,0
2021-09-04,08:18:01,9.84,9.84,9.84,9.84,13.16,12.65,91,91,81,20,20,13,5.16,0.0,0.0,0.0,0.0,0.0,0.0,23.6,53,0,125,ON,OFF,ON,0,34.2,30,0,13492,OFF,OFF,29.4,29.5,12.32,29.4,26.62,9.0,6.0,84.9,38.0,44.11,20,62,22,15,3,99,OFF,OFF,100,100,6.107,1.268,1,0,ON,ON,0.922,4.372,0,0,OFF,OFF,32281,1048,100,100,0,0.156,70,576,8.4,62,16.7,0,24.3,44,0.322,11.2,657,96,9.3,62.16466,378457,93,67,7.5,2,0,0.492,75,24.72,32.15,25.06,96,17.5,0.5642,9,44,0,31.4,0,0,0
2021-09-04,08:18:31,9.84,9.84,9.84,9.84,13.16,12.65,91,91,81,20,20,13,5.16,0.0,0.0,0.0,0.0,0.0,0.0,23.6,53,0,125,ON,OFF,ON,0,34.2,30,0,13492,OFF,OFF,29.4,29.5,12.98,29.4,26.62,9.0,6.0,84.9,38.0,44.11,20,62,22,15,3,99,OFF,OFF,100,100,6.107,1.268,1,0,ON,ON,0.922,4.372,0,0,OFF,OFF,32281,1048,100,100,0,0.156,70,576,8.4,62,16.7,0,24.3,44,0.322,11.2,657,96,9.3,62.16466,378457,93,67,7.5,2,0,0.492,75,24.72,32.15,25.06,96,17.5,0.5642,9,44,0,31.4,0,0,0
2021-09-04,08:19:01,9.84,9.84,9.84,9.84,13.16,12.65,91,91,81,20,20,13,5.16,0.0,0.0,0.0,0.0,0.0,0.0,23.6,53,0,125,ON,OFF,ON,0,34.2,30,0,13492,OFF,OFF,29.4,29.5,12.98,29.4,26.62,9.0,6.0,84.9,38.0,44.11,20,62,22,15,3,99,OFF,OFF,100,100,6.107,1.268,1,0,ON,ON,0.922,4.372,0,0,OFF,OFF,32281,1048,100,100,0,0.156,70,576,8.4,62,16.7,0,24.3,44,0.322,11.2,657,96,9.3,62.16466,378457,93,67,7.5,2,0,0.492,75,24.72,32.15,25.06,96,17.5,0.5642,9,44,0,31.4,0,0,0
2021-09-04,08:19:31,9.84,9.84,9.84,9.84,13.16,12.65,91,91,81,20,20,13,5.16,0.0,0.0,0.0,0.0,0.0,0.0,23.6,53,0,125,ON,OFF,ON,0,34.2,30,0,13492,OFF,OFF,29.4,29.5,12.98,29.4,26.62,9.0,6.0,84.9,38.0,44.11,21,62,22,15,3,99,OFF,OFF,100,100,6.107,1.268,1,0,ON,ON,0.922,4.372,0,0,OFF,OFF,32281,1048,100,100,0,0.156,70,576,8.4,62,16.7,0,24.3,44,0.322,11.2,657,96,9.3,62.16466,378457,93,67,7.5,2,0,0.492,75,24.72,32.15,25.06,96,17.5,0.5642,9,44,0,31.4,0,0,0
2021-09-04,08:20:01,9.84,9.84,9.84,9.84,13.16,12.65,91,91,81,20,20,13,5.16,0.0,0.0,0.0,0.0,0.0,0.0,23.6,53,0,125,ON,OFF,ON,0,34.2,30,0,13492,OFF,OFF,29.4,29.5,12.98,29.4,26.62,9.0,6.0,84.9,38.0,44.11,21,62,22,15,3,99,OFF,OFF,100,100,6.107,1.268,1,0,ON,ON,0.922,4.372,0,0,OFF,OFF,32281,1048,100,100,0,0.156,70,576,8.4,62,16.7,0,24.3,44,0.322,11.2,657,96,9.3,62.16466,378457,93,67,7.5,2,0,0.492,75,24.72,32.15,25.06,96,17.5,0.5642,9,44,0,31.4,0,0,0
2021-09-04,08:20:31,9.84,9.84,9.84,9.84,13.16,12.65,91,91,81,20,20,13,5.16,0.0,0.0,0.0,0.0,0.0,0.0,23.6,53,0,125,ON,OFF,ON,0,34.2,30,0,13492,OFF,OFF,29.4,29.5,12.98,29.4,27.28,9.0,6.0,84.9,38.0,44.11,21,62,22,15.5,3,99,OFF,OFF,100,100,6.107,1.268,1,0,ON,ON,0.922,4.372,0,0,OFF,OFF,32281,1048,100,100,0,0.156,70,576,8.4,62,16.7,0,24.3,44,0.322,11.2,657,96,9.3,62.16466,378457,93,67,7.5,2,0,0.492,75,24.72,32.15,25.06,96,17.5,0.5642,9,44,0,31.4,0,0,0
2021-09-04,08:21:01,9.84,9.84,9.84,9.84,13.16,12.65,91,91,81,20,20,13,5.16,0.0,0.0,0.0,0.0,0.0,0.0,23.6,53,0,125,ON,OFF,ON,0,34.2,30,0,13492,OFF,OFF,29.4,29.5,12.98,29.4,27.28,9.0,6.0,84.9,38.0,44.11,21,62,22,15.5,3,99,OFF,OFF,100,100,6.107,1.268,1,0,ON,ON,0.922,4.372,0,0,OFF,OFF,32281,1048,100,100,0,0.156,70,576,8.4,62,16.7,0,24.3,44,0.322,11.2,657,96,9.3,62.16466,378457,93,67,7.5,2,0,0.492,75,24.72,32.15,25.06,96,17.5,0.5642,9,44,0,31.4,0,0,0
2021-09-04,08:21:31,9.84,9.84,9.84,9.84,13.16,12.65,91,91,81,20,20,13,5.16,0.0,0.0,0.0,0.0,0.0,0.0,23.6,53,0,125,ON,OFF,ON,0,34.2,30,0,13492,OFF,OFF,29.4,29.5,12.98,29.4,27.28,9.0,6.0,84.9,38.0,44.11,21,61,22,15.5,3,99,OFF,OFF,100,100,6.107,1.268,1,0,ON,ON,0.922,4.372,0,0,OFF,OFF,32281,1048,100,100,0,0.156,70,576,8.4,62,17.2,0,24.3,44,0.322,11.2,657,96,9.3,62.16466,378457,93,67,7.5,2,0,0.492,75,24.72,32.15,25.06,96,17.5,0.5642,9,44,0,31.4,0,0,0
2021-09-04,08:22:01,9.84,9.84,9.84,9.84,13.16,12.65,91,91,81,20,20,13,5.16,0.0,0.0,0.0,0.0,0.0,0.0,23.6,53,0,125,ON,OFF,ON,0,34.2,30,0,13492,OFF,OFF,29.4,29.5,12.98,29.4,27.28,9.0,6.0,84.9,38.0,44.11,21,61,22,15.5,3,99,OFF,OFF,100,100,6.107,1.268,1,0,ON,ON,0.922,4.372,0,0,OFF,OFF,32281,1048,100,100,0,0.156,70,576,8.4,62,17.2,0,24.3,44,0.322,11.2,657,96,9.3,62.16466,378457,93,67,7.5,2,0,0.492,75,24.72,32.15,25.06,96,17.5,0.5642,9,44,0,31.4,0,0,0
2021-09-04,08:22:31,9.84,9.84,9.84,9.84,13.16,12.65,91,91,81,20,20,13,5.16,0.0,0.0,0.0,0.0,0.0,0.0,23.6,53,0,125,ON,OFF,ON,0,34.2,30,0,13492,OFF,OFF,29.4,29.5,12.98,29.4,27.28,9.0,6.0,84.9,38.0,44.11,21,61,22,15.5,95,99,OFF,OFF,100,100,6.107,1.268,1,0,ON,ON,0.922,4.372,0,0,OFF,OFF,32281,1048,100,100,0,0.156,70,576,8.4,62,17.2,0,24.3,44,0.322,11.2,657,96,9.3,62.16466,378457,93,67,7.5,2,0,0.492,75,24.72,32.15,25.06,96,17.5,0.5642,9,44,0,31.4,0,0,0
2021-09-04,08:23:01,9.84,9.84,9.84,9.84,13.16,12.65,91,91,81,20,20,13,5.16,0.0,0.0,0.0,0.0,0.0,0.0,23.6,53,0,125,ON,OFF,ON,0,34.2,30,0,13492,OFF,OFF,29.4,29.5,12.98,29.4,27.94,9.0,6.0,84.9,38.0,39.1,21,61,22,15.5,95,99,OFF,OFF,100,100,6.107,1.268,1,0,ON,ON,0.922,4.372,0,0,OFF,OFF,32281,1048,100,100,0,0.156,70,576,8.4,62,17.2,0,24.3,44,0.322,11.2,657,96,9.3,62.16466,378457,93,67,7.5,2,0,0.492,75,24.72,32.15,25.06,96,17.5,0.5642,9,44,0,31.4,0,0,0
2021-09-04,08:23:31,9.84,9.84,9.84,9.84,13.16,12.65,91,91,81,20,20,13,5.16,0.0,0.0,0.0,0.0,0.0,0.0,23.6,53,0,125,ON,OFF,ON,0,34.2,30,0,13492,OFF,OFF,29.4,29.5,12.98,29.4,27.94,9.0,6.0,84.9,38.0,39.1,21,61,22,15.5,95,99,OFF,OFF,100,100,6.107,1.268,1,0,ON,ON,0.922,4.372,0,0,OFF,OFF,32281,1048,100,100,0,0.156,70,576,8.4,62,17.2,0,24.3,44,0.322,11.2,657,96,9.3,62.16466,378457,93,67,7.5,2,0,0.492,75,24.72,32.15,25.06,96,17.5,0.5642,9,44,0,31.4,0,0,0
2021-09-04,08:24:01,9.84,9.84,9.84,9.84,13.16,12.65,91,91,81,20,20,13,5.16,0.0,0.0,0.0,0.0,0.0,0.0,23.6,53,0,125,ON,OFF,ON,0,34.2,30,0,13492,OFF,OFF,29.4,29.5,13.64,29.4,27.94,9.0,6.0,84.9,38.0,39.1,21,61,22,15.5,95,99,OFF,OFF,100,100,6.107,1.268,1,0,ON,ON,0.922,4.372,0,0,OFF,OFF,32281,1048,100,100,0,0.156,70,576,8.4,62,17.2,0,24.3,44,0.322,11.2,657,96,9.3,62.16466,378457,93,67,7.5,2,0,0.492,75,24.72,32.15,25.06,96,17.5,0.5642,9,44,0,31.4,0,0,0
2021-09-04,08:24:31,9.84,9.84,9.84,9.84,13.16,12.65,91,91,81,20,20,13,5.16,0.0,0.0,0.0,0.0,0.0,0.0,23.6,53,0,125,ON,OFF,ON,0,34.2,30,0,13492,OFF,OFF,29.4,29.5,13.64,29.4,27.94,9.0,6.0,84.9,38.0,39.1,21,61,22,15.5,95,99,OFF,OFF,100,100,6.107,1.268,1,0,ON,ON,0.922,4.372,0,0,OFF,OFF,32281,1048,100,100,0,0.156,70,576,8.4,62,17.2,0,24.3,44,0.322,11.2,657,96,9.3,62.16466,378457,93,67,7.5,2,0,0.492,75,24.72,32.15,25.06,96,17.5,0.5642,9,44,0,31.4,0,0,0
2021-09-04,08:25:01,9.84,9.84,9.84,9.84,13.16,12.65,91,91,81,20,20,13,5.16,0.0,0.0,0.0,0.0,0.0,0.0,23.6,53,0,125,ON,OFF,ON,0,34.2,30,0,13492,OFF,OFF,29.4,29.5,13.64,29.4,27.94,9.0,6.0,84.9,38.0,39.1,21,61,22,15.5,95,99,OFF,OFF,100,100,6.107,1.268,1,0,ON,ON,0.922,4.372,0,0,OFF,OFF,32281,1048,100,100,0,0.156,70,576,8.4,62,17.2,0,24.3,44,0.322,11.2,657,96,9.3,62.16466,378457,93,67,7.5,2,0,0.492,75,24.72,32.15,25.06,96,17.5,0.5642,9,44,0,31.4,0,0,0
2021-09-04,08:25:47,9.84,9.84,9.84,9.84,13.16,12.65,91,91,81,20,20,13,5.16,0.0,0.0,0.0,0.0,0.0,0.0,23.6,53,0,125,ON,OFF,ON,0,34.2,30,0,13492,OFF,OFF,29.4,29.5,13.64,29.4,28.6,9.0,6.0,84.9,38.0,39.1,22,60,22,16,95,99,OFF,OFF,100,100,6.107,1.268,1,0,ON,ON,0.922,4.372,0,0,OFF,OFF,32281,1048,100,100,0,0.156,70,576,8.4,62,17.2,0,24.3,44,0.322,11.2,657,96,9.3,62.16466,378457,93,67,7.5,2,0,0.492,75,24.72,32.15,25.06,96,17.5,0.5642,9,44,0,31.4,0,0,0
2021-09-04,08:26:17,9.84,9.84,9.84,9.84,13.16,12.65,91,91,81,20,20,13,5.16,0.0,0.0,0.0,0.0,0.0,0.0,23.6,53,0,125,ON,OFF,ON,0,34.2,30,0,13492,OFF,OFF,29.4,29.5,13.64,29.4,28.6,9.0,6.0,84.9,38.0,39.1,22,60,22,16,95,99,OFF,OFF,100,100,6.107,1.268,1,0,ON,ON,0.922,4.372,0,0,OFF,OFF,32281,1048,100,100,0,0.156,70,576,8.4,62,17.2,0,24.3,44,0.322,11.2,657,96,9.3,62.16466,378457,93,67,7.5,2,0,0.492,75,24.72,32.15,25.06,96,17.5,0.5642,9,44,0,31.4,0,0,0
2021-09-04,08:26:47,9.84,9.84,9.84,9.84,13.16,12.65,91,91,81,20,20,13,5.16,0.0,0.0,0.0,0.0,0.0,0.0,23.6,53,0,125,ON,OFF,ON,0,34.2,30,0,13492,OFF,OFF,29.4,29.5,13.64,29.4,28.6,9.0,6.0,84.9,38.0,39.1,22,60,22,16,95,99,OFF,OFF,100,100,6.107,1.268,1,0,ON,ON,0.922,4.372,0,0,OFF,OFF,32281,1048,100,100,0,0.156,70,576,8.4,62,17.8,0,24.3,44,0.322,11.2,657,96,9.3,62.16466,378457,93,67,7.5,2,0,0.492,75,24.72,32.15,25.06,96,17.5,0.5642,9,44,0,31.4,0,0,0
2021-09-04,08:27:17,9.84,9.84,9.84,9.84,13.16,12.65,91,91,81,20,20,13,5.16,0.0,0.0,0.0,0.0,0.0,0.0,23.6,53,0,125,ON,OFF,ON,0,34.2,30,0,13492,OFF,OFF,29.4,29.5,13.64,29.4,28.6,9.0,6.0,84.9,38.0,39.1,22,60,22,16,95,99,OFF,OFF,100,100,6.107,1.268,1,0,ON,ON,0.922,4.372,0,0,OFF,OFF,37660,1048,100,100,0,0.156,70,576,8.4,62,17.8,0,24.3,44,0.322,11.2,657,96,9.3,62.16466,378457,93,67,7.5,2,0,0.492,75,24.72,32.15,25.06,96,17.5,0.5642,9,44,0,31.4,0,0,0
2021-09-04,08:27:47,9.84,9.84,9.84,9.84,13.16,12.65,91,91,81,20,20,13,5.16,0.0,0.0,0.0,0.0,0.0,0.0,23.6,53,0,125,ON,OFF,ON,0,34.2,30,0,13492,OFF,OFF,29.4,29.5,13.64,29.4,28.6,9.0,6.0,84.9,38.0,39.1,22,59,22,16,95,99,OFF,OFF,100,100,6.107,1.268,1,0,ON,ON,0.922,4.372,0,0,OFF,OFF,37660,1048,100,100,0,0.156,70,576,8.4,58,17.8,0,24.5,43,0.322,11.3,657,96,9.3,62.16466,378457,93,67,7.5,2,0,0.492,75,24.72,32.15,25.06,96,17.5,0.5642,9,44,0,31.4,0,0,0
2021-09-04,08:28:17,9.84,9.84,9.84,9.84,13.16,12.65,91,91,81,20,20,13,5.16,0.0,0.0,0.0,0.0,0.0,0.0,23.6,53,0,125,ON,OFF,ON,0,34.2,30,0,13492,OFF,OFF,29.4,29.5,13.64,29.4,29.26,9.0,6.0,84.9,38.0,39.1,22,59,22,16,95,99,OFF,OFF,100,100,6.107,1.268,1,0,ON,ON,0.922,4.372,0,0,OFF,OFF,37660,1048,100,100,0,0.156,70,576,8.4,58,17.8,0,24.5,43,0.322,11.3,657,96,9.3,62.16466,378457,93,67,7.5,2,0,0.492,75,24.72,32.15,25.06,96,17.5,0.5642,9,44,0,31.4,0,0,0
2021-09-04,08:28:47,9.84,9.84,9.84,9.84,13.16,12.65,91,91,81,20,20,13,5.16,0.0,0.0,0.0,0.0,0.0,0.0,23.6,53,0,125,ON,OFF,ON,0,34.2,30,0,13492,OFF,OFF,29.4,29.5,13.64,29.4,29.26,9.0,6.0,84.9,38.0,39.1,22,59,22,16,95,99,OFF,OFF,100,100,6.107,1.268,1,0,ON,ON,0.922,4.372,0,0,OFF,OFF,37660,1048,100,100,0,0.156,70,576,8.4,57,17.8,0,24.5,43,0.322,11.3,657,96,9.3,62.16466,378457,93,67,7.5,2,0,0.492,75,24.72,32.15,25.06,96,17.5,0.5642,9,44,0,31.4,0,0,0
2021-09-04,08:29:17,9.84,9.84,9.84,9.84,13.16,12.65,91,91,81,20,20,13,5.16,0.0,0.0,0.0,0.0,0.0,0.0,23.6,53,0,125,ON,OFF,ON,0,34.2,30,0,13492,OFF,OFF,29.4,29.5,13.64,29.4,29.26,9.0,6.0,84.9,38.0,39.1,22,59,22,16,95,99,OFF,OFF,100,100,6.107,1.268,1,0,ON,ON,0.922,4.372,0,0,OFF,OFF,37660,1048,100,100,0,0.156,70,576,8.4,57,17.8,0,24.5,43,0.322,11.3,657,96,9.3,62.16466,378457,93,67,7.5,2,0,0.492,75,24.72,32.15,25.06,96,17.5,0.5642,9,44,0,31.4,0,0,0
2021-09-04,08:29:47,9.84,9.84,9.84,9.84,13.16,12.65,91,91,81,20,20,13,5.16,0.0,0.0,0.0,0.0,0.0,0.0,23.6,53,0,125,ON,OFF,ON,0,34.2,30,0,13492,OFF,OFF,29.4,29.5,14.3,29.4,29.26,9.0,6.0,84.9,38.0,39.1,23,58,22,16,95,99,OFF,OFF,100,100,6.107,1.268,1,0,ON,ON,0.922,4.372,0,0,OFF,OFF,37660,1048,100,100,0,0.156,70,576,8.4,57,17.8,0,24.5,43,0.322,11.3,657,96,9.3,62.16466,378457,93,67,7.5,2,0,0.492,75,24.72,32.15,25.06,96,17.5,0.5642,9,44,0,31.4,0,0,0
2021-09-04,08:30:18,12.36,12.16,14.78,14.51,18.59,18.23,96,84,66,0,0,0,5.16,0.0,0.0,0.0,0.0,0.0,0.0,23.6,53,0,125,ON,OFF,ON,0,34.2,30,0,13492,OFF,OFF,29.4,29.5,14.3,29.4,29.26,9.0,6.0,84.9,38.0,39.1,23,58,22,16,95,99,OFF,OFF,100,100,6.107,1.268,1,0,ON,ON,0.922,4.372,0,0,OFF,OFF,37660,1048,100,100,0,0.156,70,576,8.4,57,17.8,0,24.5,43,0.322,11.3,657,96,9.3,62.16466,378457,93,67,7.5,2,0,0.492,75,24.72,32.15,25.06,96,17.5,0.5642,9,44,0,31.4,0,0,0
2021-09-04,08:30:48,12.36,12.16,14.78,14.51,18.59,18.23,96,84,66,0,0,0,5.16,0.0,0.0,0.0,0.0,0.0,0.0,23.6,53,0,125,ON,OFF,ON,0,34.2,30,0,13492,OFF,OFF,29.4,29.5,14.3,29.4,29.92,9.0,6.0,84.9,38.0,39.1,23,58,22,16,95,99,OFF,OFF,100,100,6.107,1.268,1,0,ON,ON,0.922,4.372,0,0,OFF,OFF,37660,1048,100,100,0,0.156,70,576,8.4,57,17.8,0,24.5,43,0.322,11.3,657,96,9.3,62.16466,378457,93,67,7.5,2,0,0.492,75,24.72,32.15,25.06,96,17.5,0.5642,9,44,0,31.4,0,0,0
2021-09-04,08:31:18,12.36,12.16,14.78,14.51,18.59,18.23,96,84,66,0,0,0,5.16,0.0,0.0,0.0,0.0,0.0,0.0,23.6,53,0,125,ON,OFF,ON,0,34.2,30,0,13492,OFF,OFF,29.4,29.5,14.3,29.4,29.92,9.0,6.0,84.9,38.0,39.1,23,58,22,16,95,99,OFF,OFF,100,100,6.107,1.268,1,0,ON,ON,0.922,4.372,0,0,OFF,OFF,37660,1048,100,100,0,0.156,70,576,8.4,57,17.8,0,24.5,43,0.322,11.3,657,96,9.3,62.16466,378457,93,67,7.5,2,0,0.492,75,24.72,32.15,25.06,96,17.5,0.5642,9,44,0,31.4,0,0,0
2021-09-04,08:31:48,12.36,12.16,14.78,14.51,18.59,18.23,96,84,66,0,0,0,5.16,0.0,0.0,0.0,0.0,0.0,0.0,23.6,53,0,125,ON,OFF,ON,0,34.2,30,0,13492,OFF,OFF,29.4,29.5,14.52,29.4,29.92,9.0,6.0,84.9,38.0,39.1,23,57,22,16,95,99,OFF,OFF,100,100,6.107,1.268,1,0,ON,ON,0.922,4.372,0,0,OFF,OFF,37660,1048,100,100,0,0.156,70,576,8.4,57,18.3,0,24.5,43,0.322,11.3,657,96,9.3,62.16466,378457,93,67,7.5,2,0,0.492,75,24.72,32.15,25.06,96,17.5,0.5642,9,44,0,31.4,0,0,0
2021-09-04,08:32:18,12.36,12.16,14.78,14.51,18.59,18.23,96,84,66,0,0,0,5.16,0.0,0.0,0.0,0.0,0.0,0.0,23.6,53,0,125,ON,OFF,ON,0,34.2,30,0,13492,OFF,OFF,29.4,29.5,14.52,29.4,29.92,9.0,6.0,79.83,38.0,39.1,23,57,22,16,95,99,OFF,OFF,100,100,6.107,1.268,1,0,ON,ON,0.922,4.372,0,0,OFF,OFF,37660,1048,100,100,0,0.156,70,576,8.4,57,18.3,0,24.5,43,0.322,11.3,657,96,9.3,62.16466,378457,93,67,7.5,2,0,0.492,75,24.72,32.15,25.06,96,17.5,0.5642,9,44,0,31.4,0,0,0
2021-09-04,08:32:48,12.36,12.16,14.78,14.51,18.59,18.23,96,84,66,0,0,0,5.16,0.0,0.0,0.0,0.0,0.0,0.0,23.6,53,0,125,ON,OFF,ON,0,34.2,30,0,13492,OFF,OFF,29.4,29.5,14.52,29.4,29.92,9.0,6.0,79.83,38.0,39.1,23,57,22,16,95,99,OFF,OFF,100,100,6.107,1.268,1,0,ON,ON,0.922,4.372,0,0,OFF,OFF,37660,1048,100,100,0,0.156,70,576,8.4,57,18.3,0,24.5,43,0.322,11.3,657,96,9.3,62.16466,378457,93,67,7.5,2,0,0.492,75,24.72,32.15,25.06,96,17.5,0.5642,9,44,0,31.4,0,0,0
2021-09-04,08:33:18,12.36,12.16,14.78,14.51,18.59,18.23,96,84,66,0,0,0,5.16,0.0,0.0,0.0,0.0,0.0,0.0,23.6,53,0,125,ON,OFF,ON,0,34.2,30,0,13492,OFF,OFF,29.4,29.5,14.52,29.4,30.58,9.0,6.0,79.83,38.0,39.1,23,57,22,16,95,99,OFF,OFF,100,100,6.107,1.268,1,0,ON,ON,0.922,4.372,0,0,OFF,OFF,37660,1048,100,100,0,0.156,70,576,8.4,57,18.3,0,24.5,43,0.322,11.3,657,96,9.3,62.16466,378457,93,67,7.5,2,0,0.492,75,24.72,32.15,25.06,96,17.5,0.5642,9,44,0,31.4,0,0,0
2021-09-04,08:33:49,12.36,12.16,14.78,14.51,18.59,18.23,96,84,66,0,0,0,5.16,0.0,0.0,0.0,0.0,0.0,0.0,23.6,53,0,125,ON,OFF,ON,0,34.2,30,0,13492,OFF,OFF,29.4,29.5,14.52,29.4,30.58,9.0,6.0,79.83,38.0,39.1,23,56,22,16.5,95,99,OFF,OFF,100,100,6.107,1.268,1,0,ON,ON,0.922,4.372,0,0,OFF,OFF,37660,1048,100,100,0,0.156,70,576,8.4,57,18.3,0,24.5,43,0.322,11.3,657,96,9.3,62.16466,378457,93,67,7.5,2,0,0.492,75,24.72,32.15,25.06,96,17.5,0.5642,9,44,0,31.4,0,0,0
2021-09-04,08:34:19,12.36,12.16,14.78,14.51,18.59,18.23,96,84,66,0,0,0,5.16,0.0,0.0,0.0,0.0,0.0,0.0,23.6,53,0,125,ON,OFF,ON,0,34.2,30,0,13492,OFF,OFF,29.4,29.5,14.52,29.4,30.58,9.0,6.0,79.83,38.0,34.06,23,56,22,16.5,95,99,OFF,OFF,100,100,6.107,1.268,1,0,ON,ON,0.922,4.372,0,0,OFF,OFF,37660,1048,100,100,0,0.156,70,576,8.4,57,18.3,0,24.5,43,0.322,11.3,657,96,9.3,62.16466,378457,93,67,7.5,2,0,0.492,75,24.72,32.15,25.06,96,17.5,0.5642,9,44,0,31.4,0,0,0
2021-09-04,08:34:56,12.36,12.16,14.78,14.51,18.59,18.23,96,84,66,0,0,0,5.16,0.0,0.0,0.0,0.0,0.0,0.0,23.6,53,0,125,ON,OFF,ON,0,34.2,30,0,13492,OFF,OFF,29.4,29.5,14.96,29.4,30.58,9.0,6.0,79.83,38.0,34.06,23,56,22,16.5,95,99,OFF,OFF,100,100,6.107,1.268,1,0,ON,ON,0.922,4.372,0,0,OFF,OFF,37660,1048,100,100,0,0.156,70,576,8.4,57,18.3,0,24.5,43,0.322,11.3,657,96,9.3,62.16466,378457,93,67,7.5,2,0,0.492,75,24.72,32.15,25.06,96,17.5,0.5642,9,44,0,31.4,0,0,0
2021-09-04,08:35:26,12.36,12.16,14.78,14.51,18.59,18.23,96,84,66,0,0,0,5.16,0.0,0.0,0.0,0.0,0.0,0.0,23.6,53,0,125,ON,OFF,ON,0,34.2,30,0,13492,OFF,OFF,29.4,29.5,14.96,29.4,30.58,9.0,6.0,79.83,38.0,34.06,23,56,22,16.5,95,99,OFF,OFF,100,100,6.107,1.268,1,0,ON,ON,0.922,4.372,0,0,OFF,OFF,37660,1048,100,100,0,0.156,70,576,8.4,57,18.3,0,24.5,43,0.322,11.3,657,96,9.3,62.16466,378457,93,67,7.5,2,0,0.492,75,24.72,32.15,25.06,96,17.5,0.5642,9,44,0,31.4,0,0,0
2021-09-04,08:35:56,12.36,12.16,14.78,14.51,18.59,18.23,96,84,66,0,0,0,5.16,0.0,0.0,0.0,0.0,0.0,0.0,23.6,53,0,125,ON,OFF,ON,0,34.2,30,0,13492,OFF,OFF,29.4,29.5,14.96,29.4,31.24,9.0,6.0,79.83,38.0,34.06,24,56,22,16.5,95,99,OFF,OFF,100,100,6.107,1.268,1,0,ON,ON,0.922,4.372,0,0,OFF,OFF,37660,1048,100,100,0,0.156,70,576,8.4,57,18.3,0,24.5,43,0.322,11.3,657,96,9.3,62.16466,378457,93,67,7.5,2,0,0.492,75,24.72,32.15,25.06,96,17.5,0.5642,9,44,0,31.4,0,0,0
2021-09-04,08:36:26,12.36,12.16,14.78,14.51,18.59,18.23,96,84,66,0,0,0,5.16,0.0,0.0,0.0,0.0,0.0,0.0,23.6,53,0,125,ON,OFF,ON,0,34.2,30,0,13492,OFF,OFF,29.4,29.5,14.96,29.4,31.24,9.0,6.0,79.83,38.0,34.06,24,56,22,16.5,95,99,OFF,OFF,100,100,6.107,1.268,1,0,ON,ON,0.922,4.372,0,0,OFF,OFF,37660,1048,100,100,0,0.156,70,576,8.4,57,18.9,0,24.5,43,0.322,11.3,657,96,9.3,62.16466,378457,93,67,7.5,2,0,0.492,75,24.72,32.15,25.06,96,17.5,0.5642,9,44,0,31.4,0,0,0
2021-09-04,08:36:56,12.36,12.16,14.78,14.51,18.59,18.23,96,84,66,0,0,0,5.16,0.0,0.0,0.0,0.0,0.0,0.0,23.6,53,0,125,ON,OFF,ON,0,34.2,30,0,13492,OFF,OFF,29.4,29.5,14.96,29.4,31.24,9.0,6.0,79.83,38.0,34.06,24,56,22,16.5,95,99,OFF,OFF,100,100,6.107,1.268,1,0,ON,ON,0.922,4.372,0,0,OFF,OFF,37660,1048,100,100,0,0.156,70,576,8.4,57,18.9,0,24.5,43,0.322,11.3,657,96,9.3,62.16466,378457,93,67,7.5,2,0,0.492,75,24.72,32.15,25.06,96,17.5,0.5642,9,44,0,31.4,0,0,0
2021-09-04,08:37:26,12.36,12.16,14.78,14.51,18.59,18.23,96,84,66,0,0,0,5.16,0.0,0.0,0.0,0.0,0.0,0.0,23.6,53,0,125,ON,OFF,ON,0,34.2,30,0,13492,OFF,OFF,29.4,29.5,14.96,29.4,31.24,9.0,6.0,79.83,38.0,34.06,24,56,22,16.5,95,99,OFF,OFF,100,100,6.107,1.268,1,0,ON,ON,0.922,4.372,0,0,OFF,OFF,43039,1048,100,100,0,0.156,70,576,8.4,57,18.9,0,24.5,43,0.322,11.3,657,96,9.3,62.16466,378457,93,67,7.5,2,0,0.492,75,24.72,32.15,25.06,96,17.5,0.5642,9,44,0,31.4,0,0,0
2021-09-04,08:37:56,12.36,12.16,14.78,14.51,18.59,18.23,96,84,66,0,0,0,5.16,0.0,0.0,0.0,0.0,0.0,0.0,23.6,53,0,125,ON,OFF,ON,0,34.2,30,0,13492,OFF,OFF,29.4,29.5,14.96,29.4,31.24,9.0,6.0,79.83,38.0,34.06,24,56,22,16.5,95,99,OFF,OFF,100,100,6.107,1.268,1,0,ON,ON,0.922,4.372,0,0,OFF,OFF,43039,1048,100,100,0,0.156,70,576,8.4,57,18.9,0,24.5,43,0.322,11.3,657,96,9.3,62.16466,378457,93,67,7.5,2,0,0.492,75,24.72,32.15,25.06,96,17.5,0.5642,9,44,0,31.4,0,0,0
2021-09-04,08:38:26,12.36,12.16,14.78,14.51,18.59,18.23,96,84,66,0,0,0,5.16,0.0,0.0,0.0,0.0,0.0,0.0,23.6,53,0,125,ON,OFF,ON,0,34.2,30,0,13492,OFF,OFF,29.4,29.5,14.96,29.4,31.9,9.0,6.0,79.83,38.0,34.06,24,55,22,16.5,95,99,OFF,OFF,100,100,6.107,1.268,1,0,ON,ON,0.922,4.372,0,0,OFF,OFF,43039,1048,100,100,0,0.156,70,576,8.4,57,18.9,0,24.5,43,0.322,11.3,657,96,9.3,62.16466,378457,93,67,7.5,2,0,0.492,75,24.72,32.15,25.06,96,17.5,0.5642,9,44,0,31.4,0,0,0
2021-09-04,08:38:56,12.36,12.16,14.78,14.51,18.59,18.23,96,84,66,0,0,0,5.16,0.0,0.0,0.0,0.0,0.0,0.0,23.6,53,0,125,ON,OFF,ON,0,34.2,30,0,13492,OFF,OFF,29.4,29.5,14.96,29.4,31.9,9.0,6.0,79.83,38.0,34.06,24,55,22,16.5,95,99,OFF,OFF,100,100,6.107,1.268,1,0,ON,ON,0.922,4.372,0,0,OFF,OFF,43039,1048,100,100,0,0.156,70,576,8.4,57,18.9,0,24.5,43,0.322,11.3,657,96,9.3,62.16466,378457,93,67,7.5,2,0,0.492,75,24.72,32.15,25.06,96,17.5,0.5642,9,44,0,31.4,0,0,0
2021-09-04,08:39:26,12.36,12.16,14.78,14.51,18.59,18.23,96,84,66,0,0,0,5.16,0.0,0.0,0.0,0.0,0.0,0.0,23.6,53,0,125,ON,OFF,ON,0,34.2,30,0,13492,OFF,OFF,29.4,29.5,14.96,29.4,31.9,9.0,6.0,79.83,38.0,34.06,24,55,22,16.5,95,99,OFF,OFF,100,100,6.107,1.268,1,0,ON,ON,0.922,4.372,0,0,OFF,OFF,43039,1048,100,100,0,0.156,70,576,8.4,57,18.9,0,24.5,43,0.322,11.3,657,96,9.3,62.16466,378457,93,67,7.5,2,0,0.492,75,24.72,32.15,25.06,96,17.5,0.5642,9,44,0,31.4,0,0,0
2021-09-04,08:39:56,12.36,12.16,14.78,14.51,18.59,18.23,96,84,66,0,0,0,5.16,0.0,0.0,0.0,0.0,0.0,0.0,23.6,53,0,125,ON,OFF,ON,0,34.2,30,0,13492,OFF,OFF,29.4,29.5,15.62,29.4,31.9,9.0,6.0,79.83,38.0,34.06,24,55,22.5,16.5,95,99,OFF,OFF,100,100,6.107,1.268,1,0,ON,ON,0.922,4.372,0,0,OFF,OFF,43039,1048,100,100,0,0.156,70,576,8.4,57,18.9,0,24.5,43,0.322,11.3,657,96,9.3,62.16466,378457,93,67,7.5,2,0,0.492,75,24.72,32.15,25.06,96,17.5,0.5642,9,44,0,31.4,0,0,0
2021-09-04,08:40:26,12.36,12.16,14.78,14.51,18.59,18.23,96,84,66,0,0,0,5.16,0.0,0.0,0.0,0.0,0.0,0.0,23.6,53,0,125,ON,OFF,ON,0,34.2,30,0,13492,OFF,OFF,29.4,29.5,15.62,29.4,32.56,9.0,6.0,79.83,38.0,34.06,25,54,22.5,17,95,99,OFF,OFF,100,100,6.107,1.268,1,0,ON,ON,0.922,4.372,0,0,OFF,OFF,43039,1048,100,100,0,0.156,70,576,8.4,57,18.9,0,24.5,43,0.322,11.3,657,96,9.3,62.16466,378457,93,67,7.5,2,0,0.492,75,24.72,32.15,25.06,96,17.5,0.5642,9,44,0,31.4,0,0,0
2021-09-04,08:41:12,12.36,12.16,14.78,14.51,18.59,18.23,96,84,66,0,0,0,5.16,0.0,0.0,0.0,0.0,0.0,0.0,23.6,53,0,125,ON,OFF,ON,0,34.2,30,0,13492,OFF,OFF,29.4,29.5,15.62,29.4,32.56,9.0,6.0,79.83,38.0,34.06,25,54,22.5,17,95,99,OFF,OFF,100,100,6.108,1.268,1,0,ON,ON,0.922,4.372,0,0,OFF,OFF,43039,1048,100,100,0,0.156,70,576,8.4,57,18.9,0,24.5,43,0.322,11.3,657,96,9.3,62.16466,378457,93,67,7.5,2,0,0.492,75,24.72,32.15,25.06,96,17.5,0.5642,9,44,0,31.4,0,0,0
2021-09-04,08:41:42,12.36,12.16,14.78,14.51,18.59,18.23,96,84,66,0,0,0,5.16,0.0,0.0,0.0,0.0,0.0,0.0,23.6,53,0,125,ON,OFF,ON,0,34.2,30,0,13492,OFF,OFF,29.4,29.5,15.62,29.4,32.56,9.0,6.0,79.83,38.0,34.06,25,54,22.5,17,95,99,OFF,OFF,100,100,6.108,1.268,1,0,ON,ON,0.922,4.372,0,0,OFF,OFF,43039,1048,100,100,0,0.156,70,576,8.4,57,18.9,0,24.5,43,0.322,11.3,657,96,9.3,62.16466,378457,93,67,7.5,2,0,0.492,75,24.72,32.15,25.06,96,17.5,0.5642,9,44,0,31.4,0,0,0
2021-09-04,08:42:12,12.36,12.16,14.78,14.51,18.59,18.23,96,84,66,0,0,0,5.16,0.0,0.0,0.0,0.0,0.0,0.0,23.6,53,0,125,ON,OFF,ON,0,34.2,30,0,13492,OFF,OFF,29.4,29.5,15.62,29.4,32.56,9.0,6.0,79.83,38.0,34.06,25,54,22.5,17,95,99,OFF,OFF,100,100,6.108,1.268,1,0,ON,ON,0.922,4.372,0,0,OFF,OFF,43039,1048,100,100,0,0.156,70,576,8.4,57,18.9,0,24.5,43,0.322,11.3,657,96,9.3,62.16466,378457,93,67,7.5,2,0,0.492,75,24.72,32.15,25.06,96,17.5,0.5642,9,44,0,31.4,0,0,0
2021-09-04,08:42:42,12.36,12.16,14.78,14.51,18.59,18.23,96,84,66,0,0,0,5.16,0.0,0.0,0.0,0.0,0.0,0.0,23.6,53,0,125,ON,OFF,ON,0,34.2,30,0,13492,OFF,OFF,29.4,29.5,15.62,29.4,32.56,9.0,6.0,79.83,38.0,34.06,25,54,22.5,17,95,99,OFF,OFF,100,100,6.108,1.268,1,0,ON,ON,0.922,4.372,0,0,OFF,OFF,43039,2065,100,100,0,0.156,70,576,8.4,57,18.9,0,24.5,43,0.322,11.3,657,96,9.3,62.16466,378457,93,67,7.5,2,0,0.492,75,24.72,32.15,25.06,96,17.5,0.5642,9,44,0,31.4,0,0,0
2021-09-04,08:43:12,12.36,12.16,14.78,14.51,18.59,18.23,96,84,66,0,0,0,5.16,0.0,0.0,0.0,0.0,0.0,0.0,23.6,53,0,125,ON,OFF,ON,0,34.2,30,0,13492,OFF,OFF,29.4,29.5,15.62,29.4,32.56,9.0,6.0,79.83,38.0,34.06,25,54,22.5,17,95,99,OFF,OFF,100,100,6.108,1.268,1,0,ON,ON,0.922,4.372,0,0,OFF,OFF,43039,2065,100,100,0,0.156,70,576,8.4,57,18.9,0,24.5,43,0.322,11.3,657,96,9.3,62.16466,378457,93,67,7.5,2,0,0.492,75,24.72,32.15,25.06,96,17.5,0.5642,9,44,0,31.4,0,0,0
2021-09-04,08:43:42,12.36,12.16,14.78,14.51,18.59,18.23,96,84,66,0,0,0,5.16,0.0,0.0,0.0,0.0,0.0,0.0,23.6,53,0,125,ON,OFF,ON,0,34.2,30,0,13492,OFF,OFF,29.4,29.5,15.62,29.4,32.56,9.0,6.0,79.83,38.0,34.06,25,54,22.5,17,95,99,OFF,OFF,100,100,6.108,1.268,1,0,ON,ON,0.922,4.372,0,0,OFF,OFF,43039,2065,100,100,0,0.156,70,576,8.4,57,18.9,0,24.5,43,0.322,11.3,657,96,9.3,62.16466,378457,93,67,7.5,2,0,0.492,75,24.72,32.15,25.06,96,17.5,0.5642,9,44,0,31.4,0,0,0
2021-09-04,08:44:12,12.36,12.16,14.78,14.51,18.59,18.23,96,84,66,0,0,0,5.16,0.0,0.0,0.0,0.0,0.0,0.0,23.6,53,0,125,ON,OFF,ON,0,34.2,30,0,13492,OFF,OFF,29.4,29.5,15.62,29.4,33.22,9.0,6.0,79.83,38.0,34.06,25,53,22.5,17,95,99,OFF,OFF,100,100,6.108,1.268,1,0,ON,ON,0.922,4.372,0,0,OFF,OFF,43039,2065,100,100,0,0.156,70,576,8.4,57,18.9,0,24.5,43,0.322,11.3,657,96,9.3,62.16466,378457,93,67,7.5,2,0,0.492,75,24.72,32.15,25.06,96,17.5,0.5642,9,44,0,31.4,0,0,0
2021-09-04,08:44:42,12.36,12.16,14.78,14.51,18.59,18.23,96,84,66,0,0,0,5.16,0.0,0.0,0.0,0.0,0.0,0.0,23.6,53,0,125,ON,OFF,ON,0,34.2,30,0,13492,OFF,OFF,29.4,29.5,15.62,29.4,33.22,9.0,6.0,79.83,38.0,34.06,25,53,22.5,17,95,99,OFF,OFF,100,100,6.108,1.268,1,0,ON,ON,0.922,4.372,0,0,OFF,OFF,43039,2065,100,100,0,0.156,70,576,8.4,57,19.4,0,24.5,43,0.322,11.3,657,96,9.3,62.16466,378457,93,67,7.5,2,0,0.492,75,24.72,32.15,25.06,96,17.5,0.5642,9,44,0,31.4,0,0,0
2021-09-04,08:45:12,12.36,12.16,14.78,14.51,18.59,18.23,96,84,66,0,0,0,5.16,0.0,0.0,0.0,0.0,0.0,0.0,23.6,53,0,125,ON,OFF,ON,0,34.2,30,0,13492,OFF,OFF,29.4,29.5,16.28,29.4,33.22,9.0,6.0,74.72,38.0,34.06,25,53,22.5,17,95,99,OFF,OFF,100,100,6.108,1.268,1,0,ON,ON,0.922,4.372,0,0,OFF,OFF,43039,2065,100,100,0,0.156,70,576,8.4,57,19.4,0,24.5,43,0.322,11.3,657,96,9.3,62.16466,378457,93,67,7.5,2,0,0.492,75,24.72,32.15,25.06,96,17.5,0.5642,9,44,0,31.4,0,0,0
2021-09-04,08:45:48,12.36,12.16,14.78,14.51,18.59,18.23,96,84,66,0,0,0,5.16,0.0,0.0,0.0,0.0,0.0,0.0,23.6,53,0,125,ON,OFF,ON,0,34.2,30,0,13492,OFF,OFF,29.4,29.5,16.28,29.4,33.22,9.0,6.0,74.72,38.0,34.06,25,53,22.5,17,95,99,OFF,OFF,100,100,6.108,1.268,1,0,ON,ON,0.922,4.372,0,0,OFF,OFF,43039,2065,100,100,0,0.156,70,576,8.4,57,19.4,0,24.5,43,0.322,11.3,657,96,9.3,62.16466,378457,93,67,7.5,2,0,0.492,75,24.72,32.15,25.06,96,17.5,0.5642,9,44,0,31.4,0,0,0
2021-09-04,08:46:18,12.36,12.16,14.78,14.51,18.59,18.23,96,84,66,0,0,0,5.16,0.0,0.0,0.0,0.0,0.0,0.0,23.6,53,0,125,ON,OFF,ON,0,34.2,30,0,13492,OFF,OFF,29.4,29.5,16.28,29.4,33.22,9.0,6.0,74.72,38.0,34.06,25,53,22.5,17,95,99,OFF,OFF,100,100,6.108,1.268,1,0,ON,ON,0.922,4.372,0,0,OFF,OFF,43039,2065,100,100,0,0.156,70,576,8.4,57,19.4,0,24.5,43,0.322,11.3,657,96,9.3,62.16466,378457,93,67,7.5,2,0,0.492,75,24.72,32.15,25.06,96,17.5,0.5642,9,44,0,31.4,0,0,0
2021-09-04,08:46:48,12.36,12.16,14.78,14.51,18.59,18.23,96,84,66,0,0,0,5.16,0.0,0.0,0.0,0.0,0.0,0.0,23.6,53,0,125,ON,OFF,ON,0,34.2,30,0,13492,OFF,OFF,29.4,29.5,16.28,29.4,33.22,9.0,6.0,74.72,38.0,34.06,25,53,22.5,17,95,99,OFF,OFF,100,100,6.108,1.268,1,0,ON,ON,0.922,4.372,0,0,OFF,OFF,43039,2065,100,100,0,0.156,70,576,8.4,57,19.4,0,24.5,43,0.322,11.3,657,96,9.3,62.16466,378457,93,67,7.5,2,0,0.492,75,24.72,32.15,25.06,96,17.5,0.5642,9,44,0,31.4,0,0,0
2021-09-04,08:47:18,12.36,12.16,14.78,14.51,18.59,18.23,96,84,66,0,0,0,5.16,0.0,0.0,0.0,0.0,0.0,0.0,23.6,53,0,125,ON,OFF,ON,0,34.2,30,0,13492,OFF,OFF,29.4,29.5,16.28,29.4,33.88,9.0,6.0,74.72,38.0,34.06,25,53,22.5,17,95,99,OFF,OFF,100,100,6.108,1.268,1,0,ON,ON,0.922,4.372,0,0,OFF,OFF,43039,2065,100,100,0,0.156,70,576,8.4,57,19.4,0,24.5,43,0.322,11.3,657,96,9.3,62.16466,378457,93,67,7.5,2,0,0.492,75,24.72,32.15,25.06,96,17.5,0.5642,9,44,0,31.4,0,0,0
2021-09-04,08:47:48,12.36,12.16,14.78,14.51,18.59,18.23,96,84,66,0,0,0,5.16,0.0,0.0,0.0,0.0,0.0,0.0,23.6,53,0,125,ON,OFF,ON,0,34.2,30,0,13492,OFF,OFF,29.4,29.5,16.28,29.4,33.88,9.0,6.0,74.72,38.0,34.06,25,53,22.5,17,95,99,OFF,OFF,100,100,6.108,1.268,1,0,ON,ON,0.922,4.372,0,0,OFF,OFF,48166,2065,100,100,0,0.156,70,576,8.4,57,19.4,0,24.5,43,0.322,11.3,657,96,9.3,62.16466,378457,93,67,7.5,2,0,0.492,75,24.72,32.15,25.06,96,17.5,0.5642,9,44,0,31.4,0,0,0
2021-09-04,08:48:18,12.36,12.16,14.78,14.51,18.59,18.23,96,84,66,0,0,0,5.16,0.0,0.0,0.0,0.0,0.0,0.0,23.6,53,0,125,ON,OFF,ON,0,34.2,30,0,13492,OFF,OFF,29.4,29.5,16.28,29.4,33.88,9.0,6.0,74.72,38.0,29.03,25,52,22.5,17,95,99,OFF,OFF,100,100,6.108,1.268,1,0,ON,ON,0.922,4.372,0,0,OFF,OFF,48166,2065,100,100,0,0.156,70,576,8.4,57,19.4,0,24.5,43,0.322,11.3,657,96,9.3,62.16466,378457,93,67,7.5,2,0,0.492,75,24.72,32.15,25.06,96,17.5,0.5642,9,44,0,31.4,0,0,0
2021-09-04,08:48:48,12.36,12.16,14.78,14.51,18.59,18.23,96,84,66,0,0,0,5.16,0.0,0.0,0.0,0.0,0.0,0.0,23.6,53,0,125,ON,OFF,ON,0,34.2,30,0,13492,OFF,OFF,29.4,29.5,16.28,29.4,33.88,9.0,6.0,74.72,38.0,29.03,25,52,22.5,17.5,95,99,OFF,OFF,100,100,6.108,1.268,1,0,ON,ON,0.922,4.372,0,0,OFF,OFF,48166,2065,100,100,0,0.156,70,576,8.4,57,19.4,0,24.5,43,0.322,11.3,657,96,9.3,62.16466,378457,93,67,7.5,2,0,0.492,75,24.72,32.15,25.06,96,17.5,0.5642,9,44,0,31.4,0,0,0
2021-09-04,08:49:18,12.36,12.16,14.78,14.51,18.59,18.23,96,84,66,0,0,0,5.16,0.0,0.0,0.0,0.0,0.0,0.0,23.6,53,0,125,ON,OFF,ON,0,34.2,30,0,13492,OFF,OFF,29.4,29.5,16.28,29.4,33.88,9.0,6.0,74.72,38.0,29.03,25,52,22.5,17.5,95,99,OFF,OFF,100,100,6.108,1.268,1,0,ON,ON,0.922,4.372,0,0,OFF,OFF,48166,2065,100,100,0,0.156,70,576,8.4,57,19.4,0,24.5,43,0.322,11.3,657,96,9.3,62.16466,378457,93,67,7.5,2,0,0.492,75,24.72,32.15,25.06,96,17.5,0.5642,9,44,0,31.4,0,0,0
2021-09-04,08:49:48,12.36,12.16,14.78,14.51,18.59,18.23,96,84,66,0,0,0,5.16,0.0,0.0,0.0,0.0,0.0,0.0,23.6,53,0,125,ON,OFF,ON,0,34.2,30,0,13492,OFF,OFF,29.4,29.5,16.28,29.4,33.88,9.0,6.0,74.72,38.0,29.03,25,52,22.5,17.5,95,99,OFF,OFF,100,100,6.108,1.268,1,0,ON,ON,0.922,4.372,0,0,OFF,OFF,48166,2065,100,100,0,0.156,70,576,8.4,57,19.4,0,24.5,43,0.322,11.3,657,96,9.3,62.16466,378457,93,67,7.5,2,0,0.492,75,24.72,32.15,25.06,96,17.5,0.5642,9,44,0,31.4,0,0,0
2021-09-04,08:50:18,12.36,12.16,14.78,14.51,18.59,18.23,96,84,66,0,0,0,5.16,0.0,0.0,0.0,0.0,0.0,0.0,23.6,53,0,125,ON,OFF,ON,0,34.2,30,0,13492,OFF,OFF,29.4,29.5,16.28,29.4,34.54,9.0,6.0,74.72,38.0,29.03,25,52,22.5,17.5,95,99,OFF,OFF,100,100,6.108,1.268,1,0,ON,ON,0.922,4.372,0,0,OFF,OFF,48166,2065,100,100,0,0.156,70,576,8.4,57,19.4,0,24.5,43,0.322,11.3,657,96,9.3,62.16466,378457,93,67,7.5,2,0,0.492,75,24.72,32.15,25.06,96,17.5,0.5642,9,44,0,31.4,0,0,0
2021-09-04,08:50:48,12.36,12.16,14.78,14.51,18.59,18.23,96,84,66,0,0,0,5.16,0.0,0.0,0.0,0.0,0.0,0.0,23.6,53,0,125,ON,OFF,ON,0,34.2,30,0,13492,OFF,OFF,29.4,29.5,16.94,29.4,34.54,9.0,6.0,74.72,38.0,29.03,25,52,22.5,17.5,95,99,OFF,OFF,100,100,6.108,1.268,1,0,ON,ON,0.922,4.372,0,0,OFF,OFF,48166,2065,100,100,0,0.156,70,576,8.4,52,20.1,0,24.5,43,0.322,11.3,657,96,9.3,62.16466,378457,93,67,7.5,2,0,0.492,75,24.72,32.15,25.06,96,17.5,0.5642,9,44,0,31.4,0,0,0
2021-09-04,08:51:18,12.36,12.16,14.78,14.51,18.59,18.23,96,84,66,0,0,0,5.16,0.0,0.0,0.0,0.0,0.0,0.0,23.6,53,0,125,ON,OFF,ON,0,34.2,30,0,13492,OFF,OFF,29.4,29.5,16.94,29.4,34.54,9.0,6.0,74.72,38.0,29.03,25,52,22.5,17.5,95,99,OFF,OFF,100,100,6.108,1.268,1,0,ON,ON,0.922,4.372,0,0,OFF,OFF,48166,2065,100,100,0,0.156,70,576,8.4,52,20.1,0,24.5,43,0.322,11.3,657,96,9.3,62.16466,378457,93,67,7.5,2,0,0.492,75,24.72,32.15,25.06,96,17.5,0.5642,9,44,0,31.4,0,0,0
2021-09-04,08:51:48,12.36,12.16,14.78,14.51,18.59,18.23,96,84,66,0,0,0,5.16,0.0,0.0,0.0,0.0,0.0,0.0,23.6,53,0,125,ON,OFF,ON,0,34.2,30,0,13492,OFF,OFF,29.4,29.5,16.94,29.4,34.54,9.0,6.0,74.72,38.0,29.03,25,52,22.5,18.5,95,99,OFF,OFF,100,100,6.108,1.268,1,0,ON,ON,0.922,4.372,0,0,OFF,OFF,48166,2065,100,100,0,0.156,70,576,8.4,52,20.1,0,24.5,43,0.322,11.3,657,96,9.3,62.16466,378457,93,67,7.5,2,0,0.492,75,24.72,32.15,25.06,96,17.5,0.5642,9,44,0,31.4,0,0,0
2021-09-04,08:52:18,12.36,12.16,14.78,14.51,18.59,18.23,96,84,66,0,0,0,5.16,0.0,0.0,0.0,0.0,0.0,0.0,23.6,53,0,125,ON,OFF,ON,0,34.2,30,0,13492,OFF,OFF,29.4,29.5,16.94,29.4,34.54,9.0,6.0,74.72,38.0,29.03,26,51,22.5,18.5,95,99,OFF,OFF,100,100,6.108,1.268,1,0,ON,ON,0.922,4.372,0,0,OFF,OFF,48166,2065,100,100,0,0.156,70,576,8.4,52,20.1,0,24.5,43,0.322,11.3,657,96,9.3,62.16466,378457,93,67,7.5,2,0,0.492,75,24.72,32.15,25.06,96,17.5,0.5642,9,44,0,31.4,0,0,0
2021-09-04,08:52:48,12.36,12.16,14.78,14.51,18.59,18.23,96,84,66,0,0,0,5.16,0.0,0.0,0.0,0.0,0.0,0.0,23.6,53,0,125,ON,OFF,ON,0,34.2,30,0,13492,OFF,OFF,29.4,29.5,16.94,29.4,35.2,9.0,6.0,74.72,38.0,29.03,26,51,22.5,18.5,95,99,OFF,OFF,100,100,6.108,1.268,1,0,ON,ON,0.922,4.372,0,0,OFF,OFF,48166,2065,100,100,0,0.156,70,576,8.4,52,20.1,0,24.5,43,0.322,11.3,657,96,9.3,62.16466,378457,93,67,7.5,2,0,0.492,75,24.72,32.15,25.06,96,17.5,0.5642,9,44,0,31.4,0,0,0
2021-09-04,08:53:18,12.36,12.16,14.78,14.51,18.59,18.23,96,84,66,0,0,0,5.16,0.0,0.0,0.0,0.0,0.0,0.0,23.6,53,0,125,ON,OFF,ON,0,34.2,30,0,13492,OFF,OFF,29.4,29.5,16.94,29.4,35.2,9.0,6.0,74.72,38.0,27.59,26,51,22.5,18.5,95,99,OFF,OFF,100,100,6.108,1.268,1,0,ON,ON,0.922,4.372,0,0,OFF,OFF,48166,2065,100,100,0,0.156,70,576,8.4,52,20.1,0,24.5,43,0.322,11.3,657,96,9.3,62.16466,378457,93,67,7.5,2,0,0.492,75,24.72,32.15,25.06,96,17.5,0.5642,9,44,0,31.4,0,0,0
2021-09-04,08:53:48,12.36,12.16,14.78,14.51,18.59,18.23,96,84,66,0,0,0,5.16,0.0,0.0,0.0,0.0,0.0,0.0,23.6,53,0,125,ON,OFF,ON,0,34.2,30,0,13492,OFF,OFF,29.4,29.5,16.94,29.4,35.2,9.0,6.0,74.72,38.0,27.59,26,51,22.5,18.5,95,99,OFF,OFF,100,100,6.108,1.268,1,0,ON,ON,0.922,4.372,0,0,OFF,OFF,48166,2065,100,100,0,0.156,70,576,8.4,52,20.1,0,24.5,43,0.322,11.3,657,96,9.3,62.16466,378457,93,67,7.5,2,0,0.492,75,24.72,32.15,25.06,96,17.5,0.5642,9,44,0,31.4,0,0,0
2021-09-04,08:54:18,12.36,12.16,14.78,14.51,18.59,18.23,96,84,66,0,0,0,5.16,0.0,0.0,0.0,0.0,0.0,0.0,23.6,53,0,125,ON,OFF,ON,0,34.2,30,0,13492,OFF,OFF,29.4,29.5,16.94,29.4,35.2,9.0,6.0,74.72,38.0,27.59,26,51,22.5,18.5,95,99,OFF,OFF,100,100,6.108,1.268,1,0,ON,ON,0.922,4.372,0,0,OFF,OFF,48166,2065,100,100,0,0.156,70,576,8.4,52,20.1,0,24.5,43,0.322,11.3,657,96,9.3,62.16466,378457,93,67,7.5,2,0,0.492,75,24.72,32.15,25.06,96,17.5,0.5642,9,44,0,31.4,0,0,0
2021-09-04,08:54:48,12.36,12.16,14.78,14.51,18.59,18.23,96,84,66,0,0,0,5.16,0.0,0.0,0.0,0.0,0.0,0.0,23.6,53,0,125,ON,OFF,ON,0,34.2,30,0,13492,OFF,OFF,29.4,29.5,16.94,29.4,35.2,9.0,6.0,74.72,38.0,27.59,26,51,22.5,19,95,99,OFF,OFF,100,100,6.108,1.268,1,0,ON,ON,0.922,4.372,0,0,OFF,OFF,48166,2065,100,100,0,0.156,70,576,8.4,52,20.1,0,24.5,43,0.322,11.3,657,96,9.3,62.16466,378457,93,67,7.5,2,0,0.492,75,24.72,32.15,25.06,96,17.5,0.5642,9,44,0,31.4,0,0,0
2021-09-04,08:55:18,12.36,12.16,14.78,14.51,18.59,18.23,96,84,66,0,0,0,5.16,0.0,0.0,0.0,0.0,0.0,0.0,23.6,53,0,125,ON,OFF,ON,0,34.2,30,0,13492,OFF,OFF,29.4,29.5,16.94,29.4,35.2,9.0,6.0,74.72,38.0,27.59,26,51,22.5,19,95,99,OFF,OFF,100,100,6.108,1.268,1,0,ON,ON,0.922,4.372,0,0,OFF,OFF,48166,2065,100,100,0,0.156,70,576,8.4,52,20.1,0,24.5,43,0.322,11.3,657,96,9.3,62.16466,378457,93,67,7.5,2,0,0.492,75,24.72,32.15,25.06,96,17.5,0.5642,9,44,0,31.4,0,0,0
2021-09-04,08:55:48,12.36,12.16,14.78,14.51,18.59,18.23,96,84,66,0,0,0,5.16,0.0,0.0,0.0,0.0,0.0,0.0,23.6,53,0,125,ON,OFF,ON,0,34.2,30,0,13492,OFF,OFF,29.4,29.5,16.94,29.4,35.2,9.0,6.0,74.72,38.0,27.59,26,51,22.5,19,95,99,OFF,OFF,100,100,6.108,1.268,1,0,ON,ON,0.922,4.372,0,0,OFF,OFF,48166,2065,100,100,0,0.156,70,576,8.4,52,20.1,0,24.5,43,0.322,11.3,657,96,9.3,62.16466,378457,93,67,7.5,2,0,0.492,75,24.72,32.15,25.06,96,17.5,0.5642,9,44,0,31.4,0,0,0
2021-09-04,08:56:35,12.36,12.16,14.78,14.51,18.59,18.23,96,84,66,0,0,0,5.16,0.0,0.0,0.0,0.0,0.0,0.0,23.6,53,0,125,ON,OFF,ON,0,34.2,30,0,13492,OFF,OFF,29.4,29.5,17.6,29.4,35.97,9.0,6.0,74.72,38.0,27.59,26,50,22.5,19,95,99,OFF,OFF,100,100,6.108,1.268,1,0,ON,ON,0.922,4.372,0,0,OFF,OFF,48166,2065,100,100,0,0.156,70,576,8.4,52,20.1,0,24.5,43,0.322,11.3,657,96,9.3,62.16466,378457,93,67,7.5,2,0,0.492,75,24.72,32.15,25.06,96,17.5,0.5642,9,44,0,31.4,0,0,0
2021-09-04,08:57:05,12.36,12.16,14.78,14.51,18.59,18.23,96,84,66,0,0,0,5.16,0.0,0.0,0.0,0.0,0.0,0.0,23.6,53,0,125,ON,OFF,ON,0,34.2,30,0,13492,OFF,OFF,29.4,29.5,17.6,29.4,35.97,9.0,6.0,74.72,38.0,27.59,26,50,22.5,19,95,99,OFF,OFF,100,100,6.108,1.268,1,0,ON,ON,0.922,4.372,0,0,OFF,OFF,48166,2065,100,100,0,0.156,70,576,8.4,52,20.1,0,24.5,43,0.322,11.3,657,96,9.3,62.16466,378457,93,67,7.5,2,0,0.492,75,24.72,32.15,25.06,96,17.5,0.5642,9,44,0,31.4,0,0,0
2021-09-04,08:57:35,12.36,12.16,14.78,14.51,18.59,18.23,96,84,66,0,0,0,5.16,0.0,0.0,0.0,0.0,0.0,0.0,23.6,53,0,125,ON,OFF,ON,0,34.2,30,0,13492,OFF,OFF,29.4,29.5,17.6,29.4,35.97,9.0,6.0,74.72,38.0,27.59,26,50,22.5,19,95,99,OFF,OFF,100,100,6.108,1.268,1,0,ON,ON,0.922,4.372,0,0,OFF,OFF,53545,2065,100,100,0,0.156,70,545,8.4,51,20.7,0.159,25.1,42,0.322,11.3,657,96,9.3,62.16466,378457,93,67,7.5,2,0,0.492,75,24.72,32.15,25.06,96,17.5,0.5642,9,44,0,31.4,0,0,0
2021-09-04,08:58:06,12.36,12.16,14.78,14.51,18.59,18.23,96,84,66,0,0,0,5.16,0.0,0.0,0.0,0.0,0.0,0.0,23.6,53,0,125,ON,OFF,ON,0,34.2,30,0,13492,OFF,OFF,29.4,29.5,17.6,29.4,35.97,9.0,6.0,74.72,38.0,27.59,27,49,22.5,19,95,99,OFF,OFF,100,100,6.108,1.268,1,0,ON,ON,0.922,4.372,0,0,OFF,OFF,53545,2065,100,100,0,0.156,70,545,8.4,51,20.7,0.159,25.1,42,0.322,11.3,657,96,9.3,62.16466,378457,93,67,7.5,2,0,0.492,75,24.72,32.15,25.06,96,17.5,0.5642,9,44,0,31.4,0,0,0
2021-09-04,08:58:46,12.36,12.16,14.78,14.51,18.59,18.23,96,84,66,0,0,0,5.16,0.0,0.0,0.0,0.0,0.0,0.0,23.6,53,0,125,ON,OFF,ON,0,34.2,30,0,13492,OFF,OFF,29.4,29.5,17.6,29.4,35.97,9.0,6.0,74.72,38.0,27.59,27,49,22.5,19.5,95,99,OFF,OFF,100,100,6.108,1.268,1,0,ON,ON,0.922,4.372,0,0,OFF,OFF,53545,2065,100,100,0,0.156,70,545,8.4,51,21,0.159,25.1,42,0.322,11.3,657,96,9.3,62.16466,378457,93,67,7.5,2,0,0.492,75,24.72,32.15,25.06,96,17.5,0.5642,9,44,0,31.4,0,0,0
2021-09-04,08:59:16,12.36,12.16,14.78,14.51,18.59,18.23,96,84,66,0,0,0,5.16,0.0,0.0,0.0,0.0,0.0,0.0,23.6,53,0,125,ON,OFF,ON,0,34.2,30,0,13492,OFF,OFF,29.4,29.5,17.6,29.4,35.97,9.0,6.0,74.72,38.0,27.59,27,49,22.5,19.5,95,99,OFF,OFF,100,100,6.108,1.268,1,0,ON,ON,0.922,4.372,0,0,OFF,OFF,53545,2065,100,100,0,0.156,70,545,8.4,51,21,0.159,25.1,42,0.322,11.3,657,96,9.3,62.16466,378457,93,67,7.5,2,0,0.492,75,24.72,32.15,25.06,96,17.5,0.5642,9,44,0,31.4,0,0,0
2021-09-04,08:59:46,12.36,12.16,14.78,14.51,18.59,18.23,96,84,66,0,0,0,5.16,0.0,0.0,0.0,0.0,0.0,0.0,23.6,53,0,125,ON,OFF,ON,0,34.2,30,0,13492,OFF,OFF,29.4,29.5,17.6,29.4,35.97,9.0,6.0,74.72,38.0,27.59,27,49,22.5,19.5,95,99,OFF,OFF,100,100,6.108,1.268,1,0,ON,ON,0.922,4.372,0,0,OFF,OFF,53545,2065,100,100,0,0.156,70,545,8.4,51,21,0.159,25.2,42,0.322,11.3,657,96,9.3,62.16466,378457,93,67,7.5,2,0,0.492,75,24.72,32.15,25.06,96,17.5,0.5642,9,44,0,31.4,0,0,0
2021-09-04,09:00:16,12.36,12.16,14.78,14.51,18.59,18.23,96,84,66,0,0,0,5.16,0.0,0.0,0.0,0.0,0.0,0.0,23.6,53,0,125,ON,OFF,ON,0,34.2,30,0,13492,OFF,OFF,29.4,29.5,17.6,29.4,36.63,9.0,6.0,74.72,38.0,27.59,27,48,22.5,19.5,95,99,OFF,OFF,100,100,6.108,1.268,1,0,ON,ON,0.922,4.372,0,0,OFF,OFF,53545,2065,100,100,0,0.156,70,545,8.4,51,21,0.159,25.2,42,0.322,11.3,657,96,9.3,62.16466,378457,93,67,7.5,2,0,0.492,75,24.72,32.15,25.06,96,17.5,0.5642,9,44,0,31.4,0,0,0
2021-09-04,09:00:46,12.36,12.16,14.78,14.51,18.59,18.23,96,84,66,0,0,0,5.16,0.0,0.0,0.0,0.0,0.0,0.0,23.6,53,0,125,ON,OFF,ON,0,34.2,30,0,13492,OFF,OFF,29.4,29.5,17.6,29.4,36.63,9.0,6.0,69.69,38.0,27.59,27,48,22.5,19.5,95,99,OFF,OFF,100,100,6.108,1.268,1,0,ON,ON,0.922,4.372,0,0,OFF,OFF,53545,2065,100,100,0,0.156,70,545,8.4,51,21,0.159,25.2,42,0.322,11.3,657,96,9.3,62.16466,378457,93,67,7.5,2,0,0.492,75,24.72,32.15,25.06,96,17.5,0.5642,9,44,0,31.4,0,0,0
2021-09-04,09:01:16,12.36,12.16,14.78,14.51,18.59,18.23,96,84,66,0,0,0,5.16,0.0,0.0,0.0,0.0,0.0,0.0,23.6,53,0,125,ON,OFF,ON,0,34.2,30,0,13492,OFF,OFF,29.4,29.5,18.26,29.4,36.63,9.0,6.0,69.69,38.0,27.59,27,48,22.5,19.5,95,99,OFF,OFF,100,100,6.108,1.268,1,0,ON,ON,0.922,4.372,0,0,OFF,OFF,53545,2065,100,100,0,0.156,70,545,8.4,51,21,0.159,25.2,42,0.322,11.3,657,96,9.3,62.16466,378457,93,67,7.5,2,0,0.492,75,24.72,32.15,25.06,96,17.5,0.5642,9,44,0,31.4,0,0,0
2021-09-04,09:01:47,12.36,12.16,14.78,14.51,18.59,18.23,96,84,66,0,0,0,5.16,0.0,0.0,0.0,0.0,0.0,0.0,23.6,53,0,125,ON,OFF,ON,0,34.2,30,0,13492,OFF,OFF,29.4,29.5,18.26,29.4,36.63,9.0,6.0,69.69,38.0,27.59,27,48,22.5,19.5,95,99,OFF,OFF,100,100,6.108,1.268,1,0,ON,ON,0.922,4.372,0,0,OFF,OFF,53545,2065,100,100,0,0.156,70,545,8.4,51,21,0.159,25.2,42,0.322,11.3,657,96,9.3,62.16466,378457,93,67,7.5,2,0,0.492,75,24.72,32.15,25.06,96,17.5,0.5642,9,44,0,31.4,0,0,0
2021-09-04,09:02:17,12.36,12.16,14.78,14.51,18.59,18.23,96,84,66,0,0,0,5.16,0.0,0.0,0.0,0.0,0.0,0.0,23.6,53,0,125,ON,OFF,ON,0,34.2,30,0,13492,OFF,OFF,29.4,29.5,18.26,29.4,36.63,9.0,6.0,69.69,38.0,27.59,27,48,22.5,20,95,99,OFF,OFF,100,100,6.108,1.268,1,0,ON,ON,0.922,4.372,0,0,OFF,OFF,53545,2065,100,100,0,0.156,70,545,8.4,51,21,0.159,25.2,42,0.322,11.3,657,96,9.3,62.16466,378457,93,67,7.5,2,0,0.492,75,24.72,32.15,25.06,96,17.5,0.5642,9,44,0,31.4,0,0,0
2021-09-04,09:02:47,12.36,12.16,14.78,14.51,18.59,18.23,96,84,66,0,0,0,5.16,0.0,0.0,0.0,0.0,0.0,0.0,23.6,53,0,125,ON,OFF,ON,0,34.2,30,0,13492,OFF,OFF,29.4,29.5,18.26,29.4,37.29,9.0,6.0,69.69,38.0,27.59,27,48,22.5,20,95,99,OFF,OFF,100,100,6.108,1.268,1,0,ON,ON,0.922,4.372,0,0,OFF,OFF,53545,2065,100,100,0,0.156,70,545,8.4,51,21,0.159,25.2,42,0.322,11.3,657,96,9.3,62.16466,378457,93,67,7.5,2,0,0.492,75,24.72,32.15,25.06,96,17.5,0.5642,9,44,0,31.4,0,0,0
2021-09-04,09:03:17,12.36,12.16,14.78,14.51,18.59,18.23,96,84,66,0,0,0,5.16,0.0,0.0,0.0,0.0,0.0,0.0,23.6,53,0,125,ON,OFF,ON,0,34.2,30,0,13492,OFF,OFF,29.4,29.5,18.26,29.4,37.29,9.0,6.0,69.69,38.0,27.59,27,48,22.5,20,95,99,OFF,OFF,100,100,6.108,1.268,1,0,ON,ON,0.922,4.372,0,0,OFF,OFF,53545,2065,100,100,0,0.156,70,545,8.4,51,21,0.159,25.2,42,0.322,11.3,657,96,9.3,62.16466,378457,93,67,7.5,2,0,0.492,75,24.72,32.15,25.06,96,17.5,0.5642,9,44,0,31.4,0,0,0
2021-09-04,09:03:47,12.36,12.16,14.78,14.51,18.59,18.23,96,84,66,0,0,0,5.16,0.0,0.0,0.0,0.0,0.0,0.0,23.6,53,0,125,ON,OFF,ON,0,34.2,30,0,13492,OFF,OFF,29.4,29.5,18.26,29.4,37.29,9.0,6.0,69.69,38.0,27.59,27,48,22.5,20,95,99,OFF,OFF,100,100,6.108,1.268,1,0,ON,ON,0.922,4.372,0,0,OFF,OFF,53545,2065,100,100,0,0.156,70,545,8.4,51,21.6,0.159,25.2,42,0.322,11.3,657,96,9.3,62.16466,378457,93,67,7.5,2,0,0.492,75,24.72,32.15,25.06,96,17.5,0.5642,9,44,0,31.4,0,0,0
2021-09-04,09:04:17,12.36,12.16,14.78,14.51,18.59,18.23,96,84,66,0,0,0,5.16,0.0,0.0,0.0,0.0,0.0,0.0,23.6,53,0,125,ON,OFF,ON,0,34.2,30,0,13492,OFF,OFF,29.4,29.5,18.26,29.4,37.29,9.0,6.0,69.69,38.0,27.59,28,47,22.5,20,95,99,OFF,OFF,100,100,6.108,1.268,1,0,ON,ON,0.922,4.372,0,0,OFF,OFF,53545,2065,100,100,0,0.156,70,545,8.4,51,21.6,0.159,25.2,42,0.322,11.3,657,96,9.3,62.16466,378457,93,67,7.5,2,0,0.492,75,24.72,32.68,25.06,96,17.5,0.5642,9,44,0,31.4,0,0,0
2021-09-04,09:04:47,12.36,12.16,14.78,14.51,18.59,18.23,96,84,66,0,0,0,5.16,0.0,0.0,0.0,0.0,0.0,0.0,23.6,53,0,125,ON,OFF,ON,0,34.2,30,0,13492,OFF,OFF,29.4,29.5,18.92,29.4,37.29,9.0,6.0,69.69,38.0,27.59,28,47,22.5,20,95,99,OFF,OFF,100,100,6.108,1.268,1,0,ON,ON,0.922,4.372,0,0,OFF,OFF,53545,2065,100,100,0,0.156,70,545,8.4,51,21.6,0.159,25.2,42,0.322,11.3,657,96,9.3,62.16466,378457,93,67,7.5,2,0,0.492,75,24.72,32.68,25.06,96,17.5,0.5642,9,44,0,31.4,0,0,0
2021-09-04,09:05:17,12.36,12.16,14.78,14.51,18.59,18.23,96,84,66,0,0,0,5.16,0.0,0.0,0.0,0.0,0.0,0.0,23.6,53,0,125,ON,OFF,ON,0,34.2,30,0,13492,OFF,OFF,29.4,29.5,18.92,29.4,37.29,9.0,6.0,69.69,38.0,27.59,28,47,22.5,20,95,99,OFF,OFF,100,100,6.108,1.268,1,0,ON,ON,0.922,4.372,0,0,OFF,OFF,53545,2065,100,100,0,0.156,70,545,8.4,51,21.6,0.159,25.2,42,0.322,11.3,657,96,9.3,62.16466,378457,93,67,7.5,2,0,0.492,75,24.72,32.68,25.06,96,17.5,0.5642,9,44,0,31.4,0,0,0
2021-09-04,09:05:47,12.36,12.16,14.78,14.51,18.59,18.23,96,84,66,0,0,0,5.16,0.0,0.0,0.0,0.0,0.0,0.0,23.6,53,0,125,ON,OFF,ON,0,34.2,30,0,13492,OFF,OFF,29.4,29.5,18.92,29.4,37.95,9.0,6.0,69.69,38.0,27.59,28,47,22.5,20.5,95,99,OFF,OFF,100,100,6.108,1.268,1,0,ON,ON,0.922,4.372,0,0,OFF,OFF,53545,2065,100,100,0,0.156,70,545,8.4,51,21.6,0.159,25.2,42,0.322,11.3,657,96,9.3,62.16466,378457,93,67,7.5,2,0,0.492,75,24.72,32.68,25.06,96,17.5,0.5642,9,44,0,31.4,0,0,0
2021-09-04,09:06:17,12.36,12.16,14.78,14.51,18.59,18.23,96,84,66,0,0,0,5.16,0.0,0.0,0.0,0.0,0.0,0.0,23.6,53,0,125,ON,OFF,ON,0,34.2,30,0,13492,OFF,OFF,29.4,29.5,18.92,29.4,37.95,9.0,6.0,69.69,38.0,27.59,28,47,22.5,20.5,95,99,OFF,OFF,100,100,6.108,1.268,1,0,ON,ON,0.922,4.372,0,0,OFF,OFF,53545,2065,100,100,0,0.156,70,545,8.4,51,21.6,0.159,25.2,42,0.322,11.3,657,96,9.3,62.16466,378457,93,67,7.5,2,0,0.492,75,24.72,32.68,25.06,96,17.5,0.5642,9,44,0,31.4,0,0,0
2021-09-04,09:06:47,12.36,12.16,14.78,14.51,18.59,18.23,96,84,66,0,0,0,5.16,0.0,0.0,0.0,0.0,0.0,0.0,23.6,53,0,125,ON,OFF,ON,0,34.2,30,0,13492,OFF,OFF,29.4,29.5,18.92,29.4,37.95,9.0,6.0,69.69,38.0,27.59,28,47,22.5,21,95,99,OFF,OFF,100,100,6.108,1.268,1,0,ON,ON,0.922,4.372,0,0,OFF,OFF,53545,2065,100,100,0,0.156,70,545,8.4,51,21.6,0.159,25.2,42,0.322,11.3,657,96,9.3,62.16466,378457,93,67,7.5,2,0,0.492,75,24.72,32.68,25.06,96,17.5,0.5642,9,44,0,31.4,0,0,0
2021-09-04,09:07:17,12.36,12.16,14.78,14.51,18.59,18.23,96,84,66,0,0,0,5.16,0.0,0.0,0.0,0.0,0.0,0.0,23.6,53,0,125,ON,OFF,ON,0,34.2,30,0,13492,OFF,OFF,29.4,29.5,18.92,29.4,37.95,9.0,6.0,69.69,38.0,27.59,28,47,22.5,21,95,99,OFF,OFF,100,100,6.108,1.268,1,0,ON,ON,0.922,4.372,0,0,OFF,OFF,53545,2065,100,100,0,0.156,70,545,8.4,51,21.6,0.159,25.2,42,0.322,11.3,657,96,9.3,62.16466,378457,93,67,7.5,2,0,0.492,75,24.72,32.68,25.06,96,17.5,0.5642,9,44,0,31.4,0,0,0
2021-09-04,09:07:47,12.36,12.16,14.78,14.51,18.59,18.23,96,84,66,0,0,0,5.16,0.0,0.0,0.0,0.0,0.0,0.0,23.6,53,0,125,ON,OFF,ON,0,34.2,30,0,13492,OFF,OFF,29.4,29.5,18.92,29.4,37.95,9.0,6.0,69.69,38.0,27.59,28,47,22.5,21,95,99,OFF,OFF,100,100,6.108,1.268,1,0,ON,ON,0.922,4.372,0,0,OFF,OFF,53545,2065,100,100,0,0.156,70,545,8.4,51,21.1,0.159,25.2,42,0.322,11.3,657,96,9.3,62.16466,378457,93,67,7.5,2,0,0.492,75,24.72,32.68,25.06,96,17.5,0.5642,9,44,0,31.4,0,0,0
2021-09-04,09:08:17,12.36,12.16,14.78,14.51,18.59,18.23,96,84,66,0,0,0,5.16,0.0,0.0,0.0,0.0,0.0,0.0,23.6,53,0,125,ON,OFF,ON,0,34.2,30,0,13492,OFF,OFF,29.4,29.5,18.92,29.4,37.95,9.0,6.0,69.69,38.0,27.59,28,46,22.5,21,95,99,OFF,OFF,100,100,6.108,1.268,1,0,ON,ON,0.922,4.372,0,0,OFF,OFF,53545,2065,100,100,0,0.156,70,545,8.4,51,21.1,0.159,25.2,42,0.322,11.3,657,96,9.3,62.16466,378457,93,67,7.5,2,0,0.492,75,24.72,32.68,25.06,96,17.5,0.5642,9,44,0,31.4,0,0,0
2021-09-04,09:08:47,12.36,12.16,14.78,14.51,18.59,18.23,96,84,66,0,0,0,5.16,0.0,0.0,0.0,0.0,0.0,0.0,23.6,53,0,125,ON,OFF,ON,0,34.2,30,0,13492,OFF,OFF,29.4,29.5,18.92,29.4,38.61,9.0,6.0,69.69,38.0,27.59,28,46,22.5,21.5,95,99,OFF,OFF,100,100,6.108,1.268,1,0,ON,ON,0.922,4.372,0,0,OFF,OFF,58924,2065,100,100,0,0.156,70,545,8.4,51,21.1,0.159,25.2,42,0.322,11.3,657,96,9.3,62.16466,378457,93,67,7.5,2,0,0.492,75,24.72,32.68,25.06,96,17.5,0.5642,9,44,0,31.4,0,0,0
2021-09-04,09:09:17,12.36,12.16,14.78,14.51,18.59,18.23,96,84,66,0,0,0,5.16,0.0,0.0,0.0,0.0,0.0,0.0,23.6,53,0,125,ON,OFF,ON,0,34.2,30,0,13492,OFF,OFF,29.4,29.5,18.92,29.4,38.61,9.0,6.0,69.69,38.0,27.59,28,46,22.5,21.5,95,99,OFF,OFF,100,100,6.108,1.268,1,0,ON,ON,0.922,4.372,0,0,OFF,OFF,58924,2065,100,100,0,0.156,70,545,8.4,51,21.1,0.159,25.2,42,0.322,11.3,657,96,9.3,62.16466,378457,93,67,7.5,2,0,0.492,75,24.72,32.68,25.06,96,17.5,0.5642,9,44,0,31.4,0,0,0
2021-09-04,09:09:47,12.36,12.16,14.78,14.51,18.59,18.23,96,84,66,0,0,0,5.16,0.0,0.0,0.0,0.0,0.0,0.0,23.6,53,0,125,ON,OFF,ON,0,34.2,30,0,13492,OFF,OFF,29.4,29.5,19.58,29.4,38.61,9.0,6.0,69.69,38.0,27.59,28,46,22.5,21.5,95,99,OFF,OFF,100,100,6.108,1.268,1,0,ON,ON,0.922,4.372,0,0,OFF,OFF,58924,2802,100,100,0,0.156,70,545,8.4,51,21.1,0,25.2,42,2.802,11.3,657,96,9.3,62.16466,378457,93,67,7.5,2,0,0.492,75,24.72,32.68,25.06,96,17.5,0.5642,9,44,0,31.4,0,0,0
2021-09-04,09:10:17,12.36,12.16,14.78,14.51,18.59,18.23,96,84,66,0,0,0,5.16,0.0,0.0,0.0,0.0,0.0,0.0,23.6,53,0,125,ON,OFF,ON,0,34.2,30,0,13492,OFF,OFF,29.4,29.5,19.58,29.4,38.61,9.0,6.0,69.69,38.0,27.59,28,46,22.5,21.5,95,99,OFF,OFF,100,100,6.108,1.268,1,0,ON,ON,0.922,4.372,0,0,OFF,OFF,58924,2802,100,100,0,0.156,70,545,8.4,51,21.1,0,25.2,42,2.802,11.3,657,96,9.3,62.16466,378457,93,67,7.5,2,0,0.492,75,24.72,32.68,25.06,96,17.5,0.5642,9,44,0,31.4,0,0,0
2021-09-04,09:10:47,12.36,12.16,14.78,14.51,18.59,18.23,96,84,66,0,0,0,5.16,0.0,0.0,0.0,0.0,0.0,0.0,23.6,53,0,125,ON,OFF,ON,0,34.2,30,0,13492,OFF,OFF,29.4,29.5,19.58,29.4,38.61,9.0,6.0,69.69,38.0,27.59,28,46,22.5,21.5,95,99,OFF,OFF,100,100,6.108,1.268,1,0,ON,ON,0.922,4.372,0,0,OFF,OFF,58924,2802,100,100,0,0.156,70,545,8.4,51,21.1,0,25.2,42,2.802,11.3,657,96,9.3,62.16466,378457,93,67,7.5,2,0,0.492,75,24.72,32.68,25.06,96,17.5,0.5642,9,44,0,31.4,0,0,0
2021-09-04,09:11:17,12.36,12.16,14.78,14.51,18.59,18.23,96,84,66,0,0,0,5.16,0.0,0.0,0.0,0.0,0.0,0.0,23.6,53,0,125,ON,OFF,ON,0,34.2,30,0,13492,OFF,OFF,29.4,29.5,19.58,29.4,38.61,9.0,6.0,69.69,38.0,27.59,28,46,23.5,21.5,95,99,OFF,OFF,100,100,6.108,1.268,1,0,ON,ON,0.922,4.372,0,0,OFF,OFF,58924,2802,100,100,0,0.156,70,545,8.4,51,21.1,0,25.2,42,2.802,11.3,657,96,9.3,62.16466,378457,93,67,7.5,2,0,0.492,75,24.72,32.68,25.06,96,17.5,0.5642,9,44,0,31.4,0,0,0
2021-09-04,09:12:03,12.36,12.16,14.78,14.51,18.59,18.23,96,84,66,0,0,0,5.16,0.0,0.0,0.0,0.0,0.0,0.0,23.6,53,0,125,ON,OFF,ON,0,34.2,30,0,13492,OFF,OFF,29.4,29.5,19.58,29.4,39.27,9.0,6.0,69.69,38.0,27.59,28,46,23.5,22,95,99,OFF,OFF,100,100,6.108,1.268,1,0,ON,ON,0.922,4.372,0,0,OFF,OFF,58924,2802,100,100,0,0.156,70,545,8.4,51,21.1,0,25.2,42,2.802,11.3,657,96,9.3,62.16466,378457,93,67,7.5,2,0,0.492,75,24.72,32.68,25.06,96,17.5,0.5642,9,44,0,31.4,0,0,0
2021-09-04,09:12:33,12.36,12.16,14.78,14.51,18.59,18.23,96,84,66,0,0,0,5.16,0.0,0.0,0.0,0.0,0.0,0.0,23.6,53,0,125,ON,OFF,ON,0,34.2,30,0,13492,OFF,OFF,29.4,29.5,19.58,29.4,39.27,9.0,6.0,69.69,38.0,27.59,28,46,23.5,22,95,99,OFF,OFF,100,100,6.108,1.268,1,0,ON,ON,0.922,4.372,0,0,OFF,OFF,58924,2802,100,100,0,0.156,70,545,8.4,51,21.1,0,25.2,42,2.802,11.3,657,96,9.3,62.16466,378457,93,67,7.5,2,0,0.492,75,24.72,32.68,25.06,96,17.5,0.5642,9,44,0,31.4,0,0,0
2021-09-04,09:13:03,12.36,12.16,14.78,14.51,18.59,18.23,96,84,66,0,0,0,5.16,0.0,0.0,0.0,0.0,0.0,0.0,23.6,53,0,125,ON,OFF,ON,0,34.2,30,0,13492,OFF,OFF,29.4,29.5,19.58,29.4,39.27,9.0,6.0,69.69,38.0,27.59,28,46,23.5,22,95,99,OFF,OFF,100,100,6.108,1.268,1,0,ON,ON,0.922,4.372,0,0,OFF,OFF,58924,2802,100,100,0,0.156,70,545,8.4,51,21.1,0,25.2,42,2.802,11.3,657,96,9.3,62.16466,378457,93,67,7.5,2,0,0.492,75,24.72,32.68,25.06,96,17.5,0.5642,9,44,0,31.4,0,0,0
2021-09-04,09:13:33,12.36,12.16,14.78,14.51,18.59,18.23,96,84,66,0,0,0,5.16,0.0,0.0,0.0,0.0,0.0,0.0,23.6,53,0,125,ON,OFF,ON,0,34.2,30,0,13492,OFF,OFF,29.4,29.5,19.58,29.4,39.27,9.0,6.0,69.69,38.0,27.59,28,46,23.5,22,95,99,OFF,OFF,100,100,6.108,1.268,1,0,ON,ON,0.922,4.372,0,0,OFF,OFF,58924,2802,100,100,0,0.156,70,545,8.4,51,21.1,0,25.7,42,2.802,11.3,657,96,9.3,62.16466,378457,93,67,7.5,2,0,0.492,75,24.72,32.68,25.06,96,17.5,0.5642,9,44,0,31.4,0,0,0
2021-09-04,09:14:03,12.36,12.16,14.78,14.51,18.59,18.23,96,84,66,0,0,0,5.16,0.0,0.0,0.0,0.0,0.0,0.0,23.6,53,0,125,ON,OFF,ON,0,34.2,30,0,13492,OFF,OFF,29.4,29.5,19.58,29.4,39.27,9.0,6.0,69.69,38.0,27.59,28,45,23.5,22,95,99,OFF,OFF,100,100,6.108,1.268,1,0,ON,ON,0.922,4.372,0,0,OFF,OFF,58924,2802,100,100,0,0.156,70,545,8.4,51,21.1,0,25.7,42,2.802,11.3,657,96,9.3,62.16466,378457,93,67,7.5,2,0,0.492,75,24.72,32.68,25.06,96,17.5,0.5642,9,44,0,31.4,0,0,0
2021-09-04,09:14:33,12.36,12.16,14.78,14.51,18.59,18.23,96,84,66,0,0,0,5.16,0.0,0.0,0.0,0.0,0.0,0.0,23.6,53,0,125,ON,OFF,ON,0,34.2,30,0,13492,OFF,OFF,29.4,29.5,19.58,29.4,39.27,9.0,6.0,69.69,38.0,27.59,28,45,23.5,22.5,95,99,OFF,OFF,100,100,6.108,1.268,1,0,ON,ON,0.922,4.372,0,0,OFF,OFF,58924,2802,100,100,0,0.156,70,545,8.4,51,21.1,0,25.7,42,2.802,11.3,657,96,9.3,62.16466,378457,93,67,7.5,2,0,0.492,75,24.72,32.68,25.06,96,17.5,0.5642,9,44,0,31.4,0,0,0
2021-09-04,09:15:03,12.36,12.16,14.78,14.51,18.59,18.23,96,84,66,0,0,0,5.16,0.0,0.0,0.0,0.0,0.0,0.0,23.6,53,0,125,ON,OFF,ON,0,34.2,30,0,13492,OFF,OFF,29.4,29.5,19.58,29.4,39.93,9.0,6.0,69.69,38.0,27.59,28,45,23.5,22.5,95,99,OFF,OFF,100,100,6.108,1.268,1,0,ON,ON,0.922,4.372,0,0,OFF,OFF,58924,2802,100,100,0,0.156,70,545,8.4,51,21.1,0,25.7,42,2.802,11.3,657,96,9.3,62.16466,378457,93,67,7.5,2,0,0.492,75,24.72,32.68,25.06,96,17.5,0.5642,9,44,0,31.4,0,0,0
2021-09-04,09:15:33,12.36,12.16,14.78,14.51,18.59,18.23,96,84,66,0,0,0,5.16,0.0,0.0,0.0,0.0,0.0,0.0,23.6,53,0,125,ON,OFF,ON,0,34.2,30,0,13492,OFF,OFF,29.4,29.5,20.24,29.4,39.93,9.0,6.0,69.69,38.0,27.59,28,45,23.5,22.5,95,99,OFF,OFF,100,100,6.108,1.268,1,0,ON,ON,0.922,4.372,0,0,OFF,OFF,58924,2802,100,100,0,0.156,70,545,8.4,51,21.1,0,25.7,42,2.802,11.3,657,96,9.3,62.16466,378457,93,67,7.5,2,0,0.492,75,24.72,32.68,25.06,96,17.5,0.5642,9,44,0,31.4,0,0,0
2021-09-04,09:16:03,12.36,12.16,14.78,14.51,18.59,18.23,96,84,66,0,0,0,5.16,0.0,0.0,0.0,0.0,0.0,0.0,23.6,53,0,125,ON,OFF,ON,0,34.2,30,0,13492,OFF,OFF,29.4,29.5,20.24,29.4,39.93,9.0,6.0,69.69,38.0,22.58,28,45,23.5,22.5,95,99,OFF,OFF,100,100,6.108,1.268,1,0,ON,ON,0.922,4.372,0,0,OFF,OFF,58924,2802,100,100,0,0.156,70,545,8.4,51,21.1,0,25.7,42,2.802,11.3,657,96,9.3,62.16466,378457,93,67,7.5,2,0,0.492,75,24.72,32.68,25.06,96,17.5,0.5642,9,44,0,31.4,0,0,0
2021-09-04,09:16:33,12.36,12.16,14.78,14.51,18.59,18.23,96,84,66,0,0,0,5.16,0.0,0.0,0.0,0.0,0.0,0.0,23.6,53,0,125,ON,OFF,ON,0,34.2,30,0,13492,OFF,OFF,29.4,29.5,20.24,29.4,39.93,9.0,6.0,69.69,38.0,22.58,29,44,23.5,22.5,95,99,OFF,OFF,100,100,6.108,1.268,1,0,ON,ON,0.922,4.372,0,0,OFF,OFF,58924,2802,100,100,0,0.156,70,545,8.4,51,21.1,0,25.7,42,2.802,11.3,657,96,9.3,62.16466,378457,93,67,7.5,2,0,0.492,75,24.72,32.68,25.06,96,17.5,0.5642,9,44,0,31.4,0,0,0
2021-09-04,09:17:03,12.36,12.16,14.78,14.51,18.59,18.23,96,84,66,0,0,0,5.16,0.0,0.0,0.0,0.0,0.0,0.0,23.6,53,0,125,ON,OFF,ON,0,34.2,30,0,13492,OFF,OFF,29.4,29.5,20.24,29.4,39.93,9.0,6.0,69.69,38.0,22.58,29,44,23.5,22.5,95,99,OFF,OFF,100,100,6.108,1.268,1,0,ON,ON,0.922,4.372,0,0,OFF,OFF,58924,2802,100,100,0,0.156,70,545,8.4,51,21.1,0,25.7,42,2.802,11.3,657,96,9.3,62.16466,378457,93,67,7.5,2,0,0.492,75,24.72,32.68,25.06,96,17.5,0.5642,9,44,0,31.4,0,0,0
2021-09-04,09:17:33,12.36,12.16,14.78,14.51,18.59,18.23,96,84,66,0,0,0,5.16,0.0,0.0,0.0,0.0,0.0,0.0,23.6,53,0,125,ON,OFF,ON,0,34.2,30,0,13492,OFF,OFF,29.4,29.5,20.24,29.4,39.93,9.0,6.0,64.65,38.0,22.58,29,44,23.5,23.5,95,99,OFF,OFF,100,100,6.108,1.268,1,0,ON,ON,0.922,4.372,0,0,OFF,OFF,58924,2802,100,100,0,0.156,70,545,8.4,51,21.1,0,25.7,42,2.802,11.3,657,96,9.3,62.16466,378457,93,67,7.5,2,0,0.492,75,24.72,32.68,25.06,96,17.5,0.5642,9,44,0,31.4,0,0,0
2021-09-04,09:18:03,12.36,12.16,14.78,14.51,18.59,18.23,96,84,66,0,0,0,5.16,0.0,0.0,0.0,0.0,0.0,0.0,23.6,53,0,125,ON,OFF,ON,0,34.2,30,0,13492,OFF,OFF,29.4,29.5,20.24,29.4,39.93,9.0,6.0,64.65,38.0,22.58,29,44,23.5,23.5,95,99,OFF,OFF,100,100,6.108,1.268,1,0,ON,ON,0.922,4.372,0,0,OFF,OFF,58924,2802,100,100,0,0.156,70,545,8.4,51,21.1,0,25.7,42,2.802,11.3,657,96,9.3,62.16466,378457,93,67,7.5,2,0,0.492,75,24.72,32.68,25.06,96,17.5,0.5642,9,44,0,31.4,0,0,0
2021-09-04,09:18:38,12.36,12.16,14.78,14.51,18.59,18.23,96,84,66,0,0,0,5.16,0.0,0.0,0.0,0.0,0.0,0.0,23.6,53,0,125,ON,OFF,ON,0,34.2,30,0,13492,OFF,OFF,29.4,29.5,20.24,29.4,39.93,9.0,6.0,64.65,38.0,22.58,29,44,23.5,23.5,95,99,OFF,OFF,100,100,6.108,1.268,1,0,ON,ON,0.922,4.372,0,0,OFF,OFF,58924,2802,100,100,0,0.156,70,545,8.4,51,21.1,0,25.7,42,2.802,11.3,657,96,9.3,62.16466,378457,93,67,7.5,2,0,0.492,75,24.72,32.68,25.06,96,17.5,0.5642,9,44,0,31.4,0,0,0
2021-09-04,09:19:08,12.36,12.16,14.78,14.51,18.59,18.23,96,84,66,0,0,0,5.16,0.0,0.0,0.0,0.0,0.0,0.0,23.6,53,0,125,ON,OFF,ON,0,34.2,30,0,13492,OFF,OFF,29.4,29.5,20.24,29.4,40.59,9.0,6.0,64.65,38.0,22.58,29,44,23.5,24,95,99,OFF,OFF,100,100,6.109,1.268,1,0,ON,ON,0.922,4.372,0,0,OFF,OFF,58924,2802,100,100,0,0.156,70,545,8.4,51,21.1,0,25.7,42,2.802,11.3,657,96,9.3,62.16466,378457,93,67,7.5,2,0,0.492,75,24.72,32.68,25.06,96,17.5,0.5642,9,44,0,31.4,0,0,0
2021-09-04,09:19:38,12.36,12.16,14.78,14.51,18.59,18.23,96,84,66,0,0,0,5.16,0.0,0.0,0.0,0.0,0.0,0.0,23.6,53,0,125,ON,OFF,ON,0,34.2,30,0,13492,OFF,OFF,29.4,29.5,20.24,29.4,40.59,9.0,6.0,64.65,38.0,22.58,29,44,23.5,24,95,99,OFF,OFF,100,100,6.109,1.268,1,0,ON,ON,0.922,4.372,0,0,OFF,OFF,58924,2802,100,100,0,0.156,70,545,8.4,51,21.1,0,25.7,42,2.802,11.3,657,96,9.3,62.16466,378457,93,67,7.5,2,0,0.492,75,24.72,32.68,25.06,96,17.5,0.5642,9,44,0,31.4,0,0,0
2021-09-04,09:20:09,12.36,12.16,14.78,14.51,18.59,18.23,96,84,66,0,0,0,5.16,0.0,0.0,0.0,0.0,0.0,0.0,23.6,53,0,125,ON,OFF,ON,0,34.2,30,0,13492,OFF,OFF,29.4,29.5,20.24,29.4,40.59,9.0,6.0,64.65,38.0,22.58,29,44,23.5,24,95,99,OFF,OFF,100,100,6.109,1.268,1,0,ON,ON,0.922,4.372,0,0,OFF,OFF,58924,2802,100,100,0,0.156,70,545,8.4,51,21.1,0,25.7,42,2.802,11.3,657,96,9.3,62.16466,378457,93,67,7.5,2,0,0.492,75,24.72,32.68,25.06,96,17.5,0.5642,9,44,0,31.4,0,0,0
2021-09-04,09:20:38,12.36,12.16,14.78,14.51,18.59,18.23,96,84,66,0,0,0,5.16,0.0,0.0,0.0,0.0,0.0,0.0,23.6,53,0,125,ON,OFF,ON,0,34.2,30,0,13492,OFF,OFF,29.4,29.5,20.24,29.4,40.59,9.0,6.0,64.65,38.0,22.58,29,43,23.5,24,95,99,OFF,OFF,100,100,6.109,1.268,1,0,ON,ON,0.922,4.372,0,0,OFF,OFF,58924,2802,100,100,0,0.156,70,545,8.4,51,21.1,0,25.7,42,2.802,11.3,657,96,9.3,62.16466,378457,93,67,7.5,2,0,0.492,75,24.72,32.68,25.06,96,17.5,0.5642,9,44,0,31.4,0,0,0
2021-09-04,09:21:08,12.36,12.16,14.78,14.51,18.59,18.23,96,84,66,0,0,0,5.16,0.0,0.0,0.0,0.0,0.0,0.0,23.6,53,0,125,ON,OFF,ON,0,34.2,30,0,13492,OFF,OFF,29.4,29.5,20.24,29.4,40.59,9.0,6.0,64.65,38.0,22.58,29,43,23.5,24,95,99,OFF,OFF,100,100,6.109,1.268,1,0,ON,ON,0.922,4.372,0,0,OFF,OFF,64306,2802,100,100,0,0.156,70,545,8.4,51,21.1,0,25.7,42,2.802,11.3,657,96,9.3,62.16466,378457,93,67,7.5,2,0,0.492,75,24.72,32.68,25.06,96,17.5,0.5642,9,44,0,31.4,0,0,0
2021-09-04,09:21:38,12.36,12.16,14.78,14.51,18.59,18.23,96,84,66,0,0,0,5.16,0.0,0.0,0.0,0.0,0.0,0.0,23.6,53,0,125,ON,OFF,ON,0,34.2,30,0,13492,OFF,OFF,29.4,29.5,20.9,29.4,40.59,9.0,6.0,64.65,38.0,22.58,29,43,23.5,24,95,99,OFF,OFF,100,100,6.109,1.268,1,0,ON,ON,0.922,4.372,0,0,OFF,OFF,64306,2802,100,100,0,0.156,70,545,8.4,51,21.1,0,25.7,42,2.802,11.3,657,96,9.3,62.16466,378457,93,67,7.5,2,0,0.492,75,24.72,32.68,25.06,96,17.5,0.5642,9,44,0,31.4,0,0,0
2021-09-04,09:22:08,12.36,12.16,14.78,14.51,18.59,18.23,96,84,66,0,0,0,5.16,0.0,0.0,0.0,0.0,0.0,0.0,23.6,53,0,125,ON,OFF,ON,0,34.2,30,0,13492,OFF,OFF,29.4,29.5,20.9,29.4,40.59,9.0,6.0,64.65,38.0,22.58,29,43,23.5,24.5,95,99,OFF,OFF,100,100,6.109,1.268,1,0,ON,ON,0.922,4.372,0,0,OFF,OFF,64306,2802,100,100,0,0.156,70,545,8.4,51,21.1,0,25.7,42,2.802,11.3,657,96,9.3,62.16466,378457,93,67,7.5,2,0,0.492,75,24.72,32.68,25.06,96,17.5,0.5642,9,44,0,31.4,0,0,0
2021-09-04,09:22:38,12.36,12.16,14.78,14.51,18.59,18.23,96,84,66,0,0,0,5.16,0.0,0.0,0.0,0.0,0.0,0.0,23.6,53,0,125,ON,OFF,ON,0,34.2,30,0,13492,OFF,OFF,29.4,29.5,20.9,29.4,41.25,9.0,6.0,64.65,38.0,22.58,29,43,23.5,24.5,95,99,OFF,OFF,100,100,6.109,1.268,1,0,ON,ON,0.922,4.372,0,0,OFF,OFF,64306,2802,100,100,0,0.156,70,545,8.4,51,21.7,0,25.7,42,2.802,11.3,657,96,9.3,62.16466,378457,93,67,7.5,2,0,0.492,75,24.72,32.68,25.06,96,17.5,0.5642,9,44,0,31.4,0,0,0
2021-09-04,09:23:08,12.36,12.16,14.78,14.51,18.59,18.23,96,84,66,0,0,0,5.16,0.0,0.0,0.0,0.0,0.0,0.0,23.6,53,0,125,ON,OFF,ON,0,34.2,30,0,13492,OFF,OFF,29.4,29.5,20.9,29.4,41.25,9.0,6.0,64.65,38.0,21.44,29,43,24,24.5,95,99,OFF,OFF,100,100,6.109,1.268,1,0,ON,ON,0.922,4.372,0,0,OFF,OFF,64306,2802,100,100,0,0.156,70,545,8.4,51,21.7,0,25.7,42,2.802,11.3,657,96,9.3,62.16466,378457,93,67,7.5,2,0,0.492,75,24.72,32.68,25.06,96,17.5,0.5642,9,44,0,31.4,0,0,0
2021-09-04,09:23:38,12.36,12.16,14.78,14.51,18.59,18.23,96,84,66,0,0,0,5.16,0.0,0.0,0.0,0.0,0.0,0.0,23.6,53,0,125,ON,OFF,ON,0,34.2,30,0,13492,OFF,OFF,29.4,29.5,20.9,29.4,41.25,9.0,6.0,64.65,38.0,21.44,29,43,24,24.5,95,99,OFF,OFF,100,100,6.109,1.268,1,0,ON,ON,0.922,4.372,0,0,OFF,OFF,64306,2802,100,100,0,0.156,70,545,8.4,51,21.7,0,25.7,42,2.802,11.3,657,96,9.3,62.16466,378457,93,67,7.5,2,0,0.492,75,24.72,32.68,25.06,96,17.5,0.5642,9,44,0,31.4,0,0,0
2021-09-04,09:24:08,12.36,12.16,14.78,14.51,18.59,18.23,96,84,66,0,0,0,5.16,0.0,0.0,0.0,0.0,0.0,0.0,23.6,53,0,125,ON,OFF,ON,0,34.2,30,0,13492,OFF,OFF,29.4,29.5,20.9,29.4,41.25,9.0,6.0,64.65,38.0,21.44,29,43,24,24.5,95,99,OFF,OFF,100,100,6.109,1.268,1,0,ON,ON,0.922,4.372,0,0,OFF,OFF,64306,2802,100,100,0,0.156,70,545,8.4,51,21.7,0,25.7,42,2.802,11.3,657,96,9.3,62.16466,378457,93,67,7.5,2,0,0.492,75,24.72,32.68,25.06,96,17.5,0.5642,9,44,0,31.4,0,0,0
2021-09-04,09:24:38,12.36,12.16,14.78,14.51,18.59,18.23,96,84,66,0,0,0,5.16,0.0,0.0,0.0,0.0,0.0,0.0,23.6,53,0,125,ON,OFF,ON,0,34.2,30,0,13492,OFF,OFF,29.4,29.5,20.9,29.4,41.25,9.0,6.0,64.65,38.0,21.44,30,42,24,24.5,95,99,OFF,OFF,100,100,6.109,1.268,1,0,ON,ON,0.922,4.372,0,0,OFF,OFF,64306,2802,100,100,0,0.156,70,545,8.4,51,21.2,0,25.7,42,2.802,11.3,657,96,9.3,62.16466,378457,93,67,7.5,2,0,0.492,75,24.72,32.68,25.06,96,17.5,0.5642,9,44,0,31.4,0,0,0
2021-09-04,09:25:08,12.36,12.16,14.78,14.51,18.59,18.23,96,84,66,0,0,0,5.16,0.0,0.0,0.0,0.0,0.0,0.0,23.6,53,0,125,ON,OFF,ON,0,34.2,30,0,13492,OFF,OFF,29.4,29.5,20.9,29.4,41.25,9.0,6.0,64.65,38.0,21.44,30,42,24,24.5,95,99,OFF,OFF,100,100,6.109,1.268,1,0,ON,ON,0.922,4.372,0,0,OFF,OFF,64306,2802,100,100,0,0.156,70,545,8.4,51,21.2,0,25.7,42,2.802,11.3,657,96,9.3,62.16466,378457,93,67,7.5,2,0,0.492,75,24.72,32.68,25.06,96,17.5,0.5642,9,44,0,31.4,0,0,0
2021-09-04,09:25:38,12.36,12.16,14.78,14.51,18.59,18.23,96,84,66,0,0,0,5.16,0.0,0.0,0.0,0.0,0.0,0.0,23.6,53,0,125,ON,OFF,ON,0,34.2,30,0,13492,OFF,OFF,29.4,29.5,20.9,29.4,41.25,9.0,6.0,64.65,38.0,21.44,30,42,24,24.5,95,99,OFF,OFF,100,100,6.109,1.268,1,0,ON,ON,0.922,4.372,0,0,OFF,OFF,64306,2802,100,100,0,0.156,70,545,8.4,51,21.2,0,25.7,42,2.802,11.3,657,96,9.3,62.16466,378457,93,67,7.5,2,0,0.492,75,24.72,32.68,25.06,96,17.5,0.5642,9,44,0,31.4,0,0,0
2021-09-04,09:26:08,12.36,12.16,14.78,14.51,18.59,18.23,96,84,66,0,0,0,5.16,0.0,0.0,0.0,0.0,0.0,0.0,23.6,53,0,125,ON,OFF,ON,0,34.2,30,0,13492,OFF,OFF,29.4,29.5,20.9,29.4,41.25,9.0,6.0,64.65,38.0,21.44,30,42,24,24.5,95,99,OFF,OFF,100,100,6.109,1.268,1,0,ON,ON,0.922,4.372,0,0,OFF,OFF,64306,2802,100,100,0,0.156,70,545,8.4,51,21.2,0,25.7,42,2.802,11.3,657,96,9.3,62.16466,378457,93,67,7.5,2,0,0.492,75,24.72,32.68,25.06,96,17.5,0.5642,9,44,0,31.4,0,0,0
2021-09-04,09:26:38,12.36,12.16,14.78,14.51,18.59,18.23,96,84,66,0,0,0,5.16,0.0,0.0,0.0,0.0,0.0,0.0,23.6,53,0,125,ON,OFF,ON,0,34.2,30,0,13492,OFF,OFF,29.4,29.5,20.9,29.4,41.91,9.0,6.0,64.65,38.0,21.44,30,42,24,24.5,95,99,OFF,OFF,100,100,6.109,1.268,1,0,ON,ON,0.922,4.372,0,0,OFF,OFF,64306,2802,100,100,0,0.156,70,545,8.4,51,21.2,0,26.2,42,2.802,11.3,657,96,9.3,62.16466,378457,93,67,7.5,2,0,0.492,75,24.72,32.68,25.06,96,17.5,0.5642,9,44,0,31.4,0,0,0
2021-09-04,09:27:27,12.36,12.16,14.78,14.51,18.59,18.23,96,84,66,0,0,0,5.16,0.0,0.0,0.0,0.0,0.0,0.0,23.6,53,0,125,ON,OFF,ON,0,34.2,30,0,13492,OFF,OFF,29.4,29.5,21.56,29.4,41.91,9.0,6.0,64.65,38.0,21.44,30,42,24,24.5,95,99,OFF,OFF,100,100,6.109,1.268,1,0,ON,ON,0.922,4.372,0,0,OFF,OFF,64306,2802,100,100,0,0.156,70,545,8.4,51,21.5,0,26.2,42,2.802,11.3,657,96,9.3,62.16466,378457,93,67,7.5,2,0,0.492,75,24.72,32.68,25.06,96,17.5,0.5642,9,44,0,31.4,0,0,0
2021-09-04,09:27:57,12.36,12.16,14.78,14.51,18.59,18.23,96,84,66,0,0,0,5.16,0.0,0.0,0.0,0.0,0.0,0.0,23.6,53,0,125,ON,OFF,ON,0,34.2,30,0,13492,OFF,OFF,29.4,29.5,21.56,29.4,41.91,9.0,6.0,64.65,38.0,21.44,30,42,24,25,95,99,OFF,OFF,100,100,6.109,1.268,1,0,ON,ON,0.922,4.372,0,0,OFF,OFF,64306,2802,100,100,0,0.156,70,545,8.4,52,21.5,0,26.2,41,5.771,12.2,642,96,9.3,62.16466,378457,93,67,7.5,2,0,0.492,75,24.72,32.68,25.06,96,17.5,0.5642,9,44,0,31.4,0,0,0
2021-09-04,09:28:27,12.36,12.16,14.78,14.51,18.59,18.23,96,84,66,0,0,0,5.16,0.0,0.0,0.0,0.0,0.0,0.0,23.6,53,0,125,ON,OFF,ON,0,34.2,30,0,13492,OFF,OFF,29.4,29.5,21.56,29.4,41.91,9.0,6.0,64.65,38.0,21.44,30,42,24,25,95,99,OFF,OFF,100,100,6.109,1.268,1,0,ON,ON,0.922,4.372,0,0,OFF,OFF,64306,2802,100,100,0,0.156,70,545,8.4,52,21.9,0,26.2,41,5.771,12.2,642,96,9.3,62.16466,378457,93,67,7.5,2,0,0.492,75,24.72,32.68,25.06,96,17.5,0.5642,9,44,0,31.4,0,0,0
2021-09-04,09:28:57,12.36,12.16,14.78,14.51,18.59,18.23,96,84,66,0,0,0,5.16,0.0,0.0,0.0,0.0,0.0,0.0,23.6,53,0,125,ON,OFF,ON,0,34.2,30,0,13492,OFF,OFF,29.4,29.5,21.56,29.4,41.91,9.0,6.0,64.65,38.0,21.44,30,42,24,25,95,99,OFF,OFF,100,100,6.109,1.268,1,0,ON,ON,0.922,4.372,0,0,OFF,OFF,64306,2802,100,100,0,0.156,70,545,8.4,52,21.9,0,26.2,41,5.771,12.2,642,96,9.3,62.16466,378457,93,67,7.5,2,0,0.492,75,24.72,33.29,25.06,96,17.5,0.5642,9,44,0,31.4,0,0,0
2021-09-04,09:29:27,12.36,12.16,14.78,14.51,18.59,18.23,96,84,66,0,0,0,5.16,0.0,0.0,0.0,0.0,0.0,0.0,23.6,53,0,125,ON,OFF,ON,0,34.2,30,0,13492,OFF,OFF,29.4,29.5,21.56,29.4,41.91,9.0,6.0,64.65,38.0,21.44,30,42,24,25,95,99,OFF,OFF,100,100,6.109,1.268,1,0,ON,ON,0.922,4.372,0,0,OFF,OFF,64306,2802,100,100,0,0.156,70,545,8.4,52,21.9,0,26.2,41,5.771,12.2,642,96,9.3,62.16466,378457,93,67,7.5,2,0,0.492,75,24.72,33.29,25.06,96,17.5,0.5642,9,44,0,31.4,0,0,0
2021-09-04,09:29:57,12.36,12.16,14.78,14.51,18.59,18.23,96,84,66,0,0,0,5.16,0.0,0.0,0.0,0.0,0.0,0.0,23.6,53,0,125,ON,OFF,ON,0,34.2,30,0,13492,OFF,OFF,29.4,29.5,21.56,29.4,41.91,9.0,6.0,64.65,38.0,21.44,30,42,24,25,95,99,OFF,OFF,100,100,6.109,1.268,1,0,ON,ON,0.922,4.372,0,0,OFF,OFF,64306,2802,100,100,0,0.156,70,545,8.4,52,21.9,0,26.2,41,5.771,12.2,642,96,9.3,62.16466,378457,93,67,7.5,2,0,0.492,75,24.72,33.29,25.06,96,17.5,0.5642,9,44,0,31.4,0,0,0
2021-09-04,09:30:27,14.26,14.01,16.05,15.75,19.23,18.85,87,78,63,0,0,0,5.16,0.0,0.0,0.0,0.0,0.0,0.0,23.6,53,0,125,ON,OFF,ON,0,34.2,30,0,13492,OFF,OFF,29.4,29.5,21.56,29.4,41.91,9.0,6.0,64.65,38.0,21.44,30,41,24,25,95,99,OFF,OFF,100,100,6.109,1.268,1,0,ON,ON,0.922,4.372,0,0,OFF,OFF,64306,2802,100,100,0,0.156,70,545,8.4,52,22.5,0,26.2,41,5.771,12.2,642,96,9.3,62.16466,378457,93,67,7.5,2,0,0.492,75,24.72,33.29,25.66,96,17.5,0.5642,9,44,0,31.4,0,0,0
2021-09-04,09:30:56,14.26,14.01,16.05,15.75,19.23,18.85,87,78,63,0,0,0,5.16,0.0,0.0,0.0,0.0,0.0,0.0,23.6,53,0,125,ON,OFF,ON,0,34.2,30,0,13492,OFF,OFF,29.4,29.5,21.56,29.4,41.91,9.0,6.0,64.65,38.0,21.44,30,41,24,25,95,99,OFF,OFF,100,100,6.109,1.268,1,0,ON,ON,0.922,4.372,0,0,OFF,OFF,64306,2802,100,100,0,0.156,70,545,8.4,52,22.5,0,26.2,41,5.771,12.2,642,96,9.3,62.16466,378457,93,67,7.5,2,0,0.492,75,24.72,33.29,25.66,96,17.5,0.5642,9,44,0,31.4,0,0,0
2021-09-04,09:31:26,14.26,14.01,16.05,15.75,19.23,18.85,87,78,63,0,0,0,5.16,0.0,0.0,0.0,0.0,0.0,0.0,23.6,53,0,125,ON,OFF,ON,0,34.2,30,0,13492,OFF,OFF,29.4,29.5,21.56,29.4,42.57,9.0,6.0,64.65,38.0,21.44,30,41,24,25,95,99,OFF,OFF,100,100,6.109,1.268,1,0,ON,ON,0.922,4.372,0,0,OFF,OFF,64306,2802,100,100,0,0.156,70,545,8.4,52,22.5,0,26.2,41,5.771,12.2,642,96,9.3,62.16466,378457,93,67,7.5,2,0,0.492,75,24.72,33.29,25.66,96,17.5,0.5642,9,44,0,31.4,0,0,0
2021-09-04,09:31:56,14.26,14.01,16.05,15.75,19.23,18.85,87,78,63,0,0,0,5.16,0.0,0.0,0.0,0.0,0.0,0.0,23.6,53,0,125,ON,OFF,ON,0,34.2,30,0,13492,OFF,OFF,29.4,29.5,21.56,29.4,42.57,9.0,6.0,64.65,38.0,21.44,30,41,24,25,95,99,OFF,OFF,100,100,6.109,1.268,1,0,ON,ON,0.922,4.372,0,0,OFF,OFF,64306,2802,100,100,0,0.156,70,545,8.4,52,22.5,0,26.2,41,5.771,12.2,642,96,9.3,62.16466,378457,93,67,7.5,2,0,0.492,75,24.72,33.29,25.66,96,17.5,0.5642,9,44,0,31.4,0,0,0
2021-09-04,09:32:26,14.26,14.01,16.05,15.75,19.23,18.85,87,78,63,0,0,0,5.16,0.0,0.0,0.0,0.0,0.0,0.0,23.6,53,0,125,ON,OFF,ON,0,34.2,30,0,13492,OFF,OFF,29.4,29.5,21.56,29.4,42.57,9.0,6.0,64.65,38.0,21.44,30,41,24.5,25,95,99,OFF,OFF,100,100,6.109,1.268,1,0,ON,ON,0.922,4.372,0,0,OFF,OFF,64306,2802,100,100,0,0.156,70,545,8.4,52,23.1,0,26.2,41,5.771,12.2,642,96,9.3,62.16466,378457,93,67,7.5,2,0,0.492,75,24.72,33.29,25.66,96,17.5,0.5642,9,44,0,31.4,0,0,0
2021-09-04,09:32:56,14.26,14.01,16.05,15.75,19.23,18.85,87,78,63,0,0,0,5.16,0.0,0.0,0.0,0.0,0.0,0.0,23.6,53,0,125,ON,OFF,ON,0,34.2,30,0,13492,OFF,OFF,29.4,29.5,21.56,29.4,42.57,9.0,6.0,64.65,38.0,21.44,30,41,24.5,25.5,95,99,OFF,OFF,100,100,6.109,1.268,1,0,ON,ON,0.922,4.372,0,0,OFF,OFF,64306,2802,100,100,0,0.156,70,545,8.4,52,23.1,0,26.2,41,5.771,12.2,642,96,9.3,62.16466,378457,93,67,7.5,2,0,0.492,75,24.72,33.29,25.66,96,17.5,0.5642,9,44,0,31.4,0,0,0
2021-09-04,09:33:26,14.26,14.01,16.05,15.75,19.23,18.85,87,78,63,0,0,0,5.16,0.0,0.0,0.0,0.0,0.0,0.0,23.6,53,0,125,ON,OFF,ON,0,34.2,30,0,13492,OFF,OFF,29.4,29.5,21.56,29.4,42.57,9.0,6.0,64.65,38.0,21.44,30,41,24.5,25.5,95,99,OFF,OFF,100,100,6.109,1.268,1,0,ON,ON,0.922,4.372,0,0,OFF,OFF,64306,2802,100,100,0,0.156,70,545,8.4,52,23.1,0,26.2,41,5.771,12.2,642,96,9.3,62.16466,378457,93,67,7.5,2,0,0.492,75,24.72,33.29,25.66,96,17.5,0.5642,9,44,0,31.4,0,0,0
2021-09-04,09:33:56,14.26,14.01,16.05,15.75,19.23,18.85,87,78,63,0,0,0,5.16,0.0,0.0,0.0,0.0,0.0,0.0,23.6,53,0,125,ON,OFF,ON,0,34.2,30,0,13492,OFF,OFF,29.4,29.5,22.22,29.4,42.57,9.0,6.0,64.65,38.0,21.44,30,41,24.5,25.5,95,99,OFF,OFF,100,100,6.109,1.268,1,0,ON,ON,0.922,4.372,0,0,OFF,OFF,64306,2802,100,100,0,0.156,70,545,8.4,52,23.1,0,26.2,41,5.771,12.2,642,96,9.3,62.16466,378457,93,67,7.5,2,0,0.492,75,24.72,33.29,25.66,96,17.5,0.5642,9,44,0,31.4,0,0,0
2021-09-04,09:34:26,14.26,14.01,16.05,15.75,19.23,18.85,87,78,63,0,0,0,5.16,0.0,0.0,0.0,0.0,0.0,0.0,23.6,53,0,125,ON,OFF,ON,0,34.2,30,0,13492,OFF,OFF,29.4,29.5,22.22,29.4,42.57,9.0,6.0,64.65,38.0,21.44,30,41,24.5,25.5,95,99,OFF,OFF,100,100,6.109,1.268,1,0,ON,ON,0.922,4.372,0,0,OFF,OFF,64306,2802,100,100,0,0.156,70,545,8.4,52,23.1,0,26.2,41,5.771,12.2,642,96,9.3,62.16466,378457,93,67,7.5,2,0,0.492,75,24.72,33.29,25.66,96,17.5,0.5642,9,44,0,31.4,0,0,0
2021-09-04,09:34:56,14.26,14.01,16.05,15.75,19.23,18.85,87,78,63,0,0,0,5.16,0.0,0.0,0.0,0.0,0.0,0.0,23.6,53,0,125,ON,OFF,ON,0,34.2,30,0,13492,OFF,OFF,29.4,29.5,22.22,29.4,42.57,9.0,6.0,64.65,38.0,21.44,31,40,24.5,25.5,95,99,OFF,OFF,100,100,6.109,1.268,1,0,ON,ON,0.922,4.372,0,0,OFF,OFF,69686,2802,100,100,0,0.156,70,545,8.4,52,23.1,0,26.2,41,5.771,12.2,642,96,9.3,62.16466,378457,93,67,7.5,2,0,0.492,75,24.72,33.29,25.66,96,17.5,0.5642,9,44,0,31.4,0,0,0
2021-09-04,09:35:26,14.26,14.01,16.05,15.75,19.23,18.85,87,78,63,0,0,0,5.16,0.0,0.0,0.0,0.0,0.0,0.0,23.6,53,0,125,ON,OFF,ON,0,34.2,30,0,13492,OFF,OFF,29.4,29.5,22.22,29.4,42.57,9.0,6.0,64.65,38.0,21.44,31,40,24.5,25.5,95,99,OFF,OFF,100,100,6.109,1.268,1,0,ON,ON,0.922,4.372,0,0,OFF,OFF,69686,2802,100,100,0,0.156,70,545,8.4,52,23.1,0,26.2,41,5.771,12.2,642,96,9.3,62.16466,378457,93,67,7.5,2,0,0.492,75,24.72,33.29,25.66,96,17.5,0.5642,9,44,0,31.4,0,0,0
2021-09-04,09:35:56,14.26,14.01,16.05,15.75,19.23,18.85,87,78,63,0,0,0,5.16,0.0,0.0,0.0,0.0,0.0,0.0,23.6,53,0,125,ON,OFF,ON,0,34.2,30,0,13492,OFF,OFF,29.4,29.5,22.22,29.4,42.57,9.0,6.0,64.65,38.0,21.44,31,40,24.5,25.5,95,99,OFF,OFF,100,100,6.109,1.268,1,0,ON,ON,0.922,4.372,0,0,OFF,OFF,69686,2802,100,100,0,0.156,70,545,8.4,52,23.1,0,26.2,41,5.771,12.2,642,96,9.3,62.16466,378457,93,67,7.5,2,0,0.492,75,24.72,33.29,25.66,96,17.5,0.5642,9,44,0,31.4,0,0,0
2021-09-04,09:36:26,14.26,14.01,16.05,15.75,19.23,18.85,87,78,63,0,0,0,5.16,0.0,0.0,0.0,0.0,0.0,0.0,23.6,53,0,125,ON,OFF,ON,0,34.2,30,0,13492,OFF,OFF,29.4,29.5,22.22,29.4,43.23,9.0,6.0,64.65,38.0,21.44,31,40,24.5,25.5,95,99,OFF,OFF,100,100,6.109,1.268,1,0,ON,ON,0.922,4.372,0,0,OFF,OFF,69686,2802,100,100,0,0.156,70,545,8.4,52,23.1,0,26.2,41,5.771,12.2,642,96,9.3,62.16466,378457,93,67,7.5,2,0,0.492,75,24.72,33.29,25.66,96,17.5,0.5642,9,44,0,31.4,0,0,0
2021-09-04,09:36:56,14.26,14.01,16.05,15.75,19.23,18.85,87,78,63,0,0,0,5.16,0.0,0.0,0.0,0.0,0.0,0.0,23.6,53,0,125,ON,OFF,ON,0,34.2,30,0,13492,OFF,OFF,29.4,29.5,22.22,29.4,43.23,9.0,6.0,64.65,38.0,21.44,31,40,24.5,25.5,95,99,OFF,OFF,100,100,6.109,1.268,1,0,ON,ON,0.922,4.372,0,0,OFF,OFF,69686,2802,100,100,0,0.156,70,545,8.4,52,23.1,0,26.2,41,5.771,12.2,642,96,9.3,62.16466,378457,93,67,7.5,2,0,0.492,75,24.72,33.29,25.66,96,17.5,0.5642,9,44,0,31.4,0,0,0
2021-09-04,09:37:26,14.26,14.01,16.05,15.75,19.23,18.85,87,78,63,0,0,0,5.16,0.0,0.0,0.0,0.0,0.0,0.0,23.6,53,0,125,ON,OFF,ON,0,34.2,30,0,13492,OFF,OFF,29.4,29.5,22.22,29.4,43.23,9.0,6.0,64.65,38.0,21.44,31,40,24.5,25.5,95,99,OFF,OFF,100,100,6.109,1.268,1,0,ON,ON,0.922,4.372,0,0,OFF,OFF,69686,2802,100,100,0,0.156,70,545,8.4,52,23.1,0,26.2,41,5.771,12.2,642,96,9.3,62.16466,378457,93,67,7.5,2,0,0.492,75,25.3,33.29,25.66,96,17.5,0.5642,9,44,0,31.4,0,0,0
2021-09-04,09:37:56,14.26,14.01,16.05,15.75,19.23,18.85,87,78,63,0,0,0,5.16,0.0,0.0,0.0,0.0,0.0,0.0,23.6,53,0,125,ON,OFF,ON,0,34.2,30,0,13492,OFF,OFF,29.4,29.5,22.22,29.4,43.23,9.0,6.0,64.65,38.0,21.44,31,40,24.5,25.5,95,99,OFF,OFF,100,100,6.109,1.268,1,0,ON,ON,0.922,4.372,0,0,OFF,OFF,69686,2802,100,100,0,0.156,70,545,8.4,52,23.1,0,26.2,41,5.771,12.2,642,96,9.3,62.16466,378457,93,67,7.5,2,0,0.492,75,25.3,33.29,25.66,96,17.5,0.5642,9,44,0,31.4,0,0,0
2021-09-04,09:38:26,14.26,14.01,16.05,15.75,19.23,18.85,87,78,63,0,0,0,5.16,0.0,0.0,0.0,0.0,0.0,0.0,23.6,53,0,125,ON,OFF,ON,0,34.2,30,0,13492,OFF,OFF,29.4,29.5,22.22,29.4,43.23,9.0,6.0,64.65,38.0,21.44,31,40,24.5,25.5,95,99,OFF,OFF,100,100,6.109,1.268,1,0,ON,ON,0.922,4.372,0,0,OFF,OFF,69686,2802,100,100,0,0.156,70,545,8.4,52,23.1,0,26.2,41,5.771,12.2,642,96,9.3,62.16466,378457,93,67,7.5,2,0,0.492,75,25.3,33.29,25.66,96,17.5,0.5642,9,44,0,31.4,0,0,0
2021-09-04,09:38:56,14.26,14.01,16.05,15.75,19.23,18.85,87,78,63,0,0,0,5.16,0.0,0.0,0.0,0.0,0.0,0.0,23.6,53,0,125,ON,OFF,ON,0,34.2,30,0,13492,OFF,OFF,29.4,29.5,22.22,29.4,43.23,9.0,6.0,64.65,38.0,21.44,31,40,24.5,25.5,95,99,OFF,OFF,100,100,6.109,1.268,1,0,ON,ON,0.922,4.372,0,0,OFF,OFF,69686,2802,100,100,0,0.156,70,545,8.4,52,23.1,0,26.2,41,5.771,12.2,642,96,9.3,62.16466,378457,93,67,7.5,2,0,0.492,75,25.3,33.29,25.66,96,17.5,0.5642,9,44,0,31.4,0,0,0
2021-09-04,09:39:26,14.26,14.01,16.05,15.75,19.23,18.85,87,78,63,0,0,0,5.16,0.0,0.0,0.0,0.0,0.0,0.0,23.6,53,0,125,ON,OFF,ON,0,34.2,30,0,13492,OFF,OFF,29.4,29.5,22.22,29.4,43.23,9.0,6.0,59.61,38.0,21.44,31,40,24.5,26,95,99,OFF,OFF,100,100,6.109,1.268,1,0,ON,ON,0.922,4.372,0,0,OFF,OFF,69686,2802,100,100,0,0.156,70,545,8.4,52,23.1,0,26.2,41,5.771,12.2,642,96,9.3,62.16466,378457,93,67,7.5,2,0,0.492,75,25.3,33.29,25.66,96,17.5,0.5642,9,44,0,31.4,0,0,0
2021-09-04,09:39:56,14.26,14.01,16.05,15.75,19.23,18.85,87,78,63,0,0,0,5.16,0.0,0.0,0.0,0.0,0.0,0.0,23.6,53,0,125,ON,OFF,ON,0,34.2,30,0,13492,OFF,OFF,29.4,29.5,22.22,29.4,43.23,9.0,6.0,59.61,38.0,21.44,31,40,24.5,26,95,99,OFF,OFF,100,100,6.109,1.268,1,0,ON,ON,0.922,4.372,0,0,OFF,OFF,69686,3841,100,100,0,0.156,70,545,8.4,52,23.1,0,26.7,41,5.771,12.2,642,96,9.3,62.16466,378457,93,67,7.5,2,0,0.492,75,25.3,33.29,25.66,96,17.5,0.5642,9,44,0,31.4,0,0,0
2021-09-04,09:40:26,14.26,14.01,16.05,15.75,19.23,18.85,87,78,63,0,0,0,5.16,0.0,0.0,0.0,0.0,0.0,0.0,23.6,53,0,125,ON,OFF,ON,0,34.2,30,0,13492,OFF,OFF,29.4,29.5,22.22,29.4,43.23,9.0,6.0,59.61,38.0,21.44,31,40,24.5,26,95,99,OFF,OFF,100,100,6.109,1.268,1,0,ON,ON,0.922,4.372,0,0,OFF,OFF,69686,3841,100,100,0,0.156,70,545,8.4,52,23.1,0,26.7,41,5.771,12.2,642,96,9.3,62.16466,378457,93,67,7.5,2,0,0.492,75,25.3,33.29,25.66,96,17.5,0.5642,9,44,0,31.4,0,0,0
2021-09-04,09:40:56,14.26,14.01,16.05,15.75,19.23,18.85,87,78,63,0,0,0,5.16,0.0,0.0,0.0,0.0,0.0,0.0,23.6,53,0,125,ON,OFF,ON,0,34.2,30,0,13492,OFF,OFF,29.4,29.5,22.22,29.4,43.23,9.0,6.0,59.61,38.0,21.44,31,40,24.5,26,95,99,OFF,OFF,100,100,6.109,1.268,1,0,ON,ON,0.922,4.372,0,0,OFF,OFF,69686,3841,100,100,0,0.156,70,545,8.4,52,23.1,0,26.7,41,5.771,12.2,642,96,9.3,62.16466,378457,93,67,7.5,2,0,0.492,75,25.3,33.29,25.66,96,17.5,0.5642,9,44,0,31.4,0,0,0
2021-09-04,09:41:26,14.26,14.01,16.05,15.75,19.23,18.85,87,78,63,0,0,0,5.16,0.0,0.0,0.0,0.0,0.0,0.0,23.6,53,0,125,ON,OFF,ON,0,34.2,30,0,13492,OFF,OFF,29.4,29.5,22.22,29.4,43.23,9.0,6.0,59.61,38.0,21.44,31,40,24.5,26,95,99,OFF,OFF,100,100,6.109,1.268,1,0,ON,ON,0.922,4.372,0,0,OFF,OFF,69686,3841,100,100,0,0.156,70,545,8.4,52,23.1,0,26.7,41,5.771,12.2,642,96,9.3,62.16466,378457,93,67,7.5,2,0,0.492,75,25.3,33.29,25.66,96,17.5,0.5642,9,44,0,31.4,0,0,0
2021-09-04,09:41:56,14.26,14.01,16.05,15.75,19.23,18.85,87,78,63,0,0,0,5.16,0.0,0.0,0.0,0.0,0.0,0.0,23.6,53,0,125,ON,OFF,ON,0,34.2,30,0,13492,OFF,OFF,29.4,29.5,22.22,29.4,43.89,9.0,6.0,59.61,38.0,21.44,31,40,24.5,26,95,99,OFF,OFF,100,100,6.109,1.268,1,0,ON,ON,0.922,4.372,0,0,OFF,OFF,69686,3841,100,100,0,0.156,70,545,8.4,52,23.1,0,26.7,41,5.771,12.2,642,96,9.3,62.16466,378457,93,67,7.5,2,0,0.492,75,25.3,33.29,25.66,96,17.5,0.5642,9,44,0,31.4,0,0,0
2021-09-04,09:42:46,14.26,14.01,16.05,15.75,19.23,18.85,87,78,63,0,0,0,5.16,0.0,0.0,0.0,0.0,0.0,0.0,23.6,53,0,125,ON,OFF,ON,0,34.2,30,0,13492,OFF,OFF,29.4,29.5,22.88,29.4,43.89,9.0,6.0,59.61,38.0,21.44,31,40,24.5,26.5,95,99,OFF,OFF,100,100,6.109,1.268,1,0,ON,ON,0.922,4.372,0,0,OFF,OFF,69686,3841,100,100,0,0.156,70,545,8.4,52,23.6,0,26.7,41,5.771,12.2,642,96,9.3,62.16466,378457,93,67,7.5,2,0,0.492,75,25.3,33.29,25.66,96,17.5,0.5642,9,44,0,31.4,0,0,0
2021-09-04,09:43:16,14.26,14.01,16.05,15.75,19.23,18.85,87,78,63,0,0,0,5.16,0.0,0.0,0.0,0.0,0.0,0.0,23.6,53,0,125,ON,OFF,ON,0,34.2,30,0,13492,OFF,OFF,29.4,29.5,22.88,29.4,43.89,9.0,6.0,59.61,38.0,21.44,31,40,24.5,26.5,95,99,OFF,OFF,100,100,6.109,1.268,1,0,ON,ON,0.922,4.372,0,0,OFF,OFF,69686,3841,100,100,0,0.156,70,545,8.4,52,23.6,0,26.7,41,5.771,12.2,642,96,9.3,62.16466,378457,93,67,7.5,2,0,0.492,75,25.3,33.29,25.66,96,17.5,0.5642,9,44,0,31.4,0,0,0
2021-09-04,09:43:46,14.26,14.01,16.05,15.75,19.23,18.85,87,78,63,0,0,0,5.16,0.0,0.0,0.0,0.0,0.0,0.0,23.6,53,0,125,ON,OFF,ON,0,34.2,30,0,13492,OFF,OFF,29.4,29.5,22.88,29.4,43.89,9.0,6.0,59.61,38.0,21.44,31,40,24.5,26.5,95,99,OFF,OFF,100,100,6.109,1.268,1,0,ON,ON,0.922,4.372,0,0,OFF,OFF,69686,3841,100,100,0,0.156,70,545,8.4,52,23.6,0,26.7,41,5.771,12.2,642,96,9.3,62.16466,378457,93,67,7.5,2,0,0.492,75,25.3,33.29,25.66,96,17.5,0.5642,9,44,0,31.4,0,0,0
2021-09-04,09:44:16,14.26,14.01,16.05,15.75,19.23,18.85,87,78,63,0,0,0,5.16,0.0,0.0,0.0,0.0,0.0,0.0,23.6,53,0,125,ON,OFF,ON,0,34.2,30,0,13492,OFF,OFF,29.4,29.5,22.88,29.4,43.89,9.0,6.0,59.61,38.0,21.44,31,40,24.5,26.5,95,99,OFF,OFF,100,100,6.109,1.268,1,0,ON,ON,0.922,4.372,0,0,OFF,OFF,69686,3841,100,100,0,0.156,70,545,8.4,52,23.6,0,26.7,41,5.771,12.2,642,96,9.3,62.16466,378457,93,67,7.5,2,0,0.492,75,25.3,33.29,25.66,96,17.5,0.5642,9,44,0,31.4,0,0,0
2021-09-04,09:44:46,14.26,14.01,16.05,15.75,19.23,18.85,87,78,63,0,0,0,5.16,0.0,0.0,0.0,0.0,0.0,0.0,23.6,53,0,125,ON,OFF,ON,0,34.2,30,0,13492,OFF,OFF,29.4,29.5,22.88,29.4,43.89,9.0,6.0,59.61,38.0,21.44,31,40,24.5,26.5,95,99,OFF,OFF,100,100,6.109,1.268,1,0,ON,ON,0.922,4.372,0,0,OFF,OFF,69686,3841,100,100,0,0.156,70,545,8.4,47,23.6,0,26.7,41,5.771,12.2,642,96,9.3,62.16466,378457,93,67,7.5,2,0,0.492,75,25.3,33.29,25.66,96,17.5,0.5642,9,44,0,31.4,0,0,0
2021-09-04,09:45:16,14.26,14.01,16.05,15.75,19.23,18.85,87,78,63,0,0,0,5.16,0.0,0.0,0.0,0.0,0.0,0.0,23.6,53,0,125,ON,OFF,ON,0,34.2,30,0,13492,OFF,OFF,29.4,29.5,22.88,29.4,43.89,9.0,6.0,59.61,38.0,21.44,31,39,24.5,26.5,95,99,OFF,OFF,100,100,6.109,1.268,1,0,ON,ON,0.922,4.372,0,0,OFF,OFF,69686,3841,100,100,0,0.156,70,545,8.4,47,23.6,0,26.7,41,5.771,12.2,642,96,9.3,62.16466,378457,93,67,7.5,2,0,0.492,75,25.3,33.29,25.66,96,17.5,0.5642,9,44,0,31.4,0,0,0
2021-09-04,09:45:46,14.26,14.01,16.05,15.75,19.23,18.85,87,78,63,0,0,0,5.16,0.0,0.0,0.0,0.0,0.0,0.0,23.6,53,0,125,ON,OFF,ON,0,34.2,30,0,13492,OFF,OFF,29.4,29.5,22.88,29.4,43.89,9.0,6.0,59.61,38.0,21.44,31,39,24.5,26.5,95,99,OFF,OFF,100,100,6.109,1.268,1,0,ON,ON,0.922,4.372,0,0,OFF,OFF,69686,3841,100,100,0,0.156,70,545,8.4,47,23.6,0,26.7,41,5.771,12.2,642,96,9.3,62.16466,378457,93,67,7.5,2,0,0.492,75,25.3,33.29,25.66,96,17.5,0.5642,9,44,0,31.4,0,0,0
2021-09-04,09:46:16,14.26,14.01,16.05,15.75,19.23,18.85,87,78,63,0,0,0,5.16,0.0,0.0,0.0,0.0,0.0,0.0,23.6,53,0,125,ON,OFF,ON,0,34.2,30,0,13492,OFF,OFF,29.4,29.5,22.88,29.4,44.55,9.0,6.0,59.61,38.0,21.44,31,39,24.5,26.5,95,99,OFF,OFF,100,100,6.109,1.268,1,0,ON,ON,0.922,4.372,0,0,OFF,OFF,69686,3841,100,100,0,0.156,70,545,8.4,47,23.6,0,26.7,41,5.771,12.2,642,96,9.3,62.16466,378457,93,67,7.5,2,0,0.492,75,25.3,33.29,25.66,96,17.5,0.5642,9,44,0,31.4,0,0,0
2021-09-04,09:46:46,14.26,14.01,16.05,15.75,19.23,18.85,87,78,63,0,0,0,5.16,0.0,0.0,0.0,0.0,0.0,0.0,23.6,53,0,125,ON,OFF,ON,0,34.2,30,0,13492,OFF,OFF,29.4,29.5,22.88,29.4,44.55,9.0,6.0,59.61,38.0,21.44,31,39,24.5,26.5,95,99,OFF,OFF,100,100,6.109,1.268,1,0,ON,ON,0.922,4.372,0,0,OFF,OFF,69686,3841,100,100,0,0.156,70,545,8.4,47,23.6,0,26.7,41,5.771,12.2,642,96,9.3,62.16466,378457,93,67,7.5,2,0,0.492,75,25.3,33.29,25.66,96,17.5,0.5642,9,44,0,31.4,0,0,0
2021-09-04,09:47:16,14.26,14.01,16.05,15.75,19.23,18.85,87,78,63,0,0,0,5.16,0.0,0.0,0.0,0.0,0.0,0.0,23.6,53,0,125,ON,OFF,ON,0,34.2,30,0,13492,OFF,OFF,29.4,29.5,23.54,29.4,44.55,9.0,6.0,59.61,38.0,21.44,31,39,24.5,26.5,95,99,OFF,OFF,100,100,6.109,1.268,1,0,ON,ON,0.922,4.372,0,0,OFF,OFF,74809,3841,100,100,0,0.156,70,545,8.4,47,23.6,0,26.7,41,5.771,12.2,642,96,9.3,62.16466,378457,93,67,7.5,2,0,0.492,75,25.3,33.29,25.66,96,17.5,0.5642,9,44,0,31.4,0,0,0
2021-09-04,09:47:47,14.26,14.01,16.05,15.75,19.23,18.85,87,78,63,0,0,0,5.16,0.0,0.0,0.0,0.0,0.0,0.0,23.6,53,0,125,ON,OFF,ON,0,34.2,30,0,13492,OFF,OFF,29.4,29.5,23.54,29.4,44.55,9.0,6.0,59.61,38.0,21.44,31,39,24.5,26.5,95,99,OFF,OFF,100,100,6.109,1.268,1,0,ON,ON,0.922,4.372,0,0,OFF,OFF,74809,3841,100,100,0,0.156,70,545,8.4,47,23.6,0,26.7,41,5.771,12.2,642,96,9.3,62.16466,378457,93,67,7.5,2,0,0.492,75,25.3,33.29,25.66,96,17.5,0.5642,9,44,0,31.4,0,0,0
2021-09-04,09:48:17,14.26,14.01,16.05,15.75,19.23,18.85,87,78,63,0,0,0,5.16,0.0,0.0,0.0,0.0,0.0,0.0,23.6,53,0,125,ON,OFF,ON,0,34.2,30,0,13492,OFF,OFF,29.4,29.5,23.54,29.4,44.55,9.0,6.0,59.61,38.0,21.44,31,39,24.5,27,95,99,OFF,OFF,100,100,6.109,1.268,1,0,ON,ON,0.922,4.372,0,0,OFF,OFF,74809,3841,100,100,0,0.156,70,545,8.4,47,23.6,0,26.7,41,5.771,12.2,642,96,9.3,62.16466,378457,93,67,7.5,2,0,0.492,75,25.3,33.29,25.66,96,17.5,0.5642,9,44,0,31.4,0,0,0
2021-09-04,09:48:47,14.26,14.01,16.05,15.75,19.23,18.85,87,78,63,0,0,0,5.16,0.0,0.0,0.0,0.0,0.0,0.0,23.6,53,0,125,ON,OFF,ON,0,34.2,30,0,13492,OFF,OFF,29.4,29.5,23.54,29.4,44.55,9.0,6.0,59.61,38.0,21.44,32,39,25,27,95,99,OFF,OFF,100,100,6.109,1.268,1,0,ON,ON,0.922,4.372,0,0,OFF,OFF,74809,3841,100,100,0,0.156,70,545,8.4,47,24.1,0,26.7,41,5.771,12.2,642,96,9.3,62.16466,378457,93,67,7.5,2,0,0.492,75,25.3,33.85,25.66,96,17.5,0.5642,9,44,0,31.4,0,0,0
2021-09-04,09:49:17,14.26,14.01,16.05,15.75,19.23,18.85,87,78,63,0,0,0,5.16,0.0,0.0,0.0,0.0,0.0,0.0,23.6,53,0,125,ON,OFF,ON,0,34.2,30,0,13492,OFF,OFF,29.4,29.5,23.54,29.4,44.55,9.0,6.0,59.61,38.0,21.44,32,39,25,27,95,99,OFF,OFF,100,100,6.109,1.268,1,0,ON,ON,0.922,4.372,0,0,OFF,OFF,74809,3841,100,100,0,0.156,70,545,8.4,47,24.1,0,26.7,41,5.771,12.2,642,96,9.3,62.16466,378457,93,67,7.5,2,0,0.492,75,25.3,33.85,25.66,96,17.5,0.5642,9,44,0,31.4,0,0,0
2021-09-04,09:49:47,14.26,14.01,16.05,15.75,19.23,18.85,87,78,63,0,0,0,5.16,0.0,0.0,0.0,0.0,0.0,0.0,23.6,53,0,125,ON,OFF,ON,0,34.2,30,0,13492,OFF,OFF,29.4,29.5,23.54,29.4,44.55,9.0,6.0,59.61,38.0,21.44,32,39,25,27,95,99,OFF,OFF,100,100,6.109,1.268,1,0,ON,ON,0.922,4.372,0,0,OFF,OFF,74809,3841,100,100,0,0.156,70,545,8.4,47,24.1,0,26.7,41,5.771,12.2,642,96,9.3,62.16466,378457,93,67,7.5,2,0,0.492,75,25.3,33.85,25.66,96,17.5,0.5642,9,44,0,31.4,0,0,0
2021-09-04,09:50:17,14.26,14.01,16.05,15.75,19.23,18.85,87,78,63,0,0,0,5.16,0.0,0.0,0.0,0.0,0.0,0.0,23.6,53,0,125,ON,OFF,ON,0,34.2,30,0,13492,OFF,OFF,29.4,29.5,23.54,29.4,44.55,9.0,6.0,59.61,38.0,21.44,32,39,25,27,95,99,OFF,OFF,100,100,6.109,1.268,1,0,ON,ON,0.922,4.372,0,0,OFF,OFF,74809,3841,100,100,0,0.156,70,545,8.4,47,24.1,0,26.7,41,5.771,12.2,642,96,9.3,62.16466,378457,93,67,7.5,2,0,0.492,75,25.3,33.85,26.26,96,17.5,0.5642,9,44,0,31.4,0,0,0
2021-09-04,09:50:47,14.26,14.01,16.05,15.75,19.23,18.85,87,78,63,0,0,0,5.16,0.0,0.0,0.0,0.0,0.0,0.0,23.6,53,0,125,ON,OFF,ON,0,34.2,30,0,13492,OFF,OFF,29.4,29.5,23.54,29.4,44.55,9.0,6.0,59.61,38.0,21.44,32,39,25,27,95,99,OFF,OFF,100,100,6.109,1.268,1,0,ON,ON,0.922,4.372,0,0,OFF,OFF,74809,3841,100,100,0,0.156,70,545,8.4,47,24.6,0,26.7,41,5.771,12.2,642,96,9.3,62.16466,378457,93,67,7.5,2,0,0.492,75,25.3,33.85,26.26,96,17.5,0.5642,9,44,0,31.4,0,0,0
2021-09-04,09:51:17,14.26,14.01,16.05,15.75,19.23,18.85,87,78,63,0,0,0,5.16,0.0,0.0,0.0,0.0,0.0,0.0,23.6,53,0,125,ON,OFF,ON,0,34.2,30,0,13492,OFF,OFF,29.4,29.5,23.54,29.4,44.55,9.0,6.0,59.61,38.0,21.44,32,38,25,27,95,99,OFF,OFF,100,100,6.109,1.268,1,0,ON,ON,0.922,4.372,0,0,OFF,OFF,74809,3841,100,100,0,0.156,70,545,8.4,47,24.6,0,26.7,41,5.771,12.2,642,96,9.3,62.16466,378457,93,67,7.5,2,0,0.492,75,25.3,33.85,26.26,96,17.5,0.5642,9,44,0,31.4,0,0,0
2021-09-04,09:51:47,14.26,14.01,16.05,15.75,19.23,18.85,87,78,63,0,0,0,5.16,0.0,0.0,0.0,0.0,0.0,0.0,23.6,53,0,125,ON,OFF,ON,0,34.2,30,0,13492,OFF,OFF,29.4,29.5,23.54,29.4,44.55,9.0,6.0,59.61,38.0,21.44,32,38,25,27,95,99,OFF,OFF,100,100,6.109,1.268,1,0,ON,ON,0.922,4.372,0,0,OFF,OFF,74809,3841,100,100,0,0.156,70,545,8.4,47,24.6,0,27.2,41,5.771,12.2,642,96,9.3,62.16466,378457,93,67,7.5,2,0,0.492,75,25.3,33.85,26.26,96,17.5,0.5642,9,44,0,31.4,0,0,0
2021-09-04,09:52:17,14.26,14.01,16.05,15.75,19.23,18.85,87,78,63,0,0,0,5.16,0.0,0.0,0.0,0.0,0.0,0.0,23.6,53,0,125,ON,OFF,ON,0,34.2,30,0,13492,OFF,OFF,29.4,29.5,24.2,29.4,44.55,9.0,6.0,59.61,38.0,21.44,32,38,25,27,95,99,OFF,OFF,100,100,6.109,1.268,1,0,ON,ON,0.922,4.372,0,0,OFF,OFF,74809,3841,100,100,0,0.156,70,545,8.4,47,24.6,0,27.2,41,5.771,12.2,642,96,9.3,62.16466,378457,93,67,7.5,2,0,0.492,75,25.3,33.85,26.26,96,17.5,0.5642,9,44,0,31.4,0,0,0
2021-09-04,09:52:47,14.26,14.01,16.05,15.75,19.23,18.85,87,78,63,0,0,0,5.16,0.0,0.0,0.0,0.0,0.0,0.0,23.6,53,0,125,ON,OFF,ON,0,34.2,30,0,13492,OFF,OFF,29.4,29.5,24.2,29.4,45.21,9.0,6.0,59.61,38.0,21.44,32,38,25,27,95,99,OFF,OFF,100,100,6.109,1.268,1,0,ON,ON,0.922,4.372,0,0,OFF,OFF,74809,3841,100,100,0,0.156,70,545,8.4,47,24.6,0,27.2,41,5.771,12.2,642,96,9.3,62.16466,378457,93,67,7.5,2,0,0.492,75,25.3,33.85,26.26,96,17.5,0.5642,9,44,0,31.4,0,0,0
2021-09-04,09:53:17,14.26,14.01,16.05,15.75,19.23,18.85,87,78,63,0,0,0,5.16,0.0,0.0,0.0,0.0,0.0,0.0,23.6,53,0,125,ON,OFF,ON,0,34.2,30,0,13492,OFF,OFF,29.4,29.5,24.2,29.4,45.21,9.0,6.0,59.61,38.0,21.44,32,38,25,27,95,99,OFF,OFF,100,100,6.109,1.268,1,0,ON,ON,0.922,4.372,0,0,OFF,OFF,74809,3841,100,100,0,0.156,70,545,8.4,47,24.6,0,27.2,41,5.771,12.2,642,96,9.3,62.16466,378457,93,67,7.5,2,0,0.492,75,25.3,33.85,26.26,96,17.5,0.5642,9,44,0,31.4,0,0,0
2021-09-04,09:53:47,14.26,14.01,16.05,15.75,19.23,18.85,87,78,63,0,0,0,5.16,0.0,0.0,0.0,0.0,0.0,0.0,23.6,53,0,125,ON,OFF,ON,0,34.2,30,0,13492,OFF,OFF,29.4,29.5,24.2,29.4,45.21,9.0,6.0,59.61,38.0,21.44,32,38,25,27,95,99,OFF,OFF,100,100,6.109,1.268,1,0,ON,ON,0.922,4.372,0,0,OFF,OFF,74809,3841,100,100,0,0.156,70,545,8.4,47,24.6,0,27.2,41,5.771,12.2,642,96,9.3,62.16466,378457,93,67,7.5,2,0,0.492,75,25.3,33.85,26.26,96,17.5,0.5642,9,44,0,31.4,0,0,0
2021-09-04,09:54:17,14.26,14.01,16.05,15.75,19.23,18.85,87,78,63,0,0,0,5.16,0.0,0.0,0.0,0.0,0.0,0.0,23.6,53,0,125,ON,OFF,ON,0,34.2,30,0,13492,OFF,OFF,29.4,29.5,24.2,29.4,45.21,9.0,6.0,59.61,38.0,21.44,32,38,25,27.5,95,99,OFF,OFF,100,100,6.109,1.268,1,0,ON,ON,0.922,4.372,0,0,OFF,OFF,74809,3841,100,100,0,0.156,70,545,8.4,47,24.6,0,27.2,41,5.771,12.2,642,96,9.3,62.16466,378457,93,67,7.5,2,0,0.492,75,25.3,33.85,26.26,96,17.5,0.5642,9,44,0,31.4,0,0,0
2021-09-04,09:54:47,14.26,14.01,16.05,15.75,19.23,18.85,87,78,63,0,0,0,5.16,0.0,0.0,0.0,0.0,0.0,0.0,23.6,53,0,125,ON,OFF,ON,0,34.2,30,0,13492,OFF,OFF,29.4,29.5,24.2,29.4,45.21,9.0,6.0,59.61,38.0,21.44,32,38,25,27.5,95,99,OFF,OFF,100,100,6.109,1.268,1,0,ON,ON,0.922,4.372,0,0,OFF,OFF,74809,3841,100,100,0,0.156,70,545,8.4,47,24.6,0,27.2,41,5.771,12.2,642,96,9.3,62.16466,378457,93,67,7.5,2,0,0.492,75,25.3,33.85,26.26,96,17.5,0.5642,9,44,0,31.4,0,0,0
2021-09-04,09:55:17,14.26,14.01,16.05,15.75,19.23,18.85,87,78,63,0,0,0,5.16,0.0,0.0,0.0,0.0,0.0,0.0,23.6,53,0,125,ON,OFF,ON,0,34.2,30,0,13492,OFF,OFF,29.4,29.5,24.2,29.4,45.21,9.0,6.0,59.61,38.0,21.44,32,38,25,27.5,95,99,OFF,OFF,100,100,6.109,1.268,1,0,ON,ON,0.922,4.372,0,0,OFF,OFF,74809,3841,100,100,0,0.156,70,545,8.4,47,24.6,0,27.2,41,5.771,12.2,642,96,9.3,62.16466,378457,93,67,7.5,2,0,0.492,75,25.3,33.85,26.26,96,17.5,0.5642,9,44,0,31.4,0,0,0
2021-09-04,09:55:47,14.26,14.01,16.05,15.75,19.23,18.85,87,78,63,0,0,0,5.16,0.0,0.0,0.0,0.0,0.0,0.0,23.6,53,0,125,ON,OFF,ON,0,34.2,30,0,13492,OFF,OFF,29.4,29.5,24.2,29.4,45.21,9.0,6.0,59.61,38.0,21.44,32,38,25,27.5,95,99,OFF,OFF,100,100,6.109,1.268,1,0,ON,ON,0.922,4.372,0,0,OFF,OFF,74809,3841,100,100,0,0.156,70,545,8.4,47,24.6,0,27.2,41,5.771,12.2,642,96,9.3,62.16466,378457,93,67,7.5,2,0,0.492,75,25.3,33.85,26.26,96,17.5,0.5642,9,44,0,31.4,0,0,0
2021-09-04,09:56:17,14.26,14.01,16.05,15.75,19.23,18.85,87,78,63,0,0,0,5.16,0.0,0.0,0.0,0.0,0.0,0.0,23.6,53,0,125,ON,OFF,ON,0,34.2,30,0,13492,OFF,OFF,29.4,29.5,24.2,29.4,45.21,9.0,6.0,59.61,38.0,21.44,32,38,25,27.5,95,99,OFF,OFF,100,100,6.109,1.268,1,0,ON,ON,0.922,4.372,0,0,OFF,OFF,74809,3841,100,100,0,0.156,70,545,8.4,47,24.6,0,27.2,41,5.771,12.2,642,96,9.3,62.16466,378457,93,67,7.5,2,0,0.492,75,25.3,33.85,26.26,96,17.5,0.5642,9,44,0,31.4,0,0,0
2021-09-04,09:56:47,14.26,14.01,16.05,15.75,19.23,18.85,87,78,63,0,0,0,5.16,0.0,0.0,0.0,0.0,0.0,0.0,23.6,53,0,125,ON,OFF,ON,0,34.2,30,0,13492,OFF,OFF,29.4,29.5,24.2,29.4,45.21,9.0,6.0,59.61,38.0,21.44,32,38,25,27.5,95,99,OFF,OFF,100,100,6.109,1.268,1,0,ON,ON,0.922,4.372,0,0,OFF,OFF,74809,3841,100,100,0,0.156,70,545,8.4,47,25.1,0,27.2,41,5.771,12.2,642,96,9.3,62.16466,378457,93,67,7.5,2,0,0.492,75,25.3,33.85,26.26,96,17.5,0.5642,9,44,0,31.4,0,0,0
2021-09-04,09:57:17,14.26,14.01,16.05,15.75,19.23,18.85,87,78,63,0,0,0,5.16,0.0,0.0,0.0,0.0,0.0,0.0,23.6,53,0,125,ON,OFF,ON,0,34.2,30,0,13492,OFF,OFF,29.4,29.5,24.2,29.4,45.21,9.0,6.0,59.61,38.0,21.44,33,37,25,27.5,95,99,OFF,OFF,100,100,6.11,1.268,1,0,ON,ON,0.922,4.372,0,0,OFF,OFF,74809,3841,100,100,0,0.156,70,545,8.4,47,25.1,0,27.2,41,5.771,12.2,642,96,9.3,62.16466,378457,93,67,7.5,2,0,0.492,75,25.3,33.85,26.26,96,17.5,0.5642,9,44,0,31.4,0,0,0
2021-09-04,09:58:04,14.26,14.01,16.05,15.75,19.23,18.85,87,78,63,0,0,0,5.16,0.0,0.0,0.0,0.0,0.0,0.0,23.6,53,0,125,ON,OFF,ON,0,34.2,30,0,13492,OFF,OFF,29.4,29.5,24.2,29.4,45.21,9.0,6.0,59.61,38.0,21.44,33,37,25,27.5,95,99,OFF,OFF,100,100,6.11,1.268,1,0,ON,ON,0.922,4.372,0,0,OFF,OFF,74809,3841,100,100,0,0.156,70,545,12.3,44,25.4,0.217,27.5,40,5.746,12.9,661,96,9.3,62.16466,378457,93,67,7.5,2,0,0.492,78,25.3,33.85,26.26,96,17.5,0.5642,9,44,0,31.4,0,0,0
2021-09-04,09:58:34,14.26,14.01,16.05,15.75,19.23,18.85,87,78,63,0,0,0,5.16,0.0,0.0,0.0,0.0,0.0,0.0,23.6,53,0,125,ON,OFF,ON,0,34.2,30,0,13492,OFF,OFF,29.4,29.5,24.2,29.4,45.87,9.0,6.0,59.61,38.0,21.44,33,37,25,27.5,95,99,OFF,OFF,100,100,6.11,1.268,1,0,ON,ON,0.922,4.372,0,0,OFF,OFF,74809,3841,100,100,0,0.156,70,545,12.3,44,25.4,0.217,27.5,40,5.746,12.9,661,96,9.3,62.16466,378457,93,67,7.5,2,0,0.492,78,25.3,33.85,26.26,96,17.5,0.5642,9,44,0,31.4,0,0,0
2021-09-04,09:59:04,14.26,14.01,16.05,15.75,19.23,18.85,87,78,63,0,0,0,5.16,0.0,0.0,0.0,0.0,0.0,0.0,23.6,53,0,125,ON,OFF,ON,0,34.2,30,0,13492,OFF,OFF,29.4,29.5,24.86,29.4,45.87,9.0,6.0,59.61,38.0,21.44,33,37,25,27.5,95,99,OFF,OFF,100,100,6.11,1.268,1,0,ON,ON,0.922,4.372,0,0,OFF,OFF,74809,3841,100,100,0,0.156,70,545,12.3,44,25.4,0.217,27.5,40,5.746,12.9,661,96,9.3,62.16466,378457,93,67,7.5,2,0,0.492,78,25.3,33.85,26.26,96,17.5,0.5642,9,44,0,31.4,0,0,0
2021-09-04,09:59:34,14.26,14.01,16.05,15.75,19.23,18.85,87,78,63,0,0,0,5.16,0.0,0.0,0.0,0.0,0.0,0.0,23.6,53,0,125,ON,OFF,ON,0,34.2,30,0,13492,OFF,OFF,29.4,29.5,24.86,29.4,45.87,9.0,6.0,59.61,38.0,21.44,33,37,25,27.5,95,99,OFF,OFF,100,100,6.11,1.268,1,0,ON,ON,0.922,4.372,0,0,OFF,OFF,74809,3841,100,100,0,0.156,70,545,12.3,44,25.4,0.217,27.5,40,5.746,12.9,661,96,9.3,62.16466,378457,93,67,7.5,2,0,0.492,78,25.3,33.85,26.26,96,17.5,0.5642,9,44,0,31.4,0,0,0
2021-09-04,10:00:04,14.26,14.01,16.05,15.75,19.23,18.85,87,78,63,0,0,0,5.16,0.0,0.0,0.0,0.0,0.0,0.0,23.6,53,0,125,ON,OFF,ON,0,34.2,30,0,13492,OFF,OFF,29.4,29.5,24.86,29.4,45.87,9.0,6.0,59.61,38.0,21.44,33,37,25,28.5,95,99,OFF,OFF,100,100,6.11,1.268,1,0,ON,ON,0.922,4.372,0,0,OFF,OFF,74809,3841,100,100,0,0.156,70,545,12.3,44,25.4,0.217,27.5,40,5.746,12.9,661,96,9.3,62.16466,378457,93,67,7.5,2,0,0.492,78,25.3,33.85,26.26,96,17.5,0.5642,9,44,0,31.4,0,0,0
2021-09-04,10:00:34,14.26,14.01,16.05,15.75,19.23,18.85,87,78,63,0,0,0,5.16,0.0,0.0,0.0,0.0,0.0,0.0,23.6,53,0,125,ON,OFF,ON,0,34.2,30,0,13492,OFF,OFF,29.4,29.5,24.86,29.4,45.87,9.0,6.0,59.61,38.0,21.44,33,37,25,28.5,95,99,OFF,OFF,100,100,6.11,1.268,1,0,ON,ON,0.922,4.372,0,0,OFF,OFF,74809,3841,100,100,0,0.156,70,545,12.3,44,25.4,0.217,27.7,40,5.746,12.9,661,96,9.3,62.16466,378457,93,67,7.5,2,0,0.492,78,25.3,33.85,26.26,96,17.5,0.5642,9,44,0,31.4,0,0,0
2021-09-04,10:01:04,14.26,14.01,16.05,15.75,19.23,18.85,87,78,63,0,0,0,5.16,0.0,0.0,0.0,0.0,0.0,0.0,23.6,53,0,125,ON,OFF,ON,0,34.2,30,0,13492,OFF,OFF,29.4,29.5,24.86,29.4,45.87,9.0,6.0,59.61,38.0,21.44,33,36,25,28.5,95,99,OFF,OFF,100,100,6.11,1.268,1,0,ON,ON,0.922,4.372,0,0,OFF,OFF,79421,3841,100,100,0,0.156,70,545,12.3,44,25.4,0.217,27.7,40,5.746,12.9,661,96,9.3,62.16466,378457,93,67,7.5,2,0,0.492,78,25.3,33.85,26.26,96,17.5,0.5642,9,44,0,31.4,0,0,0
2021-09-04,10:01:34,14.26,14.01,16.05,15.75,19.23,18.85,87,78,63,0,0,0,5.16,0.0,0.0,0.0,0.0,0.0,0.0,23.6,53,0,125,ON,OFF,ON,0,34.2,30,0,13492,OFF,OFF,29.4,29.5,24.86,29.4,45.87,9.0,6.0,59.61,38.0,21.44,33,36,25,28.5,95,99,OFF,OFF,100,100,6.11,1.268,1,0,ON,ON,0.922,4.372,0,0,OFF,OFF,79421,3841,100,100,0,0.156,70,545,12.3,44,25.4,0.217,27.7,40,5.746,12.9,661,96,9.3,62.16466,378457,93,67,7.5,2,0,0.492,78,25.3,33.85,26.26,96,17.5,0.5642,9,44,0,31.4,0,0,0
2021-09-04,10:02:04,14.26,14.01,16.05,15.75,19.23,18.85,87,78,63,0,0,0,5.16,0.0,0.0,0.0,0.0,0.0,0.0,23.6,53,0,125,ON,OFF,ON,0,34.2,30,0,13492,OFF,OFF,29.4,29.5,24.86,29.4,45.87,9.0,6.0,54.55,38.0,17.58,33,36,25,28.5,95,99,OFF,OFF,100,100,6.11,1.268,1,0,ON,ON,0.922,4.372,0,0,OFF,OFF,79421,3841,100,100,0,0.156,70,545,12.3,44,25.4,0.217,27.7,40,5.746,12.9,661,96,9.3,62.16466,378457,93,67,7.5,2,0,0.492,78,25.87,33.85,26.26,96,17.5,0.5642,9,44,0,31.4,0,0,0
2021-09-04,10:02:34,14.26,14.01,16.05,15.75,19.23,18.85,87,78,63,0,0,0,5.16,0.0,0.0,0.0,0.0,0.0,0.0,23.6,53,0,125,ON,OFF,ON,0,34.2,30,0,13492,OFF,OFF,29.4,29.5,24.86,29.4,45.87,9.0,6.0,54.55,38.0,17.58,33,36,25,28.5,95,99,OFF,OFF,100,100,6.11,1.268,1,0,ON,ON,0.922,4.372,0,0,OFF,OFF,79421,3841,100,100,0,0.156,70,545,12.3,44,25.4,0.217,27.7,40,5.746,12.9,661,96,9.3,62.16466,378457,93,67,7.5,2,0,0.492,78,25.87,33.85,26.26,96,17.5,0.5642,9,44,0,31.4,0,0,0
2021-09-04,10:03:04,14.26,14.01,16.05,15.75,19.23,18.85,87,78,63,0,0,0,5.16,0.0,0.0,0.0,0.0,0.0,0.0,23.6,53,0,125,ON,OFF,ON,0,34.2,30,0,13492,OFF,OFF,29.4,29.5,24.86,29.4,45.87,9.0,6.0,54.55,38.0,17.58,33,36,25,28.5,95,99,OFF,OFF,100,100,6.11,1.268,1,0,ON,ON,0.922,4.372,0,0,OFF,OFF,79421,3841,100,100,0,0.156,70,545,12.3,44,25.4,0.217,27.7,40,5.746,12.9,661,96,9.3,62.16466,378457,93,67,7.5,2,0,0.492,78,25.87,33.85,26.26,96,17.5,0.5642,9,44,0,31.4,0,0,0
2021-09-04,10:03:34,14.26,14.01,16.05,15.75,19.23,18.85,87,78,63,0,0,0,5.16,0.0,0.0,0.0,0.0,0.0,0.0,23.6,53,0,125,ON,OFF,ON,0,34.2,30,0,13492,OFF,OFF,29.4,29.5,24.86,29.4,45.87,9.0,6.0,54.55,38.0,17.58,33,36,25.5,28.5,95,99,OFF,OFF,100,100,6.11,1.268,1,0,ON,ON,0.922,4.372,0,0,OFF,OFF,79421,3841,100,100,0,0.156,70,545,12.3,44,25.4,0.217,27.7,40,5.746,12.9,661,96,9.3,62.16466,378457,93,67,7.5,2,0,0.492,78,25.87,33.85,26.26,96,17.5,0.5642,9,44,0,31.4,0,0,0
2021-09-04,10:04:04,14.26,14.01,16.05,15.75,19.23,18.85,87,78,63,0,0,0,5.16,0.0,0.0,0.0,0.0,0.0,0.0,23.6,53,0,125,ON,OFF,ON,0,34.2,30,0,13492,OFF,OFF,29.4,29.5,24.86,29.4,45.87,9.0,6.0,54.55,38.0,17.58,33,36,25.5,28.5,95,99,OFF,OFF,100,100,6.11,1.268,1,0,ON,ON,0.922,4.372,0,0,OFF,OFF,79421,3841,100,100,0,0.156,70,545,12.3,44,25.4,0.217,27.7,40,5.746,12.9,661,96,9.3,62.16466,378457,93,67,7.5,2,0,0.492,78,25.87,33.85,26.26,96,17.5,0.5642,9,44,0,31.4,0,0,0
2021-09-04,10:04:34,14.26,14.01,16.05,15.75,19.23,18.85,87,78,63,0,0,0,5.16,0.0,0.0,0.0,0.0,0.0,0.0,23.6,53,0,125,ON,OFF,ON,0,34.2,30,0,13492,OFF,OFF,29.4,29.5,24.86,29.4,45.87,9.0,6.0,54.55,38.0,17.58,33,36,25.5,28.5,95,99,OFF,OFF,100,100,6.11,1.268,1,0,ON,ON,0.922,4.372,0,0,OFF,OFF,79421,3841,100,100,0,0.156,70,545,12.3,44,25.4,0.217,27.7,40,5.746,12.9,661,96,9.3,62.16466,378457,93,67,7.5,2,0,0.492,78,25.87,33.85,26.26,96,17.5,0.5642,9,44,0,31.4,0,0,0
2021-09-04,10:05:10,14.26,14.01,16.05,15.75,19.23,18.85,87,78,63,0,0,0,5.16,0.0,0.0,0.0,0.0,0.0,0.0,23.6,53,0,125,ON,OFF,ON,0,34.2,30,0,13492,OFF,OFF,29.4,29.5,24.86,29.4,45.87,9.0,6.0,54.55,38.0,17.58,33,36,25.5,28.5,95,99,OFF,OFF,100,100,6.11,1.268,1,0,ON,ON,0.922,4.372,0,0,OFF,OFF,79421,3841,100,100,0,0.156,70,545,12.3,44,25.4,0.217,27.7,40,5.746,12.9,661,96,9.3,62.16466,378457,93,67,7.5,2,0,0.492,78,25.87,33.85,26.26,96,17.5,0.5642,9,44,0,31.4,0,0,0
2021-09-04,10:05:40,14.26,14.01,16.05,15.75,19.23,18.85,87,78,63,0,0,0,5.16,0.0,0.0,0.0,0.0,0.0,0.0,23.6,53,0,125,ON,OFF,ON,0,34.2,30,0,13492,OFF,OFF,29.4,29.5,24.86,29.4,45.87,9.0,6.0,54.55,38.0,17.58,33,36,25.5,28.5,95,99,OFF,OFF,100,100,6.11,1.268,1,0,ON,ON,0.922,4.372,0,0,OFF,OFF,79421,3841,100,100,0,0.156,70,545,12.3,44,25.4,0.217,27.7,40,5.746,12.9,661,96,9.3,62.16466,378457,93,67,7.5,2,0,0.492,78,25.87,33.85,26.78,96,17.5,0.5642,9,44,0,31.4,0,0,0
2021-09-04,10:06:10,14.26,14.01,16.05,15.75,19.23,18.85,87,78,63,0,0,0,5.16,0.0,0.0,0.0,0.0,0.0,0.0,23.6,53,0,125,ON,OFF,ON,0,34.2,30,0,13492,OFF,OFF,29.4,29.5,24.86,29.4,45.87,9.0,6.0,54.55,38.0,17.58,33,36,25.5,28.5,95,99,OFF,OFF,100,100,6.11,1.268,1,0,ON,ON,0.922,4.372,0,0,OFF,OFF,79421,3841,100,100,0,0.156,70,545,12.3,44,25.4,0.217,27.7,40,5.746,12.9,661,96,9.3,62.16466,378457,93,67,7.5,2,0,0.492,78,25.87,33.85,26.78,96,17.5,0.5642,9,44,0,31.4,0,0,0
2021-09-04,10:06:40,14.26,14.01,16.05,15.75,19.23,18.85,87,78,63,0,0,0,5.16,0.0,0.0,0.0,0.0,0.0,0.0,23.6,53,0,125,ON,OFF,ON,0,34.2,30,0,13492,OFF,OFF,29.4,29.5,24.86,29.4,45.87,9.0,6.0,54.55,38.0,17.58,33,36,25.5,28.5,95,99,OFF,OFF,100,100,6.11,1.268,1,0,ON,ON,0.922,4.372,0,0,OFF,OFF,79421,3841,100,100,0,0.156,70,545,12.3,44,25.4,0.217,27.7,40,5.746,12.9,661,96,9.3,62.16466,378457,93,67,7.5,2,0,0.492,78,25.87,33.85,26.78,96,17.5,0.5642,9,44,0,31.4,0,0,0
2021-09-04,10:07:10,14.26,14.01,16.05,15.75,19.23,18.85,87,78,63,0,0,0,5.16,0.0,0.0,0.0,0.0,0.0,0.0,23.6,53,0,125,ON,OFF,ON,0,34.2,30,0,13492,OFF,OFF,29.4,29.5,24.86,29.4,45.87,9.0,6.0,54.55,38.0,17.58,33,36,25.5,28.5,95,99,OFF,OFF,100,100,6.11,1.268,1,0,ON,ON,0.922,4.372,0,0,OFF,OFF,79421,3841,100,100,0,0.156,70,545,12.3,44,25.4,0.217,27.7,40,5.746,12.9,661,96,9.3,62.16466,378457,93,67,7.5,2,0,0.492,78,25.87,33.85,26.78,96,17.5,0.5642,9,44,0,31.4,0,0,0
2021-09-04,10:07:40,14.26,14.01,16.05,15.75,19.23,18.85,87,78,63,0,0,0,5.16,0.0,0.0,0.0,0.0,0.0,0.0,23.6,53,0,125,ON,OFF,ON,0,34.2,30,0,13492,OFF,OFF,29.4,29.5,25.52,29.4,45.87,9.0,6.0,54.55,38.0,17.58,32,36,25.5,28.5,95,99,OFF,OFF,100,100,6.11,1.268,1,0,ON,ON,0.922,4.372,0,0,OFF,OFF,79421,3841,100,100,0,0.156,70,545,12.3,44,25.4,0.217,27.7,40,5.746,12.9,661,96,9.3,62.16466,378457,93,67,7.5,2,0,0.492,78,25.87,33.85,26.78,96,17.5,0.5642,9,44,0,31.4,0,0,0
2021-09-04,10:08:10,14.26,14.01,16.05,15.75,19.23,18.85,87,78,63,0,0,0,5.16,0.0,0.0,0.0,0.0,0.0,0.0,23.6,53,0,125,ON,OFF,ON,0,34.2,30,0,13492,OFF,OFF,29.4,29.5,25.52,29.4,45.87,9.0,6.0,54.55,38.0,17.58,32,36,25.5,28.5,95,99,OFF,OFF,100,100,6.11,1.268,1,0,ON,ON,0.922,4.372,0,0,OFF,OFF,79421,3841,100,100,0,0.156,70,545,12.3,44,25.4,0.217,27.7,40,5.746,12.9,661,96,9.3,62.16466,378457,93,67,7.5,2,0,0.492,78,25.87,33.85,26.78,96,17.5,0.5642,9,44,0,31.4,0,0,0
2021-09-04,10:08:40,14.26,14.01,16.05,15.75,19.23,18.85,87,78,63,0,0,0,5.16,0.0,0.0,0.0,0.0,0.0,0.0,23.6,53,0,125,ON,OFF,ON,0,34.2,30,0,13492,OFF,OFF,29.4,29.5,25.52,29.4,45.87,9.0,6.0,54.55,38.0,17.58,32,36,25.5,28.5,95,99,OFF,OFF,100,100,6.11,1.268,1,0,ON,ON,0.922,4.372,0,0,OFF,OFF,79421,3841,100,100,0,0.156,70,545,12.3,44,25.4,0.217,28.2,40,5.746,12.9,661,96,9.3,62.16466,378457,93,67,7.5,2,0,0.492,78,25.87,34.53,26.78,96,17.5,0.5642,9,44,0,31.4,0,0,0
2021-09-04,10:09:10,14.26,14.01,16.05,15.75,19.23,18.85,87,78,63,0,0,0,5.16,0.0,0.0,0.0,0.0,0.0,0.0,23.6,53,0,125,ON,OFF,ON,0,34.2,30,0,13492,OFF,OFF,29.4,29.5,25.52,29.4,45.87,9.0,6.0,54.55,38.0,17.58,32,36,25.5,28.5,95,99,OFF,OFF,100,100,6.11,1.268,1,0,ON,ON,0.922,4.372,0,0,OFF,OFF,79421,3841,100,100,0,0.156,70,545,12.3,44,25.4,0.217,28.2,40,5.746,12.9,661,96,9.3,62.16466,378457,93,67,7.5,2,0,0.492,78,25.87,34.53,26.78,96,17.5,0.5642,9,44,0,31.4,0,0,0
2021-09-04,10:09:40,14.26,14.01,16.05,15.75,19.23,18.85,87,78,63,0,0,0,5.16,0.0,0.0,0.0,0.0,0.0,0.0,23.6,53,0,125,ON,OFF,ON,0,34.2,30,0,13492,OFF,OFF,29.4,29.5,25.52,29.4,45.87,9.0,6.0,54.55,38.0,17.58,32,37,25.5,28.5,95,99,OFF,OFF,100,100,6.11,1.268,1,0,ON,ON,0.922,4.372,0,0,OFF,OFF,79421,3841,100,100,0,0.156,70,545,12.3,44,25.4,0.217,28.2,40,5.746,12.9,661,96,9.3,62.16466,378457,93,67,7.5,2,0,0.492,78,25.87,34.53,26.78,96,17.5,0.5642,9,44,0,31.4,0,0,0
2021-09-04,10:10:10,14.26,14.01,16.05,15.75,19.23,18.85,87,78,63,0,0,0,5.16,0.0,0.0,0.0,0.0,0.0,0.0,23.6,53,0,125,ON,OFF,ON,0,34.2,30,0,13492,OFF,OFF,29.4,29.5,25.52,29.4,45.87,9.0,6.0,54.55,38.0,17.58,32,37,25.5,28.5,95,99,OFF,OFF,100,100,6.11,1.268,1,0,ON,ON,0.922,4.372,0,0,OFF,OFF,79421,3841,100,100,0,0.156,70,545,12.3,44,25.4,0,28.2,40,1.268,12.9,661,96,9.3,62.16466,378457,93,67,7.5,2,0,0.492,78,25.87,34.53,26.78,96,17.5,0.5642,9,44,0,31.4,0,0,0
2021-09-04,10:10:40,14.26,14.01,16.05,15.75,19.23,18.85,87,78,63,0,0,0,5.16,0.0,0.0,0.0,0.0,0.0,0.0,23.6,53,0,125,ON,OFF,ON,0,34.2,30,0,13492,OFF,OFF,29.4,29.5,25.52,29.4,45.87,9.0,6.0,54.55,38.0,17.58,32,37,25.5,28.5,95,99,OFF,OFF,100,100,6.11,1.268,1,0,ON,ON,0.922,4.372,0,0,OFF,OFF,79421,3841,100,100,0,0.156,70,545,12.3,44,25.4,0,28.2,40,1.268,12.9,661,96,9.3,62.16466,378457,93,67,7.5,2,0,0.492,78,25.87,34.53,26.78,96,17.5,0.5642,9,44,0,31.4,0,0,0
2021-09-04,10:11:10,14.26,14.01,16.05,15.75,19.23,18.85,87,78,63,0,0,0,5.16,0.0,0.0,0.0,0.0,0.0,0.0,23.6,53,0,125,ON,OFF,ON,0,34.2,30,0,13492,OFF,OFF,29.4,29.5,25.52,29.4,45.87,9.0,6.0,54.55,38.0,17.58,32,37,25.5,28.5,95,99,OFF,OFF,100,100,6.11,1.268,1,0,ON,ON,0.922,4.372,0,0,OFF,OFF,79421,3841,100,100,0,0.156,70,545,12.3,44,25.4,0,28.2,40,1.268,12.9,661,96,9.3,62.16466,378457,93,67,7.5,2,0,0.492,78,25.87,34.53,26.78,96,17.5,0.5642,9,44,0,31.4,0,0,0
2021-09-04,10:11:40,14.26,14.01,16.05,15.75,19.23,18.85,87,78,63,0,0,0,5.16,0.0,0.0,0.0,0.0,0.0,0.0,23.6,53,0,125,ON,OFF,ON,0,34.2,30,0,13492,OFF,OFF,29.4,29.5,25.52,29.4,45.87,9.0,6.0,54.55,38.0,17.58,32,37,25.5,28.5,95,99,OFF,OFF,100,100,6.11,1.268,1,0,ON,ON,0.922,4.372,0,0,OFF,OFF,79421,3841,100,100,0,0.156,70,545,12.3,44,25.4,0,28.2,40,1.268,12.9,661,96,9.3,62.16466,378457,93,67,7.5,2,0,0.492,78,25.87,34.53,26.78,96,17.5,0.5642,9,44,0,31.4,0,0,0
2021-09-04,10:12:10,14.26,14.01,16.05,15.75,19.23,18.85,87,78,63,0,0,0,5.16,0.0,0.0,0.0,0.0,0.0,0.0,23.6,53,0,125,ON,OFF,ON,0,34.2,30,0,13492,OFF,OFF,29.4,29.5,25.52,29.4,45.87,9.0,6.0,54.55,38.0,17.58,32,37,25.5,28.5,95,99,OFF,OFF,100,100,6.11,1.268,1,0,ON,ON,0.922,4.372,0,0,OFF,OFF,79421,3841,100,100,0,0.156,70,545,12.3,44,25.4,0,28.2,40,1.268,12.9,661,96,9.3,62.16466,378457,93,67,7.5,2,0,0.492,78,25.87,34.53,26.78,96,17.5,0.5642,9,44,0,31.4,0,0,0
2021-09-04,10:12:40,14.26,14.01,16.05,15.75,19.23,18.85,87,78,63,0,0,0,5.16,0.0,0.0,0.0,0.0,0.0,0.0,23.6,53,0,125,ON,OFF,ON,0,34.2,30,0,13492,OFF,OFF,29.4,29.5,25.52,29.4,45.87,9.0,6.0,54.55,38.0,17.58,32,37,25.5,28.5,95,99,OFF,OFF,100,100,6.11,1.268,1,0,ON,ON,0.922,4.372,0,0,OFF,OFF,79421,3841,100,100,0,0.156,70,545,12.3,44,25.4,0,28.2,40,1.268,12.9,661,96,9.3,62.16466,378457,93,67,7.5,2,0,0.492,78,25.87,34.53,26.78,96,17.5,0.5642,9,44,0,31.4,0,0,0
2021-09-04,10:13:26,14.26,14.01,16.05,15.75,19.23,18.85,87,78,63,0,0,0,5.16,0.0,0.0,0.0,0.0,0.0,0.0,23.6,53,0,125,ON,OFF,ON,0,34.2,30,0,13492,OFF,OFF,29.4,29.5,25.52,29.4,45.87,9.0,6.0,54.55,38.0,17.58,32,36,25.5,28.5,95,99,OFF,OFF,100,100,6.11,1.268,1,0,ON,ON,0.922,4.372,0,0,OFF,OFF,84545,3841,100,100,0,0.156,70,545,12.3,44,25.6,0,28.2,40,1.268,12.9,661,96,9.3,62.16466,378457,93,67,7.5,2,0,0.492,78,25.87,34.53,26.78,96,17.5,0.5642,9,44,0,31.4,0,0,0
2021-09-04,10:13:56,14.26,14.01,16.05,15.75,19.23,18.85,87,78,63,0,0,0,5.16,0.0,0.0,0.0,0.0,0.0,0.0,23.6,53,0,125,ON,OFF,ON,0,34.2,30,0,13492,OFF,OFF,29.4,29.5,25.52,29.4,45.87,9.0,6.0,54.55,38.0,17.58,32,36,25.5,28.5,95,99,OFF,OFF,100,100,6.11,1.268,1,0,ON,ON,0.922,4.372,0,0,OFF,OFF,84545,3841,100,100,0,0.156,70,545,12.3,44,25.6,0,28.2,40,1.268,12.9,661,96,9.3,62.16466,378457,93,67,7.5,2,0,0.492,78,25.87,34.53,26.78,96,17.5,0.5642,9,44,0,31.4,0,0,0
2021-09-04,10:14:26,14.26,14.01,16.05,15.75,19.23,18.85,87,78,63,0,0,0,5.16,0.0,0.0,0.0,0.0,0.0,0.0,23.6,53,0,125,ON,OFF,ON,0,34.2,30,0,13492,OFF,OFF,29.4,29.5,25.52,29.4,45.87,9.0,6.0,54.55,38.0,17.58,32,36,25.5,28.5,95,99,OFF,OFF,100,100,6.11,1.268,1,0,ON,ON,0.922,4.372,0,0,OFF,OFF,84545,3841,100,100,0,0.156,70,545,12.3,44,25.6,0,28.2,40,1.268,12.9,661,96,9.3,62.16466,378457,93,67,7.5,2,0,0.492,78,25.87,34.53,26.78,96,17.5,0.5642,9,44,0,31.4,0,0,0
2021-09-04,10:14:56,14.26,14.01,16.05,15.75,19.23,18.85,87,78,63,0,0,0,5.16,0.0,0.0,0.0,0.0,0.0,0.0,23.6,53,0,125,ON,OFF,ON,0,34.2,30,0,13492,OFF,OFF,29.4,29.5,25.52,29.4,45.87,9.0,6.0,54.55,38.0,17.58,32,36,25.5,28.5,95,99,OFF,OFF,100,100,6.11,1.268,1,0,ON,ON,0.922,4.372,0,0,OFF,OFF,84545,3841,100,100,0,0.156,70,545,12.3,44,25.6,0,28.2,40,1.268,12.9,661,96,9.3,62.16466,378457,93,67,7.5,2,0,0.492,78,25.87,34.53,26.78,96,17.5,0.5642,9,44,0,31.4,0,0,0
2021-09-04,10:15:26,14.26,14.01,16.05,15.75,19.23,18.85,87,78,63,0,0,0,5.16,0.0,0.0,0.0,0.0,0.0,0.0,23.6,53,0,125,ON,OFF,ON,0,34.2,30,0,13492,OFF,OFF,29.4,29.5,25.52,29.4,45.87,9.0,6.0,54.55,38.0,17.58,33,36,25.5,29,95,99,OFF,OFF,100,100,6.11,1.268,1,0,ON,ON,0.922,4.372,0,0,OFF,OFF,84545,3841,100,100,0,0.156,70,545,12.3,44,25.6,0,28.2,40,1.268,12.9,661,96,9.3,62.16466,378457,93,67,7.5,2,0,0.492,78,25.87,34.53,26.78,96,17.5,0.5642,9,44,0,31.4,0,0,0
2021-09-04,10:15:56,14.26,14.01,16.05,15.75,19.23,18.85,87,78,63,0,0,0,5.16,0.0,0.0,0.0,0.0,0.0,0.0,23.6,53,0,125,ON,OFF,ON,0,34.2,30,0,13492,OFF,OFF,29.4,29.5,25.52,29.4,45.87,9.0,6.0,54.55,38.0,17.58,33,36,25.5,29,95,99,OFF,OFF,100,100,6.11,1.268,1,0,ON,ON,0.922,4.372,0,0,OFF,OFF,84545,3841,100,100,0,0.156,70,545,12.3,44,25.6,0,28.2,40,1.268,12.9,661,96,9.3,62.16466,378457,93,67,7.5,2,0,0.492,78,25.87,34.53,26.78,96,17.5,0.5642,9,44,0,31.4,0,0,0
2021-09-04,10:16:26,14.26,14.01,16.05,15.75,19.23,18.85,87,78,63,0,0,0,5.16,0.0,0.0,0.0,0.0,0.0,0.0,23.6,53,0,125,ON,OFF,ON,0,34.2,30,0,13492,OFF,OFF,29.4,29.5,26.18,29.4,45.87,9.0,6.0,54.55,38.0,17.58,33,36,25.5,29.5,95,99,OFF,OFF,100,100,6.11,1.268,1,0,ON,ON,0.922,4.372,0,0,OFF,OFF,84545,3841,100,100,0,0.156,70,545,12.3,44,25.6,0,28.2,40,1.268,12.9,661,96,9.3,62.16466,378457,93,67,7.5,2,0,0.492,78,25.87,34.53,26.78,96,17.5,0.5642,9,44,0,31.4,0,0,0
2021-09-04,10:16:56,14.26,14.01,16.05,15.75,19.23,18.85,87,78,63,0,0,0,5.16,0.0,0.0,0.0,0.0,0.0,0.0,23.6,53,0,125,ON,OFF,ON,0,34.2,30,0,13492,OFF,OFF,29.4,29.5,26.18,29.4,45.87,9.0,6.0,54.55,38.0,17.58,33,36,26,29.5,95,99,OFF,OFF,100,100,6.11,1.268,1,0,ON,ON,0.922,4.372,0,0,OFF,OFF,84545,3841,100,100,0,0.156,70,545,12.3,44,25.6,0,28.2,40,1.268,12.9,661,96,9.3,62.16466,378457,93,67,7.5,2,0,0.492,78,25.87,34.53,26.78,96,17.5,0.5642,9,44,0,31.4,0,0,0
2021-09-04,10:17:26,14.26,14.01,16.05,15.75,19.23,18.85,87,78,63,0,0,0,5.16,0.0,0.0,0.0,0.0,0.0,0.0,23.6,53,0,125,ON,OFF,ON,0,34.2,30,0,13492,OFF,OFF,29.4,29.5,26.18,29.4,45.87,9.0,6.0,54.55,38.0,17.58,33,36,26,29.5,95,99,OFF,OFF,100,100,6.11,1.268,1,0,ON,ON,0.922,4.372,0,0,OFF,OFF,84545,3841,100,100,0,0.156,70,545,12.3,44,25.6,0,28.2,40,1.268,12.9,661,96,9.3,62.16466,378457,93,67,7.5,2,0,0.492,78,25.87,34.53,26.78,96,17.5,0.5642,9,44,0,31.4,0,0,0
2021-09-04,10:18:00,14.26,14.01,16.05,15.75,19.23,18.85,87,78,63,0,0,0,5.16,0.0,0.0,0.0,0.0,0.0,0.0,23.6,53,0,125,ON,OFF,ON,0,34.2,30,0,13492,OFF,OFF,29.4,29.5,26.18,29.4,46.53,9.0,6.0,54.55,38.0,17.58,33,35,26,29.5,95,99,OFF,OFF,100,100,6.11,1.268,1,0,ON,ON,0.922,4.372,0,0,OFF,OFF,84545,4867,100,100,0,0.156,70,545,12.3,44,25.6,0,28.7,40,1.268,12.9,661,96,9.3,62.16466,378457,93,67,7.5,2,0,0.492,78,25.87,34.53,26.78,96,17.5,0.5642,9,44,0,31.4,0,0,0
2021-09-04,10:18:30,14.26,14.01,16.05,15.75,19.23,18.85,87,78,63,0,0,0,5.16,0.0,0.0,0.0,0.0,0.0,0.0,23.6,53,0,125,ON,OFF,ON,0,34.2,30,0,13492,OFF,OFF,29.4,29.5,26.18,29.4,46.53,9.0,6.0,54.55,38.0,17.58,33,35,26,29.5,95,99,OFF,OFF,100,100,6.11,1.268,1,0,ON,ON,0.922,4.372,0,0,OFF,OFF,84545,4867,100,100,0,0.156,70,545,12.3,44,24.8,0,28.7,40,1.268,12.9,661,96,9.3,62.16466,378457,93,67,7.5,2,0,0.492,78,25.87,34.53,26.78,96,17.5,0.5642,9,44,0,31.4,0,0,0
2021-09-04,10:19:00,14.26,14.01,16.05,15.75,19.23,18.85,87,78,63,0,0,0,5.16,0.0,0.0,0.0,0.0,0.0,0.0,23.6,53,0,125,ON,OFF,ON,0,34.2,30,0,13492,OFF,OFF,29.4,29.5,26.18,29.4,46.53,9.0,6.0,54.55,38.0,17.58,33,35,26,29.5,95,99,OFF,OFF,100,100,6.11,1.268,1,0,ON,ON,0.922,4.372,0,0,OFF,OFF,84545,4867,100,100,0,0.156,70,545,12.3,44,24.8,0,28.7,40,1.268,12.9,661,96,9.3,62.16466,378457,93,67,7.5,2,0,0.492,78,25.87,34.53,26.78,96,17.5,0.5642,9,44,0,31.4,0,0,0
2021-09-04,10:19:30,14.26,14.01,16.05,15.75,19.23,18.85,87,78,63,0,0,0,5.16,0.0,0.0,0.0,0.0,0.0,0.0,23.6,53,0,125,ON,OFF,ON,0,34.2,30,0,13492,OFF,OFF,29.4,29.5,26.18,29.4,46.53,9.0,6.0,54.55,38.0,17.58,34,34,26,30,95,99,OFF,OFF,100,100,6.11,1.268,1,0,ON,ON,0.922,4.372,0,0,OFF,OFF,84545,4867,100,100,0,0.156,70,545,12.3,44,24.8,0,28.7,40,1.268,12.9,661,96,9.3,62.16466,378457,93,67,7.5,2,0,0.492,78,25.87,34.53,26.78,96,17.5,0.5642,9,44,0,31.4,0,0,0
2021-09-04,10:20:00,14.26,14.01,16.05,15.75,19.23,18.85,87,78,63,0,0,0,5.16,0.0,0.0,0.0,0.0,0.0,0.0,23.6,53,0,125,ON,OFF,ON,0,34.2,30,0,13492,OFF,OFF,29.4,29.5,26.18,29.4,46.53,9.0,6.0,54.55,38.0,17.58,34,34,26,30,95,99,OFF,OFF,100,100,6.11,1.268,1,0,ON,ON,0.922,4.372,0,0,OFF,OFF,84545,4867,100,100,0,0.156,70,545,12.3,44,24.8,0,28.7,40,1.268,12.9,661,96,9.3,62.16466,378457,93,67,7.5,2,0,0.492,78,25.87,34.53,26.78,96,17.5,0.5642,9,44,0,31.4,0,0,0
2021-09-04,10:20:30,14.26,14.01,16.05,15.75,19.23,18.85,87,78,63,0,0,0,5.16,0.0,0.0,0.0,0.0,0.0,0.0,23.6,53,0,125,ON,OFF,ON,0,34.2,30,0,13492,OFF,OFF,29.4,29.5,26.18,29.4,46.53,9.0,6.0,54.55,38.0,17.58,34,34,26,30,95,99,OFF,OFF,100,100,6.11,1.268,1,0,ON,ON,0.922,4.372,0,0,OFF,OFF,84545,4867,100,100,0,0.156,70,545,12.3,44,24.8,0,28.7,40,1.268,12.9,661,96,9.3,62.16466,378457,93,67,7.5,2,0,0.492,78,25.87,34.53,27.35,96,17.5,0.5642,9,44,0,31.4,0,0,0
2021-09-04,10:21:00,14.26,14.01,16.05,15.75,19.23,18.85,87,78,63,0,0,0,5.16,0.0,0.0,0.0,0.0,0.0,0.0,23.6,53,0,125,ON,OFF,ON,0,34.2,30,0,13492,OFF,OFF,29.4,29.5,26.18,29.4,46.53,9.0,6.0,54.55,38.0,17.58,34,34,26,30,95,99,OFF,OFF,100,100,6.11,1.268,1,0,ON,ON,0.922,4.372,0,0,OFF,OFF,84545,4867,100,100,0,0.156,70,545,12.3,44,24.8,0,28.7,40,1.268,12.9,661,96,9.3,62.16466,378457,93,67,7.5,2,0,0.492,78,25.87,34.53,27.35,96,17.5,0.5642,9,44,0,31.4,0,0,0
2021-09-04,10:21:30,14.26,14.01,16.05,15.75,19.23,18.85,87,78,63,0,0,0,5.16,0.0,0.0,0.0,0.0,0.0,0.0,23.6,53,0,125,ON,OFF,ON,0,34.2,30,0,13492,OFF,OFF,29.4,29.5,26.18,29.4,46.53,9.0,6.0,54.55,38.0,17.58,33,35,26,30,95,99,OFF,OFF,100,100,6.11,1.268,1,0,ON,ON,0.922,4.372,0,0,OFF,OFF,84545,4867,100,100,0,0.156,70,545,12.3,44,24.8,0,28.7,40,1.268,12.9,661,96,9.3,62.16466,378457,93,67,7.5,2,0,0.492,78,25.87,34.53,27.35,96,17.5,0.5642,9,44,0,31.4,0,0,0
2021-09-04,10:22:00,14.26,14.01,16.05,15.75,19.23,18.85,87,78,63,0,0,0,5.16,0.0,0.0,0.0,0.0,0.0,0.0,23.6,53,0,125,ON,OFF,ON,0,34.2,30,0,13492,OFF,OFF,29.4,29.5,26.18,29.4,46.53,9.0,6.0,54.55,38.0,17.58,33,35,26,30,95,99,OFF,OFF,100,100,6.11,1.268,1,0,ON,ON,0.922,4.372,0,0,OFF,OFF,84545,4867,100,100,0,0.156,70,545,12.3,44,24.8,0,28.7,40,1.268,12.9,661,96,9.3,62.16466,378457,93,67,7.5,2,0,0.492,78,25.87,34.53,27.35,96,17.5,0.5642,9,44,0,31.4,0,0,0
2021-09-04,10:22:30,14.26,14.01,16.05,15.75,19.23,18.85,87,78,63,0,0,0,5.16,0.0,0.0,0.0,0.0,0.0,0.0,23.6,53,0,125,ON,OFF,ON,0,34.2,30,0,13492,OFF,OFF,29.4,29.5,26.18,29.4,46.53,9.0,6.0,54.55,38.0,17.58,33,35,26,30,95,99,OFF,OFF,100,100,6.11,1.268,1,0,ON,ON,0.922,4.372,0,0,OFF,OFF,84545,4867,100,100,0,0.156,70,545,12.3,44,25.4,0,28.7,40,1.268,12.9,661,96,9.3,62.16466,378457,93,67,7.5,2,0,0.492,78,26.44,34.53,27.35,96,17.5,0.5642,9,44,0,31.4,0,0,0
2021-09-04,10:23:00,14.26,14.01,16.05,15.75,19.23,18.85,87,78,63,0,0,0,5.16,0.0,0.0,0.0,0.0,0.0,0.0,23.6,53,0,125,ON,OFF,ON,0,34.2,30,0,13492,OFF,OFF,29.4,29.5,26.84,29.4,46.53,9.0,6.0,54.55,38.0,17.58,33,35,26.5,30,95,99,OFF,OFF,100,100,6.11,1.268,1,0,ON,ON,0.922,4.372,0,0,OFF,OFF,84545,4867,100,100,0,0.156,70,545,12.3,44,25.4,0,28.7,40,1.268,12.9,661,96,9.3,62.16466,378457,93,67,7.5,2,0,0.492,78,26.44,34.53,27.35,96,17.5,0.5642,9,44,0,31.4,0,0,0
2021-09-04,10:23:30,14.26,14.01,16.05,15.75,19.23,18.85,87,78,63,0,0,0,5.16,0.0,0.0,0.0,0.0,0.0,0.0,23.6,53,0,125,ON,OFF,ON,0,34.2,30,0,13492,OFF,OFF,29.4,29.5,26.84,29.4,46.53,9.0,6.0,54.55,38.0,17.58,33,35,26.5,30,95,99,OFF,OFF,100,100,6.11,1.268,1,0,ON,ON,0.922,4.372,0,0,OFF,OFF,84545,4867,100,100,0,0.156,70,545,12.3,44,25.4,0,28.7,40,1.268,12.9,661,96,9.3,62.16466,378457,93,67,7.5,2,0,0.492,78,26.44,34.53,27.35,96,17.5,0.5642,9,44,0,31.4,0,0,0
2021-09-04,10:24:00,14.26,14.01,16.05,15.75,19.23,18.85,87,78,63,0,0,0,5.16,0.0,0.0,0.0,0.0,0.0,0.0,23.6,53,0,125,ON,OFF,ON,0,34.2,30,0,13492,OFF,OFF,29.4,29.5,26.84,29.4,46.53,9.0,6.0,54.55,38.0,17.58,33,35,26.5,30,95,99,OFF,OFF,100,100,6.11,1.268,1,0,ON,ON,0.922,4.372,0,0,OFF,OFF,84545,4867,100,100,0,0.156,70,545,12.3,44,25.4,0,28.7,40,1.268,12.9,661,96,9.3,62.16466,378457,93,67,7.5,2,0,0.492,78,26.44,34.53,27.35,96,17.5,0.5642,9,44,0,31.4,0,0,0
2021-09-04,10:24:30,14.26,14.01,16.05,15.75,19.23,18.85,87,78,63,0,0,0,5.16,0.0,0.0,0.0,0.0,0.0,0.0,23.6,53,0,125,ON,OFF,ON,0,34.2,30,0,13492,OFF,OFF,29.4,29.5,26.84,29.4,46.53,9.0,6.0,54.55,38.0,17.58,33,35,26.5,30,95,99,OFF,OFF,100,100,6.11,1.268,1,0,ON,ON,0.922,4.372,0,0,OFF,OFF,84545,4867,100,100,0,0.156,70,545,12.3,44,25.4,0,28.7,40,1.268,12.9,661,96,9.3,62.16466,378457,93,67,7.5,2,0,0.492,78,26.44,34.53,27.35,96,17.5,0.5642,9,44,0,31.4,0,0,0
2021-09-04,10:25:00,14.26,14.01,16.05,15.75,19.23,18.85,87,78,63,0,0,0,5.16,0.0,0.0,0.0,0.0,0.0,0.0,23.6,53,0,125,ON,OFF,ON,0,34.2,30,0,13492,OFF,OFF,29.4,29.5,26.84,29.4,46.53,9.0,6.0,49.53,38.0,17.58,33,35,26.5,30,95,99,OFF,OFF,100,100,6.11,1.268,1,0,ON,ON,0.922,4.372,0,0,OFF,OFF,84545,4867,100,100,0,0.156,70,545,12.3,44,25.4,0,28.7,40,1.268,12.9,661,96,9.3,62.16466,378457,93,67,7.5,2,0,0.492,78,26.44,34.53,27.35,96,17.5,0.5642,9,44,0,31.4,0,0,0
2021-09-04,10:25:30,14.26,14.01,16.05,15.75,19.23,18.85,87,78,63,0,0,0,5.16,0.0,0.0,0.0,0.0,0.0,0.0,23.6,53,0,125,ON,OFF,ON,0,34.2,30,0,13492,OFF,OFF,29.4,29.5,26.84,29.4,46.53,9.0,6.0,49.53,38.0,17.58,33,35,26.5,30,95,99,OFF,OFF,100,100,6.11,1.268,1,0,ON,ON,0.922,4.372,0,0,OFF,OFF,84545,4867,100,100,0,0.156,70,545,12.3,42,25.4,0,28.7,40,1.268,12.9,661,96,9.3,62.16466,378457,93,67,7.5,2,0,0.492,78,26.44,34.53,27.35,96,17.5,0.5642,9,44,0,31.4,0,0,0
2021-09-04,10:26:00,14.26,14.01,16.05,15.75,19.23,18.85,87,78,63,0,0,0,5.16,0.0,0.0,0.0,0.0,0.0,0.0,23.6,53,0,125,ON,OFF,ON,0,34.2,30,0,13492,OFF,OFF,29.4,29.5,26.84,29.4,46.53,9.0,6.0,49.53,38.0,17.58,33,34,26.5,30,95,99,OFF,OFF,100,100,6.11,1.268,1,0,ON,ON,0.922,4.372,0,0,OFF,OFF,84545,4867,100,100,0,0.156,70,545,12.3,42,25.4,0,28.7,40,1.268,12.9,661,96,9.3,62.16466,378457,93,67,7.5,2,0,0.492,78,26.44,34.53,27.35,96,17.5,0.5642,9,44,0,31.4,0,0,0
2021-09-04,10:26:30,14.26,14.01,16.05,15.75,19.23,18.85,87,78,63,0,0,0,5.16,0.0,0.0,0.0,0.0,0.0,0.0,23.6,53,0,125,ON,OFF,ON,0,34.2,30,0,13492,OFF,OFF,29.4,29.5,26.84,29.4,46.53,9.0,6.0,49.53,38.0,17.58,33,34,26.5,30,95,99,OFF,OFF,100,100,6.11,1.268,1,0,ON,ON,0.922,4.372,0,0,OFF,OFF,84545,4867,100,100,0,0.156,70,545,12.3,42,26.4,0,28.7,40,1.268,12.9,661,96,9.3,62.16466,378457,93,67,7.5,2,0,0.492,78,26.44,34.53,27.35,96,17.5,0.5642,9,44,0,31.4,0,0,0
2021-09-04,10:27:00,14.26,14.01,16.05,15.75,19.23,18.85,87,78,63,0,0,0,5.16,0.0,0.0,0.0,0.0,0.0,0.0,23.6,53,0,125,ON,OFF,ON,0,34.2,30,0,13492,OFF,OFF,29.4,29.5,26.84,29.4,46.53,9.0,6.0,49.53,38.0,17.58,33,34,26.5,30,95,99,OFF,OFF,100,100,6.11,1.268,1,0,ON,ON,0.922,4.372,0,0,OFF,OFF,84545,4867,100,100,0,0.156,70,545,12.3,42,26.4,0,28.7,40,1.268,12.9,661,96,9.3,62.16466,378457,93,67,7.5,2,0,0.492,78,26.44,34.53,27.35,96,17.5,0.5642,9,44,0,31.4,0,0,0
2021-09-04,10:27:30,14.26,14.01,16.05,15.75,19.23,18.85,87,78,63,0,0,0,5.16,0.0,0.0,0.0,0.0,0.0,0.0,23.6,53,0,125,ON,OFF,ON,0,34.2,30,0,13492,OFF,OFF,29.4,29.5,26.84,29.4,46.53,9.0,6.0,49.53,38.0,17.58,33,34,26.5,30,95,99,OFF,OFF,100,100,6.11,1.268,1,0,ON,ON,0.922,4.372,0,0,OFF,OFF,84545,4867,100,100,0,0.156,70,545,11.9,40,26.3,0.243,29.2,40,1.268,12.9,661,96,9.3,62.16466,378457,93,67,7.5,2,0,0.492,78,26.44,34.53,27.35,96,17.5,0.5642,9,44,0,31.4,0,0,0
2021-09-04,10:28:00,14.26,14.01,16.05,15.75,19.23,18.85,87,78,63,0,0,0,5.16,0.0,0.0,0.0,0.0,0.0,0.0,23.6,53,0,125,ON,OFF,ON,0,34.2,30,0,13492,OFF,OFF,29.4,29.5,26.84,29.4,46.53,9.0,6.0,49.53,38.0,17.58,33,34,26.5,30,95,99,OFF,OFF,100,100,6.11,1.268,1,0,ON,ON,0.922,4.372,0,0,OFF,OFF,84545,4867,100,100,0,0.156,70,545,11.9,40,26.3,0.243,29.2,39,1.268,13.9,661,96,9.3,62.16466,378457,93,67,7.5,2,0,0.492,78,26.44,34.53,27.35,96,17.5,0.5642,9,44,0,31.4,0,0,0
2021-09-04,10:28:48,14.26,14.01,16.05,15.75,19.23,18.85,87,78,63,0,0,0,5.16,0.0,0.0,0.0,0.0,0.0,0.0,23.6,53,0,125,ON,OFF,ON,0,34.2,30,0,13492,OFF,OFF,29.4,29.5,26.84,29.4,46.53,9.0,6.0,49.53,38.0,17.58,33,34,26.5,30,95,99,OFF,OFF,100,100,6.11,1.268,1,0,ON,ON,0.922,4.372,0,0,OFF,OFF,89671,4867,100,100,0,0.156,70,545,11.9,40,26.3,0.243,29.3,39,1.268,13.9,661,96,9.3,62.16466,378457,93,67,7.5,2,0,0.492,78,26.44,34.53,27.35,96,17.5,0.5642,9,44,0,31.4,0,0,0
2021-09-04,10:29:18,14.26,14.01,16.05,15.75,19.23,18.85,87,78,63,0,0,0,5.16,0.0,0.0,0.0,0.0,0.0,0.0,23.6,53,0,125,ON,OFF,ON,0,34.2,30,0,13492,OFF,OFF,29.4,29.5,26.84,29.4,46.53,9.0,6.0,49.53,38.0,17.58,33,34,26.5,30,95,99,OFF,OFF,100,100,6.11,1.268,1,0,ON,ON,0.922,4.372,0,0,OFF,OFF,89671,4867,100,100,0,0.156,70,545,11.9,40,26.3,0.243,29.3,39,1.268,13.9,661,96,9.3,62.16466,378457,93,67,7.5,2,0,0.492,78,26.44,34.53,27.35,96,17.5,0.5642,9,44,0,31.4,0,0,0
2021-09-04,10:29:48,14.26,14.01,16.05,15.75,19.23,18.85,87,78,63,0,0,0,5.16,0.0,0.0,0.0,0.0,0.0,0.0,23.6,53,0,125,ON,OFF,ON,0,34.2,30,0,13492,OFF,OFF,29.4,29.5,26.84,29.4,46.53,9.0,6.0,49.53,38.0,17.58,33,34,27,30,95,99,OFF,OFF,100,100,6.11,1.268,1,0,ON,ON,0.922,4.372,0,0,OFF,OFF,89671,4867,100,100,0,0.156,70,545,11.9,40,26.3,0.243,29.3,39,1.268,13.9,661,96,9.3,62.16466,378457,93,67,7.5,2,0,0.492,78,26.44,34.53,27.35,96,17.5,0.5642,9,44,0,31.4,0,0,0
2021-09-04,10:30:18,17.31,17.11,17.31,17.11,18.78,18.49,77,77,68,0,0,0,5.16,0.0,0.0,0.0,0.0,0.0,0.0,23.6,53,0,125,ON,OFF,ON,0,34.2,30,0,13492,OFF,OFF,29.4,29.5,26.84,29.4,46.53,9.0,6.0,49.53,38.0,17.58,33,34,27,30,95,99,OFF,OFF,100,100,6.11,1.268,1,0,ON,ON,0.922,4.372,0,0,OFF,OFF,89671,4867,100,100,0,0.156,70,545,11.9,40,26.3,0.243,29.3,39,1.268,13.9,661,96,9.3,62.16466,378457,93,67,7.5,2,0,0.492,78,26.44,34.53,27.35,96,17.5,0.5642,9,44,0,31.4,0,0,0
2021-09-04,10:30:48,17.31,17.11,17.31,17.11,18.78,18.49,77,77,68,0,0,0,5.16,0.0,0.0,0.0,0.0,0.0,0.0,23.6,53,0,125,ON,OFF,ON,0,34.2,30,0,13492,OFF,OFF,29.4,29.5,26.84,29.4,46.53,9.0,6.0,49.53,38.0,17.58,33,34,27,30,95,99,OFF,OFF,100,100,6.11,1.268,1,0,ON,ON,0.922,4.372,0,0,OFF,OFF,89671,4867,100,100,0,0.156,70,545,11.9,40,26.3,0.243,29.3,39,1.268,13.9,661,96,9.3,62.16466,378457,93,67,7.5,2,0,0.492,78,26.44,34.53,27.35,96,17.5,0.5642,9,44,0,31.4,0,0,0
2021-09-04,10:31:24,17.31,17.11,17.31,17.11,18.78,18.49,77,77,68,0,0,0,5.16,0.0,0.0,0.0,0.0,0.0,0.0,23.6,53,0,125,ON,OFF,ON,0,34.2,30,0,13492,OFF,OFF,29.4,29.5,26.84,29.4,46.53,9.0,6.0,49.53,38.0,17.58,33,34,27,30,95,99,OFF,OFF,100,100,6.11,1.268,1,0,ON,ON,0.922,4.372,0,0,OFF,OFF,89671,4867,100,100,0,0.156,70,545,11.9,40,26.3,0.243,29.3,39,1.268,13.9,661,96,9.3,62.16466,378457,93,67,7.5,2,0,0.492,78,26.44,34.53,27.35,96,17.5,0.5642,9,44,0,31.4,0,0,0
2021-09-04,10:31:54,17.31,17.11,17.31,17.11,18.78,18.49,77,77,68,0,0,0,5.16,0.0,0.0,0.0,0.0,0.0,0.0,23.6,53,0,125,ON,OFF,ON,0,34.2,30,0,13492,OFF,OFF,29.4,29.5,27.5,29.4,46.53,9.0,6.0,49.53,38.0,17.58,33,34,27,30,95,99,OFF,OFF,100,100,6.11,1.268,1,0,ON,ON,0.922,4.372,0,0,OFF,OFF,89671,4867,100,100,0,0.156,70,545,11.9,40,26.3,0.243,29.3,39,1.268,13.9,661,96,9.3,62.16466,378457,93,67,7.5,2,0,0.492,78,26.44,34.53,27.35,96,17.5,0.5642,9,44,0,31.4,0,0,0
2021-09-04,10:32:24,17.31,17.11,17.31,17.11,18.78,18.49,77,77,68,0,0,0,5.16,0.0,0.0,0.0,0.0,0.0,0.0,23.6,53,0,125,ON,OFF,ON,0,34.2,30,0,13492,OFF,OFF,29.4,29.5,27.5,29.4,46.53,9.0,6.0,49.53,38.0,17.58,33,34,27,30,95,99,OFF,OFF,100,100,6.11,1.268,1,0,ON,ON,0.922,4.372,0,0,OFF,OFF,89671,4867,100,100,0,0.156,70,545,11.9,40,26.3,0.243,29.3,39,1.268,13.9,661,96,9.3,62.16466,378457,93,67,7.5,2,0,0.492,78,26.44,34.53,27.35,96,17.5,0.5642,9,44,0,31.4,0,0,0
2021-09-04,10:32:54,17.31,17.11,17.31,17.11,18.78,18.49,77,77,68,0,0,0,5.16,0.0,0.0,0.0,0.0,0.0,0.0,23.6,53,0,125,ON,OFF,ON,0,34.2,30,0,13492,OFF,OFF,29.4,29.5,27.5,29.4,46.53,9.0,6.0,49.53,38.0,17.58,33,34,27,30,95,99,OFF,OFF,100,100,6.11,1.268,1,0,ON,ON,0.922,4.372,0,0,OFF,OFF,89671,4867,100,100,0,0.156,70,545,11.9,40,26.3,0.243,29.3,39,1.268,13.9,661,96,9.3,62.16466,378457,93,67,7.5,2,0,0.492,78,26.44,34.53,27.35,96,17.5,0.5642,9,44,0,31.4,0,0,0
2021-09-04,10:33:24,17.31,17.11,17.31,17.11,18.78,18.49,77,77,68,0,0,0,5.16,0.0,0.0,0.0,0.0,0.0,0.0,23.6,53,0,125,ON,OFF,ON,0,34.2,30,0,13492,OFF,OFF,29.4,29.5,27.5,29.4,46.53,9.0,6.0,49.53,38.0,17.58,33,34,27,30,95,99,OFF,OFF,100,100,6.11,1.268,1,0,ON,ON,0.922,4.372,0,0,OFF,OFF,89671,4867,100,100,0,0.156,70,545,11.9,40,26.3,0.243,29.3,39,1.268,13.9,661,96,9.3,62.16466,378457,93,67,7.5,2,0,0.492,78,26.44,34.53,27.35,96,17.5,0.5642,9,44,0,31.4,0,0,0
2021-09-04,10:33:54,17.31,17.11,17.31,17.11,18.78,18.49,77,77,68,0,0,0,5.16,0.0,0.0,0.0,0.0,0.0,0.0,23.6,53,0,125,ON,OFF,ON,0,34.2,30,0,13492,OFF,OFF,29.4,29.5,27.5,29.4,46.53,9.0,6.0,49.53,38.0,17.58,33,34,27,30,95,99,OFF,OFF,100,100,6.11,1.268,1,0,ON,ON,0.922,4.372,0,0,OFF,OFF,89671,4867,100,100,0,0.156,70,545,11.9,40,26.9,0.243,29.3,39,1.268,13.9,661,96,9.3,62.16466,378457,93,67,7.5,2,0,0.492,78,26.44,34.53,27.35,96,17.5,0.5642,9,44,0,31.4,0,0,0
2021-09-04,10:34:24,17.31,17.11,17.31,17.11,18.78,18.49,77,77,68,0,0,0,5.16,0.0,0.0,0.0,0.0,0.0,0.0,23.6,53,0,125,ON,OFF,ON,0,34.2,30,0,13492,OFF,OFF,29.4,29.5,27.5,29.4,46.53,9.0,6.0,49.53,38.0,17.58,33,34,27,30,95,99,OFF,OFF,100,100,6.11,1.268,1,0,ON,ON,0.922,4.372,0,0,OFF,OFF,89671,4867,100,100,0,0.156,70,545,11.9,40,26.9,0.243,29.3,39,1.268,13.9,661,96,9.3,62.16466,378457,93,67,7.5,2,0,0.492,78,26.44,34.53,27.35,96,17.5,0.5642,9,44,0,31.4,0,0,0
2021-09-04,10:34:54,17.31,17.11,17.31,17.11,18.78,18.49,77,77,68,0,0,0,5.16,0.0,0.0,0.0,0.0,0.0,0.0,23.6,53,0,125,ON,OFF,ON,0,34.2,30,0,13492,OFF,OFF,29.4,29.5,27.5,29.4,46.53,9.0,6.0,49.53,38.0,17.58,33,34,27,30,95,99,OFF,OFF,100,100,6.111,1.268,1,0,ON,ON,0.922,4.372,0,0,OFF,OFF,89671,4867,100,100,0,0.156,70,545,11.9,40,26.9,0.243,29.3,39,1.268,13.9,661,96,9.3,62.16466,378457,93,67,7.5,2,0,0.492,78,26.44,34.53,27.35,96,17.5,0.5642,9,44,0,31.4,0,0,0
2021-09-04,10:35:24,17.31,17.11,17.31,17.11,18.78,18.49,77,77,68,0,0,0,5.16,0.0,0.0,0.0,0.0,0.0,0.0,23.6,53,0,125,ON,OFF,ON,0,34.2,30,0,13492,OFF,OFF,29.4,29.5,27.5,29.4,46.53,9.0,6.0,49.53,38.0,17.58,33,34,27,30,95,99,OFF,OFF,100,100,6.111,1.268,1,0,ON,ON,0.922,4.372,0,0,OFF,OFF,89671,4867,100,100,0,0.156,70,545,11.9,40,26.9,0.243,29.3,39,1.268,13.9,661,96,9.3,62.16466,378457,93,67,7.5,2,0,0.492,78,26.44,34.53,27.98,96,17.5,0.5642,9,44,0,31.4,0,0,0
2021-09-04,10:35:54,17.31,17.11,17.31,17.11,18.78,18.49,77,77,68,0,0,0,5.16,0.0,0.0,0.0,0.0,0.0,0.0,23.6,53,0,125,ON,OFF,ON,0,34.2,30,0,13492,OFF,OFF,29.4,29.5,27.5,29.4,46.53,9.0,6.0,49.53,38.0,17.58,33,34,27,30.5,95,99,OFF,OFF,100,100,6.111,1.268,1,0,ON,ON,0.922,4.372,0,0,OFF,OFF,89671,4867,100,100,0,0.156,70,545,11.9,40,26.9,0.243,29.3,39,1.268,13.9,661,96,9.3,62.16466,378457,93,67,7.5,2,0,0.492,78,26.44,34.53,27.98,96,17.5,0.5642,9,44,0,31.4,0,0,0
2021-09-04,10:36:24,17.31,17.11,17.31,17.11,18.78,18.49,77,77,68,0,0,0,5.16,0.0,0.0,0.0,0.0,0.0,0.0,23.6,53,0,125,ON,OFF,ON,0,34.2,30,0,13492,OFF,OFF,29.4,29.5,27.5,29.4,46.53,9.0,6.0,49.53,38.0,17.58,33,34,27,30.5,95,99,OFF,OFF,100,100,6.111,1.268,1,0,ON,ON,0.922,4.372,0,0,OFF,OFF,89671,4867,100,100,0,0.156,70,545,11.9,40,26.9,0.243,29.3,39,1.268,13.9,661,96,9.3,62.16466,378457,93,67,7.5,2,0,0.492,78,26.44,34.53,27.98,96,17.5,0.5642,9,44,0,31.4,0,0,0
2021-09-04,10:36:54,17.31,17.11,17.31,17.11,18.78,18.49,77,77,68,0,0,0,5.16,0.0,0.0,0.0,0.0,0.0,0.0,23.6,53,0,125,ON,OFF,ON,0,34.2,30,0,13492,OFF,OFF,29.4,29.5,27.5,29.4,46.53,9.0,6.0,49.53,38.0,17.58,33,34,27,30.5,95,99,OFF,OFF,100,100,6.111,1.268,1,0,ON,ON,0.922,4.372,0,0,OFF,OFF,89671,4867,100,100,0,0.156,70,545,11.9,40,26.9,0.243,29.3,39,1.268,13.9,661,96,9.3,62.16466,378457,93,67,7.5,2,0,0.492,78,26.44,34.53,27.98,96,17.5,0.5642,9,44,0,31.4,0,0,0
2021-09-04,10:37:24,17.31,17.11,17.31,17.11,18.78,18.49,77,77,68,0,0,0,5.16,0.0,0.0,0.0,0.0,0.0,0.0,23.6,53,0,125,ON,OFF,ON,0,34.2,30,0,13492,OFF,OFF,29.4,29.5,27.5,29.4,46.53,9.0,6.0,49.53,38.0,17.58,33,34,27,30.5,95,99,OFF,OFF,100,100,6.111,1.268,1,0,ON,ON,0.922,4.372,0,0,OFF,OFF,89671,4867,100,100,0,0.156,70,545,11.9,40,26.9,0.243,29.3,39,1.268,13.9,661,96,9.3,62.16466,378457,93,67,7.5,2,0,0.492,78,26.94,34.53,27.98,96,17.5,0.5642,9,44,0,31.4,0,0,0
2021-09-04,10:37:54,17.31,17.11,17.31,17.11,18.78,18.49,77,77,68,0,0,0,5.16,0.0,0.0,0.0,0.0,0.0,0.0,23.6,53,0,125,ON,OFF,ON,0,34.2,30,0,13492,OFF,OFF,29.4,29.5,27.5,29.4,46.53,9.0,6.0,49.53,38.0,17.58,33,34,27,30.5,95,99,OFF,OFF,100,100,6.111,1.268,1,0,ON,ON,0.922,4.372,0,0,OFF,OFF,89671,4867,100,100,0,0.156,70,545,11.9,36,27.6,0.243,29.8,39,1.268,13.9,661,96,9.3,62.16466,378457,93,67,7.5,2,0,0.492,78,26.94,34.53,27.98,96,17.5,0.5642,9,44,0,31.4,0,0,0
2021-09-04,10:38:24,17.31,17.11,17.31,17.11,18.78,18.49,77,77,68,0,0,0,5.16,0.0,0.0,0.0,0.0,0.0,0.0,23.6,53,0,125,ON,OFF,ON,0,34.2,30,0,13492,OFF,OFF,29.4,29.5,27.5,29.4,46.53,9.0,6.0,44.52,38.0,17.58,33,33,27,30.5,95,99,OFF,OFF,100,100,6.111,1.268,1,0,ON,ON,0.922,4.372,0,0,OFF,OFF,89671,4867,100,100,0,0.156,70,545,11.9,36,27.6,0.243,29.8,39,1.268,13.9,661,96,9.3,62.16466,378457,93,67,7.5,2,0,0.492,78,26.94,34.53,27.98,96,17.5,0.5642,9,44,0,31.4,0,0,0
2021-09-04,10:38:54,17.31,17.11,17.31,17.11,18.78,18.49,77,77,68,0,0,0,5.16,0.0,0.0,0.0,0.0,0.0,0.0,23.6,53,0,125,ON,OFF,ON,0,34.2,30,0,13492,OFF,OFF,29.4,29.5,28.16,29.4,46.53,9.0,6.0,44.52,38.0,17.58,33,33,27,30.5,95,99,OFF,OFF,100,100,6.111,1.268,1,0,ON,ON,0.922,4.372,0,0,OFF,OFF,89671,4867,100,100,0,0.156,70,545,11.9,36,27.6,0.243,29.8,39,1.268,13.9,661,96,9.3,62.16466,378457,93,67,7.5,2,0,0.492,78,26.94,35.68,27.98,96,17.5,0.5642,9,44,0,31.4,0,0,0
2021-09-04,10:39:24,17.31,17.11,17.31,17.11,18.78,18.49,77,77,68,0,0,0,5.16,0.0,0.0,0.0,0.0,0.0,0.0,23.6,53,0,125,ON,OFF,ON,0,34.2,30,0,13492,OFF,OFF,29.4,29.5,28.16,29.4,46.53,9.0,6.0,44.52,38.0,17.58,33,33,27,30.5,95,99,OFF,OFF,100,100,6.111,1.268,1,0,ON,ON,0.922,4.372,0,0,OFF,OFF,89671,4867,100,100,0,0.156,70,545,11.9,36,27.6,0.243,29.8,39,1.268,13.9,661,96,9.3,62.16466,378457,93,67,7.5,2,0,0.492,78,26.94,35.68,27.98,96,17.5,0.5642,9,44,0,31.4,0,0,0
2021-09-04,10:39:54,17.31,17.11,17.31,17.11,18.78,18.49,77,77,68,0,0,0,5.16,0.0,0.0,0.0,0.0,0.0,0.0,23.6,53,0,125,ON,OFF,ON,0,34.2,30,0,13492,OFF,OFF,29.4,29.5,28.16,29.4,46.53,9.0,6.0,44.52,38.0,17.58,33,33,27,31,95,99,OFF,OFF,100,100,6.111,1.268,1,0,ON,ON,0.922,4.372,0,0,OFF,OFF,89671,4867,100,100,0,0.156,70,545,11.9,36,27.6,0.243,29.8,39,1.268,13.9,661,96,9.3,62.16466,378457,93,67,7.5,2,0,0.492,78,26.94,35.68,27.98,96,17.5,0.5642,9,44,0,31.4,0,0,0
2021-09-04,10:40:24,17.31,17.11,17.31,17.11,18.78,18.49,77,77,68,0,0,0,5.16,0.0,0.0,0.0,0.0,0.0,0.0,23.6,53,0,125,ON,OFF,ON,0,34.2,30,0,13492,OFF,OFF,29.4,29.5,28.16,29.4,46.53,9.0,6.0,44.52,38.0,17.58,34,32,27,31,95,99,OFF,OFF,100,100,6.111,1.268,1,0,ON,ON,0.922,4.372,0,0,OFF,OFF,89671,4867,100,100,0,0.156,70,545,11.9,36,27.6,0.243,29.8,39,1.268,13.9,661,96,9.3,62.16466,378457,93,67,7.5,2,0,0.492,78,26.94,35.68,28.19,96,17.5,0.5642,9,44,0,31.4,0,0,0
2021-09-04,10:40:54,17.31,17.11,17.31,17.11,18.78,18.49,77,77,68,0,0,0,5.16,0.0,0.0,0.0,0.0,0.0,0.0,23.6,53,0,125,ON,OFF,ON,0,34.2,30,0,13492,OFF,OFF,29.4,29.5,28.16,29.4,46.53,9.0,6.0,44.52,38.0,17.58,34,32,27,31,95,99,OFF,OFF,100,100,6.111,1.268,1,0,ON,ON,0.922,4.372,0,0,OFF,OFF,89671,4867,100,100,0,0.156,70,545,11.9,36,27.6,0.243,29.8,39,1.268,13.9,661,96,9.3,62.16466,378457,93,67,7.5,2,0,0.492,78,26.94,35.68,28.19,96,17.5,0.5642,9,44,0,31.4,0,0,0
2021-09-04,10:41:24,17.31,17.11,17.31,17.11,18.78,18.49,77,77,68,0,0,0,5.16,0.0,0.0,0.0,0.0,0.0,0.0,23.6,53,0,125,ON,OFF,ON,0,34.2,30,0,13492,OFF,OFF,29.4,29.5,28.16,29.4,47.19,9.0,6.0,44.52,38.0,17.58,34,32,27.5,31,95,99,OFF,OFF,100,100,6.111,1.268,1,0,ON,ON,0.922,4.372,0,0,OFF,OFF,89671,4867,100,100,0,0.156,70,545,11.9,36,27.6,0.243,29.8,39,1.268,13.9,661,96,9.3,62.16466,378457,93,67,7.5,2,0,0.492,78,26.94,35.68,28.19,96,17.5,0.5642,9,44,0,31.4,0,0,0
2021-09-04,10:41:54,17.31,17.11,17.31,17.11,18.78,18.49,77,77,68,0,0,0,5.16,0.0,0.0,0.0,0.0,0.0,0.0,23.6,53,0,125,ON,OFF,ON,0,34.2,30,0,13492,OFF,OFF,29.4,29.5,28.16,29.4,47.19,9.0,6.0,44.52,38.0,17.58,34,32,27.5,31,95,99,OFF,OFF,100,100,6.111,1.268,1,0,ON,ON,0.922,4.372,0,0,OFF,OFF,89671,4867,100,100,0,0.156,70,545,11.9,36,27.6,0.243,29.8,39,1.268,13.9,661,96,9.3,62.16466,378457,93,67,7.5,2,0,0.492,78,26.94,35.68,28.19,96,17.5,0.5642,9,44,0,31.4,0,0,0
2021-09-04,10:42:24,17.31,17.11,17.31,17.11,18.78,18.49,77,77,68,0,0,0,5.16,0.0,0.0,0.0,0.0,0.0,0.0,23.6,53,0,125,ON,OFF,ON,0,34.2,30,0,13492,OFF,OFF,29.4,29.5,28.16,29.4,47.19,9.0,6.0,44.52,38.0,17.58,34,32,27.5,31,95,99,OFF,OFF,100,100,6.111,1.268,1,0,ON,ON,0.922,4.372,0,0,OFF,OFF,89671,4867,100,100,0,0.156,70,545,11.9,36,27.6,0.243,29.8,39,1.268,13.9,661,96,9.3,62.16466,378457,93,67,7.5,2,0,0.492,78,26.94,35.68,28.19,96,17.5,0.5642,9,44,0,31.4,0,0,0
2021-09-04,10:42:54,17.31,17.11,17.31,17.11,18.78,18.49,77,77,68,0,0,0,5.16,0.0,0.0,0.0,0.0,0.0,0.0,23.6,53,0,125,ON,OFF,ON,0,34.2,30,0,13492,OFF,OFF,29.4,29.5,28.16,29.4,47.19,9.0,6.0,44.52,38.0,17.58,34,32,27.5,31,95,99,OFF,OFF,100,100,6.111,1.268,1,0,ON,ON,0.922,4.372,0,0,OFF,OFF,89671,4867,100,100,0,0.156,70,545,11.9,36,27.1,0.243,29.8,39,1.268,13.9,661,96,9.3,62.16466,378457,93,67,7.5,2,0,0.492,78,26.94,35.68,28.19,96,17.5,0.5642,9,44,0,31.4,0,0,0
2021-09-04,10:43:24,17.31,17.11,17.31,17.11,18.78,18.49,77,77,68,0,0,0,5.16,0.0,0.0,0.0,0.0,0.0,0.0,23.6,53,0,125,ON,OFF,ON,0,34.2,30,0,13492,OFF,OFF,29.4,29.5,28.16,29.4,47.19,9.0,6.0,44.52,38.0,17.58,34,32,27.5,31,95,99,OFF,OFF,100,100,6.111,1.268,1,0,ON,ON,0.922,4.372,0,0,OFF,OFF,89671,4867,100,100,0,0.156,70,545,11.9,36,27.1,0.243,29.8,39,1.268,13.9,661,96,9.3,62.44213,378457,33,100,29.4,2,0,0.492,78,26.94,35.68,28.19,96,17.5,0.5642,9,44,0,31.4,0,0,0
2021-09-04,10:44:10,17.31,17.11,17.31,17.11,18.78,18.49,77,77,68,0,0,0,5.16,0.0,0.0,0.0,0.0,0.0,0.0,23.6,53,0,125,ON,OFF,ON,0,34.2,30,0,13492,OFF,OFF,29.4,29.5,28.82,29.4,47.19,9.0,6.0,44.52,38.0,17.58,34,32,27.5,31.5,95,99,OFF,OFF,100,100,6.111,1.268,1,0,ON,ON,0.922,4.372,0,0,OFF,OFF,89671,4867,100,100,0,0.156,70,545,11.9,36,27.1,0.243,29.8,39,1.268,13.9,661,96,9.3,62.44213,378457,33,100,29.4,2,0,0.492,78,26.94,35.68,28.19,96,17.5,0.5642,9,44,0,31.4,0,0,0
2021-09-04,10:44:40,17.31,17.11,17.31,17.11,18.78,18.49,77,77,68,0,0,0,5.16,0.0,0.0,0.0,0.0,0.0,0.0,23.6,53,0,125,ON,OFF,ON,0,34.2,30,0,13492,OFF,OFF,29.4,29.5,28.82,29.4,47.19,9.0,6.0,44.52,38.0,17.58,34,32,27.5,31.5,95,99,OFF,OFF,100,100,6.111,1.268,1,0,ON,ON,0.922,4.372,0,0,OFF,OFF,89671,4867,100,100,0,0.156,70,545,11.9,36,27.1,0.243,29.8,39,1.268,13.9,661,96,9.3,62.44213,378457,33,100,29.4,2,0,0.492,78,26.94,35.68,28.19,96,17.5,0.5642,9,44,0,31.4,0,0,0
2021-09-04,10:45:10,17.31,17.11,17.31,17.11,18.78,18.49,77,77,68,0,0,0,5.16,0.0,0.0,0.0,0.0,0.0,0.0,23.6,53,0,125,ON,OFF,ON,0,34.2,30,0,13492,OFF,OFF,29.4,29.5,28.82,29.4,47.85,9.0,6.0,44.52,38.0,17.58,34,32,27.5,31.5,95,99,OFF,OFF,100,100,6.111,1.268,1,0,ON,ON,0.922,4.372,0,0,OFF,OFF,89671,4867,100,100,0,0.156,70,545,11.9,36,27.1,0.243,29.8,39,1.268,13.9,661,96,9.3,62.44213,378457,33,100,29.4,2,0,0.492,78,26.94,35.68,28.19,96,17.5,0.5642,9,44,0,31.4,0,0,0
2021-09-04,10:45:40,17.31,17.11,17.31,17.11,18.78,18.49,77,77,68,0,0,0,5.16,0.0,0.0,0.0,0.0,0.0,0.0,23.6,53,0,125,ON,OFF,ON,0,34.2,30,0,13492,OFF,OFF,29.4,29.5,28.82,29.4,47.85,9.0,6.0,44.52,38.0,17.58,34,32,27.5,31.5,95,99,OFF,OFF,100,100,6.111,1.268,1,0,ON,ON,0.922,4.372,0,0,OFF,OFF,89671,4867,100,100,0,0.156,70,545,11.9,36,27.6,0.243,29.8,39,1.268,13.9,661,96,9.3,62.44213,378457,33,100,29.4,2,0,0.492,78,26.94,35.68,28.19,96,17.5,0.5642,9,44,0,31.4,0,0,0
2021-09-04,10:46:10,17.31,17.11,17.31,17.11,18.78,18.49,77,77,68,0,0,0,5.16,0.0,0.0,0.0,0.0,0.0,0.0,23.6,53,0,125,ON,OFF,ON,0,34.2,30,0,13492,OFF,OFF,29.4,29.5,28.82,29.4,47.85,9.0,6.0,44.52,38.0,17.58,34,32,27.5,32,95,99,OFF,OFF,100,100,6.111,1.268,1,0,ON,ON,0.922,4.372,0,0,OFF,OFF,89671,4867,100,100,0,0.156,70,545,11.9,36,27.6,0.243,29.8,39,1.268,13.9,661,96,9.3,62.44213,378457,33,100,29.4,2,0,0.492,78,26.94,35.68,28.19,96,17.5,0.5642,9,44,0,31.4,0,0,0
2021-09-04,10:46:40,17.31,17.11,17.31,17.11,18.78,18.49,77,77,68,0,0,0,5.16,0.0,0.0,0.0,0.0,0.0,0.0,23.6,53,0,125,ON,OFF,ON,0,34.2,30,0,13492,OFF,OFF,29.4,29.5,28.82,29.4,47.85,9.0,6.0,44.52,38.0,17.58,34,32,27.5,32,95,99,OFF,OFF,100,100,6.111,1.268,1,0,ON,ON,0.922,4.372,0,0,OFF,OFF,89671,4867,100,100,0,0.156,70,545,11.9,36,27.6,0.243,30.4,39,1.268,13.9,661,96,9.3,62.44213,378457,33,100,29.4,2,0,0.492,78,26.94,35.68,28.19,96,17.5,0.5642,9,44,0,31.4,0,0,0
2021-09-04,10:47:10,17.31,17.11,17.31,17.11,18.78,18.49,77,77,68,0,0,0,5.16,0.0,0.0,0.0,0.0,0.0,0.0,23.6,53,0,125,ON,OFF,ON,0,34.2,30,0,13492,OFF,OFF,29.4,29.5,28.82,29.4,47.85,9.0,6.0,44.52,38.0,17.58,34,32,27.5,32.5,95,99,OFF,OFF,100,100,6.111,1.268,1,0,ON,ON,0.922,4.372,0,0,OFF,OFF,89671,4867,100,100,0,0.156,70,545,11.9,36,27.6,0.243,30.4,39,1.268,13.9,661,96,9.3,62.44213,378457,33,100,29.4,2,0,0.492,78,26.94,35.68,28.19,96,17.5,0.5642,9,44,0,31.4,0,0,0
2021-09-04,10:47:41,17.31,17.11,17.31,17.11,18.78,18.49,77,77,68,0,0,0,5.16,0.0,0.0,0.0,0.0,0.0,0.0,23.6,53,0,125,ON,OFF,ON,0,34.2,30,0,13492,OFF,OFF,29.4,29.5,28.82,29.4,47.85,9.0,6.0,44.52,38.0,17.58,34,32,27.5,32.5,95,99,OFF,OFF,100,100,6.111,1.268,1,0,ON,ON,0.922,4.372,0,0,OFF,OFF,89671,4867,100,100,0,0.156,70,545,11.9,36,27.6,0.243,30.4,39,1.268,13.9,661,96,9.3,62.44213,378457,33,100,29.4,2,0,0.492,78,26.94,35.68,28.19,96,17.5,0.5642,9,44,0,31.4,0,0,0
2021-09-04,10:48:11,17.31,17.11,17.31,17.11,18.78,18.49,77,77,68,0,0,0,5.16,0.0,0.0,0.0,0.0,0.0,0.0,23.6,53,0,125,ON,OFF,ON,0,34.2,30,0,13492,OFF,OFF,29.4,29.5,28.82,29.4,47.85,9.0,6.0,44.52,38.0,17.58,34,32,27.5,32.5,95,99,OFF,OFF,100,100,6.111,1.268,1,0,ON,ON,0.922,4.372,0,0,OFF,OFF,89671,4867,100,100,0,0.156,70,545,11.9,36,27.6,0.243,30.4,39,1.268,13.9,661,96,9.3,62.44213,378457,33,100,29.4,2,0,0.492,78,26.94,35.68,28.19,96,17.5,0.5642,9,44,0,31.4,0,0,0
2021-09-04,10:48:41,17.31,17.11,17.31,17.11,18.78,18.49,77,77,68,0,0,0,5.16,0.0,0.0,0.0,0.0,0.0,0.0,23.6,53,0,125,ON,OFF,ON,0,34.2,30,0,13492,OFF,OFF,29.4,29.5,29.48,29.4,47.85,9.0,6.0,44.52,38.0,17.58,34,32,27.5,32.5,95,99,OFF,OFF,100,100,6.111,1.268,1,0,ON,ON,0.922,4.372,0,0,OFF,OFF,89671,4867,100,100,0,0.156,70,545,11.9,36,27.6,0.243,30.4,39,1.268,13.9,661,96,9.3,62.44213,378457,33,100,29.4,2,0,0.492,78,26.94,35.68,28.19,96,17.5,0.5642,9,44,0,31.4,0,0,0
2021-09-04,10:49:11,17.31,17.11,17.31,17.11,18.78,18.49,77,77,68,0,0,0,5.16,0.0,0.0,0.0,0.0,0.0,0.0,23.6,53,0,125,ON,OFF,ON,0,34.2,30,0,13492,OFF,OFF,29.4,29.5,29.48,29.4,47.85,9.0,6.0,44.52,38.0,17.58,34,32,27.5,32.5,95,99,OFF,OFF,100,100,6.111,1.268,1,0,ON,ON,0.922,4.372,0,0,OFF,OFF,89671,4867,100,100,0,0.156,70,545,11.9,36,27.6,0.243,30.4,39,1.268,13.9,661,96,9.3,62.44213,378457,33,100,29.4,2,0,0.492,78,26.94,35.68,28.19,96,17.5,0.5642,9,44,0,31.4,0,0,0
2021-09-04,10:49:41,17.31,17.11,17.31,17.11,18.78,18.49,77,77,68,0,0,0,5.16,0.0,0.0,0.0,0.0,0.0,0.0,23.6,53,0,125,ON,OFF,ON,0,34.2,30,0,13492,OFF,OFF,29.4,29.5,29.48,29.4,47.85,9.0,6.0,44.52,38.0,17.58,34,32,27.5,32.5,95,99,OFF,OFF,100,100,6.111,1.268,1,0,ON,ON,0.922,4.372,0,0,OFF,OFF,94795,4867,100,100,0,0.156,70,545,11.9,36,28.1,0.243,30.4,39,1.268,13.9,661,96,9.3,62.44213,378457,33,100,29.4,2,0,0.492,78,26.94,35.68,28.19,96,17.5,0.5642,9,44,0,31.4,0,0,0
2021-09-04,10:50:11,17.31,17.11,17.31,17.11,18.78,18.49,77,77,68,0,0,0,5.16,0.0,0.0,0.0,0.0,0.0,0.0,23.6,53,0,125,ON,OFF,ON,0,34.2,30,0,13492,OFF,OFF,29.4,29.5,29.48,29.4,47.85,9.0,6.0,44.52,38.0,17.58,34,32,27.5,32.5,95,99,OFF,OFF,100,100,6.111,1.268,1,0,ON,ON,0.922,4.372,0,0,OFF,OFF,94795,4867,100,100,0,0.156,70,545,11.9,36,28.1,0.243,30.4,39,1.268,13.9,661,96,9.3,62.44213,378457,33,100,29.4,2,0,0.492,78,26.94,35.68,28.19,96,17.5,0.5642,9,44,0,31.4,0,0,0
2021-09-04,10:50:41,17.31,17.11,17.31,17.11,18.78,18.49,77,77,68,0,0,0,5.16,0.0,0.0,0.0,0.0,0.0,0.0,23.6,53,0,125,ON,OFF,ON,0,34.2,30,0,13492,OFF,OFF,29.4,29.5,29.48,29.4,48.51,9.0,6.0,44.52,38.0,17.58,34,32,27.5,33.5,95,99,OFF,OFF,100,100,6.111,1.268,1,0,ON,ON,0.922,4.372,0,0,OFF,OFF,94795,4867,100,100,0,0.156,70,545,11.9,36,28.1,0.243,30.4,39,1.268,13.9,661,96,9.3,62.44213,378457,33,100,29.4,2,0,0.492,78,26.94,35.68,28.19,96,17.5,0.5642,9,44,0,31.4,0,0,0
2021-09-04,10:51:11,17.31,17.11,17.31,17.11,18.78,18.49,77,77,68,0,0,0,5.16,0.0,0.0,0.0,0.0,0.0,0.0,23.6,53,0,125,ON,OFF,ON,0,34.2,30,0,13492,OFF,OFF,29.4,29.5,29.48,29.4,48.51,9.0,6.0,44.52,38.0,17.58,34,32,27.5,33.5,95,99,OFF,OFF,100,100,6.111,1.268,1,0,ON,ON,0.922,4.372,0,0,OFF,OFF,94795,4867,100,100,0,0.156,70,545,11.9,36,28.1,0.243,30.4,39,1.268,13.9,661,96,9.3,62.44213,378457,33,100,29.4,2,0,0.492,78,26.94,35.68,28.19,96,17.5,0.5642,9,44,0,31.4,0,0,0
2021-09-04,10:51:41,17.31,17.11,17.31,17.11,18.78,18.49,77,77,68,0,0,0,5.16,0.0,0.0,0.0,0.0,0.0,0.0,23.6,53,0,125,ON,OFF,ON,0,34.2,30,0,13492,OFF,OFF,29.4,29.5,29.48,29.4,48.51,9.0,6.0,44.52,38.0,17.58,34,32,27.5,33.5,95,99,OFF,OFF,100,100,6.111,1.268,1,0,ON,ON,0.922,4.372,0,0,OFF,OFF,94795,4867,100,100,0,0.156,70,545,11.9,36,28.1,0.243,30.4,39,1.268,13.9,661,96,9.3,62.44213,378457,33,100,29.4,2,0,0.492,78,26.94,35.68,28.19,96,17.5,0.5642,9,44,0,31.4,0,0,0
2021-09-04,10:52:11,17.31,17.11,17.31,17.11,18.78,18.49,77,77,68,0,0,0,5.16,0.0,0.0,0.0,0.0,0.0,0.0,23.6,53,0,125,ON,OFF,ON,0,34.2,30,0,13492,OFF,OFF,29.4,29.5,29.48,29.4,48.51,9.0,6.0,44.52,38.0,17.58,35,31,27.5,33.5,95,99,OFF,OFF,100,100,6.111,1.268,1,0,ON,ON,0.922,4.372,0,0,OFF,OFF,94795,4867,100,100,0,0.156,70,545,11.9,36,28.1,0.243,30.4,39,1.268,13.9,661,96,9.3,62.44213,378457,33,100,29.4,2,0,0.492,78,27.46,35.68,28.19,96,17.5,0.5642,9,44,0,31.4,0,0,0
2021-09-04,10:52:41,17.31,17.11,17.31,17.11,18.78,18.49,77,77,68,0,0,0,5.16,0.0,0.0,0.0,0.0,0.0,0.0,23.6,53,0,125,ON,OFF,ON,0,34.2,30,0,13492,OFF,OFF,29.4,29.5,29.48,29.4,48.51,9.0,6.0,44.52,38.0,17.58,35,31,27.5,33.5,95,99,OFF,OFF,100,100,6.111,1.268,1,0,ON,ON,0.922,4.372,0,0,OFF,OFF,94795,4867,100,100,0,0.156,70,545,11.9,36,28.1,0.243,30.4,39,1.268,13.9,661,96,9.3,62.44213,378457,33,100,29.4,2,0,0.492,78,27.46,35.68,28.19,96,17.5,0.5642,9,44,0,31.4,0,0,0
2021-09-04,10:53:11,17.31,17.11,17.31,17.11,18.78,18.49,77,77,68,0,0,0,5.16,0.0,0.0,0.0,0.0,0.0,0.0,23.6,53,0,125,ON,OFF,ON,0,34.2,30,0,13492,OFF,OFF,29.4,29.5,29.48,29.4,48.51,9.0,6.0,44.52,38.0,17.58,35,31,28.5,33.5,95,99,OFF,OFF,100,100,6.111,1.268,1,0,ON,ON,0.922,4.372,0,0,OFF,OFF,94795,4867,100,100,0,0.156,70,545,11.9,36,28.1,0.243,30.4,39,1.268,13.9,661,96,9.3,62.44213,378457,33,100,29.4,2,0,0.492,78,27.46,35.68,28.19,96,17.5,0.5642,9,44,0,31.4,0,0,0
2021-09-04,10:53:41,17.31,17.11,17.31,17.11,18.78,18.49,77,77,68,0,0,0,5.16,0.0,0.0,0.0,0.0,0.0,0.0,23.6,53,0,125,ON,OFF,ON,0,34.2,30,0,13492,OFF,OFF,29.4,29.5,29.48,29.4,48.51,9.0,6.0,44.52,38.0,17.58,35,31,28.5,33.5,95,99,OFF,OFF,100,100,6.111,1.268,1,0,ON,ON,0.922,4.372,0,0,OFF,OFF,94795,4867,100,100,0,0.156,70,545,11.9,36,28.6,0.243,30.4,39,1.268,13.9,661,96,9.3,62.44213,378457,33,100,29.4,2,0,0.492,78,27.46,36.3,28.19,96,17.5,0.5642,9,44,0,31.4,0,0,0
2021-09-04,10:54:11,17.31,17.11,17.31,17.11,18.78,18.49,77,77,68,0,0,0,5.16,0.0,0.0,0.0,0.0,0.0,0.0,23.6,53,0,125,ON,OFF,ON,0,34.2,30,0,13492,OFF,OFF,29.4,29.5,29.48,29.4,48.51,9.0,6.0,44.52,38.0,17.58,35,31,28.5,33.5,95,99,OFF,OFF,100,100,6.111,1.268,1,0,ON,ON,0.922,4.372,0,0,OFF,OFF,94795,4867,100,100,0,0.156,70,545,11.9,36,28.6,0.243,30.4,39,1.268,13.9,661,96,9.3,62.44213,378457,33,100,29.4,2,0,0.492,78,27.46,36.3,28.19,96,17.5,0.5642,9,44,0,31.4,0,0,0
2021-09-04,10:54:41,17.31,17.11,17.31,17.11,18.78,18.49,77,77,68,0,0,0,5.16,0.0,0.0,0.0,0.0,0.0,0.0,23.6,53,0,125,ON,OFF,ON,0,34.2,30,0,13492,OFF,OFF,29.4,29.5,30.14,29.4,48.51,9.0,6.0,44.52,38.0,17.58,35,31,28.5,34,95,99,OFF,OFF,100,100,6.111,1.268,1,0,ON,ON,0.922,4.372,0,0,OFF,OFF,94795,4867,100,100,0,0.156,70,545,11.9,36,28.6,0.243,30.4,39,1.268,13.9,661,96,9.3,62.44213,378457,33,100,29.4,2,0,0.492,78,27.46,36.3,28.19,96,17.5,0.5642,9,44,0,31.4,0,0,0
2021-09-04,10:55:11,17.31,17.11,17.31,17.11,18.78,18.49,77,77,68,0,0,0,5.16,0.0,0.0,0.0,0.0,0.0,0.0,23.6,53,0,125,ON,OFF,ON,0,34.2,30,0,13492,OFF,OFF,29.4,29.5,30.14,29.4,48.51,9.0,6.0,44.52,38.0,17.58,35,31,28.5,34,95,99,OFF,OFF,100,100,6.111,1.268,1,0,ON,ON,0.922,4.372,0,0,OFF,OFF,94795,4867,100,100,0,0.156,70,545,11.9,36,28.6,0.243,30.4,39,1.268,13.9,661,96,9.3,62.44213,378457,33,100,29.4,2,0,0.492,78,27.46,36.3,28.84,96,17.5,0.5642,9,44,0,31.4,0,0,0
2021-09-04,10:55:41,17.31,17.11,17.31,17.11,18.78,18.49,77,77,68,0,0,0,5.16,0.0,0.0,0.0,0.0,0.0,0.0,23.6,53,0,125,ON,OFF,ON,0,34.2,30,0,13492,OFF,OFF,29.4,29.5,30.14,29.4,49.17,9.0,6.0,44.52,38.0,17.58,35,31,28.5,34,95,99,OFF,OFF,100,100,6.111,1.268,1,0,ON,ON,0.922,4.372,0,0,OFF,OFF,94795,4867,100,100,0,0.156,70,545,11.9,36,28.6,0.243,30.4,39,1.268,13.9,661,96,9.3,62.44213,378457,33,100,29.4,2,0,0.492,78,27.46,36.3,28.84,96,17.5,0.5642,9,44,0,31.4,0,0,0
2021-09-04,10:56:11,17.31,17.11,17.31,17.11,18.78,18.49,77,77,68,0,0,0,5.16,0.0,0.0,0.0,0.0,0.0,0.0,23.6,53,0,125,ON,OFF,ON,0,34.2,30,0,13492,OFF,OFF,29.4,29.5,30.14,29.4,49.17,9.0,6.0,44.52,38.0,17.58,35,31,28.5,34,95,99,OFF,OFF,100,100,6.111,1.268,1,0,ON,ON,0.922,4.372,0,0,OFF,OFF,94795,4867,100,100,0,0.156,70,545,11.9,36,28.6,0.243,30.4,39,1.268,13.9,661,96,9.3,62.44213,378457,33,100,29.4,2,0,0.492,78,27.46,36.3,28.84,96,17.5,0.5642,9,44,0,31.4,0,0,0
2021-09-04,10:56:41,17.31,17.11,17.31,17.11,18.78,18.49,77,77,68,0,0,0,5.16,0.0,0.0,0.0,0.0,0.0,0.0,23.6,53,0,125,ON,OFF,ON,0,34.2,30,0,13492,OFF,OFF,29.4,29.5,30.14,29.4,49.17,9.0,6.0,44.52,38.0,17.58,35,31,28.5,34,95,99,OFF,OFF,100,100,6.111,1.268,1,0,ON,ON,0.922,4.372,0,0,OFF,OFF,94795,4867,100,100,0,0.156,70,545,11.9,36,28.1,0.243,30.9,39,1.268,13.9,761,96,9.3,62.44213,378457,33,100,29.4,2,0,0.492,78,27.46,36.3,28.84,96,17.5,0.5642,9,44,0,31.4,0,0,0
2021-09-04,10:57:12,17.31,17.11,17.31,17.11,18.78,18.49,77,77,68,0,0,0,5.16,0.0,0.0,0.0,0.0,0.0,0.0,23.6,53,0,125,ON,OFF,ON,0,34.2,30,0,13492,OFF,OFF,29.4,29.5,30.14,29.4,49.17,9.0,6.0,44.52,38.0,17.58,35,31,28.5,34,95,99,OFF,OFF,100,100,6.111,1.268,1,0,ON,ON,0.922,4.372,0,0,OFF,OFF,94795,4867,100,100,0,0.156,70,545,11.9,36,28.1,0.243,30.9,39,1.268,13.9,761,96,9.3,62.44213,378457,33,100,29.4,2,0,0.492,78,27.46,36.3,28.84,96,17.5,0.5642,9,44,0,31.4,0,0,0
2021-09-04,10:57:42,17.31,17.11,17.31,17.11,18.78,18.49,77,77,68,0,0,0,5.16,0.0,0.0,0.0,0.0,0.0,0.0,23.6,53,0,125,ON,OFF,ON,0,34.2,30,0,13492,OFF,OFF,29.4,29.5,30.14,29.4,49.17,9.0,6.0,44.52,38.0,17.58,35,31,28.5,34,95,99,OFF,OFF,100,100,6.111,1.268,1,0,ON,ON,0.922,4.372,0,0,OFF,OFF,94795,4867,100,100,0,0.156,70,545,11.9,38,27.5,0.243,30.9,38,1.268,15,761,96,9.3,62.44213,378457,33,100,29.4,2,0,0.492,78,27.46,36.3,28.84,96,17.5,0.5642,9,44,0,31.4,0,0,0
2021-09-04,10:58:12,17.31,17.11,17.31,17.11,18.78,18.49,77,77,68,0,0,0,5.16,0.0,0.0,0.0,0.0,0.0,0.0,23.6,53,0,125,ON,OFF,ON,0,34.2,30,0,13492,OFF,OFF,29.4,29.5,30.14,29.4,49.17,9.0,6.0,44.52,38.0,17.58,35,31,28.5,34,95,99,OFF,OFF,100,100,6.111,1.268,1,0,ON,ON,0.922,4.372,0,0,OFF,OFF,94795,4867,100,100,0,0.156,70,545,11.9,38,27.5,0.243,30.9,38,1.268,15,761,96,9.3,62.44213,378457,33,100,29.4,2,0,0.492,78,27.46,36.3,28.84,96,17.5,0.5642,9,44,0,31.4,0,0,0
2021-09-04,10:58:42,17.31,17.11,17.31,17.11,18.78,18.49,77,77,68,0,0,0,5.16,0.0,0.0,0.0,0.0,0.0,0.0,23.6,53,0,125,ON,OFF,ON,0,34.2,30,0,13492,OFF,OFF,29.4,29.5,30.14,29.4,49.17,9.0,6.0,44.52,38.0,17.58,35,31,28.5,34,95,99,OFF,OFF,100,100,6.111,1.268,1,0,ON,ON,0.922,4.372,0,0,OFF,OFF,94795,4867,100,100,0,0.156,70,545,11.9,38,26.6,0.243,30.9,38,1.268,15,761,96,9.3,62.44213,378457,33,100,29.4,2,0,0.492,78,27.46,36.3,28.84,96,17.5,0.5642,9,44,0,31.4,0,0,0
2021-09-04,10:59:31,17.31,17.11,17.31,17.11,18.78,18.49,77,77,68,0,0,0,5.16,0.0,0.0,0.0,0.0,0.0,0.0,23.6,53,0,125,ON,OFF,ON,0,34.2,30,0,13492,OFF,OFF,29.4,29.5,30.14,29.4,49.17,9.0,6.0,44.52,38.0,17.58,35,31,28.5,34,95,99,OFF,OFF,100,100,6.111,1.268,1,0,ON,ON,0.922,4.372,0,0,OFF,OFF,94795,4867,100,100,0,0.156,70,545,11.9,38,25.9,0.243,30.9,38,1.268,15,761,96,9.3,62.44213,378457,33,100,29.4,2,0,0.492,78,27.46,36.3,28.84,96,17.5,0.5642,9,44,0,31.4,0,0,0
2021-09-04,11:00:01,17.31,17.11,17.31,17.11,18.78,18.49,77,77,68,0,0,0,5.16,0.0,0.0,0.0,0.0,0.0,0.0,23.6,53,0,125,ON,OFF,ON,0,34.2,30,0,13492,OFF,OFF,29.4,29.5,30.14,29.4,49.17,9.0,6.0,44.52,38.0,17.58,35,31,28.5,34,95,99,OFF,OFF,100,100,6.111,1.268,1,0,ON,ON,0.922,4.372,0,0,OFF,OFF,94795,4867,100,100,0,0.156,70,545,11.9,38,25.9,0.243,30.9,38,1.268,15,761,96,9.3,62.44213,378457,33,100,29.4,2,0,0.492,78,27.46,36.3,28.84,96,17.5,0.5642,9,44,0,31.4,0,0,0
2021-09-04,11:00:31,17.31,17.11,17.31,17.11,18.78,18.49,77,77,68,0,0,0,5.16,0.0,0.0,0.0,0.0,0.0,0.0,23.6,53,0,125,ON,OFF,ON,0,34.2,30,0,13492,OFF,OFF,29.4,29.5,30.14,29.4,49.17,9.0,6.0,44.52,38.0,17.58,35,31,28.5,34,95,99,OFF,OFF,100,100,6.111,1.268,1,0,ON,ON,0.922,4.372,0,0,OFF,OFF,94795,4867,100,100,0,0.156,70,545,11.9,42,25.9,0.243,30.9,38,1.268,15,761,96,9.3,62.44213,378457,33,100,29.4,2,0,0.492,78,27.46,36.3,28.84,96,17.5,0.5642,9,44,0,31.4,0,0,0
2021-09-04,11:01:01,17.31,17.11,17.31,17.11,18.78,18.49,77,77,68,0,0,0,5.16,0.0,0.0,0.0,0.0,0.0,0.0,23.6,53,0,125,ON,OFF,ON,0,34.2,30,0,13492,OFF,OFF,29.4,29.5,30.14,29.4,49.17,9.0,6.0,44.52,38.0,17.58,35,31,28.5,34,95,99,OFF,OFF,100,100,6.111,1.268,1,0,ON,ON,0.922,4.372,0,0,OFF,OFF,94795,4867,100,100,0,0.156,70,545,11.9,42,25.9,0.243,30.9,38,1.268,15,761,96,9.3,62.44213,378457,33,100,29.4,2,0,0.492,78,27.46,36.3,28.84,96,17.5,0.5642,9,44,0,31.4,0,0,0
2021-09-04,11:01:31,17.31,17.11,17.31,17.11,18.78,18.49,77,77,68,0,0,0,5.16,0.0,0.0,0.0,0.0,0.0,0.0,23.6,53,0,125,ON,OFF,ON,0,34.2,30,0,13492,OFF,OFF,29.4,29.5,30.14,29.4,49.17,9.0,6.0,44.52,38.0,17.58,35,31,28.5,34,95,99,OFF,OFF,100,100,6.111,1.268,1,0,ON,ON,0.922,4.372,0,0,OFF,OFF,94795,4867,100,100,0,0.156,70,545,11.9,42,25.9,0.243,30.9,38,1.268,15,761,96,9.3,62.44213,378457,33,100,29.4,2,0,0.492,78,27.46,36.3,28.84,96,17.5,0.5642,9,44,0,31.4,0,0,0
2021-09-04,11:02:01,17.31,17.11,17.31,17.11,18.78,18.49,77,77,68,0,0,0,5.16,0.0,0.0,0.0,0.0,0.0,0.0,23.6,53,0,125,ON,OFF,ON,0,34.2,30,0,13492,OFF,OFF,29.4,29.5,30.14,29.4,49.17,9.0,6.0,44.52,38.0,17.58,35,31,28.5,34,95,99,OFF,OFF,100,100,6.111,1.268,1,0,ON,ON,0.922,4.372,0,0,OFF,OFF,94795,4867,100,100,0,0.156,70,545,11.9,42,25.9,0.243,30.9,38,1.268,15,761,96,9.3,62.44213,378457,33,100,29.4,2,0,0.492,78,27.46,36.3,28.84,96,17.5,0.5642,9,44,0,31.4,0,0,0
2021-09-04,11:02:31,17.31,17.11,17.31,17.11,18.78,18.49,77,77,68,0,0,0,5.16,0.0,0.0,0.0,0.0,0.0,0.0,23.6,53,0,125,ON,OFF,ON,0,34.2,30,0,13492,OFF,OFF,29.4,29.5,30.14,29.4,49.17,9.0,6.0,44.52,38.0,17.58,35,31,28.5,34,95,99,OFF,OFF,100,100,6.111,1.268,1,0,ON,ON,0.922,4.372,0,0,OFF,OFF,94795,4867,100,100,0,0.156,70,545,11.9,42,26.5,0.243,30.9,38,1.268,15,761,96,9.3,62.44213,378457,33,100,29.4,2,0,0.492,78,27.46,36.3,28.84,96,17.5,0.5642,9,44,0,31.4,0,0,0
2021-09-04,11:03:01,17.31,17.11,17.31,17.11,18.78,18.49,77,77,68,0,0,0,5.16,0.0,0.0,0.0,0.0,0.0,0.0,23.6,53,0,125,ON,OFF,ON,0,34.2,30,0,13492,OFF,OFF,29.4,29.5,30.14,29.4,49.17,9.0,6.0,44.52,38.0,17.58,35,31,28.5,34,95,99,OFF,OFF,100,100,6.111,1.268,1,0,ON,ON,0.922,4.372,0,0,OFF,OFF,94795,4867,100,100,0,0.156,70,545,11.9,42,26.5,0.243,30.9,38,1.268,15,761,96,9.3,62.44213,378457,33,100,29.4,2,0,0.492,78,27.46,36.3,28.84,96,17.5,0.5642,9,44,0,31.4,0,0,0
2021-09-04,11:03:31,17.31,17.11,17.31,17.11,18.78,18.49,77,77,68,0,0,0,5.16,0.0,0.0,0.0,0.0,0.0,0.0,23.6,53,0,125,ON,OFF,ON,0,34.2,30,0,13492,OFF,OFF,29.4,29.5,30.14,29.4,49.17,9.0,6.0,44.52,38.0,17.58,35,31,29,34,95,99,OFF,OFF,100,100,6.111,1.268,1,0,ON,ON,0.922,4.372,0,0,OFF,OFF,94795,4867,100,100,0,0.156,70,545,11.9,42,26.5,0.243,30.9,38,1.268,15,761,96,9.3,62.44213,378457,33,100,29.4,2,0,0.492,78,27.46,36.3,28.84,96,17.5,0.5642,9,44,0,31.4,0,0,0
2021-09-04,11:04:01,17.31,17.11,17.31,17.11,18.78,18.49,77,77,68,0,0,0,5.16,0.0,0.0,0.0,0.0,0.0,0.0,23.6,53,0,125,ON,OFF,ON,0,34.2,30,0,13492,OFF,OFF,29.4,29.5,30.14,29.4,49.17,9.0,6.0,44.52,38.0,17.58,35,31,29,34,95,99,OFF,OFF,100,100,6.111,1.268,1,0,ON,ON,0.922,4.372,0,0,OFF,OFF,94795,4867,100,100,0,0.156,70,545,11.9,42,26.5,0.243,30.9,38,1.268,15,761,96,9.3,62.44213,378457,33,100,29.4,2,0,0.492,78,27.46,36.3,28.84,96,17.5,0.5642,9,44,0,31.4,0,0,0
2021-09-04,11:04:31,17.31,17.11,17.31,17.11,18.78,18.49,77,77,68,0,0,0,5.16,0.0,0.0,0.0,0.0,0.0,0.0,23.6,53,0,125,ON,OFF,ON,0,34.2,30,0,13492,OFF,OFF,29.4,29.5,30.14,29.4,49.17,9.0,6.0,44.52,38.0,17.58,35,30,29,34,95,99,OFF,OFF,100,100,6.111,1.268,1,0,ON,ON,0.922,4.372,0,0,OFF,OFF,94795,4867,100,100,0,0.156,70,545,11.9,42,26.5,0.243,31.4,38,1.268,15,761,96,9.3,62.44213,378457,33,100,29.4,2,0,0.492,78,27.46,36.3,28.84,96,17.5,0.5642,9,44,0,31.4,0,0,0
2021-09-04,11:05:03,17.31,17.11,17.31,17.11,18.78,18.49,77,77,68,0,0,0,5.16,0.0,0.0,0.0,0.0,0.0,0.0,23.6,53,0,125,ON,OFF,ON,0,34.2,30,0,13492,OFF,OFF,29.4,29.5,30.14,29.4,49.17,9.0,6.0,44.52,38.0,17.58,35,30,29,34,95,99,OFF,OFF,100,100,6.111,1.268,1,0,ON,ON,0.922,4.372,0,0,OFF,OFF,94795,4867,100,100,0,0.156,70,545,11.9,42,26.5,0.243,31.4,38,1.268,15,761,96,9.3,62.44213,378457,33,100,29.4,2,0,0.492,78,27.46,36.3,28.84,96,17.5,0.5642,9,44,0,31.4,0,0,0
2021-09-04,11:05:33,17.31,17.11,17.31,17.11,18.78,18.49,77,77,68,0,0,0,5.16,0.0,0.0,0.0,0.0,0.0,0.0,23.6,53,0,125,ON,OFF,ON,0,34.2,30,0,13492,OFF,OFF,29.4,29.5,30.14,29.4,49.17,9.0,6.0,44.52,38.0,17.58,35,30,29,34,95,99,OFF,OFF,100,100,6.111,1.268,1,0,ON,ON,0.922,4.372,0,0,OFF,OFF,94795,4867,100,100,0,0.156,70,545,11.9,42,27.2,0.243,31.4,38,1.268,15,761,96,9.3,62.44213,378457,33,100,29.4,2,0,0.492,78,27.46,36.3,28.84,96,17.5,0.5642,9,44,0,31.4,0,0,0
2021-09-04,11:06:03,17.31,17.11,17.31,17.11,18.78,18.49,77,77,68,0,0,0,5.16,0.0,0.0,0.0,0.0,0.0,0.0,23.6,53,0,125,ON,OFF,ON,0,34.2,30,0,13492,OFF,OFF,29.4,29.5,30.14,29.4,49.17,9.0,6.0,44.52,38.0,17.58,35,30,29,34,95,99,OFF,OFF,100,100,6.111,1.268,1,0,ON,ON,0.922,4.372,0,0,OFF,OFF,94795,4867,100,100,0,0.156,70,545,11.9,42,27.2,0.243,31.4,38,1.268,15,761,96,9.3,62.44213,378457,33,100,29.4,2,0,0.492,78,27.46,36.3,28.84,96,17.5,0.5642,9,44,0,31.4,0,0,0
2021-09-04,11:06:33,17.31,17.11,17.31,17.11,18.78,18.49,77,77,68,0,0,0,5.16,0.0,0.0,0.0,0.0,0.0,0.0,23.6,53,0,125,ON,OFF,ON,0,34.2,30,0,13492,OFF,OFF,29.4,29.5,30.8,29.4,49.17,9.0,6.0,44.52,38.0,17.58,35,30,29,34,95,99,OFF,OFF,100,100,6.111,1.268,1,0,ON,ON,0.922,4.372,0,0,OFF,OFF,94795,4867,100,100,0,0.156,70,545,11.9,42,27.2,0.243,31.4,38,1.268,15,761,96,9.3,62.44213,378457,33,100,29.4,2,0,0.492,78,27.46,36.3,28.84,96,17.5,0.5642,9,44,0,31.4,0,0,0
2021-09-04,11:07:03,17.31,17.11,17.31,17.11,18.78,18.49,77,77,68,0,0,0,5.16,0.0,0.0,0.0,0.0,0.0,0.0,23.6,53,0,125,ON,OFF,ON,0,34.2,30,0,13492,OFF,OFF,29.4,29.5,30.8,29.4,49.17,9.0,6.0,44.52,38.0,17.58,35,30,29,34,95,99,OFF,OFF,100,100,6.111,1.268,1,0,ON,ON,0.922,4.372,0,0,OFF,OFF,94795,4867,100,100,0,0.156,70,545,11.9,42,27.2,0.243,31.4,38,1.268,15,761,96,9.3,62.44213,378457,33,100,29.4,2,0,0.492,78,28.03,36.3,28.84,96,17.5,0.5642,9,44,0,31.4,0,0,0
2021-09-04,11:07:33,17.31,17.11,17.31,17.11,18.78,18.49,77,77,68,0,0,0,5.16,0.0,0.0,0.0,0.0,0.0,0.0,23.6,53,0,125,ON,OFF,ON,0,34.2,30,0,13492,OFF,OFF,29.4,29.5,30.8,29.4,49.17,9.0,6.0,44.52,38.0,17.58,35,30,29,34.5,95,99,OFF,OFF,100,100,6.111,1.268,1,0,ON,ON,0.922,4.372,0,0,OFF,OFF,94795,4867,100,100,0,0.156,70,545,11.9,42,27.2,0.243,31.4,38,1.268,15,761,96,9.3,62.44213,378457,33,100,29.4,2,0,0.492,78,28.03,36.3,28.84,96,17.5,0.5642,9,44,0,31.4,0,0,0
2021-09-04,11:08:03,17.31,17.11,17.31,17.11,18.78,18.49,77,77,68,0,0,0,5.16,0.0,0.0,0.0,0.0,0.0,0.0,23.6,53,0,125,ON,OFF,ON,0,34.2,30,0,13492,OFF,OFF,29.4,29.5,30.8,29.4,49.17,9.0,6.0,44.52,38.0,17.58,35,30,29,34.5,95,99,OFF,OFF,100,100,6.111,1.268,1,0,ON,ON,0.922,4.372,0,0,OFF,OFF,94795,4867,100,100,0,0.156,70,545,11.9,42,27.2,0.243,31.4,38,1.268,15,761,96,9.3,62.44213,378457,33,100,29.4,2,0,0.492,78,28.03,36.3,28.84,96,17.5,0.5642,9,44,0,31.4,0,0,0
2021-09-04,11:08:33,17.31,17.11,17.31,17.11,18.78,18.49,77,77,68,0,0,0,5.16,0.0,0.0,0.0,0.0,0.0,0.0,23.6,53,0,125,ON,OFF,ON,0,34.2,30,0,13492,OFF,OFF,29.4,29.5,30.8,29.4,49.17,9.0,6.0,44.52,38.0,17.58,35,30,29,34.5,95,99,OFF,OFF,100,100,6.111,1.268,1,0,ON,ON,0.922,4.372,0,0,OFF,OFF,94795,4867,100,100,0,0.156,70,545,11.9,42,28,0.243,31.4,38,1.268,15,761,96,9.3,62.44213,378457,33,100,29.4,2,0,0.492,78,28.03,36.98,28.84,96,17.5,0.5642,9,44,0,31.4,0,0,0
2021-09-04,11:09:03,17.31,17.11,17.31,17.11,18.78,18.49,77,77,68,0,0,0,5.16,0.0,0.0,0.0,0.0,0.0,0.0,23.6,53,0,125,ON,OFF,ON,0,34.2,30,0,13492,OFF,OFF,29.4,29.5,30.8,29.4,49.17,9.0,6.0,44.52,38.0,17.58,34,31,29,34.5,95,99,OFF,OFF,100,100,6.111,1.268,1,0,ON,ON,0.922,4.372,0,0,OFF,OFF,94795,4867,100,100,0,0.156,70,545,11.9,42,28,0.243,31.4,38,1.268,15,761,96,9.3,62.44213,378457,33,100,29.4,2,0,0.492,78,28.03,36.98,28.84,96,17.5,0.5642,9,44,0,31.4,0,0,0
2021-09-04,11:09:42,17.31,17.11,17.31,17.11,18.78,18.49,77,77,68,0,0,0,5.16,0.0,0.0,0.0,0.0,0.0,0.0,23.6,53,0,125,ON,OFF,ON,0,34.2,30,0,13492,OFF,OFF,29.4,29.5,30.8,29.4,49.17,9.0,6.0,44.52,38.0,17.58,34,31,29.5,35,95,99,OFF,OFF,100,100,6.111,1.268,1,0,ON,ON,0.922,4.372,0,0,OFF,OFF,94795,4867,100,100,0,0.156,70,545,11.9,42,28,0.243,31.4,38,6.278,15,761,96,9.3,62.44213,378457,33,100,29.4,2,0,0.492,78,28.03,36.98,28.84,96,17.5,0.5642,9,44,0,31.4,0,0,0
2021-09-04,11:10:12,17.31,17.11,17.31,17.11,18.78,18.49,77,77,68,0,0,0,5.16,0.0,0.0,0.0,0.0,0.0,0.0,23.6,53,0,125,ON,OFF,ON,0,34.2,30,0,13492,OFF,OFF,29.4,29.5,30.8,29.4,49.17,9.0,6.0,44.52,38.0,17.58,34,31,29.5,35,95,99,OFF,OFF,100,100,6.111,1.268,1,0,ON,ON,0.922,4.372,0,0,OFF,OFF,94795,4867,100,100,0,0.156,70,545,11.9,42,28,0,31.4,38,6.278,15,761,96,9.3,62.44213,378457,33,100,29.4,2,0,0.492,78,28.03,36.98,29.52,96,17.5,0.5642,9,44,0,31.4,0,0,0
2021-09-04,11:10:42,17.31,17.11,17.31,17.11,18.78,18.49,77,77,68,0,0,0,5.16,0.0,0.0,0.0,0.0,0.0,0.0,23.6,53,0,125,ON,OFF,ON,0,34.2,30,0,13492,OFF,OFF,29.4,29.5,30.8,29.4,49.17,9.0,6.0,44.52,38.0,17.58,34,31,29.5,35,95,99,OFF,OFF,100,100,6.111,1.268,1,0,ON,ON,0.922,4.372,0,0,OFF,OFF,94795,4867,100,100,0,0.156,70,545,11.9,37,28,0,31.4,38,6.278,15,761,96,9.3,62.44213,378457,33,100,29.4,2,0,0.492,78,28.03,36.98,29.52,96,17.5,0.5642,9,44,0,31.4,0,0,0
2021-09-04,11:11:12,17.31,17.11,17.31,17.11,18.78,18.49,77,77,68,0,0,0,5.16,0.0,0.0,0.0,0.0,0.0,0.0,23.6,53,0,125,ON,OFF,ON,0,34.2,30,0,13492,OFF,OFF,29.4,29.5,30.8,29.4,49.17,9.0,6.0,44.52,38.0,17.58,34,31,29.5,35,95,99,OFF,OFF,100,100,6.111,1.268,1,0,ON,ON,0.922,4.372,0,0,OFF,OFF,94795,4867,100,100,0,0.156,70,545,11.9,37,28,0,31.4,38,6.278,15,761,96,9.3,62.44213,378457,33,100,29.4,2,0,0.492,78,28.03,36.98,29.52,96,17.5,0.5642,9,44,0,31.4,0,0,0
2021-09-04,11:11:42,17.31,17.11,17.31,17.11,18.78,18.49,77,77,68,0,0,0,5.16,0.0,0.0,0.0,0.0,0.0,0.0,23.6,53,0,125,ON,OFF,ON,0,34.2,30,0,13492,OFF,OFF,29.4,29.5,30.8,29.4,49.17,9.0,6.0,44.52,38.0,17.58,34,31,29.5,35,95,99,OFF,OFF,100,100,6.111,1.268,1,0,ON,ON,0.922,4.372,0,0,OFF,OFF,94795,4867,100,100,0,0.156,70,545,11.9,37,28,0,31.4,38,6.278,15,761,96,9.3,62.44213,378457,33,100,29.4,2,0,0.492,78,28.03,36.98,29.52,96,17.5,0.5642,9,44,0,31.4,0,0,0
2021-09-04,11:12:12,17.31,17.11,17.31,17.11,18.78,18.49,77,77,68,0,0,0,5.16,0.0,0.0,0.0,0.0,0.0,0.0,23.6,53,0,125,ON,OFF,ON,0,34.2,30,0,13492,OFF,OFF,29.4,29.5,30.8,29.4,49.17,9.0,6.0,44.52,38.0,17.58,34,31,29.5,35,95,99,OFF,OFF,100,100,6.111,1.268,1,0,ON,ON,0.922,4.372,0,0,OFF,OFF,94795,4867,100,100,0,0.156,70,545,11.9,37,28,0,31.4,38,6.278,15,761,96,9.3,62.44213,378457,33,100,29.4,2,0,0.492,78,28.03,36.98,29.52,96,17.5,0.5642,9,44,0,31.4,0,0,0
2021-09-04,11:12:42,17.31,17.11,17.31,17.11,18.78,18.49,77,77,68,0,0,0,5.16,0.0,0.0,0.0,0.0,0.0,0.0,23.6,53,0,125,ON,OFF,ON,0,34.2,30,0,13492,OFF,OFF,29.4,29.5,30.8,29.4,49.17,9.0,6.0,44.52,38.0,17.58,34,31,29.5,35.5,95,99,OFF,OFF,100,100,6.111,1.268,1,0,ON,ON,0.922,4.372,0,0,OFF,OFF,94795,4867,100,100,0,0.156,70,545,11.9,37,28,0,31.4,38,6.278,15,761,96,9.3,62.44213,378457,33,100,29.4,2,0,0.492,78,28.03,36.98,29.52,96,17.5,0.5642,9,44,0,31.4,0,0,0
2021-09-04,11:13:12,17.31,17.11,17.31,17.11,18.78,18.49,77,77,68,0,0,0,5.16,0.0,0.0,0.0,0.0,0.0,0.0,23.6,53,0,125,ON,OFF,ON,0,34.2,30,0,13492,OFF,OFF,29.4,29.5,30.8,29.4,49.17,9.0,6.0,44.52,38.0,17.58,34,31,29.5,35.5,95,99,OFF,OFF,100,100,6.112,1.268,1,0,ON,ON,0.922,4.372,0,0,OFF,OFF,94795,4867,100,100,0,0.156,70,545,11.9,37,28,0,31.4,38,6.278,15,761,96,9.3,62.44213,378457,33,100,29.4,2,0,0.492,78,28.03,36.98,29.52,96,17.5,0.5642,9,44,0,31.4,0,0,0
2021-09-04,11:13:42,17.31,17.11,17.31,17.11,18.78,18.49,77,77,68,0,0,0,5.16,0.0,0.0,0.0,0.0,0.0,0.0,23.6,53,0,125,ON,OFF,ON,0,34.2,30,0,13492,OFF,OFF,29.4,29.5,30.8,29.4,49.17,9.0,6.0,44.52,38.0,17.58,34,31,29.5,35.5,95,99,OFF,OFF,100,100,6.112,1.268,1,0,ON,ON,0.922,4.372,0,0,OFF,OFF,94795,4867,100,100,0,0.156,70,545,11.9,37,27.1,0,31.9,38,6.278,15,761,96,9.3,62.44213,378457,33,100,29.4,2,0,0.492,78,28.03,36.98,29.52,96,17.5,0.5642,9,44,0,31.4,0,0,0
2021-09-04,11:14:12,17.31,17.11,17.31,17.11,18.78,18.49,77,77,68,0,0,0,5.16,0.0,0.0,0.0,0.0,0.0,0.0,23.6,53,0,125,ON,OFF,ON,0,34.2,30,0,13492,OFF,OFF,29.4,29.5,30.8,29.4,49.17,9.0,6.0,44.52,38.0,17.58,34,31,29.5,35.5,95,99,OFF,OFF,100,100,6.112,1.268,1,0,ON,ON,0.922,4.372,0,0,OFF,OFF,94795,4867,100,100,0,0.156,70,545,11.9,37,27.1,0,31.9,38,6.278,15,761,96,9.3,62.44213,378457,33,100,29.4,2,0,0.492,78,28.03,36.98,29.52,96,17.5,0.5642,9,44,0,31.4,0,0,0
2021-09-04,11:14:58,17.31,17.11,17.31,17.11,18.78,18.49,77,77,68,0,0,0,5.16,0.0,0.0,0.0,0.0,0.0,0.0,23.6,53,0,125,ON,OFF,ON,0,34.2,30,0,13492,OFF,OFF,29.4,29.5,30.8,29.4,49.17,9.0,6.0,44.52,38.0,17.58,34,31,29.5,35.5,95,99,OFF,OFF,100,100,6.112,1.268,1,0,ON,ON,0.922,4.372,0,0,OFF,OFF,94795,4867,100,100,0,0.156,70,545,11.9,37,27.1,0,31.9,38,6.278,15,761,96,9.3,62.44213,378457,33,100,29.4,2,0,0.492,78,28.03,36.98,29.52,96,17.5,0.5642,9,44,0,31.4,0,0,0
2021-09-04,11:15:28,17.31,17.11,17.31,17.11,18.78,18.49,77,77,68,0,0,0,5.16,0.0,0.0,0.0,0.0,0.0,0.0,23.6,53,0,125,ON,OFF,ON,0,34.2,30,0,13492,OFF,OFF,29.4,29.5,30.8,29.4,49.17,9.0,6.0,39.47,38.0,17.58,34,31,30,35.5,95,99,OFF,OFF,100,100,6.112,1.268,1,0,ON,ON,0.922,4.372,0,0,OFF,OFF,94795,4867,100,100,0,0.156,70,545,11.9,37,27.1,0,31.9,38,6.278,15,761,96,9.3,62.44213,378457,33,100,29.4,2,0,0.492,78,28.03,36.98,29.52,96,17.5,0.5642,9,44,0,31.4,0,0,0
2021-09-04,11:15:58,17.31,17.11,17.31,17.11,18.78,18.49,77,77,68,0,0,0,5.16,0.0,0.0,0.0,0.0,0.0,0.0,23.6,53,0,125,ON,OFF,ON,0,34.2,30,0,13492,OFF,OFF,29.4,29.5,30.8,29.4,49.17,9.0,6.0,39.47,38.0,17.58,34,31,30,35.5,95,99,OFF,OFF,100,100,6.112,1.268,1,0,ON,ON,0.922,4.372,0,0,OFF,OFF,94795,4867,100,100,0,0.156,70,545,11.9,37,27.1,0,31.9,38,6.278,15,761,96,9.3,62.44213,378457,33,100,29.4,2,0,0.492,78,28.03,36.98,29.52,96,17.5,0.5642,9,44,0,31.4,0,0,0
2021-09-04,11:16:28,17.31,17.11,17.31,17.11,18.78,18.49,77,77,68,0,0,0,5.16,0.0,0.0,0.0,0.0,0.0,0.0,23.6,53,0,125,ON,OFF,ON,0,34.2,30,0,13492,OFF,OFF,29.4,29.5,30.8,29.4,49.17,9.0,6.0,39.47,38.0,17.58,34,31,30,35.5,95,99,OFF,OFF,100,100,6.112,1.268,1,0,ON,ON,0.922,4.372,0,0,OFF,OFF,94795,4867,100,100,0,0.156,70,545,11.9,37,27.1,0,31.9,38,6.278,15,761,96,9.3,62.44213,378457,33,100,29.4,2,0,0.492,78,28.03,36.98,29.52,96,17.5,0.5642,9,44,0,31.4,0,0,0
2021-09-04,11:16:58,17.31,17.11,17.31,17.11,18.78,18.49,77,77,68,0,0,0,5.16,0.0,0.0,0.0,0.0,0.0,0.0,23.6,53,0,125,ON,OFF,ON,0,34.2,30,0,13492,OFF,OFF,29.4,29.5,31.46,29.4,49.17,9.0,6.0,39.47,38.0,17.58,34,31,30,35.5,95,99,OFF,OFF,100,100,6.112,1.268,1,0,ON,ON,0.922,4.372,0,0,OFF,OFF,94795,4867,100,100,0,0.156,70,545,11.9,37,27.1,0,31.9,38,6.278,15,761,96,9.3,62.44213,378457,33,100,29.4,2,0,0.492,78,28.03,36.98,29.52,96,17.5,0.5642,9,44,0,31.4,0,0,0
2021-09-04,11:17:28,17.31,17.11,17.31,17.11,18.78,18.49,77,77,68,0,0,0,5.16,0.0,0.0,0.0,0.0,0.0,0.0,23.6,53,0,125,ON,OFF,ON,0,34.2,30,0,13492,OFF,OFF,29.4,29.5,31.46,29.4,49.83,9.0,6.0,39.47,38.0,17.58,34,31,30,35.5,95,99,OFF,OFF,100,100,6.112,1.268,1,0,ON,ON,0.922,4.372,0,0,OFF,OFF,94795,4867,100,100,0,0.156,70,545,11.9,37,27.1,0,31.9,38,6.278,15,761,96,9.3,62.44213,378457,33,100,29.4,2,0,0.492,78,28.03,36.98,29.52,96,17.5,0.5642,9,44,0,31.4,0,0,0
2021-09-04,11:17:58,17.31,17.11,17.31,17.11,18.78,18.49,77,77,68,0,0,0,5.16,0.0,0.0,0.0,0.0,0.0,0.0,23.6,53,0,125,ON,OFF,ON,0,34.2,30,0,13492,OFF,OFF,29.4,29.5,31.46,29.4,49.83,9.0,6.0,39.47,38.0,17.58,34,31,30,35.5,95,99,OFF,OFF,100,100,6.112,1.268,1,0,ON,ON,0.922,4.372,0,0,OFF,OFF,99918,4867,100,100,0,0.156,70,545,11.9,37,27.1,0,31.9,38,6.278,15,761,96,9.3,62.44213,378457,33,100,29.4,2,0,0.492,78,28.03,36.98,29.52,96,17.5,0.5642,9,44,0,31.4,0,0,0
2021-09-04,11:18:28,17.31,17.11,17.31,17.11,18.78,18.49,77,77,68,0,0,0,5.16,0.0,0.0,0.0,0.0,0.0,0.0,23.6,53,0,125,ON,OFF,ON,0,34.2,30,0,13492,OFF,OFF,29.4,29.5,31.46,29.4,49.83,9.0,6.0,39.47,38.0,17.58,34,31,30,35.5,95,99,OFF,OFF,100,100,6.112,1.268,1,0,ON,ON,0.922,4.372,0,0,OFF,OFF,99918,4867,100,100,0,0.156,70,545,11.9,37,27.1,0,31.9,38,6.278,15,761,96,9.3,62.44213,378457,33,100,29.4,2,0,0.492,78,28.03,36.98,29.52,96,17.5,0.5642,9,44,0,31.4,0,0,0
2021-09-04,11:18:58,17.31,17.11,17.31,17.11,18.78,18.49,77,77,68,0,0,0,5.16,0.0,0.0,0.0,0.0,0.0,0.0,23.6,53,0,125,ON,OFF,ON,0,34.2,30,0,13492,OFF,OFF,29.4,29.5,31.46,29.4,49.83,9.0,6.0,39.47,38.0,17.58,34,31,30,35.5,95,99,OFF,OFF,100,100,6.112,1.268,1,0,ON,ON,0.922,4.372,0,0,OFF,OFF,99918,4867,100,100,0,0.156,70,545,11.9,37,27.1,0,31.9,38,6.278,15,761,96,9.3,62.44213,378457,33,100,29.4,2,0,0.492,78,28.03,36.98,29.52,96,17.5,0.5642,9,44,0,31.4,0,0,0
2021-09-04,11:19:28,17.31,17.11,17.31,17.11,18.78,18.49,77,77,68,0,0,0,5.16,0.0,0.0,0.0,0.0,0.0,0.0,23.6,53,0,125,ON,OFF,ON,0,34.2,30,0,13492,OFF,OFF,29.4,29.5,31.46,29.4,49.83,9.0,6.0,39.47,38.0,17.58,34,31,30,35.5,95,99,OFF,OFF,100,100,6.112,1.268,1,0,ON,ON,0.922,4.372,0,0,OFF,OFF,99918,4867,100,100,0,0.156,70,545,11.9,37,27.1,0,31.9,38,6.278,15,761,96,9.3,62.44213,378457,33,100,29.4,2,0,0.492,78,28.03,36.98,29.52,96,17.5,0.5642,9,44,0,31.4,0,0,0
2021-09-04,11:19:58,17.31,17.11,17.31,17.11,18.78,18.49,77,77,68,0,0,0,5.16,0.0,0.0,0.0,0.0,0.0,0.0,23.6,53,0,125,ON,OFF,ON,0,34.2,30,0,13492,OFF,OFF,29.4,29.5,31.46,29.4,49.83,9.0,6.0,39.47,38.0,17.58,34,31,30,35.5,95,99,OFF,OFF,100,100,6.112,1.268,1,0,ON,ON,0.922,4.372,0,0,OFF,OFF,99918,4867,100,100,0,0.156,70,545,11.9,37,27.1,0,31.9,38,6.278,15,761,96,9.3,62.44213,378457,33,100,29.4,2,0,0.492,78,28.03,36.98,29.52,96,17.5,0.5642,9,44,0,31.4,0,0,0
2021-09-04,11:20:28,17.31,17.11,17.31,17.11,18.78,18.49,77,77,68,0,0,0,5.16,0.0,0.0,0.0,0.0,0.0,0.0,23.6,53,0,125,ON,OFF,ON,0,34.2,30,0,13492,OFF,OFF,29.4,29.5,31.46,29.4,49.83,9.0,6.0,39.47,38.0,17.58,34,31,30,35.5,95,99,OFF,OFF,100,100,6.112,1.268,1,0,ON,ON,0.922,4.372,0,0,OFF,OFF,99918,4867,100,100,0,0.156,70,545,11.9,37,27.1,0,31.9,38,6.278,15,761,96,9.3,62.44213,378457,33,100,29.4,2,0,0.492,78,28.03,36.98,29.52,96,17.5,0.5642,9,44,0,31.4,0,0,0
2021-09-04,11:20:58,17.31,17.11,17.31,17.11,18.78,18.49,77,77,68,0,0,0,5.16,0.0,0.0,0.0,0.0,0.0,0.0,23.6,53,0,125,ON,OFF,ON,0,34.2,30,0,13492,OFF,OFF,29.4,29.5,31.46,29.4,49.83,9.0,6.0,39.47,38.0,17.58,34,31,30,35.5,95,99,OFF,OFF,100,100,6.112,1.268,1,0,ON,ON,0.922,4.372,0,0,OFF,OFF,99918,4867,100,100,0,0.156,70,545,11.9,37,27.1,0,31.9,38,6.278,15,761,96,9.3,62.44213,378457,33,100,29.4,2,0,0.492,78,28.03,36.98,29.52,96,17.5,0.5642,9,44,0,31.4,0,0,0
2021-09-04,11:21:28,17.31,17.11,17.31,17.11,18.78,18.49,77,77,68,0,0,0,5.16,0.0,0.0,0.0,0.0,0.0,0.0,23.6,53,0,125,ON,OFF,ON,0,34.2,30,0,13492,OFF,OFF,29.4,29.5,31.46,29.4,49.83,9.0,6.0,39.47,38.0,17.58,34,31,30,35.5,95,99,OFF,OFF,100,100,6.112,1.268,1,0,ON,ON,0.922,4.372,0,0,OFF,OFF,99918,4867,100,100,0,0.156,70,545,11.9,37,27.1,0,31.9,38,6.278,15,761,96,9.3,62.44213,378457,33,100,29.4,2,0,0.492,78,28.03,36.98,29.52,96,17.5,0.5642,9,44,0,31.4,0,0,0
2021-09-04,11:21:58,17.31,17.11,17.31,17.11,18.78,18.49,77,77,68,0,0,0,5.16,0.0,0.0,0.0,0.0,0.0,0.0,23.6,53,0,125,ON,OFF,ON,0,34.2,30,0,13492,OFF,OFF,29.4,29.5,31.46,29.4,49.83,9.0,6.0,39.47,38.0,17.58,34,31,30,35.5,95,99,OFF,OFF,100,100,6.112,1.268,1,0,ON,ON,0.922,4.372,0,0,OFF,OFF,99918,4867,100,100,0,0.156,70,545,11.9,37,27.1,0,31.9,38,6.278,15,761,96,9.3,62.44213,378457,33,100,29.4,2,0,0.492,78,28.03,36.98,29.52,96,17.5,0.5642,9,44,0,31.4,0,0,0
2021-09-04,11:22:28,17.31,17.11,17.31,17.11,18.78,18.49,77,77,68,0,0,0,5.16,0.0,0.0,0.0,0.0,0.0,0.0,23.6,53,0,125,ON,OFF,ON,0,34.2,30,0,13492,OFF,OFF,29.4,29.5,31.46,29.4,49.83,9.0,6.0,39.47,38.0,17.58,34,31,30,35.5,95,99,OFF,OFF,100,100,6.112,1.268,1,0,ON,ON,0.922,4.372,0,0,OFF,OFF,99918,4867,100,100,0,0.156,70,545,11.9,37,27.1,0,31.9,38,6.278,15,761,96,9.3,62.44213,378457,33,100,29.4,2,0,0.492,78,28.6,36.98,29.52,96,17.5,0.5642,9,44,0,31.4,0,0,0
2021-09-04,11:22:58,17.31,17.11,17.31,17.11,18.78,18.49,77,77,68,0,0,0,5.16,0.0,0.0,0.0,0.0,0.0,0.0,23.6,53,0,125,ON,OFF,ON,0,34.2,30,0,13492,OFF,OFF,29.4,29.5,31.46,29.4,49.83,9.0,6.0,39.47,38.0,17.58,34,31,30,35.5,95,99,OFF,OFF,100,100,6.112,1.268,1,0,ON,ON,0.922,4.372,0,0,OFF,OFF,99918,4867,100,100,0,0.156,70,545,11.9,37,27.1,0,32.4,38,6.278,15,761,96,9.3,62.44213,378457,33,100,29.4,2,0,0.492,78,28.6,36.98,29.52,96,17.5,0.5642,9,44,0,31.4,0,0,0
2021-09-04,11:23:28,17.31,17.11,17.31,17.11,18.78,18.49,77,77,68,0,0,0,5.16,0.0,0.0,0.0,0.0,0.0,0.0,23.6,53,0,125,ON,OFF,ON,0,34.2,30,0,13492,OFF,OFF,29.4,29.5,31.46,29.4,49.83,9.0,6.0,39.47,38.0,17.58,34,30,30,35.5,95,99,OFF,OFF,100,100,6.112,1.268,1,0,ON,ON,0.922,4.372,0,0,OFF,OFF,99918,4867,100,100,0,0.156,70,545,11.9,37,28,0,32.4,38,6.278,15,761,96,9.3,62.44213,378457,33,100,29.4,2,0,0.492,78,28.6,37.66,29.52,96,17.5,0.5642,9,44,0,31.4,0,0,0
2021-09-04,11:23:58,17.31,17.11,17.31,17.11,18.78,18.49,77,77,68,0,0,0,5.16,0.0,0.0,0.0,0.0,0.0,0.0,23.6,53,0,125,ON,OFF,ON,0,34.2,30,0,13492,OFF,OFF,29.4,29.5,31.46,29.4,49.83,9.0,6.0,39.47,38.0,17.58,34,30,30,35.5,95,99,OFF,OFF,100,100,6.112,1.268,1,0,ON,ON,0.922,4.372,0,0,OFF,OFF,99918,4867,100,100,0,0.156,70,545,11.9,37,28,0,32.4,38,6.278,15,761,96,9.3,62.44213,378457,33,100,29.4,2,0,0.492,78,28.6,37.66,29.52,96,17.5,0.5642,9,44,0,31.4,0,0,0
2021-09-04,11:24:40,17.31,17.11,17.31,17.11,18.78,18.49,77,77,68,0,0,0,5.16,0.0,0.0,0.0,0.0,0.0,0.0,23.6,53,0,125,ON,OFF,ON,0,34.2,30,0,13492,OFF,OFF,29.4,29.5,31.46,29.4,49.83,9.0,6.0,39.47,38.0,17.58,34,30,30,35.5,95,99,OFF,OFF,100,100,6.112,1.268,1,0,ON,ON,0.922,4.372,0,0,OFF,OFF,99918,4867,100,100,0,0.156,70,545,11.9,37,28,0,32.4,38,6.278,15,761,96,9.3,62.44213,378457,33,100,29.4,2,0,0.492,78,28.6,37.66,29.52,96,17.5,0.5642,9,44,0,31.4,0,0,0
2021-09-04,11:25:10,17.31,17.11,17.31,17.11,18.78,18.49,77,77,68,0,0,0,5.16,0.0,0.0,0.0,0.0,0.0,0.0,23.6,53,0,125,ON,OFF,ON,0,34.2,30,0,13492,OFF,OFF,29.4,29.5,31.46,29.4,49.83,9.0,6.0,39.47,38.0,17.58,34,30,30,35.5,95,99,OFF,OFF,100,100,6.112,1.268,1,0,ON,ON,0.922,4.372,0,0,OFF,OFF,99918,4867,100,100,0,0.156,70,545,11.9,37,28,0,32.4,38,6.278,15,761,96,9.3,62.44213,378457,33,100,29.4,2,0,0.492,78,28.6,37.66,30.19,96,17.5,0.5642,9,44,0,31.4,0,0,0
2021-09-04,11:25:40,17.31,17.11,17.31,17.11,18.78,18.49,77,77,68,0,0,0,5.16,0.0,0.0,0.0,0.0,0.0,0.0,23.6,53,0,125,ON,OFF,ON,0,34.2,30,0,13492,OFF,OFF,29.4,29.5,31.46,29.4,49.83,9.0,6.0,39.47,38.0,17.58,34,30,30,35.5,95,99,OFF,OFF,100,100,6.112,1.268,1,0,ON,ON,0.922,4.372,0,0,OFF,OFF,99918,4867,100,100,0,0.156,70,545,11.9,37,28,0,32.4,38,6.278,15,761,96,9.3,62.44213,378457,33,100,29.4,2,0,0.492,78,28.6,37.66,30.19,96,17.5,0.5642,9,44,0,31.4,0,0,0
2021-09-04,11:26:10,17.31,17.11,17.31,17.11,18.78,18.49,77,77,68,0,0,0,5.16,0.0,0.0,0.0,0.0,0.0,0.0,23.6,53,0,125,ON,OFF,ON,0,34.2,30,0,13492,OFF,OFF,29.4,29.5,31.46,29.4,49.83,9.0,6.0,39.47,38.0,17.58,34,30,30.5,35.5,95,99,OFF,OFF,100,100,6.112,1.268,1,0,ON,ON,0.922,4.372,0,0,OFF,OFF,99918,4867,100,100,0,0.156,70,545,11.9,37,28,0,32.4,38,6.278,15,761,96,9.3,62.44213,378457,33,100,29.4,2,0,0.492,78,28.6,37.66,30.19,96,17.5,0.5642,9,44,0,31.4,0,0,0
2021-09-04,11:26:40,17.31,17.11,17.31,17.11,18.78,18.49,77,77,68,0,0,0,5.16,0.0,0.0,0.0,0.0,0.0,0.0,23.6,53,0,125,ON,OFF,ON,0,34.2,30,0,13492,OFF,OFF,29.4,29.5,31.46,29.4,49.83,9.0,6.0,39.47,38.0,17.58,34,30,30.5,35.5,95,99,OFF,OFF,100,100,6.112,1.268,1,0,ON,ON,0.922,4.372,0,0,OFF,OFF,99918,4867,100,100,0,0.156,70,545,11.9,37,28.8,0,32.4,38,6.278,15,761,96,9.3,62.44213,378457,33,100,29.4,2,0,0.492,78,28.6,37.66,30.19,96,17.5,0.5642,9,44,0,31.4,0,0,0
2021-09-04,11:27:10,17.31,17.11,17.31,17.11,18.78,18.49,77,77,68,0,0,0,5.16,0.0,0.0,0.0,0.0,0.0,0.0,23.6,53,0,125,ON,OFF,ON,0,34.2,30,0,13492,OFF,OFF,29.4,29.5,31.46,29.4,49.83,9.0,6.0,39.47,38.0,17.58,34,30,30.5,35.5,95,99,OFF,OFF,100,100,6.112,1.268,1,0,ON,ON,0.922,4.372,0,0,OFF,OFF,99918,4867,100,100,0,0.156,70,545,11.9,37,28.8,0,32.4,38,6.278,15,761,96,9.3,62.44213,378457,33,100,29.4,2,0,0.492,78,28.6,37.66,30.19,96,17.5,0.5642,9,44,0,31.4,0,0,0
2021-09-04,11:27:40,17.31,17.11,17.31,17.11,18.78,18.49,77,77,68,0,0,0,5.16,0.0,0.0,0.0,0.0,0.0,0.0,23.6,53,0,125,ON,OFF,ON,0,34.2,30,0,13492,OFF,OFF,29.4,29.5,31.46,29.4,49.17,9.0,6.0,39.47,38.0,17.58,34,30,30.5,35.5,95,99,OFF,OFF,100,100,6.112,1.268,1,0,ON,ON,0.922,4.372,0,0,OFF,OFF,99918,4867,100,100,0,0.156,70,545,12.1,35,29,0,32.7,37,6.313,16.3,806,96,9.3,62.44213,378457,33,100,29.4,2,0,0.492,78,28.6,37.66,30.19,96,17.5,0.5642,9,44,0,31.4,0,0,0
2021-09-04,11:28:10,17.31,17.11,17.31,17.11,18.78,18.49,77,77,68,0,0,0,5.16,0.0,0.0,0.0,0.0,0.0,0.0,23.6,53,0,125,ON,OFF,ON,0,34.2,30,0,13492,OFF,OFF,29.4,29.5,32.12,29.4,49.17,9.0,6.0,39.47,38.0,17.58,34,30,30.5,35.5,95,99,OFF,OFF,100,100,6.112,1.268,1,0,ON,ON,0.922,4.372,0,0,OFF,OFF,99918,4867,100,100,0,0.156,70,545,12.1,35,29,0,32.7,37,6.313,16.3,806,96,9.3,62.44213,378457,33,100,29.4,2,0,0.492,78,28.6,37.66,30.19,96,17.5,0.5642,9,44,0,31.4,0,0,0
2021-09-04,11:28:40,17.31,17.11,17.31,17.11,18.78,18.49,77,77,68,0,0,0,5.16,0.0,0.0,0.0,0.0,0.0,0.0,23.6,53,0,125,ON,OFF,ON,0,34.2,30,0,13492,OFF,OFF,29.4,29.5,32.12,29.4,49.17,9.0,6.0,39.47,38.0,17.58,34,30,30.5,35.5,95,99,OFF,OFF,100,100,6.112,1.268,1,0,ON,ON,0.922,4.372,0,0,OFF,OFF,99918,4867,100,100,0,0.156,70,545,12.1,35,29,0,32.7,37,6.313,16.3,806,96,9.3,62.44213,378457,33,100,29.4,2,0,0.492,78,28.6,37.66,30.19,96,17.5,0.5642,9,44,0,31.4,0,0,0
2021-09-04,11:29:10,17.31,17.11,17.31,17.11,18.78,18.49,77,77,68,0,0,0,5.16,0.0,0.0,0.0,0.0,0.0,0.0,23.6,53,0,125,ON,OFF,ON,0,34.2,30,0,13492,OFF,OFF,29.4,29.5,32.12,29.4,49.17,9.0,6.0,39.47,38.0,17.58,34,30,30.5,35.5,95,99,OFF,OFF,100,100,6.112,1.268,1,0,ON,ON,0.922,4.372,0,0,OFF,OFF,99918,4867,100,100,0,0.156,70,545,12.1,35,29,0,32.7,37,6.313,16.3,806,96,9.3,62.44213,378457,33,100,29.4,2,0,0.492,78,28.6,37.66,30.19,96,17.5,0.5642,9,44,0,31.4,0,0,0
2021-09-04,11:29:40,17.31,17.11,17.31,17.11,18.78,18.49,77,77,68,0,0,0,5.16,0.0,0.0,0.0,0.0,0.0,0.0,23.6,53,0,125,ON,OFF,ON,0,34.2,30,0,13492,OFF,OFF,29.4,29.5,32.12,29.4,49.17,9.0,6.0,39.47,38.0,17.58,34,30,30.5,36,95,99,OFF,OFF,100,100,6.112,1.268,1,0,ON,ON,0.922,4.372,0,0,OFF,OFF,99918,4867,100,100,0,0.156,70,545,12.1,35,29,0,32.7,37,6.313,16.3,806,96,9.3,62.44213,378457,33,100,29.4,2,0,0.492,78,28.6,37.66,30.19,96,17.5,0.5642,9,44,0,31.4,0,0,0
2021-09-04,11:30:29,19.58,19.34,20.29,19.97,20.65,20.29,67,61,58,20,13,9,5.16,0.0,0.0,0.0,0.0,0.0,0.0,23.6,53,0,125,ON,OFF,ON,0,34.2,30,0,13492,OFF,OFF,29.4,29.5,32.12,29.4,49.17,9.0,6.0,39.47,38.0,17.58,34,30,30.5,36,95,99,OFF,OFF,100,100,6.112,1.268,1,0,ON,ON,0.922,4.372,0,0,OFF,OFF,99918,4867,100,100,0,0.156,70,545,12.1,35,29,0,32.7,37,6.313,16.3,806,96,9.3,62.44213,378457,33,100,29.4,2,0,0.492,78,28.6,37.66,30.19,96,17.5,0.5642,9,44,0,31.4,0,0,0
2021-09-04,11:30:59,19.58,19.34,20.29,19.97,20.65,20.29,67,61,58,20,13,9,5.16,0.0,0.0,0.0,0.0,0.0,0.0,23.6,53,0,125,ON,OFF,ON,0,34.2,30,0,13492,OFF,OFF,29.4,29.5,32.12,29.4,49.17,9.0,6.0,39.47,38.0,17.58,34,30,30.5,36,95,99,OFF,OFF,100,100,6.112,1.268,1,0,ON,ON,0.922,4.372,0,0,OFF,OFF,99918,4867,100,100,0,0.156,70,545,12.1,35,29,0,32.9,37,6.313,16.3,806,96,9.3,62.44213,378457,33,100,29.4,2,0,0.492,78,28.6,37.66,30.19,96,17.5,0.5642,9,44,0,31.4,0,0,0
2021-09-04,11:31:29,19.58,19.34,20.29,19.97,20.65,20.29,67,61,58,20,13,9,5.16,0.0,0.0,0.0,0.0,0.0,0.0,23.6,53,0,125,ON,OFF,ON,0,34.2,30,0,13492,OFF,OFF,29.4,29.5,32.12,29.4,49.17,9.0,6.0,39.47,38.0,17.58,34,29,30.5,36,95,99,OFF,OFF,100,100,6.112,1.268,1,0,ON,ON,0.922,4.372,0,0,OFF,OFF,99918,4867,100,100,0,0.156,70,545,12.1,35,28.3,0,32.9,37,6.313,16.3,806,96,9.3,62.44213,378457,33,100,29.4,2,0,0.492,78,28.6,37.66,30.19,96,17.5,0.5642,9,44,0,31.4,0,0,0
2021-09-04,11:31:59,19.58,19.34,20.29,19.97,20.65,20.29,67,61,58,20,13,9,5.16,0.0,0.0,0.0,0.0,0.0,0.0,23.6,53,0,125,ON,OFF,ON,0,34.2,30,0,13492,OFF,OFF,29.4,29.5,32.12,29.4,49.17,9.0,6.0,39.47,38.0,17.58,34,29,30.5,36,95,99,OFF,OFF,100,100,6.112,1.268,1,0,ON,ON,0.922,4.372,0,0,OFF,OFF,99918,4867,100,100,0,0.156,70,545,12.1,35,28.3,0,32.9,37,6.313,16.3,806,96,9.3,62.44213,378457,33,100,29.4,2,0,0.492,78,28.6,37.66,30.19,96,17.5,0.5642,9,44,0,31.4,0,0,0
2021-09-04,11:32:29,19.58,19.34,20.29,19.97,20.65,20.29,67,61,58,20,13,9,5.16,0.0,0.0,0.0,0.0,0.0,0.0,23.6,53,0,125,ON,OFF,ON,0,34.2,30,0,13492,OFF,OFF,29.4,29.5,32.12,29.4,49.17,9.0,6.0,39.47,38.0,17.58,34,29,30.5,36,95,99,OFF,OFF,100,100,6.112,1.268,1,0,ON,ON,0.922,4.372,0,0,OFF,OFF,99918,4867,100,100,0,0.156,70,545,12.1,35,28.3,0,32.9,37,6.313,16.3,806,96,9.3,62.44213,378457,33,100,29.4,2,0,0.492,78,28.6,37.66,30.19,96,17.5,0.5642,9,44,0,31.4,0,0,0
2021-09-04,11:32:59,19.58,19.34,20.29,19.97,20.65,20.29,67,61,58,20,13,9,5.16,0.0,0.0,0.0,0.0,0.0,0.0,23.6,53,0,125,ON,OFF,ON,0,34.2,30,0,13492,OFF,OFF,29.4,29.5,32.12,29.4,49.17,9.0,6.0,39.47,38.0,17.58,34,29,30.5,36,95,99,OFF,OFF,100,100,6.112,1.268,1,0,ON,ON,0.922,4.372,0,0,OFF,OFF,99918,4867,100,100,0,0.156,70,545,12.1,35,28.3,0,32.9,37,6.313,16.3,806,96,9.3,62.44213,378457,33,100,29.4,2,0,0.492,78,28.6,37.66,30.19,96,17.5,0.5642,9,44,0,31.4,0,0,0
2021-09-04,11:33:29,19.58,19.34,20.29,19.97,20.65,20.29,67,61,58,20,13,9,5.16,0.0,0.0,0.0,0.0,0.0,0.0,23.6,53,0,125,ON,OFF,ON,0,34.2,30,0,13492,OFF,OFF,29.4,29.5,32.12,29.4,49.17,9.0,6.0,39.47,38.0,17.58,33,30,30.5,35.5,95,99,OFF,OFF,100,100,6.112,1.268,1,0,ON,ON,0.922,4.372,0,0,OFF,OFF,99918,4867,100,100,0,0.156,70,545,12.1,35,29.2,0,32.9,37,6.313,16.3,806,96,9.3,62.44213,378457,33,100,29.4,2,0,0.492,78,28.6,37.66,30.19,96,17.5,0.5642,9,44,0,31.4,0,0,0
2021-09-04,11:33:59,19.58,19.34,20.29,19.97,20.65,20.29,67,61,58,20,13,9,5.16,0.0,0.0,0.0,0.0,0.0,0.0,23.6,53,0,125,ON,OFF,ON,0,34.2,30,0,13492,OFF,OFF,29.4,29.5,32.12,29.4,49.17,9.0,6.0,39.47,38.0,17.58,33,30,30.5,35.5,95,99,OFF,OFF,100,100,6.112,1.268,1,0,ON,ON,0.922,4.372,0,0,OFF,OFF,99918,4867,100,100,0,0.156,70,545,12.1,35,29.2,0,32.9,37,6.313,16.3,806,96,9.3,62.44213,378457,33,100,29.4,2,0,0.492,78,28.6,37.66,30.19,96,17.5,0.5642,9,44,0,31.4,0,0,0
2021-09-04,11:34:29,19.58,19.34,20.29,19.97,20.65,20.29,67,61,58,20,13,9,5.16,0.0,0.0,0.0,0.0,0.0,0.0,23.6,53,0,125,ON,OFF,ON,0,34.2,30,0,13492,OFF,OFF,29.4,29.5,32.12,29.4,49.17,9.0,6.0,39.47,38.0,17.58,33,30,30.5,35.5,95,99,OFF,OFF,100,100,6.112,1.268,1,0,ON,ON,0.922,4.372,0,0,OFF,OFF,99918,4867,100,100,0,0.156,70,545,12.1,35,29.2,0,32.9,37,6.313,16.3,806,96,9.3,62.44213,378457,33,100,29.4,2,0,0.492,78,28.6,37.66,30.19,96,17.5,0.5642,9,44,0,31.4,0,0,0
2021-09-04,11:34:59,19.58,19.34,20.29,19.97,20.65,20.29,67,61,58,20,13,9,5.16,0.0,0.0,0.0,0.0,0.0,0.0,23.6,53,0,125,ON,OFF,ON,0,34.2,30,0,13492,OFF,OFF,29.4,29.5,32.12,29.4,49.17,9.0,6.0,39.47,38.0,17.58,33,30,30.5,35.5,95,99,OFF,OFF,100,100,6.112,1.268,1,0,ON,ON,0.922,4.372,0,0,OFF,OFF,99918,4867,100,100,0,0.156,70,545,12.1,35,29.2,0,32.9,37,6.313,16.3,806,96,9.3,62.44213,378457,33,100,29.4,2,0,0.492,78,28.6,37.66,30.19,96,17.5,0.5642,9,44,0,31.4,0,0,0
2021-09-04,11:35:39,19.58,19.34,20.29,19.97,20.65,20.29,67,61,58,20,13,9,5.16,0.0,0.0,0.0,0.0,0.0,0.0,23.6,53,0,125,ON,OFF,ON,0,34.2,30,0,13492,OFF,OFF,29.4,29.5,32.12,29.4,49.17,9.0,6.0,39.47,38.0,17.58,33,30,30.5,35.5,95,99,OFF,OFF,100,100,6.112,1.268,1,0,ON,ON,0.922,4.372,0,0,OFF,OFF,99918,4867,100,100,0,0.156,70,545,12.1,35,29.2,0,32.9,37,6.313,16.3,806,96,9.3,62.44213,378457,33,100,29.4,2,0,0.492,78,28.6,37.66,30.19,96,17.5,0.5642,9,44,0,31.4,0,0,0
2021-09-04,11:36:09,19.58,19.34,20.29,19.97,20.65,20.29,67,61,58,20,13,9,5.16,0.0,0.0,0.0,0.0,0.0,0.0,23.6,53,0,125,ON,OFF,ON,0,34.2,30,0,13492,OFF,OFF,29.4,29.5,32.12,29.4,49.17,9.0,6.0,39.47,38.0,17.58,33,30,30.5,35.5,95,99,OFF,OFF,100,100,6.112,1.268,1,0,ON,ON,0.922,4.372,0,0,OFF,OFF,99918,4867,100,100,0,0.156,70,545,12.1,35,29.2,0,32.9,37,6.313,16.3,806,96,9.3,62.44213,378457,33,100,29.4,2,0,0.492,78,28.6,37.66,30.19,96,17.5,0.5642,9,44,0,31.4,0,0,0
2021-09-04,11:36:38,19.58,19.34,20.29,19.97,20.65,20.29,67,61,58,20,13,9,5.16,0.0,0.0,0.0,0.0,0.0,0.0,23.6,53,0,125,ON,OFF,ON,0,34.2,30,0,13492,OFF,OFF,29.4,29.5,32.12,29.4,49.17,9.0,6.0,39.47,38.0,17.58,33,30,30.5,35.5,95,99,OFF,OFF,100,100,6.112,1.268,1,0,ON,ON,0.922,4.372,0,0,OFF,OFF,99918,4867,100,100,0,0.156,70,545,12.1,35,29.2,0,32.9,37,6.313,16.3,806,96,9.3,62.44213,378457,33,100,29.4,2,0,0.492,78,28.6,37.66,30.19,96,17.5,0.5642,9,44,0,31.4,0,0,0
2021-09-04,11:37:08,19.58,19.34,20.29,19.97,20.65,20.29,67,61,58,20,13,9,5.16,0.0,0.0,0.0,0.0,0.0,0.0,23.6,53,0,125,ON,OFF,ON,0,34.2,30,0,13492,OFF,OFF,29.4,29.5,32.12,29.4,49.17,9.0,6.0,39.47,38.0,17.58,33,30,31,35.5,95,99,OFF,OFF,100,100,6.112,1.268,1,0,ON,ON,0.922,4.372,0,0,OFF,OFF,99918,4867,100,100,0,0.156,70,545,12.1,35,29.2,0,32.9,37,6.313,16.3,806,96,9.3,62.44213,378457,33,100,29.4,2,0,0.492,78,29.23,37.66,30.19,96,17.5,0.5642,9,44,0,31.4,0,0,0
2021-09-04,11:37:38,19.58,19.34,20.29,19.97,20.65,20.29,67,61,58,20,13,9,5.16,0.0,0.0,0.0,0.0,0.0,0.0,23.6,53,0,125,ON,OFF,ON,0,34.2,30,0,13492,OFF,OFF,29.4,29.5,32.12,29.4,49.17,9.0,6.0,39.47,38.0,17.58,33,30,31,35.5,95,99,OFF,OFF,100,100,6.112,1.268,1,0,ON,ON,0.922,4.372,0,0,OFF,OFF,99918,4867,100,100,0,0.156,70,545,12.1,35,29.2,0,32.9,37,6.313,16.3,806,96,9.3,62.44213,378457,33,100,29.4,2,0,0.492,78,29.23,37.66,30.19,96,17.5,0.5642,9,44,0,31.4,0,0,0
2021-09-04,11:38:08,19.58,19.34,20.29,19.97,20.65,20.29,67,61,58,20,13,9,5.16,0.0,0.0,0.0,0.0,0.0,0.0,23.6,53,0,125,ON,OFF,ON,0,34.2,30,0,13492,OFF,OFF,29.4,29.5,32.12,29.4,49.17,9.0,6.0,39.47,38.0,17.58,33,30,31,35.5,95,99,OFF,OFF,100,100,6.112,1.268,1,0,ON,ON,0.922,4.372,0,0,OFF,OFF,99918,4867,100,100,0,0.156,70,545,12.1,35,29.2,0,32.9,37,6.313,16.3,806,96,9.3,62.44213,378457,33,100,29.4,2,0,0.492,78,29.23,37.66,30.19,96,17.5,0.5642,9,44,0,31.4,0,0,0
2021-09-04,11:38:38,19.58,19.34,20.29,19.97,20.65,20.29,67,61,58,20,13,9,5.16,0.0,0.0,0.0,0.0,0.0,0.0,23.6,53,0,125,ON,OFF,ON,0,34.2,30,0,13492,OFF,OFF,29.4,29.5,32.12,29.4,48.51,9.0,6.0,39.47,38.0,17.58,33,30,31,35.5,95,99,OFF,OFF,100,100,6.112,1.268,1,0,ON,ON,0.922,4.372,0,0,OFF,OFF,99918,4867,100,100,0,0.156,70,545,12.1,35,29.2,0,32.9,37,6.313,16.3,806,96,9.3,62.44213,378457,33,100,29.4,2,0,0.492,78,29.23,38.36,30.19,96,17.5,0.5642,9,44,0,31.4,0,0,0
2021-09-04,11:39:08,19.58,19.34,20.29,19.97,20.65,20.29,67,61,58,20,13,9,5.16,0.0,0.0,0.0,0.0,0.0,0.0,23.6,53,0,125,ON,OFF,ON,0,34.2,30,0,13492,OFF,OFF,29.4,29.5,32.12,29.4,48.51,9.0,6.0,39.47,38.0,17.58,33,30,31,35.5,95,99,OFF,OFF,100,100,6.112,1.268,1,0,ON,ON,0.922,4.372,0,0,OFF,OFF,99918,4867,100,100,0,0.156,70,545,12.1,35,29.2,0,32.9,37,6.313,16.3,806,96,9.3,62.44213,378457,33,100,29.4,2,0,0.492,78,29.23,38.36,30.19,96,17.5,0.5642,9,44,0,31.4,0,0,0
2021-09-04,11:39:38,19.58,19.34,20.29,19.97,20.65,20.29,67,61,58,20,13,9,5.16,0.0,0.0,0.0,0.0,0.0,0.0,23.6,53,0,125,ON,OFF,ON,0,34.2,30,0,13492,OFF,OFF,29.4,29.5,32.12,29.4,48.51,9.0,6.0,39.47,38.0,17.58,32,31,31,35.5,95,99,OFF,OFF,100,100,6.112,1.268,1,0,ON,ON,0.922,4.372,0,0,OFF,OFF,99918,4867,100,100,0,0.156,70,545,12.1,35,29.2,0,33.4,37,6.313,16.3,806,96,9.3,62.44213,378457,33,100,29.4,2,0,0.492,78,29.23,38.36,30.19,96,17.5,0.5642,9,44,0,31.4,0,0,0
2021-09-04,11:40:08,19.58,19.34,20.29,19.97,20.65,20.29,67,61,58,20,13,9,5.16,0.0,0.0,0.0,0.0,0.0,0.0,23.6,53,0,125,ON,OFF,ON,0,34.2,30,0,13492,OFF,OFF,29.4,29.5,32.12,29.4,48.51,9.0,6.0,39.47,38.0,17.58,32,31,31,35.5,95,99,OFF,OFF,100,100,6.112,1.268,1,0,ON,ON,0.922,4.372,0,0,OFF,OFF,99918,4867,100,100,0,0.156,70,545,12.1,35,29.2,0,33.4,37,6.313,16.3,806,96,9.3,62.44213,378457,33,100,29.4,2,0,0.492,78,29.23,38.36,30.84,96,17.5,0.5642,9,44,0,31.4,0,0,0
2021-09-04,11:40:38,19.58,19.34,20.29,19.97,20.65,20.29,67,61,58,20,13,9,5.16,0.0,0.0,0.0,0.0,0.0,0.0,23.6,53,0,125,ON,OFF,ON,0,34.2,30,0,13492,OFF,OFF,29.4,29.5,32.12,29.4,48.51,9.0,6.0,39.47,38.0,17.58,32,31,31,35.5,95,99,OFF,OFF,100,100,6.112,1.268,1,0,ON,ON,0.922,4.372,0,0,OFF,OFF,99918,4867,100,100,0,0.156,70,545,12.1,35,29.2,0,33.4,37,6.313,16.3,806,96,9.3,62.44213,378457,33,100,29.4,2,0,0.492,78,29.23,38.36,30.84,96,17.5,0.5642,9,44,0,31.4,0,0,0
2021-09-04,11:41:08,19.58,19.34,20.29,19.97,20.65,20.29,67,61,58,20,13,9,5.16,0.0,0.0,0.0,0.0,0.0,0.0,23.6,53,0,125,ON,OFF,ON,0,34.2,30,0,13492,OFF,OFF,29.4,29.5,32.12,29.4,48.51,9.0,6.0,39.47,38.0,17.58,32,31,31,35.5,95,99,OFF,OFF,100,100,6.112,1.268,1,0,ON,ON,0.922,4.372,0,0,OFF,OFF,99918,4867,100,100,0,0.156,70,545,12.1,35,29.2,0,33.4,37,6.313,16.3,806,96,9.3,62.44213,378457,33,100,29.4,2,0,0.492,78,29.23,38.36,30.84,96,17.5,0.5642,9,44,0,31.4,0,0,0
2021-09-04,11:41:38,19.58,19.34,20.29,19.97,20.65,20.29,67,61,58,20,13,9,5.16,0.0,0.0,0.0,0.0,0.0,0.0,23.6,53,0,125,ON,OFF,ON,0,34.2,30,0,13492,OFF,OFF,29.4,29.5,32.12,29.4,48.51,9.0,6.0,39.47,38.0,17.58,32,31,31,35.5,95,99,OFF,OFF,100,100,6.112,1.268,1,0,ON,ON,0.922,4.372,0,0,OFF,OFF,99918,4867,100,100,0,0.156,70,545,12.1,35,29.2,0,33.4,37,6.313,16.3,806,96,9.3,62.44213,378457,33,100,29.4,2,0,0.492,78,29.23,38.36,30.84,96,17.5,0.5642,9,44,0,31.4,0,0,0
2021-09-04,11:42:08,19.58,19.34,20.29,19.97,20.65,20.29,67,61,58,20,13,9,5.16,0.0,0.0,0.0,0.0,0.0,0.0,23.6,53,0,125,ON,OFF,ON,0,34.2,30,0,13492,OFF,OFF,29.4,29.5,32.12,29.4,48.51,9.0,6.0,39.47,38.0,17.58,32,31,31,35.5,95,99,OFF,OFF,100,100,6.112,1.268,1,0,ON,ON,0.922,4.372,0,0,OFF,OFF,99918,4867,100,100,0,0.156,70,545,12.1,35,29.2,0,33.4,37,6.313,16.3,806,96,9.3,62.44213,378457,33,100,29.4,2,0,0.492,78,29.23,38.36,30.84,96,17.5,0.5642,9,44,0,31.4,0,0,0
2021-09-04,11:42:38,19.58,19.34,20.29,19.97,20.65,20.29,67,61,58,20,13,9,5.16,0.0,0.0,0.0,0.0,0.0,0.0,23.6,53,0,125,ON,OFF,ON,0,34.2,30,0,13492,OFF,OFF,29.4,29.5,32.12,29.4,48.51,9.0,6.0,39.47,38.0,17.58,32,31,31,35.5,95,99,OFF,OFF,100,100,6.112,1.268,1,0,ON,ON,0.922,4.372,0,0,OFF,OFF,99918,4867,100,100,0,0.156,70,545,12.1,35,29.2,0,33.4,37,6.313,16.3,806,96,9.3,62.44213,378457,33,100,29.4,2,0,0.492,78,29.23,38.36,30.84,96,17.5,0.5642,9,44,0,31.4,0,0,0
2021-09-04,11:43:09,19.58,19.34,20.29,19.97,20.65,20.29,67,61,58,20,13,9,5.16,0.0,0.0,0.0,0.0,0.0,0.0,23.6,53,0,125,ON,OFF,ON,0,34.2,30,0,13492,OFF,OFF,29.4,29.5,32.12,29.4,48.51,9.0,6.0,39.47,38.0,17.58,32,31,31,35.5,95,99,OFF,OFF,100,100,6.112,1.268,1,0,ON,ON,0.922,4.372,0,0,OFF,OFF,99918,4867,100,100,0,0.156,70,545,12.1,35,29.2,0,33.4,37,6.313,16.3,806,96,9.3,62.44213,378457,33,100,29.4,2,0,0.492,78,29.23,38.36,30.84,96,17.5,0.5642,9,44,0,31.4,0,0,0
2021-09-04,11:43:39,19.58,19.34,20.29,19.97,20.65,20.29,67,61,58,20,13,9,5.16,0.0,0.0,0.0,0.0,0.0,0.0,23.6,53,0,125,ON,OFF,ON,0,34.2,30,0,13492,OFF,OFF,29.4,29.5,32.12,29.4,48.51,9.0,6.0,39.47,38.0,17.58,32,31,31,35.5,95,99,OFF,OFF,100,100,6.112,1.268,1,0,ON,ON,0.922,4.372,0,0,OFF,OFF,99918,4867,100,100,0,0.156,70,545,12.1,35,29.2,0,33.4,37,6.313,16.3,868,96,9.3,62.44213,378457,33,100,29.4,2,0,0.492,78,29.23,38.36,30.84,96,17.5,0.5642,9,44,0,31.4,0,0,0
2021-09-04,11:44:09,19.58,19.34,20.29,19.97,20.65,20.29,67,61,58,20,13,9,5.16,0.0,0.0,0.0,0.0,0.0,0.0,23.6,53,0,125,ON,OFF,ON,0,34.2,30,0,13492,OFF,OFF,29.4,29.5,32.12,29.4,48.51,9.0,6.0,39.47,38.0,17.58,32,31,31,35.5,95,99,OFF,OFF,100,100,6.112,1.268,1,0,ON,ON,0.922,4.372,0,0,OFF,OFF,99918,4867,100,100,0,0.156,70,545,12.1,35,29.2,0,33.4,37,6.313,16.3,868,96,9.3,62.44213,378457,33,100,29.4,2,0,0.492,78,29.23,38.36,30.84,96,17.5,0.5642,9,44,0,31.4,0,0,0
2021-09-04,11:44:39,19.58,19.34,20.29,19.97,20.65,20.29,67,61,58,20,13,9,5.16,0.0,0.0,0.0,0.0,0.0,0.0,23.6,53,0,125,ON,OFF,ON,0,34.2,30,0,13492,OFF,OFF,29.4,29.5,32.12,29.4,48.51,9.0,6.0,39.47,38.0,17.58,32,31,31,36,95,99,OFF,OFF,100,100,6.112,1.268,1,0,ON,ON,0.922,4.372,0,0,OFF,OFF,99918,4867,100,100,0,0.156,70,545,12.1,35,29.2,0,33.4,37,6.313,16.3,868,96,9.3,62.44213,378457,33,100,29.4,2,0,0.492,78,29.23,38.36,30.84,96,17.5,0.5642,9,44,0,31.4,0,0,0
2021-09-04,11:45:09,19.58,19.34,20.29,19.97,20.65,20.29,67,61,58,20,13,9,5.16,0.0,0.0,0.0,0.0,0.0,0.0,23.6,53,0,125,ON,OFF,ON,0,34.2,30,0,13492,OFF,OFF,29.4,29.5,32.12,29.4,48.51,9.0,6.0,39.47,38.0,17.58,32,31,31,36,95,99,OFF,OFF,100,100,6.112,1.268,1,0,ON,ON,0.922,4.372,0,0,OFF,OFF,99918,4867,100,100,0,0.156,70,545,12.1,35,29.2,0,33.4,37,6.313,16.3,868,96,9.3,62.44213,378457,33,100,29.4,2,0,0.492,78,29.23,38.36,30.84,96,17.5,0.5642,9,44,0,31.4,0,0,0
2021-09-04,11:45:55,19.58,19.34,20.29,19.97,20.65,20.29,67,61,58,20,13,9,5.16,0.0,0.0,0.0,0.0,0.0,0.0,23.6,53,0,125,ON,OFF,ON,0,34.2,30,0,13492,OFF,OFF,29.4,29.5,32.12,29.4,47.85,9.0,6.0,39.47,38.0,17.58,31,31,31,36,95,99,OFF,OFF,100,100,6.112,1.268,1,0,ON,ON,0.922,4.372,0,0,OFF,OFF,99918,4867,100,100,0,0.156,70,545,12.1,35,29.2,0,33.4,37,6.313,16.3,868,96,9.3,62.44213,378457,33,100,29.4,2,0,0.492,78,29.23,38.36,30.84,96,17.5,0.5642,9,44,0,31.4,0,0,0
2021-09-04,11:46:25,19.58,19.34,20.29,19.97,20.65,20.29,67,61,58,20,13,9,5.16,0.0,0.0,0.0,0.0,0.0,0.0,23.6,53,0,125,ON,OFF,ON,0,34.2,30,0,13492,OFF,OFF,29.4,29.5,32.12,29.4,47.85,9.0,6.0,39.47,38.0,17.58,31,31,31,36,95,99,OFF,OFF,100,100,6.112,1.268,1,0,ON,ON,0.922,4.372,0,0,OFF,OFF,99918,4867,100,100,0,0.156,70,545,12.1,35,29.2,0,33.4,37,6.313,16.3,868,96,9.3,62.44213,378457,33,100,29.4,2,0,0.492,78,29.23,38.36,30.84,96,17.5,0.5642,9,44,0,31.4,0,0,0
2021-09-04,11:46:55,19.58,19.34,20.29,19.97,20.65,20.29,67,61,58,20,13,9,5.16,0.0,0.0,0.0,0.0,0.0,0.0,23.6,53,0,125,ON,OFF,ON,0,34.2,30,0,13492,OFF,OFF,29.4,29.5,32.12,29.4,47.85,9.0,6.0,39.47,38.0,17.58,31,31,31.5,36,95,99,OFF,OFF,100,100,6.112,1.268,1,0,ON,ON,0.922,4.372,0,0,OFF,OFF,99918,4867,100,100,0,0.156,70,545,12.1,35,29.2,0,33.4,37,6.313,16.3,868,96,9.3,62.44213,378457,33,100,29.4,2,0,0.492,78,29.23,38.36,30.84,96,17.5,0.5642,9,44,0,31.4,0,0,0
2021-09-04,11:47:25,19.58,19.34,20.29,19.97,20.65,20.29,67,61,58,20,13,9,5.16,0.0,0.0,0.0,0.0,0.0,0.0,23.6,53,0,125,ON,OFF,ON,0,34.2,30,0,13492,OFF,OFF,29.4,29.5,32.12,29.4,47.85,9.0,6.0,39.47,38.0,17.58,31,31,31.5,36,95,99,OFF,OFF,100,100,6.112,1.268,1,0,ON,ON,0.922,4.372,0,0,OFF,OFF,99918,4867,100,100,0,0.156,70,545,12.1,35,29.2,0,33.4,37,6.313,16.3,868,96,9.3,62.44213,378457,33,100,29.4,2,0,0.492,78,29.23,38.36,30.84,96,17.5,0.5642,9,44,0,31.4,0,0,0
2021-09-04,11:47:55,19.58,19.34,20.29,19.97,20.65,20.29,67,61,58,20,13,9,5.16,0.0,0.0,0.0,0.0,0.0,0.0,23.6,53,0,125,ON,OFF,ON,0,34.2,30,0,13492,OFF,OFF,29.4,29.5,32.12,29.4,47.85,9.0,6.0,39.47,38.0,17.58,31,31,31.5,36,95,99,OFF,OFF,100,100,6.112,1.268,1,0,ON,ON,0.922,4.372,0,0,OFF,OFF,99918,4867,100,100,0,0.156,70,545,12.1,35,28.7,0,33.4,37,6.313,16.3,868,96,9.3,62.44213,378457,33,100,29.4,2,0,0.492,78,29.23,38.36,30.84,96,17.5,0.5642,9,44,0,31.4,0,0,0
2021-09-04,11:48:25,19.58,19.34,20.29,19.97,20.65,20.29,67,61,58,20,13,9,5.16,0.0,0.0,0.0,0.0,0.0,0.0,23.6,53,0,125,ON,OFF,ON,0,34.2,30,0,13492,OFF,OFF,29.4,29.5,32.12,29.4,47.85,9.0,6.0,39.47,38.0,17.58,31,31,31.5,36,95,99,OFF,OFF,100,100,6.112,1.268,1,0,ON,ON,0.922,4.372,0,0,OFF,OFF,99918,4867,100,100,0,0.156,70,545,12.1,35,28.7,0,33.4,37,6.313,16.3,868,96,9.3,62.44213,378457,33,100,29.4,2,0,0.492,78,29.23,38.36,30.84,96,17.5,0.5642,9,44,0,31.4,0,0,0
2021-09-04,11:48:54,19.58,19.34,20.29,19.97,20.65,20.29,67,61,58,20,13,9,5.16,0.0,0.0,0.0,0.0,0.0,0.0,23.6,53,0,125,ON,OFF,ON,0,34.2,30,0,13492,OFF,OFF,29.4,29.5,32.12,29.4,47.85,9.0,6.0,39.47,38.0,17.58,31,31,31.5,36,95,99,OFF,OFF,100,100,6.112,1.268,1,0,ON,ON,0.922,4.372,0,0,OFF,OFF,105553,4867,100,100,0,0.156,70,545,12.1,35,28.7,0,33.9,37,6.313,16.3,868,96,9.3,62.44213,378457,33,100,29.4,2,0,0.492,78,29.23,38.36,30.84,96,17.5,0.5642,9,44,0,31.4,0,0,0
2021-09-04,11:49:24,19.58,19.34,20.29,19.97,20.65,20.29,67,61,58,20,13,9,5.16,0.0,0.0,0.0,0.0,0.0,0.0,23.6,53,0,125,ON,OFF,ON,0,34.2,30,0,13492,OFF,OFF,29.4,29.5,32.12,29.4,47.85,9.0,6.0,39.47,38.0,17.58,31,31,31.5,36,95,99,OFF,OFF,100,100,6.112,1.268,1,0,ON,ON,0.922,4.372,0,0,OFF,OFF,105553,4867,100,100,0,0.156,70,545,12.1,35,28.7,0,33.9,37,6.313,16.3,868,96,9.3,62.44213,378457,33,100,29.4,2,0,0.492,78,29.23,38.36,30.84,96,17.5,0.5642,9,44,0,31.4,0,0,0
2021-09-04,11:49:55,19.58,19.34,20.29,19.97,20.65,20.29,67,61,58,20,13,9,5.16,0.0,0.0,0.0,0.0,0.0,0.0,23.6,53,0,125,ON,OFF,ON,0,34.2,30,0,13492,OFF,OFF,29.4,29.5,32.12,29.4,47.85,9.0,6.0,39.47,38.0,17.58,30,32,31.5,36,95,99,OFF,OFF,100,100,6.112,1.268,1,0,ON,ON,0.922,4.372,0,0,OFF,OFF,105553,4867,100,100,0,0.156,70,545,12.1,35,28.7,0,33.9,37,6.313,16.3,868,96,9.3,62.44213,378457,33,100,29.4,2,0,0.492,78,29.23,38.36,30.84,96,17.5,0.5642,9,44,0,31.4,0,0,0
2021-09-04,11:50:24,19.58,19.34,20.29,19.97,20.65,20.29,67,61,58,20,13,9,5.16,0.0,0.0,0.0,0.0,0.0,0.0,23.6,53,0,125,ON,OFF,ON,0,34.2,30,0,13492,OFF,OFF,29.4,29.5,32.12,29.4,47.85,9.0,6.0,39.47,38.0,17.58,30,32,31.5,36,95,99,OFF,OFF,100,100,6.112,1.268,1,0,ON,ON,0.922,4.372,0,0,OFF,OFF,105553,4867,100,100,0,0.156,70,545,12.1,35,28.7,0,33.9,37,6.313,16.3,868,96,9.3,62.44213,378457,33,100,29.4,2,0,0.492,78,29.23,38.36,30.84,96,17.5,0.5642,9,44,0,31.4,0,0,0
2021-09-04,11:50:54,19.58,19.34,20.29,19.97,20.65,20.29,67,61,58,20,13,9,5.16,0.0,0.0,0.0,0.0,0.0,0.0,23.6,53,0,125,ON,OFF,ON,0,34.2,30,0,13492,OFF,OFF,29.4,29.5,32.12,29.4,47.85,9.0,6.0,39.47,38.0,17.58,30,32,31.5,36,95,99,OFF,OFF,100,100,6.112,1.268,1,0,ON,ON,0.922,4.372,0,0,OFF,OFF,66611,4867,100,100,0,0.156,70,545,12.1,35,29.2,0,33.9,37,6.313,16.3,868,96,9.3,62.44213,378457,33,100,29.4,2,0,0.492,78,29.23,38.36,30.84,96,17.5,0.5642,9,44,0,31.4,0,0,0
2021-09-04,11:51:25,19.58,19.34,20.29,19.97,20.65,20.29,67,61,58,20,13,9,5.16,0.0,0.0,0.0,0.0,0.0,0.0,23.6,53,0,125,ON,OFF,ON,0,34.2,30,0,13492,OFF,OFF,29.4,29.5,32.12,29.4,47.85,9.0,6.0,39.47,38.0,17.58,30,32,31.5,36,95,99,OFF,OFF,100,100,6.113,1.268,1,0,ON,ON,0.922,4.372,0,0,OFF,OFF,66611,4867,100,100,0,0.156,70,545,12.1,35,29.2,0,33.9,37,6.313,16.3,868,96,9.3,62.44213,378457,33,100,29.4,2,0,0.492,78,29.23,38.36,30.84,96,17.5,0.5642,9,44,0,31.4,0,0,0
2021-09-04,11:51:55,19.58,19.34,20.29,19.97,20.65,20.29,67,61,58,20,13,9,5.16,0.0,0.0,0.0,0.0,0.0,0.0,23.6,53,0,125,ON,OFF,ON,0,34.2,30,0,13492,OFF,OFF,29.4,29.5,32.12,29.4,47.85,9.0,6.0,39.47,38.0,17.58,31,32,31.5,36,95,99,OFF,OFF,100,100,6.113,1.268,1,0,ON,ON,0.922,4.372,0,0,OFF,OFF,66611,4867,100,100,0,0.156,70,545,12.1,35,29.2,0,33.9,37,6.313,16.3,868,96,9.3,62.44213,378457,33,100,29.4,2,0,0.492,78,29.23,38.36,30.84,96,17.5,0.5642,9,44,0,31.4,0,0,0
2021-09-04,11:52:25,19.58,19.34,20.29,19.97,20.65,20.29,67,61,58,20,13,9,5.16,0.0,0.0,0.0,0.0,0.0,0.0,23.6,53,0,125,ON,OFF,ON,0,34.2,30,0,13492,OFF,OFF,29.4,29.5,32.12,29.4,47.85,9.0,6.0,39.47,38.0,17.58,31,32,31.5,36.5,95,99,OFF,OFF,100,100,6.113,1.268,1,0,ON,ON,0.922,4.372,0,0,OFF,OFF,105042,4867,100,100,0,0.156,70,545,12.1,35,29.2,0,33.9,37,6.313,16.3,868,96,9.3,62.44213,378457,33,100,29.4,2,0,0.492,78,29.85,38.36,30.84,96,17.5,0.5642,9,44,0,31.4,0,0,0
2021-09-04,11:52:55,19.58,19.34,20.29,19.97,20.65,20.29,67,61,58,20,13,9,5.16,0.0,0.0,0.0,0.0,0.0,0.0,23.6,53,0,125,ON,OFF,ON,0,34.2,30,0,13492,OFF,OFF,29.4,29.5,32.12,29.4,47.85,9.0,6.0,39.47,38.0,17.58,31,32,32,36.5,95,99,OFF,OFF,100,100,6.113,1.268,1,0,ON,ON,0.922,4.372,0,0,OFF,OFF,105042,4867,100,100,0,0.156,70,545,12.1,35,28.6,0,33.9,37,6.313,16.3,868,96,9.3,62.44213,378457,33,100,29.4,2,0,0.492,78,29.85,38.36,30.84,96,17.5,0.5642,9,44,0,31.4,0,0,0
2021-09-04,11:53:25,19.58,19.34,20.29,19.97,20.65,20.29,67,61,58,20,13,9,5.16,0.0,0.0,0.0,0.0,0.0,0.0,23.6,53,0,125,ON,OFF,ON,0,34.2,30,0,13492,OFF,OFF,29.4,29.5,32.12,29.4,47.85,9.0,6.0,39.47,38.0,17.58,31,32,32,36.5,95,99,OFF,OFF,100,100,6.113,1.268,1,0,ON,ON,0.922,4.372,0,0,OFF,OFF,105042,4867,100,100,0,0.156,70,545,12.1,35,28.6,0,33.9,37,6.313,16.3,868,96,9.3,62.44213,378457,33,100,29.4,2,0,0.492,78,29.85,39.03,30.84,96,17.5,0.5642,9,44,0,31.4,0,0,0
2021-09-04,11:53:55,19.58,19.34,20.29,19.97,20.65,20.29,67,61,58,20,13,9,5.16,0.0,0.0,0.0,0.0,0.0,0.0,23.6,53,0,125,ON,OFF,ON,0,34.2,30,0,13492,OFF,OFF,29.4,29.5,32.12,29.4,47.85,9.0,6.0,39.47,38.0,17.58,32,31,32,36.5,95,99,OFF,OFF,100,100,6.113,1.268,1,0,ON,ON,0.922,4.372,0,0,OFF,OFF,105042,4867,100,100,0,0.156,70,545,12.1,35,28.6,0,33.9,37,6.313,16.3,868,96,9.3,62.44213,378457,33,100,29.4,2,0,0.492,78,29.85,39.03,30.84,96,17.5,0.5642,9,44,0,31.4,0,0,0
2021-09-04,11:54:25,19.58,19.34,20.29,19.97,20.65,20.29,67,61,58,20,13,9,5.16,0.0,0.0,0.0,0.0,0.0,0.0,23.6,53,0,125,ON,OFF,ON,0,34.2,30,0,13492,OFF,OFF,29.4,29.5,32.12,29.4,47.85,9.0,6.0,39.47,38.0,17.58,32,31,32,36.5,95,99,OFF,OFF,100,100,6.113,1.268,1,0,ON,ON,0.922,4.372,0,0,OFF,OFF,70197,4867,100,100,0,0.156,70,545,12.1,35,28.6,0,33.9,37,6.313,16.3,868,96,9.3,62.44213,378457,33,100,29.4,2,0,0.492,78,29.85,39.03,30.84,96,17.5,0.5642,9,44,0,31.4,0,0,0
2021-09-04,11:54:55,19.58,19.34,20.29,19.97,20.65,20.29,67,61,58,20,13,9,5.16,0.0,0.0,0.0,0.0,0.0,0.0,23.6,53,0,125,ON,OFF,ON,0,34.2,30,0,13492,OFF,OFF,29.4,29.5,32.12,29.4,47.85,9.0,6.0,39.47,38.0,17.58,32,31,32,36.5,95,99,OFF,OFF,100,100,6.113,1.268,1,0,ON,ON,0.922,4.372,0,0,OFF,OFF,70197,4867,100,100,0,0.156,70,545,12.1,35,27.9,0,33.9,37,6.313,16.3,868,96,9.3,62.44213,378457,33,100,29.4,2,0,0.492,78,29.85,39.03,30.84,96,17.5,0.5642,9,44,0,31.4,0,0,0
2021-09-04,11:55:25,19.58,19.34,20.29,19.97,20.65,20.29,67,61,58,20,13,9,5.16,0.0,0.0,0.0,0.0,0.0,0.0,23.6,53,0,125,ON,OFF,ON,0,34.2,30,0,13492,OFF,OFF,29.4,29.5,32.12,29.4,47.85,9.0,6.0,39.47,38.0,17.58,32,31,32,36.5,95,99,OFF,OFF,100,100,6.113,1.268,1,0,ON,ON,0.922,4.372,0,0,OFF,OFF,106068,4867,100,100,0,0.156,70,545,12.1,35,27.9,0,33.9,37,6.313,16.3,868,96,9.3,62.44213,378457,33,100,29.4,2,0,0.492,78,29.85,39.03,31.52,96,17.5,0.5642,9,44,0,31.4,0,0,0
2021-09-04,11:55:55,19.58,19.34,20.29,19.97,20.65,20.29,67,61,58,20,13,9,5.16,0.0,0.0,0.0,0.0,0.0,0.0,23.6,53,0,125,ON,OFF,ON,0,34.2,30,0,13492,OFF,OFF,29.4,29.5,32.12,29.4,47.85,9.0,6.0,39.47,38.0,17.58,32,31,32,36.5,95,99,OFF,OFF,100,100,6.113,1.268,1,0,ON,ON,0.922,4.372,0,0,OFF,OFF,106068,4867,100,100,0,0.156,70,545,12.1,35,27.4,0,33.9,37,6.313,16.3,868,96,9.3,62.44213,378457,33,100,29.4,2,0,0.492,78,29.85,39.03,31.52,96,17.5,0.5642,9,44,0,31.4,0,0,0
2021-09-04,11:56:25,19.58,19.34,20.29,19.97,20.65,20.29,67,61,58,20,13,9,5.16,0.0,0.0,0.0,0.0,0.0,0.0,23.6,53,0,125,ON,OFF,ON,0,34.2,30,0,13492,OFF,OFF,29.4,29.5,32.12,29.4,47.85,9.0,6.0,39.47,38.0,17.58,32,31,32,36.5,95,99,OFF,OFF,100,100,6.113,1.268,1,0,ON,ON,0.922,4.372,0,0,OFF,OFF,106068,4867,100,100,0,0.156,70,545,12.1,35,27.4,0,33.9,37,6.313,16.3,868,96,9.3,62.44213,378457,33,100,29.4,2,0,0.492,78,29.85,39.03,31.52,96,17.5,0.5642,9,44,0,31.4,0,0,0
2021-09-04,11:56:55,19.58,19.34,20.29,19.97,20.65,20.29,67,61,58,20,13,9,5.16,0.0,0.0,0.0,0.0,0.0,0.0,23.6,53,0,125,ON,OFF,ON,0,34.2,30,0,13492,OFF,OFF,29.4,29.5,32.12,29.4,47.85,9.0,6.0,39.47,38.0,17.58,32,31,32,36.5,95,99,OFF,OFF,100,100,6.113,1.268,1,0,ON,ON,0.922,4.372,0,0,OFF,OFF,106068,4867,100,100,0,0.156,70,545,12.1,35,27.4,0,33.9,37,6.779,16.3,868,96,9.3,62.44213,378457,33,100,29.4,2,0,0.492,78,29.85,39.03,31.52,96,17.5,0.5642,9,44,0,31.4,0,0,0
2021-09-04,11:57:25,19.58,19.34,20.29,19.97,20.65,20.29,67,61,58,20,13,9,5.16,0.0,0.0,0.0,0.0,0.0,0.0,23.6,53,0,125,ON,OFF,ON,0,34.2,30,0,13492,OFF,OFF,29.4,29.5,32.12,29.4,47.85,9.0,6.0,39.47,38.0,17.58,32,31,32,36.5,95,99,OFF,OFF,100,100,6.113,1.268,1,0,ON,ON,0.922,4.372,0,0,OFF,OFF,106068,4867,100,100,0,0.156,70,545,12.1,35,27.4,0,33.9,37,6.779,16.3,868,96,9.3,62.44213,378457,33,100,29.4,2,0,0.492,78,29.85,39.03,31.52,96,17.5,0.5642,9,44,0,31.4,0,0,0
2021-09-04,11:57:55,19.58,19.34,20.29,19.97,20.65,20.29,67,61,58,20,13,9,5.16,0.0,0.0,0.0,0.0,0.0,0.0,23.6,53,0,125,ON,OFF,ON,0,34.2,30,0,13492,OFF,OFF,29.4,29.5,32.12,29.4,47.85,9.0,6.0,39.47,38.0,17.58,32,30,32,36.5,95,99,OFF,OFF,100,100,6.113,1.268,1,0,ON,ON,0.922,4.372,0,0,OFF,OFF,106068,4867,100,100,0,0.156,70,545,12.1,36,27.3,0,34.3,37,6.739,17.6,932,96,9.3,62.44213,378457,33,100,29.4,2,0,0.492,78,29.85,39.03,31.52,96,17.5,0.5642,9,44,0,31.4,0,0,0
2021-09-04,11:58:25,19.58,19.34,20.29,19.97,20.65,20.29,67,61,58,20,13,9,5.16,0.0,0.0,0.0,0.0,0.0,0.0,23.6,53,0,125,ON,OFF,ON,0,34.2,30,0,13492,OFF,OFF,29.4,29.5,32.12,29.4,47.85,9.0,6.0,39.47,38.0,17.58,32,30,32,36.5,95,99,OFF,OFF,100,100,6.113,1.268,1,0,ON,ON,0.922,4.372,0,0,OFF,OFF,106068,4867,100,100,0,0.156,70,545,12.1,36,27.3,0,34.3,37,6.739,17.6,932,96,9.3,62.44213,378457,33,100,29.4,2,0,0.492,78,29.85,39.03,31.52,96,17.5,0.5642,9,44,0,31.4,0,0,0
2021-09-04,11:58:55,19.58,19.34,20.29,19.97,20.65,20.29,67,61,58,20,13,9,5.16,0.0,0.0,0.0,0.0,0.0,0.0,23.6,53,0,125,ON,OFF,ON,0,34.2,30,0,13492,OFF,OFF,29.4,29.5,32.12,29.4,48.51,9.0,6.0,39.47,38.0,17.58,32,30,32.5,36.5,95,99,OFF,OFF,100,100,6.113,1.268,1,0,ON,ON,0.922,4.372,0,0,OFF,OFF,106068,4867,100,100,0,0.156,70,545,12.1,36,27.3,0,34.4,37,6.739,17.6,932,96,9.3,62.44213,378457,33,100,29.4,2,0,0.492,78,29.85,39.03,31.52,96,17.5,0.5642,9,44,0,31.4,0,0,0
2021-09-04,11:59:25,19.58,19.34,20.29,19.97,20.65,20.29,67,61,58,20,13,9,5.16,0.0,0.0,0.0,0.0,0.0,0.0,23.6,53,0,125,ON,OFF,ON,0,34.2,30,0,13492,OFF,OFF,29.4,29.5,32.12,29.4,48.51,9.0,6.0,39.47,38.0,17.58,32,30,32.5,36.5,95,99,OFF,OFF,100,100,6.113,1.268,1,0,ON,ON,0.922,4.372,0,0,OFF,OFF,106068,4867,100,100,0,0.156,70,545,12.1,36,27.3,0,34.4,37,6.739,17.6,932,96,9.3,62.44213,378457,33,100,29.4,2,0,0.492,78,29.85,39.03,31.52,96,17.5,0.5642,9,44,0,31.4,0,0,0
2021-09-04,11:59:55,19.58,19.34,20.29,19.97,20.65,20.29,67,61,58,20,13,9,5.16,0.0,0.0,0.0,0.0,0.0,0.0,23.6,53,0,125,ON,OFF,ON,0,34.2,30,0,13492,OFF,OFF,29.4,29.5,32.12,29.4,48.51,9.0,6.0,39.47,38.0,17.58,32,30,32.5,37,95,99,OFF,OFF,100,100,6.113,1.268,1,0,ON,ON,0.922,4.372,0,0,OFF,OFF,106068,4867,100,100,0,0.156,70,545,12.1,36,27.3,0,34.4,37,6.739,17.6,932,96,9.3,62.44213,378457,33,100,29.4,2,0,0.492,78,29.85,39.03,31.52,96,17.5,0.5642,9,44,0,31.4,0,0,0
2021-09-04,12:00:25,19.58,19.34,20.29,19.97,20.65,20.29,67,61,58,20,13,9,5.16,0.0,0.0,0.0,0.0,0.0,0.0,23.6,53,0,125,ON,OFF,ON,0,34.2,30,0,13492,OFF,OFF,29.4,29.5,32.78,29.4,48.51,9.0,6.0,39.47,38.0,17.58,32,30,32.5,37,95,99,OFF,OFF,100,100,6.113,1.268,1,0,ON,ON,0.922,4.372,0,0,OFF,OFF,106068,4867,100,100,0,0.156,70,545,12.1,36,27.3,0,34.4,37,6.739,17.6,932,96,9.3,62.44213,378457,33,100,29.4,2,0,0.492,78,29.85,39.03,31.52,96,17.5,0.5642,9,44,0,31.4,0,0,0
2021-09-04,12:01:11,19.58,19.34,20.29,19.97,20.65,20.29,67,61,58,20,13,9,5.16,0.0,0.0,0.0,0.0,0.0,0.0,23.6,53,0,125,ON,OFF,ON,0,34.2,30,0,13492,OFF,OFF,29.4,29.5,32.78,29.4,48.51,9.0,6.0,39.47,38.0,17.58,32,30,32.5,37,95,99,OFF,OFF,100,100,6.113,1.268,1,0,ON,ON,0.922,4.372,0,0,OFF,OFF,106068,4867,100,100,0,0.156,70,545,12.1,36,27.3,0,34.4,37,6.739,17.6,932,96,9.3,62.44213,378457,33,100,29.4,2,0,0.492,78,29.85,39.03,31.52,96,17.5,0.5642,9,44,0,31.4,0,0,0
2021-09-04,12:01:41,19.58,19.34,20.29,19.97,20.65,20.29,67,61,58,20,13,9,5.16,0.0,0.0,0.0,0.0,0.0,0.0,23.6,53,0,125,ON,OFF,ON,0,34.2,30,0,13492,OFF,OFF,29.4,29.5,32.78,29.4,48.51,9.0,6.0,39.47,38.0,17.58,32,30,32.5,37,95,99,OFF,OFF,100,100,6.113,1.268,1,0,ON,ON,0.922,4.372,0,0,OFF,OFF,106068,4867,100,100,0,0.156,70,545,12.1,36,26.9,0,34.4,37,6.739,17.6,932,96,9.3,62.44213,378457,33,100,29.4,2,0,0.492,78,29.85,39.03,31.52,96,17.5,0.5642,9,44,0,31.4,0,0,0
2021-09-04,12:02:11,19.58,19.34,20.29,19.97,20.65,20.29,67,61,58,20,13,9,5.16,0.0,0.0,0.0,0.0,0.0,0.0,23.6,53,0,125,ON,OFF,ON,0,34.2,30,0,13492,OFF,OFF,29.4,29.5,32.78,29.4,48.51,9.0,6.0,39.47,38.0,17.58,32,30,32.5,37.5,95,99,OFF,OFF,100,100,6.113,1.268,1,0,ON,ON,0.922,4.372,0,0,OFF,OFF,106068,4867,100,100,0,0.156,70,545,12.1,36,26.9,0,34.4,37,6.739,17.6,932,96,9.3,62.44213,378457,33,100,29.4,2,0,0.492,78,29.85,39.03,31.52,96,17.5,0.5642,9,44,0,31.4,0,0,0
2021-09-04,12:02:41,19.58,19.34,20.29,19.97,20.65,20.29,67,61,58,20,13,9,5.16,0.0,0.0,0.0,0.0,0.0,0.0,23.6,53,0,125,ON,OFF,ON,0,34.2,30,0,13492,OFF,OFF,29.4,29.5,32.78,29.4,48.51,9.0,6.0,39.47,38.0,17.58,32,30,32.5,37.5,95,99,OFF,OFF,100,100,6.113,1.268,1,0,ON,ON,0.922,4.372,0,0,OFF,OFF,106068,4867,100,100,0,0.156,70,545,12.1,36,26.9,0,34.4,37,6.739,17.6,932,96,9.3,62.44213,378457,33,100,29.4,2,0,0.492,78,29.85,39.03,31.52,96,17.5,0.5642,9,44,0,31.4,0,0,0
2021-09-04,12:03:11,19.58,19.34,20.29,19.97,20.65,20.29,67,61,58,20,13,9,5.16,0.0,0.0,0.0,0.0,0.0,0.0,23.6,53,0,125,ON,OFF,ON,0,34.2,30,0,13492,OFF,OFF,29.4,29.5,32.78,29.4,48.51,9.0,6.0,39.47,38.0,17.58,32,30,32.5,37.5,95,99,OFF,OFF,100,100,6.113,1.268,1,0,ON,ON,0.922,4.372,0,0,OFF,OFF,106068,4867,100,100,0,0.156,70,545,12.1,36,26.9,0,34.4,37,6.739,17.6,932,96,9.3,62.44213,378457,33,100,29.4,2,0,0.492,78,29.85,39.03,31.52,96,17.5,0.5642,9,44,0,31.4,0,0,0
2021-09-04,12:03:45,19.58,19.34,20.29,19.97,20.65,20.29,67,61,58,20,13,9,5.16,0.0,0.0,0.0,0.0,0.0,0.0,23.6,53,0,125,ON,OFF,ON,0,34.2,30,0,13492,OFF,OFF,29.4,29.5,32.78,29.4,48.51,9.0,6.0,39.47,38.0,17.58,32,30,32.5,38.5,95,99,OFF,OFF,100,100,6.113,1.268,1,0,ON,ON,0.922,4.372,0,0,OFF,OFF,106068,4867,100,100,0,0.156,70,545,12.1,36,26.9,0,34.4,37,6.739,17.6,932,96,9.3,62.44213,378457,33,100,29.4,2,0,0.492,78,29.85,39.03,31.52,96,17.5,0.5642,9,44,0,31.4,0,0,0
2021-09-04,12:04:15,19.58,19.34,20.29,19.97,20.65,20.29,67,61,58,20,13,9,5.16,0.0,0.0,0.0,0.0,0.0,0.0,23.6,53,0,125,ON,OFF,ON,0,34.2,30,0,13492,OFF,OFF,29.4,29.5,32.78,29.4,49.17,9.0,6.0,34.35,38.0,17.58,32,30,32.5,38.5,95,99,OFF,OFF,100,100,6.113,1.268,1,0,ON,ON,0.922,4.372,0,0,OFF,OFF,106068,4867,100,100,0,0.156,70,545,12.1,36,26.9,0,34.4,37,6.739,17.6,932,96,9.3,62.44213,378457,33,100,29.4,2,0,0.492,78,29.85,39.03,31.52,96,17.5,0.5642,9,44,0,31.4,0,0,0
2021-09-04,12:04:45,19.58,19.34,20.29,19.97,20.65,20.29,67,61,58,20,13,9,5.16,0.0,0.0,0.0,0.0,0.0,0.0,23.6,53,0,125,ON,OFF,ON,0,34.2,30,0,13492,OFF,OFF,29.4,29.5,32.78,29.4,49.17,9.0,6.0,34.35,38.0,17.58,32,30,32.5,38.5,95,99,OFF,OFF,100,100,6.113,1.268,1,0,ON,ON,0.922,4.372,0,0,OFF,OFF,106068,4867,100,100,0,0.156,70,545,12.1,36,26.9,0,34.4,37,6.739,17.6,932,96,9.3,62.44213,378457,33,100,29.4,2,0,0.492,78,29.85,39.03,31.52,96,17.5,0.5642,9,44,0,31.4,0,0,0
2021-09-04,12:05:15,19.58,19.34,20.29,19.97,20.65,20.29,67,61,58,20,13,9,5.16,0.0,0.0,0.0,0.0,0.0,0.0,23.6,53,0,125,ON,OFF,ON,0,34.2,30,0,13492,OFF,OFF,29.4,29.5,32.78,29.4,49.17,9.0,6.0,34.35,38.0,17.58,32,30,32.5,38.5,95,99,OFF,OFF,100,100,6.113,1.268,1,0,ON,ON,0.922,4.372,0,0,OFF,OFF,106068,4867,100,100,0,0.156,70,545,12.1,36,26.9,0,34.4,37,6.739,17.6,932,96,9.3,62.44213,378457,33,100,29.4,2,0,0.492,78,29.85,39.03,31.52,96,17.5,0.5642,9,44,0,31.4,0,0,0
2021-09-04,12:05:45,19.58,19.34,20.29,19.97,20.65,20.29,67,61,58,20,13,9,5.16,0.0,0.0,0.0,0.0,0.0,0.0,23.6,53,0,125,ON,OFF,ON,0,34.2,30,0,13492,OFF,OFF,29.4,29.5,32.78,29.4,49.17,9.0,6.0,34.35,38.0,17.58,32,30,32.5,38.5,95,99,OFF,OFF,100,100,6.113,1.268,1,0,ON,ON,0.922,4.372,0,0,OFF,OFF,106068,4867,100,100,0,0.156,70,545,12.1,36,27.6,0,34.4,37,6.739,17.6,932,96,9.3,62.44213,378457,33,100,29.4,2,0,0.492,78,29.85,39.03,31.52,96,17.5,0.5642,9,44,0,31.4,0,0,0
2021-09-04,12:06:15,19.58,19.34,20.29,19.97,20.65,20.29,67,61,58,20,13,9,5.16,0.0,0.0,0.0,0.0,0.0,0.0,23.6,53,0,125,ON,OFF,ON,0,34.2,30,0,13492,OFF,OFF,29.4,29.5,32.78,29.4,49.17,9.0,6.0,34.35,38.0,17.58,32,30,32.5,38.5,95,99,OFF,OFF,100,100,6.113,1.268,1,0,ON,ON,0.922,4.372,0,0,OFF,OFF,106068,4867,100,100,0,0.156,70,545,12.1,36,27.6,0,34.4,37,6.739,17.6,932,96,9.3,62.44213,378457,33,100,29.4,2,0,0.492,78,29.85,39.03,31.52,96,17.5,0.5642,9,44,0,31.4,0,0,0
2021-09-04,12:06:45,19.58,19.34,20.29,19.97,20.65,20.29,67,61,58,20,13,9,5.16,0.0,0.0,0.0,0.0,0.0,0.0,23.6,53,0,125,ON,OFF,ON,0,34.2,30,0,13492,OFF,OFF,29.4,29.5,33.44,29.4,49.17,9.0,6.0,34.35,38.0,17.58,32,30,32.5,38.5,95,99,OFF,OFF,100,100,6.113,1.268,1,0,ON,ON,0.922,4.372,0,0,OFF,OFF,106068,4867,100,100,0,0.156,70,545,12.1,36,27.6,0,34.9,37,6.739,17.6,932,96,9.3,62.44213,378457,33,100,29.4,2,0,0.492,78,29.85,39.03,31.52,96,17.5,0.5642,9,44,0,31.4,0,0,0
2021-09-04,12:07:15,19.58,19.34,20.29,19.97,20.65,20.29,67,61,58,20,13,9,5.16,0.0,0.0,0.0,0.0,0.0,0.0,23.6,53,0,125,ON,OFF,ON,0,34.2,30,0,13492,OFF,OFF,29.4,29.5,33.44,29.4,49.17,9.0,6.0,34.35,38.0,17.58,32,30,32.5,38.5,95,99,OFF,OFF,100,100,6.113,1.268,1,0,ON,ON,0.922,4.372,0,0,OFF,OFF,97869,4867,100,100,0,0.156,70,545,12.1,36,27.6,0,34.9,37,6.739,17.6,932,96,9.3,62.44213,378457,33,100,29.4,2,0,0.492,78,30.45,39.03,31.52,96,17.5,0.5642,9,44,0,31.4,0,0,0
2021-09-04,12:07:45,19.58,19.34,20.29,19.97,20.65,20.29,67,61,58,20,13,9,5.16,0.0,0.0,0.0,0.0,0.0,0.0,23.6,53,0,125,ON,OFF,ON,0,34.2,30,0,13492,OFF,OFF,29.4,29.5,33.44,29.4,49.17,9.0,6.0,34.35,38.0,17.58,32,30,32.5,38.5,95,99,OFF,OFF,100,100,6.113,1.268,1,0,ON,ON,0.922,4.372,0,0,OFF,OFF,97869,4867,100,100,0,0.156,70,545,12.1,36,28.2,0,34.9,37,6.739,17.6,932,96,9.3,62.44213,378457,33,100,29.4,2,0,0.492,78,30.45,39.03,31.52,96,17.5,0.5642,9,44,0,31.4,0,0,0
2021-09-04,12:08:16,19.58,19.34,20.29,19.97,20.65,20.29,67,61,58,20,13,9,5.16,0.0,0.0,0.0,0.0,0.0,0.0,23.6,53,0,125,ON,OFF,ON,0,34.2,30,0,13492,OFF,OFF,29.4,29.5,33.44,29.4,48.4,9.0,6.0,34.35,38.0,17.58,31,30,32.5,38.5,95,99,OFF,OFF,100,100,6.113,1.268,1,0,ON,ON,0.922,4.372,0,0,OFF,OFF,24978,4867,100,100,0,0.156,70,545,12.1,36,28.2,0,34.9,37,6.739,17.6,932,96,9.3,62.44213,378457,33,100,29.4,2,0,0.492,78,30.45,39.71,31.52,96,17.5,0.5642,9,44,0,31.4,0,0,0
2021-09-04,12:08:46,19.58,19.34,20.29,19.97,20.65,20.29,67,61,58,20,13,9,5.16,0.0,0.0,0.0,0.0,0.0,0.0,23.6,53,0,125,ON,OFF,ON,0,34.2,30,0,13492,OFF,OFF,29.4,29.5,33.44,29.4,47.74,9.0,6.0,34.35,38.0,17.58,31,30,32.5,38.5,95,99,OFF,OFF,100,100,6.113,1.268,1,0,ON,ON,0.922,4.372,0,0,OFF,OFF,24978,2866,100,100,0,0.156,70,545,12.1,36,28.2,0,34.9,37,6.739,17.6,932,96,9.3,62.44213,378457,33,100,29.4,2,0,0.492,78,30.45,39.71,31.52,96,17.5,0.5642,9,44,0,31.4,0,0,0
2021-09-04,12:09:16,19.58,19.34,20.29,19.97,20.65,20.29,67,61,58,20,13,9,5.16,0.0,0.0,0.0,0.0,0.0,0.0,23.6,53,0,125,ON,OFF,ON,0,34.2,30,0,13492,OFF,OFF,29.4,29.5,33.44,29.4,46.97,9.0,6.0,34.35,38.0,17.58,31,30,32.5,38.5,95,99,OFF,OFF,100,100,6.113,1.268,1,0,ON,ON,0.922,4.372,0,0,OFF,OFF,24978,2866,100,100,0,0.156,70,545,12.1,36,28.2,0,34.9,37,6.739,17.6,932,96,9.3,62.44213,378457,33,100,29.4,2,0,0.492,78,30.45,39.71,31.52,96,17.5,0.5642,9,44,0,31.4,0,0,0
2021-09-04,12:09:46,19.58,19.34,20.29,19.97,20.65,20.29,67,61,58,20,13,9,5.16,0.0,0.0,0.0,0.0,0.0,0.0,23.6,53,0,125,ON,OFF,ON,0,34.2,30,0,13492,OFF,OFF,29.4,29.5,33.44,29.4,46.97,9.0,6.0,34.35,38.0,17.58,31,30,32.5,38.5,95,99,OFF,OFF,100,100,6.113,1.268,1,0,ON,ON,0.922,4.372,0,0,OFF,OFF,24978,2866,100,100,0,0.156,70,545,12.1,36,28.2,0,34.9,37,6.739,17.6,932,96,9.3,62.44213,378457,33,100,29.4,2,0,0.492,78,30.45,39.71,31.52,96,17.5,0.5642,9,44,0,31.4,0,0,0
2021-09-04,12:10:16,19.58,19.34,20.29,19.97,20.65,20.29,67,61,58,20,13,9,5.16,0.0,0.0,0.0,0.0,0.0,0.0,23.6,53,0,125,ON,OFF,ON,0,34.2,30,0,13492,OFF,OFF,29.4,29.5,33.44,29.4,46.31,9.0,6.0,34.35,38.0,17.58,30,30,32.5,38.5,95,99,OFF,OFF,100,100,6.113,1.268,1,0,ON,ON,0.922,4.372,0,0,OFF,OFF,24978,2866,100,100,0,0.156,70,545,12.1,36,28.2,0.008,34.9,37,0,17.6,932,96,9.3,62.44213,378457,33,100,29.4,2,0,0.492,78,30.45,39.71,32.15,96,17.5,0.5642,9,44,0,31.4,0,0,0
2021-09-04,12:10:46,19.58,19.34,20.29,19.97,20.65,20.29,67,61,58,20,13,9,5.16,0.0,0.0,0.0,0.0,0.0,0.0,23.6,53,0,125,ON,OFF,ON,0,34.2,30,0,13492,OFF,OFF,29.4,29.5,32.78,29.4,46.31,9.0,6.0,34.35,38.0,17.58,30,30,32.5,38.5,95,99,OFF,OFF,100,100,6.113,1.268,1,0,ON,ON,0.922,4.372,0,0,OFF,OFF,24978,2866,100,100,0,0.156,70,545,12.1,36,28.2,0.008,34.9,37,0,17.6,988,96,9.3,62.44213,378457,33,100,29.4,2,0,0.492,78,30.45,39.71,32.15,96,17.5,0.5642,9,44,0,31.4,0,0,0
2021-09-04,12:11:16,19.58,19.34,20.29,19.97,20.65,20.29,67,61,58,20,13,9,5.16,0.0,0.0,0.0,0.0,0.0,0.0,23.6,53,0,125,ON,OFF,ON,0,34.2,30,0,13492,OFF,OFF,29.4,29.5,32.78,29.4,45.65,9.0,6.0,34.35,38.0,17.58,30,30,32.5,38.5,95,99,OFF,OFF,100,100,6.113,1.268,1,0,ON,ON,0.922,4.372,0,0,OFF,OFF,24978,2866,100,100,0,0.156,70,545,12.1,36,28.2,0.008,34.9,37,0,17.6,988,96,9.3,62.44213,378457,33,100,29.4,2,0,0.492,78,30.45,39.71,32.15,96,17.5,0.5642,9,44,0,31.4,0,0,0
2021-09-04,12:11:46,19.58,19.34,20.29,19.97,20.65,20.29,67,61,58,20,13,9,5.16,0.0,0.0,0.0,0.0,0.0,0.0,23.6,53,0,125,ON,OFF,ON,0,34.2,30,0,13492,OFF,OFF,29.4,29.5,32.78,29.4,45.65,9.0,6.0,34.35,38.0,17.58,30,30,33.5,37.5,95,99,OFF,OFF,100,100,6.113,1.268,1,0,ON,ON,0.922,4.372,0,0,OFF,OFF,24978,2866,100,100,0,0.156,70,545,12.1,36,28.2,0.008,34.9,37,0,17.6,988,96,9.3,62.44213,378457,33,100,29.4,2,0,0.492,78,30.45,39.71,32.15,96,17.5,0.5642,9,44,0,31.4,0,0,0
2021-09-04,12:12:16,19.58,19.34,20.29,19.97,20.65,20.29,67,61,58,20,13,9,5.16,0.0,0.0,0.0,0.0,0.0,0.0,23.6,53,0,125,ON,OFF,ON,0,34.2,30,0,13492,OFF,OFF,29.4,29.5,32.78,29.4,44.99,9.0,6.0,34.35,38.0,17.58,30,31,33.5,37.5,95,99,OFF,OFF,100,100,6.113,1.268,1,0,ON,ON,0.922,4.372,0,0,OFF,OFF,24978,2866,100,100,0,0.156,70,545,12.1,36,28.2,0.008,34.9,37,0,17.6,988,96,9.3,62.44213,378457,33,100,29.4,2,0,0.492,78,30.45,39.71,32.15,96,17.5,0.5642,9,44,0,31.4,0,0,0
2021-09-04,12:12:53,19.58,19.34,20.29,19.97,20.65,20.29,67,61,58,20,13,9,5.16,0.0,0.0,0.0,0.0,0.0,0.0,23.6,53,0,125,ON,OFF,ON,0,34.2,30,0,13492,OFF,OFF,29.4,29.5,32.78,29.4,44.99,9.0,6.0,34.35,38.0,17.58,30,31,33.5,37.5,95,99,OFF,OFF,100,100,6.113,1.268,1,0,ON,ON,0.922,4.372,0,0,OFF,OFF,24978,2866,100,100,0,0.156,70,545,12.1,36,28.2,0.008,34.9,37,0,17.6,988,96,9.3,62.44213,378457,33,100,29.4,2,0,0.492,78,30.45,39.71,32.15,96,17.5,0.5642,9,44,0,31.4,0,0,0
2021-09-04,12:13:23,19.58,19.34,20.29,19.97,20.65,20.29,67,61,58,20,13,9,5.16,0.0,0.0,0.0,0.0,0.0,0.0,23.6,53,0,125,ON,OFF,ON,0,34.2,30,0,13492,OFF,OFF,29.4,29.5,32.78,29.4,44.99,9.0,6.0,34.35,38.0,17.58,30,31,33.5,37,95,99,OFF,OFF,100,100,6.113,1.268,1,0,ON,ON,0.922,4.372,0,0,OFF,OFF,24978,2866,100,100,0,0.156,70,545,12.1,36,28.2,0.008,34.9,37,0,17.6,988,96,9.3,62.44213,378457,33,100,29.4,2,0,0.492,78,30.45,39.71,32.15,96,17.5,0.5642,9,44,0,31.4,0,0,0
2021-09-04,12:13:53,19.58,19.34,20.29,19.97,20.65,20.29,67,61,58,20,13,9,5.16,0.0,0.0,0.0,0.0,0.0,0.0,23.6,53,0,125,ON,OFF,ON,0,34.2,30,0,13492,OFF,OFF,29.4,29.5,32.78,29.4,44.33,9.0,6.0,34.35,38.0,17.58,29,31,33.5,36.5,95,99,OFF,OFF,100,100,6.113,1.268,1,0,ON,ON,0.922,4.372,0,0,OFF,OFF,24978,2866,100,100,0,0.156,70,545,12.1,36,28.2,0.008,34.9,37,0,17.6,988,96,9.3,62.44213,378457,33,100,29.4,2,0,0.492,78,30.45,39.71,32.15,96,17.5,0.5642,9,44,0,31.4,0,0,0
2021-09-04,12:14:23,19.58,19.34,20.29,19.97,20.65,20.29,67,61,58,20,13,9,5.16,0.0,0.0,0.0,0.0,0.0,0.0,23.6,53,0,125,ON,OFF,ON,0,34.2,30,0,13492,OFF,OFF,29.4,29.5,32.78,29.4,44.33,9.0,6.0,34.35,38.0,17.58,29,31,33.5,36.5,95,99,OFF,OFF,100,100,6.113,1.268,1,0,ON,ON,0.922,4.372,0,0,OFF,OFF,24978,2866,100,100,0,0.156,70,545,12.1,36,28.2,0.008,34.9,37,0,17.6,988,96,9.3,62.44213,378457,33,100,29.4,2,0,0.492,78,30.45,39.71,32.15,96,17.5,0.5642,9,44,0,31.4,0,0,0
2021-09-04,12:14:53,19.58,19.34,20.29,19.97,20.65,20.29,67,61,58,20,13,9,5.16,0.0,0.0,0.0,0.0,0.0,0.0,23.6,53,0,125,ON,OFF,ON,0,34.2,30,0,13492,OFF,OFF,29.4,29.5,32.78,29.4,44.33,9.0,6.0,34.35,38.0,17.58,29,31,33.5,36.5,95,99,OFF,OFF,100,100,6.113,1.268,1,0,ON,ON,0.922,4.372,0,0,OFF,OFF,24978,2866,100,100,0,0.156,70,545,12.1,36,27.6,0.008,34.9,37,0,17.6,988,96,9.3,62.44213,378457,33,100,29.4,2,0,0.492,78,30.45,39.71,32.15,96,17.5,0.5642,9,44,0,31.4,0,0,0
2021-09-04,12:15:23,19.58,19.34,20.29,19.97,20.65,20.29,67,61,58,20,13,9,5.16,0.0,0.0,0.0,0.0,0.0,0.0,23.6,53,0,125,ON,OFF,ON,0,34.2,30,0,13492,OFF,OFF,29.4,29.5,32.78,29.4,44.33,9.0,6.0,34.35,38.0,17.58,29,31,33.5,36.5,95,99,OFF,OFF,100,100,6.113,1.268,1,0,ON,ON,0.922,4.372,0,0,OFF,OFF,24978,2866,100,100,0,0.156,70,545,12.1,36,27.6,0.008,34.9,37,0,17.6,988,96,9.3,62.44213,378457,33,100,29.4,2,0,0.492,78,30.45,39.71,32.15,96,17.5,0.5642,9,44,0,31.4,0,0,0
2021-09-04,12:15:53,19.58,19.34,20.29,19.97,20.65,20.29,67,61,58,20,13,9,5.16,0.0,0.0,0.0,0.0,0.0,0.0,23.6,53,0,125,ON,OFF,ON,0,34.2,30,0,13492,OFF,OFF,29.4,29.5,32.78,29.4,43.67,9.0,6.0,34.35,38.0,17.58,29,31,33.5,36,95,99,OFF,OFF,100,100,6.113,1.268,1,0,ON,ON,0.922,4.372,0,0,OFF,OFF,24978,2866,100,100,0,0.156,70,545,12.1,36,27.6,0.008,34.9,37,0,17.6,988,96,9.3,62.44213,378457,33,100,29.4,2,0,0.492,78,30.45,39.71,32.15,96,17.5,0.5642,9,44,0,31.4,0,0,0
2021-09-04,12:16:39,19.58,19.34,20.29,19.97,20.65,20.29,67,61,58,20,13,9,5.16,0.0,0.0,0.0,0.0,0.0,0.0,23.6,53,0,125,ON,OFF,ON,0,34.2,30,0,13492,OFF,OFF,29.4,29.5,32.78,29.4,43.67,9.0,6.0,34.35,38.0,17.58,28,32,33.5,36,95,99,OFF,OFF,100,100,6.113,1.268,1,0,ON,ON,0.922,4.372,0,0,OFF,OFF,24978,2866,100,100,0,0.156,70,545,12.1,36,26.8,0.008,34.9,37,0,17.6,988,96,9.3,62.44213,378457,33,100,29.4,2,0,0.492,78,30.45,39.71,32.15,96,17.5,0.5642,9,44,0,31.4,0,0,0
2021-09-04,12:17:09,19.58,19.34,20.29,19.97,20.65,20.29,67,61,58,20,13,9,5.16,0.0,0.0,0.0,0.0,0.0,0.0,23.6,53,0,125,ON,OFF,ON,0,34.2,30,0,13492,OFF,OFF,29.4,29.5,31.46,29.4,43.01,9.0,6.0,34.35,38.0,17.58,28,32,33.5,36,95,99,OFF,OFF,100,100,6.113,1.268,1,0,ON,ON,0.922,4.372,0,0,OFF,OFF,24978,2866,100,100,0,0.156,70,545,12.1,36,26.8,0.008,34.9,37,0,17.6,988,96,9.3,62.44213,378457,33,100,29.4,2,0,0.492,78,30.45,39.71,32.15,96,17.5,0.5642,9,44,0,31.4,0,0,0
2021-09-04,12:17:39,19.58,19.34,20.29,19.97,20.65,20.29,67,61,58,20,13,9,5.16,0.0,0.0,0.0,0.0,0.0,0.0,23.6,53,0,125,ON,OFF,ON,0,34.2,30,0,13492,OFF,OFF,29.4,29.5,31.46,29.4,43.01,9.0,6.0,34.35,38.0,17.58,28,32,33.5,35.5,95,99,OFF,OFF,100,100,6.113,1.268,1,0,ON,ON,0.922,4.372,0,0,OFF,OFF,24978,2866,100,100,0,0.156,70,545,12.1,36,26.8,0.008,34.9,37,0,17.6,988,96,9.3,62.44213,378457,33,100,29.4,2,0,0.492,78,30.45,39.71,32.15,96,17.5,0.5642,9,44,0,31.4,0,0,0
2021-09-04,12:18:09,19.58,19.34,20.29,19.97,20.65,20.29,67,61,58,20,13,9,5.16,0.0,0.0,0.0,0.0,0.0,0.0,23.6,53,0,125,ON,OFF,ON,0,34.2,30,0,13492,OFF,OFF,29.4,29.5,31.46,29.4,43.01,9.0,6.0,34.35,38.0,17.58,28,32,33.5,35.5,95,99,OFF,OFF,100,100,6.113,1.268,1,0,ON,ON,0.922,4.372,0,0,OFF,OFF,24978,2866,100,100,0,0.156,70,545,12.1,36,26.8,0.008,34.9,37,0,17.6,988,96,9.3,62.44213,378457,33,100,29.4,2,0,0.492,78,30.45,39.71,32.15,96,17.5,0.5642,9,44,0,31.4,0,0,0
2021-09-04,12:18:39,19.58,19.34,20.29,19.97,20.65,20.29,67,61,58,20,13,9,5.16,0.0,0.0,0.0,0.0,0.0,0.0,23.6,53,0,125,ON,OFF,ON,0,34.2,30,0,13492,OFF,OFF,29.4,29.5,31.46,29.4,42.35,9.0,6.0,34.35,38.0,17.58,28,32,33.5,35,95,99,OFF,OFF,100,100,6.113,1.268,1,0,ON,ON,0.922,4.372,0,0,OFF,OFF,24978,2866,100,100,0,0.156,70,545,12.1,36,26.8,0.008,34.9,37,0,17.6,988,96,9.3,62.44213,378457,33,100,29.4,2,0,0.492,78,30.45,39.71,32.15,96,17.5,0.5642,9,44,0,31.4,0,0,0
2021-09-04,12:19:11,19.58,19.34,20.29,19.97,20.65,20.29,67,61,58,20,13,9,5.16,0.0,0.0,0.0,0.0,0.0,0.0,23.6,53,0,125,ON,OFF,ON,0,34.2,30,0,13492,OFF,OFF,29.4,29.5,30.8,29.4,42.35,9.0,6.0,34.35,38.0,17.58,28,32,33.5,35,95,99,OFF,OFF,100,100,6.113,1.268,1,0,ON,ON,0.922,4.372,0,0,OFF,OFF,24978,2866,100,100,0,0.156,70,545,12.1,36,26.8,0.008,34.9,37,0,17.6,988,96,9.3,62.44213,378457,33,100,29.4,2,0,0.492,78,30.45,39.71,32.15,96,17.5,0.5642,9,44,0,31.4,0,0,0
2021-09-04,12:19:41,19.58,19.34,20.29,19.97,20.65,20.29,67,61,58,20,13,9,5.16,0.0,0.0,0.0,0.0,0.0,0.0,23.6,53,0,125,ON,OFF,ON,0,34.2,30,0,13492,OFF,OFF,29.4,29.5,30.8,29.4,41.69,9.0,6.0,34.35,38.0,17.58,28,32,33.5,34.5,95,99,OFF,OFF,100,100,6.113,1.268,1,0,ON,ON,0.922,4.372,0,0,OFF,OFF,24978,2866,100,100,0,0.156,70,545,12.1,36,26.8,0.008,34.9,37,0,17.6,988,96,9.3,62.44213,378457,33,100,29.4,2,0,0.492,78,30.45,39.71,32.15,96,17.5,0.5642,9,44,0,31.4,0,0,0
2021-09-04,12:20:11,19.58,19.34,20.29,19.97,20.65,20.29,67,61,58,20,13,9,5.16,0.0,0.0,0.0,0.0,0.0,0.0,23.6,53,0,125,ON,OFF,ON,0,34.2,30,0,13492,OFF,OFF,29.4,29.5,30.8,29.4,41.69,9.0,6.0,34.35,38.0,17.58,27,33,33.5,34,95,99,OFF,OFF,100,100,6.113,1.268,1,0,ON,ON,0.922,4.372,0,0,OFF,OFF,24978,2866,100,100,0,0.156,70,545,12.1,36,26.8,0.008,34.9,37,0,17.6,988,96,9.3,62.44213,378457,33,100,29.4,2,0,0.492,78,30.45,39.71,32.15,96,17.5,0.5642,9,44,0,31.4,0,0,0
2021-09-04,12:20:41,19.58,19.34,20.29,19.97,20.65,20.29,67,61,58,20,13,9,5.16,0.0,0.0,0.0,0.0,0.0,0.0,23.6,53,0,125,ON,OFF,ON,0,34.2,30,0,13492,OFF,OFF,29.4,29.5,30.8,29.4,41.69,9.0,6.0,34.35,38.0,17.58,27,33,33.5,34,95,99,OFF,OFF,100,100,6.113,1.268,1,0,ON,ON,0.922,4.372,0,0,OFF,OFF,24978,2866,100,100,0,0.156,70,545,12.1,36,26.8,0.008,34.9,37,0,17.6,988,96,9.3,62.44213,378457,33,100,29.4,2,0,0.492,78,30.45,39.71,32.15,96,17.5,0.5642,9,44,0,31.4,0,0,0
2021-09-04,12:21:11,19.58,19.34,20.29,19.97,20.65,20.29,67,61,58,20,13,9,5.16,0.0,0.0,0.0,0.0,0.0,0.0,23.6,53,0,125,ON,OFF,ON,0,34.2,30,0,13492,OFF,OFF,29.4,29.5,30.8,29.4,41.69,9.0,6.0,34.35,38.0,17.58,27,33,33.5,34,95,99,OFF,OFF,100,100,6.113,1.268,1,0,ON,ON,0.922,4.372,0,0,OFF,OFF,24978,2866,100,100,0,0.156,70,545,12.1,36,26.8,0.008,34.9,37,0,17.6,988,96,9.3,62.44213,378457,33,100,29.4,2,0,0.492,78,30.45,39.71,32.15,96,17.5,0.5642,9,44,0,31.4,0,0,0
2021-09-04,12:21:41,19.58,19.34,20.29,19.97,20.65,20.29,67,61,58,20,13,9,5.16,0.0,0.0,0.0,0.0,0.0,0.0,23.6,53,0,125,ON,OFF,ON,0,34.2,30,0,13492,OFF,OFF,29.4,29.5,30.8,29.4,41.03,9.0,6.0,34.35,38.0,17.58,27,33,33.5,34,95,99,OFF,OFF,100,100,6.113,1.268,1,0,ON,ON,0.922,4.372,0,0,OFF,OFF,24978,2866,100,100,0,0.156,70,545,12.1,36,26.8,0.008,34.9,37,0,17.6,988,96,9.3,62.44213,378457,33,100,29.4,2,0,0.492,78,30.45,39.71,32.15,96,17.5,0.5642,9,44,0,31.4,0,0,0
2021-09-04,12:22:11,19.58,19.34,20.29,19.97,20.65,20.29,67,61,58,20,13,9,5.16,0.0,0.0,0.0,0.0,0.0,0.0,23.6,53,0,125,ON,OFF,ON,0,34.2,30,0,13492,OFF,OFF,29.4,29.5,30.14,29.4,41.03,9.0,6.0,34.35,38.0,17.58,27,34,33.5,34,95,99,OFF,OFF,100,100,6.113,1.268,1,0,ON,ON,0.922,4.372,0,0,OFF,OFF,24978,2866,100,100,0,0.156,70,545,12.1,36,26.8,0.008,34.9,37,0,17.6,988,96,9.3,62.44213,378457,33,100,29.4,2,0,0.492,78,30.45,39.71,32.15,96,17.5,0.5642,9,44,0,31.4,0,0,0
2021-09-04,12:22:41,19.58,19.34,20.29,19.97,20.65,20.29,67,61,58,20,13,9,5.16,0.0,0.0,0.0,0.0,0.0,0.0,23.6,53,0,125,ON,OFF,ON,0,34.2,30,0,13492,OFF,OFF,29.4,29.5,30.14,29.4,41.03,9.0,6.0,34.35,38.0,17.58,27,34,33.5,33.5,95,99,OFF,OFF,100,100,6.113,1.268,1,0,ON,ON,0.922,4.372,0,0,OFF,OFF,36634,2866,100,100,0,0.156,70,545,12.1,36,26.8,0.008,34.9,37,0,17.6,988,96,9.3,62.44213,378457,33,100,29.4,2,0,0.492,78,30.45,39.71,32.15,96,17.5,0.5642,9,44,0,31.4,0,0,0
2021-09-04,12:23:11,19.58,19.34,20.29,19.97,20.65,20.29,67,61,58,20,13,9,5.16,0.0,0.0,0.0,0.0,0.0,0.0,23.6,53,0,125,ON,OFF,ON,0,34.2,30,0,13492,OFF,OFF,29.4,29.5,30.14,29.4,41.03,9.0,6.0,34.35,38.0,17.58,27,34,33.5,33.5,95,99,OFF,OFF,100,100,6.113,1.268,1,0,ON,ON,0.922,4.372,0,0,OFF,OFF,36634,2866,100,100,0,0.156,70,545,12.1,36,26.8,0.008,34.9,37,0,17.6,988,96,9.3,62.44213,378457,33,100,29.4,2,0,0.492,78,30.45,39.71,32.15,96,17.5,0.5642,9,44,0,31.4,0,0,0
2021-09-04,12:23:42,19.58,19.34,20.29,19.97,20.65,20.29,67,61,58,20,13,9,5.16,0.0,0.0,0.0,0.0,0.0,0.0,23.6,53,0,125,ON,OFF,ON,0,34.2,30,0,13492,OFF,OFF,29.4,29.5,30.14,29.4,41.03,9.0,6.0,34.35,38.0,17.58,27,34,33.5,33.5,95,99,OFF,OFF,100,100,6.113,1.268,1,0,ON,ON,0.922,4.372,0,0,OFF,OFF,36634,5345,100,100,0,0.156,70,545,12.1,36,26.8,0.008,34.9,37,0,17.6,988,96,9.3,62.44213,378457,33,100,29.4,2,0,0.492,78,30.45,39.71,32.15,96,17.5,0.5642,9,44,0,31.4,0,0,0
2021-09-04,12:24:12,19.58,19.34,20.29,19.97,20.65,20.29,67,61,58,20,13,9,5.16,0.0,0.0,0.0,0.0,0.0,0.0,23.6,53,0,125,ON,OFF,ON,0,34.2,30,0,13492,OFF,OFF,29.4,29.5,30.14,29.4,41.03,9.0,6.0,34.35,38.0,17.58,27,34,33.5,33.5,95,99,OFF,OFF,100,100,6.113,1.268,1,0,ON,ON,0.922,4.372,0,0,OFF,OFF,36634,5345,100,100,0,0.156,70,545,12.1,36,26.8,0.008,34.9,37,0,17.6,988,96,9.3,62.44213,378457,33,100,29.4,2,0,0.492,78,30.45,39.71,32.15,96,17.5,0.5642,9,44,0,31.4,0,0,0
2021-09-04,12:24:42,19.58,19.34,20.29,19.97,20.65,20.29,67,61,58,20,13,9,5.16,0.0,0.0,0.0,0.0,0.0,0.0,23.6,53,0,125,ON,OFF,ON,0,34.2,30,0,13492,OFF,OFF,29.4,29.5,30.14,29.4,41.03,9.0,6.0,34.35,38.0,17.58,27,34,33.5,33.5,95,99,OFF,OFF,100,100,6.113,1.268,1,0,ON,ON,0.922,4.372,0,0,OFF,OFF,108116,5345,100,100,0,0.156,70,545,12.1,36,26.8,0.008,34.9,37,0,17.6,988,96,9.3,62.44213,378457,33,100,29.4,2,0,0.492,78,30.45,39.71,32.15,96,17.5,0.5642,9,44,0,31.4,0,0,0
2021-09-04,12:25:12,19.58,19.34,20.29,19.97,20.65,20.29,67,61,58,20,13,9,5.16,0.0,0.0,0.0,0.0,0.0,0.0,23.6,53,0,125,ON,OFF,ON,0,34.2,30,0,13492,OFF,OFF,29.4,29.5,30.14,29.4,41.03,9.0,6.0,34.35,38.0,17.58,27,34,33.5,33.5,95,99,OFF,OFF,100,100,6.113,1.268,1,0,ON,ON,0.922,4.372,0,0,OFF,OFF,108116,5345,100,100,0,0.156,70,545,12.1,36,26.8,0.008,34.9,37,0,17.6,988,96,9.3,62.44213,378457,33,100,29.4,2,0,0.492,78,30.45,39.71,32.15,96,17.5,0.5642,9,44,0,31.4,0,0,0
2021-09-04,12:25:42,19.58,19.34,20.29,19.97,20.65,20.29,67,61,58,20,13,9,5.16,0.0,0.0,0.0,0.0,0.0,0.0,23.6,53,0,125,ON,OFF,ON,0,34.2,30,0,13492,OFF,OFF,29.4,29.5,30.14,29.4,41.03,9.0,6.0,34.35,38.0,17.58,27,34,33.5,33.5,95,99,OFF,OFF,100,100,6.113,1.268,1,0,ON,ON,0.922,4.372,0,0,OFF,OFF,108116,5345,100,100,0,0.156,70,545,12.1,36,26.8,0.008,34.9,37,0,17.6,988,96,9.3,62.44213,378457,33,100,29.4,2,0,0.492,78,30.45,39.71,32.15,96,17.5,0.5642,9,44,0,31.4,0,0,0
2021-09-04,12:26:12,19.58,19.34,20.29,19.97,20.65,20.29,67,61,58,20,13,9,5.16,0.0,0.0,0.0,0.0,0.0,0.0,23.6,53,0,125,ON,OFF,ON,0,34.2,30,0,13492,OFF,OFF,29.4,29.5,30.14,29.4,41.03,9.0,6.0,34.35,38.0,17.58,27,34,33.5,33.5,95,99,OFF,OFF,100,100,6.113,1.268,1,0,ON,ON,0.922,4.372,0,0,OFF,OFF,108116,5345,100,100,0,0.156,70,545,12.1,36,26.8,0.008,34.9,37,0,17.6,988,96,9.3,62.44213,378457,33,100,29.4,2,0,0.492,78,30.45,39.71,32.15,96,17.5,0.5642,9,44,0,31.4,0,0,0
2021-09-04,12:26:42,19.58,19.34,20.29,19.97,20.65,20.29,67,61,58,20,13,9,5.16,0.0,0.0,0.0,0.0,0.0,0.0,23.6,53,0,125,ON,OFF,ON,0,34.2,30,0,13492,OFF,OFF,29.4,29.5,30.14,29.4,41.03,9.0,6.0,34.35,38.0,17.58,27,34,33.5,33.5,95,99,OFF,OFF,100,100,6.113,1.268,1,0,ON,ON,0.922,4.372,0,0,OFF,OFF,108116,5345,100,100,0,0.156,70,545,12.1,36,27.4,0.008,34.9,37,0,17.6,988,96,9.3,62.44213,378457,33,100,29.4,2,0,0.492,78,30.45,39.71,32.15,96,17.5,0.5642,9,44,0,31.4,0,0,0
2021-09-04,12:27:12,19.58,19.34,20.29,19.97,20.65,20.29,67,61,58,20,13,9,5.16,0.0,0.0,0.0,0.0,0.0,0.0,23.6,53,0,125,ON,OFF,ON,0,34.2,30,0,13492,OFF,OFF,29.4,29.5,30.14,29.4,41.03,9.0,6.0,34.35,38.0,17.58,27,34,33.5,34,95,99,OFF,OFF,100,100,6.113,1.268,1,0,ON,ON,0.922,4.372,0,0,OFF,OFF,108116,5345,100,100,0,0.156,70,545,12.1,36,27.4,0.008,34.9,37,0,17.6,988,96,9.3,62.44213,378457,33,100,29.4,2,0,0.492,78,31.05,39.71,32.15,96,17.5,0.5642,9,44,0,31.4,0,0,0
2021-09-04,12:27:42,19.58,19.34,20.29,19.97,20.65,20.29,67,61,58,20,13,9,5.16,0.0,0.0,0.0,0.0,0.0,0.0,23.6,53,0,125,ON,OFF,ON,0,34.2,30,0,13492,OFF,OFF,29.4,29.5,30.14,29.4,41.03,9.0,6.0,34.35,38.0,17.58,27,34,33.5,34,95,99,OFF,OFF,100,100,6.113,1.268,1,0,ON,ON,0.922,4.372,0,0,OFF,OFF,108116,5345,100,100,0,0.156,70,545,10.6,35,27.5,0.008,34.9,38,0,17.6,988,96,9.3,62.44213,378457,33,100,29.4,2,0,0.492,78,31.05,39.71,32.15,96,17.5,0.5642,9,44,0,31.4,0,0,0
2021-09-04,12:28:20,19.58,19.34,20.29,19.97,20.65,20.29,67,61,58,20,13,9,5.16,0.0,0.0,0.0,0.0,0.0,0.0,23.6,53,0,125,ON,OFF,ON,0,34.2,30,0,13492,OFF,OFF,29.4,29.5,30.14,29.4,41.03,9.0,6.0,34.35,38.0,17.58,27,33,33.5,34,95,99,OFF,OFF,100,100,6.113,1.268,1,0,ON,ON,0.922,4.372,0,0,OFF,OFF,108116,5345,100,100,0,0.156,70,545,10.6,35,27.5,0.008,34.9,38,0,17.6,988,96,9.3,62.44213,378457,33,100,29.4,2,0,0.492,78,31.05,40.28,32.15,96,17.5,0.5642,9,44,0,31.4,0,0,0
2021-09-04,12:28:50,19.58,19.34,20.29,19.97,20.65,20.29,67,61,58,20,13,9,5.16,0.0,0.0,0.0,0.0,0.0,0.0,23.6,53,0,125,ON,OFF,ON,0,34.2,30,0,13492,OFF,OFF,29.4,29.5,30.14,29.4,41.03,9.0,6.0,34.35,38.0,17.58,27,33,33.5,34,95,99,OFF,OFF,100,100,6.113,1.268,1,0,ON,ON,0.922,4.372,0,0,OFF,OFF,108116,5345,100,100,0,0.156,70,545,10.6,35,27.5,0.008,34.9,38,0,17.6,988,96,9.3,62.44213,378457,33,100,29.4,2,0,0.492,78,31.05,40.28,32.15,96,17.5,0.5642,9,44,0,31.4,0,0,0
2021-09-04,12:29:20,19.58,19.34,20.29,19.97,20.65,20.29,67,61,58,20,13,9,5.16,0.0,0.0,0.0,0.0,0.0,0.0,23.6,53,0,125,ON,OFF,ON,0,34.2,30,0,13492,OFF,OFF,29.4,29.5,30.8,29.4,41.03,9.0,6.0,34.35,38.0,17.58,27,33,33.5,34.5,95,99,OFF,OFF,100,100,6.114,1.268,1,0,ON,ON,0.922,4.372,0,0,OFF,OFF,108116,5345,100,100,0,0.156,70,545,10.6,35,27.5,0.008,34.9,38,0,17.6,988,96,9.3,62.44213,378457,33,100,29.4,2,0,0.492,78,31.05,40.28,32.15,96,17.5,0.5642,9,44,0,31.4,0,0,0
2021-09-04,12:29:49,19.58,19.34,20.29,19.97,20.65,20.29,67,61,58,20,13,9,5.16,0.0,0.0,0.0,0.0,0.0,0.0,23.6,53,0,125,ON,OFF,ON,0,34.2,30,0,13492,OFF,OFF,29.4,29.5,30.8,29.4,41.03,9.0,6.0,34.35,38.0,17.58,27,33,33.5,34.5,95,99,OFF,OFF,100,100,6.114,1.268,1,0,ON,ON,0.922,4.372,0,0,OFF,OFF,108116,5345,100,100,0,0.156,70,545,10.6,35,27.5,0.008,34.9,38,0,17.6,988,96,9.3,62.44213,378457,33,100,29.4,2,0,0.492,78,31.05,40.28,32.68,96,17.5,0.5642,9,44,0,31.4,0,0,0
2021-09-04,12:30:19,21.05,20.78,21.27,20.94,21.14,20.77,60,57,56,20,13,9,5.16,0.0,0.0,0.0,0.0,0.0,0.0,23.6,53,0,125,ON,OFF,ON,0,34.2,30,0,13492,OFF,OFF,29.4,29.5,30.8,29.4,41.03,9.0,6.0,34.35,38.0,17.58,28,33,33.5,35,95,99,OFF,OFF,100,100,6.114,1.268,1,0,ON,ON,0.922,4.372,0,0,OFF,OFF,108116,5345,100,100,0,0.156,70,545,10.6,35,27.5,0.008,34.9,38,0,17.6,988,96,9.3,62.44213,378457,33,100,29.4,2,0,0.492,78,31.05,40.28,32.68,96,17.5,0.5642,9,44,0,31.4,0,0,0
2021-09-04,12:30:50,21.05,20.78,21.27,20.94,21.14,20.77,60,57,56,20,13,9,5.16,0.0,0.0,0.0,0.0,0.0,0.0,23.6,53,0,125,ON,OFF,ON,0,34.2,30,0,13492,OFF,OFF,29.4,29.5,30.8,29.4,41.03,9.0,6.0,34.35,38.0,17.58,28,33,33.5,35,95,99,OFF,OFF,100,100,6.114,1.268,1,0,ON,ON,0.922,4.372,0,0,OFF,OFF,108116,5345,100,100,0,0.156,70,545,10.6,35,27.9,0.008,34.9,38,0,17.6,988,96,9.3,62.44213,378457,33,100,29.4,2,0,0.492,78,31.05,40.28,32.68,96,17.5,0.5642,9,44,0,31.4,0,0,0
2021-09-04,12:31:20,21.05,20.78,21.27,20.94,21.14,20.77,60,57,56,20,13,9,5.16,0.0,0.0,0.0,0.0,0.0,0.0,23.6,53,0,125,ON,OFF,ON,0,34.2,30,0,13492,OFF,OFF,29.4,29.5,30.8,29.4,41.03,9.0,6.0,34.35,38.0,17.58,28,33,34,35.5,95,99,OFF,OFF,100,100,6.114,1.268,1,0,ON,ON,0.922,4.372,0,0,OFF,OFF,108116,5345,100,100,0,0.156,70,545,10.6,35,27.9,0.008,34.9,38,0,17.6,988,96,9.3,62.44213,378457,33,100,29.4,2,0,0.492,78,31.05,40.28,32.68,96,17.5,0.5642,9,44,0,31.4,0,0,0
2021-09-04,12:32:06,21.05,20.78,21.27,20.94,21.14,20.77,60,57,56,20,13,9,5.16,0.0,0.0,0.0,0.0,0.0,0.0,23.6,53,0,125,ON,OFF,ON,0,34.2,30,0,13492,OFF,OFF,29.4,29.5,30.8,29.4,41.03,9.0,6.0,34.35,38.0,17.58,28,32,34,35.5,95,99,OFF,OFF,100,100,6.114,1.268,1,0,ON,ON,0.922,4.372,0,0,OFF,OFF,108116,5345,100,100,0,0.156,70,545,10.6,35,27.9,0.008,34.9,38,0,17.6,988,96,9.3,62.44213,378457,33,100,29.4,2,0,0.492,78,31.05,40.28,32.68,96,17.5,0.5642,9,44,0,31.4,0,0,0
2021-09-04,12:32:36,21.05,20.78,21.27,20.94,21.14,20.77,60,57,56,20,13,9,5.16,0.0,0.0,0.0,0.0,0.0,0.0,23.6,53,0,125,ON,OFF,ON,0,34.2,30,0,13492,OFF,OFF,29.4,29.5,30.8,29.4,41.03,9.0,6.0,34.35,38.0,17.58,28,32,34,35.5,95,99,OFF,OFF,100,100,6.114,1.268,1,0,ON,ON,0.922,4.372,0,0,OFF,OFF,108116,5345,100,100,0,0.156,70,545,10.6,35,27.9,0.008,34.9,38,0,17.6,988,96,9.3,62.44213,378457,33,100,29.4,2,0,0.492,78,31.05,40.28,32.68,96,17.5,0.5642,9,44,0,31.4,0,0,0
2021-09-04,12:33:06,21.05,20.78,21.27,20.94,21.14,20.77,60,57,56,20,13,9,5.16,0.0,0.0,0.0,0.0,0.0,0.0,23.6,53,0,125,ON,OFF,ON,0,34.2,30,0,13492,OFF,OFF,29.4,29.5,31.46,29.4,41.03,9.0,6.0,34.35,38.0,17.58,28,32,34,35.5,95,99,OFF,OFF,100,100,6.114,1.268,1,0,ON,ON,0.922,4.372,0,0,OFF,OFF,108116,5345,100,100,0,0.156,70,545,10.6,35,27.9,0.008,34.9,38,0,17.6,988,96,9.3,62.44213,378457,33,100,29.4,2,0,0.492,78,31.05,40.28,32.68,96,17.5,0.5642,9,44,0,31.4,0,0,0
2021-09-04,12:33:36,21.05,20.78,21.27,20.94,21.14,20.77,60,57,56,20,13,9,5.16,0.0,0.0,0.0,0.0,0.0,0.0,23.6,53,0,125,ON,OFF,ON,0,34.2,30,0,13492,OFF,OFF,29.4,29.5,31.46,29.4,41.03,9.0,6.0,34.35,38.0,17.58,28,32,34,36,95,99,OFF,OFF,100,100,6.114,1.268,1,0,ON,ON,0.922,4.372,0,0,OFF,OFF,108116,5345,100,100,0,0.156,70,545,10.6,35,27.9,0.008,35.4,38,0,17.6,988,96,9.3,62.44213,378457,33,100,29.4,2,0,0.492,78,31.05,40.28,32.68,96,17.5,0.5642,9,44,0,31.4,0,0,0
2021-09-04,12:34:06,21.05,20.78,21.27,20.94,21.14,20.77,60,57,56,20,13,9,5.16,0.0,0.0,0.0,0.0,0.0,0.0,23.6,53,0,125,ON,OFF,ON,0,34.2,30,0,13492,OFF,OFF,29.4,29.5,31.46,29.4,41.03,9.0,6.0,34.35,38.0,17.58,28,32,34,36,95,99,OFF,OFF,100,100,6.114,1.268,1,0,ON,ON,0.922,4.372,0,0,OFF,OFF,108116,5345,100,100,0,0.156,70,545,10.6,35,27.9,0.008,35.4,38,0,17.6,988,96,9.3,62.44213,378457,33,100,29.4,2,0,0.492,78,31.05,40.28,32.68,96,17.5,0.5642,9,44,0,31.4,0,0,0
2021-09-04,12:34:36,21.05,20.78,21.27,20.94,21.14,20.77,60,57,56,20,13,9,5.16,0.0,0.0,0.0,0.0,0.0,0.0,23.6,53,0,125,ON,OFF,ON,0,34.2,30,0,13492,OFF,OFF,29.4,29.5,31.46,29.4,41.03,9.0,6.0,34.35,38.0,17.58,28,32,34,36,95,99,OFF,OFF,100,100,6.114,1.268,1,0,ON,ON,0.922,4.372,0,0,OFF,OFF,108116,5345,100,100,0,0.156,70,545,10.6,35,27.9,0.008,35.4,38,0,17.6,988,96,9.3,62.44213,378457,33,100,29.4,2,0,0.492,78,31.05,40.28,32.68,96,17.5,0.5642,9,44,0,31.4,0,0,0
2021-09-04,12:35:06,21.05,20.78,21.27,20.94,21.14,20.77,60,57,56,20,13,9,5.16,0.0,0.0,0.0,0.0,0.0,0.0,23.6,53,0,125,ON,OFF,ON,0,34.2,30,0,13492,OFF,OFF,29.4,29.5,31.46,29.4,41.03,9.0,6.0,34.35,38.0,17.58,28,32,34,36,95,99,OFF,OFF,100,100,6.114,1.268,1,0,ON,ON,0.922,4.372,0,0,OFF,OFF,108116,5345,100,100,0,0.156,70,545,10.6,35,27.9,0.008,35.4,38,0,17.6,988,96,9.3,62.44213,378457,33,100,29.4,2,0,0.492,78,31.05,40.28,32.68,96,17.5,0.5642,9,44,0,31.4,0,0,0
2021-09-04,12:35:36,21.05,20.78,21.27,20.94,21.14,20.77,60,57,56,20,13,9,5.16,0.0,0.0,0.0,0.0,0.0,0.0,23.6,53,0,125,ON,OFF,ON,0,34.2,30,0,13492,OFF,OFF,29.4,29.5,31.46,29.4,41.03,9.0,6.0,34.35,38.0,17.58,28,32,34,36.5,95,99,OFF,OFF,100,100,6.114,1.268,1,0,ON,ON,0.922,4.372,0,0,OFF,OFF,108116,5345,100,100,0,0.156,70,545,10.6,35,27.9,0.008,35.4,38,0,17.6,988,96,9.3,62.44213,378457,33,100,29.4,2,0,0.492,78,31.05,40.28,32.68,96,17.5,0.5642,9,44,0,31.4,0,0,0
2021-09-04,12:36:06,21.05,20.78,21.27,20.94,21.14,20.77,60,57,56,20,13,9,5.16,0.0,0.0,0.0,0.0,0.0,0.0,23.6,53,0,125,ON,OFF,ON,0,34.2,30,0,13492,OFF,OFF,29.4,29.5,31.46,29.4,41.03,9.0,6.0,34.35,38.0,17.58,29,32,34,36.5,95,99,OFF,OFF,100,100,6.114,1.268,1,0,ON,ON,0.922,4.372,0,0,OFF,OFF,108116,5345,100,100,0,0.156,70,545,10.6,35,27.9,0.008,35.4,38,0,17.6,988,96,9.3,62.44213,378457,33,100,29.4,2,0,0.492,78,31.05,40.28,32.68,96,17.5,0.5642,9,44,0,31.4,0,0,0
2021-09-04,12:36:36,21.05,20.78,21.27,20.94,21.14,20.77,60,57,56,20,13,9,5.16,0.0,0.0,0.0,0.0,0.0,0.0,23.6,53,0,125,ON,OFF,ON,0,34.2,30,0,13492,OFF,OFF,29.4,29.5,31.46,29.4,41.03,9.0,6.0,34.35,38.0,17.58,29,32,34,36.5,95,99,OFF,OFF,100,100,6.114,1.268,1,0,ON,ON,0.922,4.372,0,0,OFF,OFF,108116,5345,100,100,0,0.156,70,545,10.6,35,27.9,0.008,35.4,38,0,17.6,988,96,9.3,62.44213,378457,33,100,29.4,2,0,0.492,78,31.05,40.28,32.68,96,17.5,0.5642,9,44,0,31.4,0,0,0
2021-09-04,12:37:06,21.05,20.78,21.27,20.94,21.14,20.77,60,57,56,20,13,9,5.16,0.0,0.0,0.0,0.0,0.0,0.0,23.6,53,0,125,ON,OFF,ON,0,34.2,30,0,13492,OFF,OFF,29.4,29.5,31.46,29.4,41.03,9.0,6.0,34.35,38.0,17.58,29,32,34,36.5,95,99,OFF,OFF,100,100,6.114,1.268,1,0,ON,ON,0.922,4.372,0,0,OFF,OFF,108116,5345,100,100,0,0.156,70,545,10.6,35,27.9,0.008,35.4,38,0,17.6,988,96,9.3,62.44213,378457,33,100,29.4,2,0,0.492,78,31.05,40.28,32.68,96,17.5,0.5642,9,44,0,31.4,0,0,0
2021-09-04,12:37:36,21.05,20.78,21.27,20.94,21.14,20.77,60,57,56,20,13,9,5.16,0.0,0.0,0.0,0.0,0.0,0.0,23.6,53,0,125,ON,OFF,ON,0,34.2,30,0,13492,OFF,OFF,29.4,29.5,32.12,29.4,41.69,9.0,6.0,34.35,38.0,17.58,29,32,34,37,95,99,OFF,OFF,100,100,6.114,1.268,1,0,ON,ON,0.922,4.372,0,0,OFF,OFF,108116,5345,100,100,0,0.156,70,545,10.6,35,27.9,0.008,35.4,38,0,17.6,988,96,9.3,62.44213,378457,33,100,29.4,2,0,0.492,78,31.05,40.28,32.68,96,17.5,0.5642,9,44,0,31.4,0,0,0
2021-09-04,12:38:06,21.05,20.78,21.27,20.94,21.14,20.77,60,57,56,20,13,9,5.16,0.0,0.0,0.0,0.0,0.0,0.0,23.6,53,0,125,ON,OFF,ON,0,34.2,30,0,13492,OFF,OFF,29.4,29.5,32.12,29.4,41.69,9.0,6.0,34.35,38.0,17.58,29,32,34,37,95,99,OFF,OFF,100,100,6.114,1.268,1,0,ON,ON,0.922,4.372,0,0,OFF,OFF,108116,5345,100,100,0,0.156,70,545,10.6,35,27.9,0.008,35.4,38,0,17.6,988,96,9.3,62.44213,378457,33,100,29.4,2,0,0.492,78,31.05,40.28,32.68,96,17.5,0.5642,9,44,0,31.4,0,0,0
2021-09-04,12:38:36,21.05,20.78,21.27,20.94,21.14,20.77,60,57,56,20,13,9,5.16,0.0,0.0,0.0,0.0,0.0,0.0,23.6,53,0,125,ON,OFF,ON,0,34.2,30,0,13492,OFF,OFF,29.4,29.5,32.12,29.4,41.69,9.0,6.0,34.35,38.0,17.58,29,32,34,37,95,99,OFF,OFF,100,100,6.114,1.268,1,0,ON,ON,0.922,4.372,0,0,OFF,OFF,108116,5345,100,100,0,0.156,70,545,10.6,35,27.9,0.008,35.4,38,0,17.6,988,96,9.3,62.44213,378457,33,100,29.4,2,0,0.492,78,31.05,40.28,32.68,96,17.5,0.5642,9,44,0,31.4,0,0,0
2021-09-04,12:39:06,21.05,20.78,21.27,20.94,21.14,20.77,60,57,56,20,13,9,5.16,0.0,0.0,0.0,0.0,0.0,0.0,23.6,53,0,125,ON,OFF,ON,0,34.2,30,0,13492,OFF,OFF,29.4,29.5,32.12,29.4,41.69,9.0,6.0,34.35,38.0,17.58,29,32,34,37,95,99,OFF,OFF,100,100,6.114,1.268,1,0,ON,ON,0.922,4.372,0,0,OFF,OFF,108116,5345,100,100,0,0.156,70,545,10.6,35,27.9,0.008,35.4,38,0,17.6,988,96,9.3,62.44213,378457,33,100,29.4,2,0,0.492,78,31.05,40.28,32.68,96,17.5,0.5642,9,44,0,31.4,0,0,0
2021-09-04,12:39:36,21.05,20.78,21.27,20.94,21.14,20.77,60,57,56,20,13,9,5.16,0.0,0.0,0.0,0.0,0.0,0.0,23.6,53,0,125,ON,OFF,ON,0,34.2,30,0,13492,OFF,OFF,29.4,29.5,32.12,29.4,41.69,9.0,6.0,34.35,38.0,17.58,29,32,34,37,95,99,OFF,OFF,100,100,6.114,1.268,1,0,ON,ON,0.922,4.372,0,0,OFF,OFF,108116,5345,100,100,0,0.156,70,545,10.6,35,27.3,0.008,35.4,38,0,17.6,988,96,9.3,62.44213,378457,33,100,29.4,2,0,0.492,78,31.05,40.28,32.68,96,17.5,0.5642,9,44,0,31.4,0,0,0
2021-09-04,12:40:06,21.05,20.78,21.27,20.94,21.14,20.77,60,57,56,20,13,9,5.16,0.0,0.0,0.0,0.0,0.0,0.0,23.6,53,0,125,ON,OFF,ON,0,34.2,30,0,13492,OFF,OFF,29.4,29.5,32.12,29.4,41.69,9.0,6.0,34.35,38.0,17.58,29,32,34,37,95,99,OFF,OFF,100,100,6.114,1.268,1,0,ON,ON,0.922,4.372,0,0,OFF,OFF,108116,5345,100,100,0,0.156,70,545,10.6,35,27.3,0.008,35.4,38,0,17.6,988,96,9.3,62.44213,378457,33,100,29.4,2,0,0.492,78,31.05,40.28,32.68,96,17.5,0.5642,9,44,0,31.4,0,0,0
2021-09-04,12:40:36,21.05,20.78,21.27,20.94,21.14,20.77,60,57,56,20,13,9,5.16,0.0,0.0,0.0,0.0,0.0,0.0,23.6,53,0,125,ON,OFF,ON,0,34.2,30,0,13492,OFF,OFF,29.4,29.5,32.12,29.4,41.69,9.0,6.0,34.35,38.0,17.58,30,32,34,37.5,95,99,OFF,OFF,100,100,6.114,1.268,1,0,ON,ON,0.922,4.372,0,0,OFF,OFF,108116,5345,100,100,0,0.156,70,545,10.6,35,27.3,0.008,35.9,38,0,17.6,988,96,9.3,62.44213,378457,33,100,29.4,2,0,0.492,78,31.05,40.28,32.68,96,17.5,0.5642,9,44,0,31.4,0,0,0
2021-09-04,12:41:06,21.05,20.78,21.27,20.94,21.14,20.77,60,57,56,20,13,9,5.16,0.0,0.0,0.0,0.0,0.0,0.0,23.6,53,0,125,ON,OFF,ON,0,34.2,30,0,13492,OFF,OFF,29.4,29.5,32.12,29.4,41.69,9.0,6.0,34.35,38.0,17.58,30,32,34,37.5,95,99,OFF,OFF,100,100,6.114,1.268,1,0,ON,ON,0.922,4.372,0,0,OFF,OFF,108116,5345,100,100,0,0.156,70,545,10.6,35,27.3,0.008,35.9,38,0,17.6,988,96,9.3,62.44213,378457,33,100,29.4,2,0,0.492,78,31.05,40.28,32.68,96,17.5,0.5642,9,44,0,31.4,0,0,0
2021-09-04,12:41:36,21.05,20.78,21.27,20.94,21.14,20.77,60,57,56,20,13,9,5.16,0.0,0.0,0.0,0.0,0.0,0.0,23.6,53,0,125,ON,OFF,ON,0,34.2,30,0,13492,OFF,OFF,29.4,29.5,32.78,29.4,41.69,9.0,6.0,34.35,38.0,17.58,30,32,34,37.5,95,99,OFF,OFF,100,100,6.114,1.268,1,0,ON,ON,0.922,4.372,0,0,OFF,OFF,108116,5345,100,100,0,0.156,70,545,10.6,35,26.7,0.008,35.9,38,0,17.6,988,96,9.3,62.44213,378457,33,100,29.4,2,0,0.492,78,31.05,40.28,32.68,96,17.5,0.5642,9,44,0,31.4,0,0,0
2021-09-04,12:42:06,21.05,20.78,21.27,20.94,21.14,20.77,60,57,56,20,13,9,5.16,0.0,0.0,0.0,0.0,0.0,0.0,23.6,53,0,125,ON,OFF,ON,0,34.2,30,0,13492,OFF,OFF,29.4,29.5,32.78,29.4,41.69,9.0,6.0,34.35,38.0,17.58,30,32,34,37.5,95,99,OFF,OFF,100,100,6.114,1.268,1,0,ON,ON,0.922,4.372,0,0,OFF,OFF,108116,5345,100,100,0,0.156,70,545,10.6,35,26.7,0.008,35.9,38,0,17.6,988,96,9.3,62.44213,378457,33,100,29.4,2,0,0.492,78,31.05,40.28,32.68,96,17.5,0.5642,9,44,0,31.4,0,0,0
2021-09-04,12:42:36,21.05,20.78,21.27,20.94,21.14,20.77,60,57,56,20,13,9,5.16,0.0,0.0,0.0,0.0,0.0,0.0,23.6,53,0,125,ON,OFF,ON,0,34.2,30,0,13492,OFF,OFF,29.4,29.5,32.78,29.4,41.69,9.0,6.0,34.35,38.0,17.58,30,32,34,38.5,95,99,OFF,OFF,100,100,6.114,1.268,1,0,ON,ON,0.922,4.372,0,0,OFF,OFF,108116,5345,100,100,0,0.156,70,545,10.6,35,26.7,0.008,35.9,38,0,17.6,988,96,9.3,62.44213,378457,33,100,29.4,2,0,0.492,78,31.05,40.28,32.68,96,17.5,0.5642,9,44,0,31.4,0,0,0
2021-09-04,12:43:06,21.05,20.78,21.27,20.94,21.14,20.77,60,57,56,20,13,9,5.16,0.0,0.0,0.0,0.0,0.0,0.0,23.6,53,0,125,ON,OFF,ON,0,34.2,30,0,13492,OFF,OFF,29.4,29.5,32.78,29.4,41.69,9.0,6.0,34.35,38.0,17.58,30,32,34.5,38.5,95,99,OFF,OFF,100,100,6.114,1.268,1,0,ON,ON,0.922,4.372,0,0,OFF,OFF,108116,5345,100,100,0,0.156,70,545,10.6,35,26.7,0.008,35.9,38,0,17.6,988,96,9.3,62.44213,378457,33,100,29.4,2,0,0.492,78,31.05,40.85,32.68,96,17.5,0.5642,9,44,0,31.4,0,0,0
2021-09-04,12:43:39,21.05,20.78,21.27,20.94,21.14,20.77,60,57,56,20,13,9,5.16,0.0,0.0,0.0,0.0,0.0,0.0,23.6,53,0,125,ON,OFF,ON,0,34.2,30,0,13492,OFF,OFF,29.4,29.5,32.78,29.4,41.69,9.0,6.0,34.35,38.0,17.58,30,32,34.5,38.5,95,99,OFF,OFF,100,100,6.114,1.268,1,0,ON,ON,0.922,4.372,0,0,OFF,OFF,108116,5345,100,100,0,0.156,70,545,10.6,35,26.7,0.008,35.9,38,0,17.6,988,96,9.3,62.44213,378457,33,100,29.4,2,0,0.492,78,31.05,40.85,32.68,96,17.5,0.5642,9,44,0,31.4,0,0,0
2021-09-04,12:44:09,21.05,20.78,21.27,20.94,21.14,20.77,60,57,56,20,13,9,5.16,0.0,0.0,0.0,0.0,0.0,0.0,23.6,53,0,125,ON,OFF,ON,0,34.2,30,0,13492,OFF,OFF,29.4,29.5,32.78,29.4,41.69,9.0,6.0,34.35,38.0,17.58,30,32,34.5,38.5,95,99,OFF,OFF,100,100,6.114,1.268,1,0,ON,ON,0.922,4.372,0,0,OFF,OFF,108116,5345,100,100,0,0.156,70,545,10.6,35,26.7,0.008,35.9,38,0,17.6,988,96,9.3,62.44213,378457,33,100,29.4,2,0,0.492,78,31.05,40.85,32.68,96,17.5,0.5642,9,44,0,31.4,0,0,0
2021-09-04,12:44:39,21.05,20.78,21.27,20.94,21.14,20.77,60,57,56,20,13,9,5.16,0.0,0.0,0.0,0.0,0.0,0.0,23.6,53,0,125,ON,OFF,ON,0,34.2,30,0,13492,OFF,OFF,29.4,29.5,32.78,29.4,41.69,9.0,6.0,34.35,38.0,17.58,30,32,34.5,38.5,95,99,OFF,OFF,100,100,6.114,1.268,1,0,ON,ON,0.922,4.372,0,0,OFF,OFF,108116,5345,100,100,0,0.156,70,545,10.6,35,26.2,0.008,35.9,38,0,17.6,988,96,9.3,62.44213,378457,33,100,29.4,2,0,0.492,78,31.05,40.85,32.68,96,17.5,0.5642,9,44,0,31.4,0,0,0
2021-09-04,12:45:09,21.05,20.78,21.27,20.94,21.14,20.77,60,57,56,20,13,9,5.16,0.0,0.0,0.0,0.0,0.0,0.0,23.6,53,0,125,ON,OFF,ON,0,34.2,30,0,13492,OFF,OFF,29.4,29.5,32.78,29.4,42.35,9.0,6.0,34.35,38.0,17.58,30,32,34.5,38.5,95,99,OFF,OFF,100,100,6.114,1.268,1,0,ON,ON,0.922,4.372,0,0,OFF,OFF,108116,5345,100,100,0,0.156,70,545,10.6,35,26.2,0.008,35.9,38,0,17.6,988,96,9.3,62.44213,378457,33,100,29.4,2,0,0.492,78,31.05,40.85,33.37,96,17.5,0.5642,9,44,0,31.4,0,0,0
2021-09-04,12:45:39,21.05,20.78,21.27,20.94,21.14,20.77,60,57,56,20,13,9,5.16,0.0,0.0,0.0,0.0,0.0,0.0,23.6,53,0,125,ON,OFF,ON,0,34.2,30,0,13492,OFF,OFF,29.4,29.5,32.78,29.4,42.35,9.0,6.0,34.35,38.0,17.58,30,32,34.5,38.5,95,99,OFF,OFF,100,100,6.114,1.268,1,0,ON,ON,0.922,4.372,0,0,OFF,OFF,108116,6405,100,100,0,0.156,70,545,10.6,35,26.2,0.008,35.9,38,0,17.6,988,96,9.3,62.44213,378457,33,100,29.4,2,0,0.492,78,31.05,40.85,33.37,96,17.5,0.5642,9,44,0,31.4,0,0,0
2021-09-04,12:46:10,21.05,20.78,21.27,20.94,21.14,20.77,60,57,56,20,13,9,5.16,0.0,0.0,0.0,0.0,0.0,0.0,23.6,53,0,125,ON,OFF,ON,0,34.2,30,0,13492,OFF,OFF,29.4,29.5,32.78,29.4,42.35,9.0,6.0,34.35,38.0,17.58,30,32,34.5,39,95,99,OFF,OFF,100,100,6.114,1.268,1,0,ON,ON,0.922,4.372,0,0,OFF,OFF,108116,6405,100,100,0,0.156,70,545,10.6,35,26.2,0.008,35.9,38,0,17.6,988,96,9.3,62.44213,378457,33,100,29.4,2,0,0.492,78,31.05,40.85,33.37,96,17.5,0.5642,9,44,0,31.4,0,0,0
2021-09-04,12:46:40,21.05,20.78,21.27,20.94,21.14,20.77,60,57,56,20,13,9,5.16,0.0,0.0,0.0,0.0,0.0,0.0,23.6,53,0,125,ON,OFF,ON,0,34.2,30,0,13492,OFF,OFF,29.4,29.5,32.78,29.4,42.35,9.0,6.0,34.35,38.0,17.58,30,32,34.5,39,95,99,OFF,OFF,100,100,6.114,1.268,1,0,ON,ON,0.922,4.372,0,0,OFF,OFF,108116,6405,100,100,0,0.156,70,545,10.6,35,26.8,0.008,35.9,38,0,17.6,988,96,9.3,62.44213,378457,33,100,29.4,2,0,0.492,78,31.05,40.85,33.37,96,17.5,0.5642,9,44,0,31.4,0,0,0
2021-09-04,12:47:27,21.05,20.78,21.27,20.94,21.14,20.77,60,57,56,20,13,9,5.16,0.0,0.0,0.0,0.0,0.0,0.0,23.6,53,0,125,ON,OFF,ON,0,34.2,30,0,13492,OFF,OFF,29.4,29.5,32.78,29.4,42.35,9.0,6.0,34.35,38.0,17.58,30,32,34.5,39,95,99,OFF,OFF,100,100,6.114,1.268,1,0,ON,ON,0.922,4.372,0,0,OFF,OFF,108116,6405,100,100,0,0.156,70,545,10.6,35,27.3,0.008,35.9,38,0,17.6,988,96,9.3,62.44213,378457,33,100,29.4,2,0,0.492,78,31.68,40.85,33.37,96,17.5,0.5642,9,44,0,31.4,0,0,0
2021-09-04,12:47:57,21.05,20.78,21.27,20.94,21.14,20.77,60,57,56,20,13,9,5.16,0.0,0.0,0.0,0.0,0.0,0.0,23.6,53,0,125,ON,OFF,ON,0,34.2,30,0,13492,OFF,OFF,29.4,29.5,33.44,29.4,42.35,9.0,6.0,34.35,38.0,17.58,30,32,34.5,39,95,99,OFF,OFF,100,100,6.114,1.268,1,0,ON,ON,0.922,4.372,0,0,OFF,OFF,108116,6405,100,100,0,0.156,70,545,10.6,35,27.3,0.008,35.9,38,0,17.6,988,96,9.3,62.44213,378457,33,100,29.4,2,0,0.492,78,31.68,40.85,33.37,96,17.5,0.5642,9,44,0,31.4,0,0,0
2021-09-04,12:48:27,21.05,20.78,21.27,20.94,21.14,20.77,60,57,56,20,13,9,5.16,0.0,0.0,0.0,0.0,0.0,0.0,23.6,53,0,125,ON,OFF,ON,0,34.2,30,0,13492,OFF,OFF,29.4,29.5,33.44,29.4,42.35,9.0,6.0,34.35,38.0,17.58,30,32,34.5,39.5,95,99,OFF,OFF,100,100,6.114,1.268,1,0,ON,ON,0.922,4.372,0,0,OFF,OFF,108116,6405,100,100,0,0.156,70,545,10.6,35,27.3,0.008,35.9,38,0,17.6,988,96,9.3,62.44213,378457,33,100,29.4,2,0,0.492,78,31.68,40.85,33.37,96,17.5,0.5642,9,44,0,31.4,0,0,0
2021-09-04,12:48:57,21.05,20.78,21.27,20.94,21.14,20.77,60,57,56,20,13,9,5.16,0.0,0.0,0.0,0.0,0.0,0.0,23.6,53,0,125,ON,OFF,ON,0,34.2,30,0,13492,OFF,OFF,29.4,29.5,33.44,29.4,42.35,9.0,6.0,34.35,38.0,17.58,30,31,34.5,39.5,95,99,OFF,OFF,100,100,6.114,1.268,1,0,ON,ON,0.922,4.372,0,0,OFF,OFF,108116,6405,100,100,0,0.156,70,545,10.6,35,27.3,0.008,35.9,38,0,17.6,988,96,9.3,62.44213,378457,33,100,29.4,2,0,0.492,78,31.68,40.85,33.37,96,17.5,0.5642,9,44,0,31.4,0,0,0
2021-09-04,12:49:27,21.05,20.78,21.27,20.94,21.14,20.77,60,57,56,20,13,9,5.16,0.0,0.0,0.0,0.0,0.0,0.0,23.6,53,0,125,ON,OFF,ON,0,34.2,30,0,13492,OFF,OFF,29.4,29.5,33.44,29.4,42.35,9.0,6.0,34.35,38.0,17.58,30,31,35,39.5,95,99,OFF,OFF,100,100,6.114,1.268,1,0,ON,ON,0.922,4.372,0,0,OFF,OFF,108116,6405,100,100,0,0.156,70,545,10.6,35,27.3,0.008,35.9,38,0,17.6,988,96,9.3,62.44213,378457,33,100,29.4,2,0,0.492,78,31.68,40.85,33.37,96,17.5,0.5642,9,44,0,31.4,0,0,0
2021-09-04,12:49:57,21.05,20.78,21.27,20.94,21.14,20.77,60,57,56,20,13,9,5.16,0.0,0.0,0.0,0.0,0.0,0.0,23.6,53,0,125,ON,OFF,ON,0,34.2,30,0,13492,OFF,OFF,29.4,29.5,33.44,29.4,42.35,9.0,6.0,34.35,38.0,17.58,30,31,35,39.5,95,99,OFF,OFF,100,100,6.114,1.268,1,0,ON,ON,0.922,4.372,0,0,OFF,OFF,108116,6405,100,100,0,0.156,70,545,10.6,35,27.3,0.008,36.4,38,0,17.6,988,96,9.3,62.44213,378457,33,100,29.4,2,0,0.492,78,31.68,40.85,33.37,96,17.5,0.5642,9,44,0,31.4,0,0,0
2021-09-04,12:50:26,21.05,20.78,21.27,20.94,21.14,20.77,60,57,56,20,13,9,5.16,0.0,0.0,0.0,0.0,0.0,0.0,23.6,53,0,125,ON,OFF,ON,0,34.2,30,0,13492,OFF,OFF,29.4,29.5,33.44,29.4,42.35,9.0,6.0,34.35,38.0,17.58,30,31,35,39.5,95,99,OFF,OFF,100,100,6.114,1.268,1,0,ON,ON,0.922,4.372,0,0,OFF,OFF,108116,6405,100,100,0,0.156,70,545,10.6,35,27.3,0.008,36.4,38,0,17.6,988,96,9.3,62.44213,378457,33,100,29.4,2,0,0.492,78,31.68,40.85,33.37,96,17.5,0.5642,9,44,0,31.4,0,0,0
2021-09-04,12:50:56,21.05,20.78,21.27,20.94,21.14,20.77,60,57,56,20,13,9,5.16,0.0,0.0,0.0,0.0,0.0,0.0,23.6,53,0,125,ON,OFF,ON,0,34.2,30,0,13492,OFF,OFF,29.4,29.5,33.44,29.4,42.35,9.0,6.0,34.35,38.0,17.58,30,31,35,39.5,95,99,OFF,OFF,100,100,6.114,1.268,1,0,ON,ON,0.922,4.372,0,0,OFF,OFF,108116,6405,100,100,0,0.156,70,545,10.6,35,27.3,0.008,36.4,38,0,17.6,988,96,9.3,62.44213,378457,33,100,29.4,2,0,0.492,78,31.68,40.85,33.37,96,17.5,0.5642,9,44,0,31.4,0,0,0
2021-09-04,12:51:26,21.05,20.78,21.27,20.94,21.14,20.77,60,57,56,20,13,9,5.16,0.0,0.0,0.0,0.0,0.0,0.0,23.6,53,0,125,ON,OFF,ON,0,34.2,30,0,13492,OFF,OFF,29.4,29.5,33.44,29.4,42.35,9.0,6.0,34.35,38.0,17.58,30,31,35,39.5,95,99,OFF,OFF,100,100,6.114,1.268,1,0,ON,ON,0.922,4.372,0,0,OFF,OFF,108116,6405,100,100,0,0.156,70,545,10.6,35,27.3,0.008,36.4,38,0,17.6,988,96,9.3,62.44213,378457,33,100,29.4,2,0,0.492,78,31.68,40.85,33.37,96,17.5,0.5642,9,44,0,31.4,0,0,0
2021-09-04,12:51:56,21.05,20.78,21.27,20.94,21.14,20.77,60,57,56,20,13,9,5.16,0.0,0.0,0.0,0.0,0.0,0.0,23.6,53,0,125,ON,OFF,ON,0,34.2,30,0,13492,OFF,OFF,29.4,29.5,33.44,29.4,42.35,9.0,6.0,34.35,38.0,17.58,30,31,35,39.5,95,99,OFF,OFF,100,100,6.114,1.268,1,0,ON,ON,0.922,4.372,0,0,OFF,OFF,108116,6405,100,100,0,0.156,70,545,10.6,35,27.3,0.008,36.4,38,0,17.6,988,96,9.3,62.44213,378457,33,100,29.4,2,0,0.492,78,31.68,40.85,33.37,96,17.5,0.5642,9,44,0,31.4,0,0,0
2021-09-04,12:52:26,21.05,20.78,21.27,20.94,21.14,20.77,60,57,56,20,13,9,5.16,0.0,0.0,0.0,0.0,0.0,0.0,23.6,53,0,125,ON,OFF,ON,0,34.2,30,0,13492,OFF,OFF,29.4,29.5,33.44,29.4,42.35,9.0,6.0,34.35,38.0,17.58,30,31,35,40,95,99,OFF,OFF,100,100,6.114,1.268,1,0,ON,ON,0.922,4.372,0,0,OFF,OFF,108116,6405,100,100,0,0.156,70,545,10.6,35,27.8,0.008,36.4,38,0,17.6,988,96,9.3,62.44213,378457,33,100,29.4,2,0,0.492,78,31.68,40.85,33.37,96,17.5,0.5642,9,44,0,31.4,0,0,0
2021-09-04,12:52:56,21.05,20.78,21.27,20.94,21.14,20.77,60,57,56,20,13,9,5.16,0.0,0.0,0.0,0.0,0.0,0.0,23.6,53,0,125,ON,OFF,ON,0,34.2,30,0,13492,OFF,OFF,29.4,29.5,34.1,29.4,42.35,9.0,6.0,34.35,38.0,17.58,30,31,35,40,95,99,OFF,OFF,100,100,6.114,1.268,1,0,ON,ON,0.922,4.372,0,0,OFF,OFF,108116,6405,100,100,0,0.156,70,545,10.6,35,27.8,0.008,36.4,38,0,17.6,988,96,9.3,62.44213,378457,33,100,29.4,2,0,0.492,78,31.68,40.85,33.37,96,17.5,0.5642,9,44,0,31.4,0,0,0
2021-09-04,12:53:26,21.05,20.78,21.27,20.94,21.14,20.77,60,57,56,20,13,9,5.16,0.0,0.0,0.0,0.0,0.0,0.0,23.6,53,0,125,ON,OFF,ON,0,34.2,30,0,13492,OFF,OFF,29.4,29.5,34.1,29.4,42.35,9.0,6.0,34.35,38.0,17.58,30,31,35,40,95,99,OFF,OFF,100,100,6.114,1.268,1,0,ON,ON,0.922,4.372,0,0,OFF,OFF,108116,6405,100,100,0,0.156,70,545,10.6,35,27.8,0.008,36.4,38,0,17.6,988,96,9.3,62.44213,378457,33,100,29.4,2,0,0.492,78,31.68,40.85,33.37,96,17.5,0.5642,9,44,0,31.4,0,0,0
2021-09-04,12:53:56,21.05,20.78,21.27,20.94,21.14,20.77,60,57,56,20,13,9,5.16,0.0,0.0,0.0,0.0,0.0,0.0,23.6,53,0,125,ON,OFF,ON,0,34.2,30,0,13492,OFF,OFF,29.4,29.5,34.1,29.4,42.35,9.0,6.0,34.35,38.0,17.58,30,31,35,40,95,99,OFF,OFF,100,100,6.114,1.268,1,0,ON,ON,0.922,4.372,0,0,OFF,OFF,108116,6405,100,100,0,0.156,70,545,10.6,35,27.8,0.008,36.4,38,0,17.6,988,96,9.3,62.44213,378457,33,100,29.4,2,0,0.492,78,31.68,40.85,33.37,96,17.5,0.5642,9,44,0,31.4,0,0,0
2021-09-04,12:54:26,21.05,20.78,21.27,20.94,21.14,20.77,60,57,56,20,13,9,5.16,0.0,0.0,0.0,0.0,0.0,0.0,23.6,53,0,125,ON,OFF,ON,0,34.2,30,0,13492,OFF,OFF,29.4,29.5,34.1,29.4,42.35,9.0,6.0,34.35,38.0,17.58,30,31,35,40,95,99,OFF,OFF,100,100,6.114,1.268,1,0,ON,ON,0.922,4.372,0,0,OFF,OFF,108116,6405,100,100,0,0.156,70,545,10.6,35,27.8,0.008,36.4,38,0,17.6,988,96,9.3,62.44213,378457,33,100,29.4,2,0,0.492,78,31.68,40.85,33.37,96,17.5,0.5642,9,44,0,31.4,0,0,0
2021-09-04,12:54:56,21.05,20.78,21.27,20.94,21.14,20.77,60,57,56,20,13,9,5.16,0.0,0.0,0.0,0.0,0.0,0.0,23.6,53,0,125,ON,OFF,ON,0,34.2,30,0,13492,OFF,OFF,29.4,29.5,34.1,29.4,42.35,9.0,6.0,34.35,38.0,17.58,30,31,35,40.5,95,99,OFF,OFF,100,100,6.114,1.268,1,0,ON,ON,0.922,4.372,0,0,OFF,OFF,108116,6405,100,100,0,0.156,70,545,10.6,35,27.8,0.008,36.4,38,0,17.6,988,96,9.3,62.44213,378457,33,100,29.4,2,0,0.492,78,31.68,40.85,33.37,96,17.5,0.5642,9,44,0,31.4,0,0,0
2021-09-04,12:55:26,21.05,20.78,21.27,20.94,21.14,20.77,60,57,56,20,13,9,5.16,0.0,0.0,0.0,0.0,0.0,0.0,23.6,53,0,125,ON,OFF,ON,0,34.2,30,0,13492,OFF,OFF,29.4,29.5,34.1,29.4,42.35,9.0,6.0,34.35,38.0,17.58,30,31,35.5,40.5,95,99,OFF,OFF,100,100,6.114,1.268,1,0,ON,ON,0.922,4.372,0,0,OFF,OFF,108116,6405,100,100,0,0.156,70,545,10.6,35,27.8,0.008,36.4,38,0,17.6,988,96,9.3,62.44213,378457,33,100,29.4,2,0,0.492,78,31.68,40.85,33.37,96,17.5,0.5642,9,44,0,31.4,0,0,0
2021-09-04,12:55:56,21.05,20.78,21.27,20.94,21.14,20.77,60,57,56,20,13,9,5.16,0.0,0.0,0.0,0.0,0.0,0.0,23.6,53,0,125,ON,OFF,ON,0,34.2,30,0,13492,OFF,OFF,29.4,29.5,34.1,29.4,42.35,9.0,6.0,34.35,38.0,17.58,30,31,35.5,40.5,95,99,OFF,OFF,100,100,6.114,1.268,1,0,ON,ON,0.922,4.372,0,0,OFF,OFF,108116,6405,100,100,0,0.156,70,545,10.6,35,27.8,0.008,36.4,38,0,17.6,1090,96,9.3,62.44213,378457,33,100,29.4,2,0,0.492,78,31.68,40.85,33.37,96,17.5,0.5642,9,44,0,31.4,0,0,0
2021-09-04,12:56:26,21.05,20.78,21.27,20.94,21.14,20.77,60,57,56,20,13,9,5.16,0.0,0.0,0.0,0.0,0.0,0.0,23.6,53,0,125,ON,OFF,ON,0,34.2,30,0,13492,OFF,OFF,29.4,29.5,34.1,29.4,43.01,9.0,6.0,34.35,38.0,17.58,30,31,35.5,40.5,95,99,OFF,OFF,100,100,6.114,1.268,1,0,ON,ON,0.922,4.372,0,0,OFF,OFF,108116,6405,100,100,0,0.156,70,545,10.6,35,27.2,0.008,36.4,38,0,17.6,1090,96,9.3,62.44213,378457,33,100,29.4,2,0,0.492,78,31.68,40.85,33.37,96,17.5,0.5642,9,44,0,31.4,0,0,0
2021-09-04,12:56:56,21.05,20.78,21.27,20.94,21.14,20.77,60,57,56,20,13,9,5.16,0.0,0.0,0.0,0.0,0.0,0.0,23.6,53,0,125,ON,OFF,ON,0,34.2,30,0,13492,OFF,OFF,29.4,29.5,34.1,29.4,43.01,9.0,6.0,34.35,38.0,17.58,30,31,35.5,40.5,95,99,OFF,OFF,100,100,6.114,1.268,1,0,ON,ON,0.922,4.372,0,0,OFF,OFF,108116,6405,100,100,0,0.156,70,545,10.6,35,27.2,0.008,36.4,38,0,17.6,1090,96,9.3,62.44213,378457,33,100,29.4,2,0,0.492,78,31.68,40.85,33.37,96,17.5,0.5642,9,44,0,31.4,0,0,0
2021-09-04,12:57:26,21.05,20.78,21.27,20.94,21.14,20.77,60,57,56,20,13,9,5.16,0.0,0.0,0.0,0.0,0.0,0.0,23.6,53,0,125,ON,OFF,ON,0,34.2,30,0,13492,OFF,OFF,29.4,29.5,34.1,29.4,43.01,9.0,6.0,34.35,38.0,17.58,30,31,35.5,40.5,95,99,OFF,OFF,100,100,6.114,1.268,1,0,ON,ON,0.922,4.372,0,0,OFF,OFF,108116,6405,100,100,0,0.156,70,545,10.6,35,26.9,0.008,36.4,38,0,17.6,1090,96,9.3,62.44213,378457,33,100,29.4,2,0,0.492,78,31.68,40.85,33.37,96,17.5,0.5642,9,44,0,31.4,0,0,0
2021-09-04,12:57:56,21.05,20.78,21.27,20.94,21.14,20.77,60,57,56,20,13,9,5.16,0.0,0.0,0.0,0.0,0.0,0.0,23.6,53,0,125,ON,OFF,ON,0,34.2,30,0,13492,OFF,OFF,29.4,29.5,34.1,29.4,43.01,9.0,6.0,34.35,38.0,17.58,30,31,35.5,40.5,95,99,OFF,OFF,100,100,6.114,1.268,1,0,ON,ON,0.922,4.372,0,0,OFF,OFF,108116,6405,100,100,0,0.156,70,545,10.6,33,26.9,0.008,36.8,36,7.363,19.5,1102,96,9.3,62.44213,378457,33,100,29.4,2,0,0.492,78,31.68,41.47,33.37,96,17.5,0.5642,9,44,0,31.4,0,0,0
2021-09-04,12:58:26,21.05,20.78,21.27,20.94,21.14,20.77,60,57,56,20,13,9,5.16,0.0,0.0,0.0,0.0,0.0,0.0,23.6,53,0,125,ON,OFF,ON,0,34.2,30,0,13492,OFF,OFF,29.4,29.5,34.1,29.4,43.01,9.0,6.0,34.35,38.0,17.58,30,30,35.5,40.5,95,99,OFF,OFF,100,100,6.114,1.268,1,0,ON,ON,0.922,4.372,0,0,OFF,OFF,108116,6405,100,100,0,0.156,70,545,10.6,33,26.7,0.008,36.8,36,7.363,19.5,1102,96,9.3,62.44213,378457,33,100,29.4,2,0,0.492,78,31.68,41.47,33.37,96,17.5,0.5642,9,44,0,31.4,0,0,0
2021-09-04,12:58:56,21.05,20.78,21.27,20.94,21.14,20.77,60,57,56,20,13,9,5.16,0.0,0.0,0.0,0.0,0.0,0.0,23.6,53,0,125,ON,OFF,ON,0,34.2,30,0,13492,OFF,OFF,29.4,29.5,34.1,29.4,43.01,9.0,6.0,34.35,38.0,17.58,30,30,35.5,40.5,95,99,OFF,OFF,100,100,6.114,1.268,1,0,ON,ON,0.922,4.372,0,0,OFF,OFF,108116,6405,100,100,0,0.156,70,545,10.6,33,26.7,0.008,36.9,36,7.363,19.5,1102,96,9.3,62.44213,378457,33,100,29.4,2,0,0.492,78,31.68,41.47,33.37,96,17.5,0.5642,9,44,0,31.4,0,0,0
2021-09-04,12:59:26,21.05,20.78,21.27,20.94,21.14,20.77,60,57,56,20,13,9,5.16,0.0,0.0,0.0,0.0,0.0,0.0,23.6,53,0,125,ON,OFF,ON,0,34.2,30,0,13492,OFF,OFF,29.4,29.5,34.1,29.4,43.01,9.0,6.0,34.35,38.0,17.58,30,30,35.5,40.5,95,99,OFF,OFF,100,100,6.114,1.268,1,0,ON,ON,0.922,4.372,0,0,OFF,OFF,108116,6405,100,100,0,0.156,70,545,10.6,33,26.7,0.008,36.9,36,7.363,19.5,1102,96,9.3,62.44213,378457,33,100,29.4,2,0,0.492,78,31.68,41.47,33.37,96,17.5,0.5642,9,44,0,31.4,0,0,0
2021-09-04,12:59:56,21.05,20.78,21.27,20.94,21.14,20.77,60,57,56,20,13,9,5.16,0.0,0.0,0.0,0.0,0.0,0.0,23.6,53,0,125,ON,OFF,ON,0,34.2,30,0,13492,OFF,OFF,29.4,29.5,34.1,29.4,43.01,9.0,6.0,34.35,38.0,17.58,30,30,35.5,40,95,99,OFF,OFF,100,100,6.114,1.268,1,0,ON,ON,0.922,4.372,0,0,OFF,OFF,108116,6405,100,100,0,0.156,70,545,10.6,33,26.7,0.008,36.9,36,7.441,19.5,1102,96,9.3,62.44213,378457,33,100,29.4,2,0,0.492,78,31.68,41.47,34.04,96,17.5,0.5642,9,44,0,31.4,0,0,0
2021-09-04,13:00:26,21.05,20.78,21.27,20.94,21.14,20.77,60,57,56,20,13,9,5.16,0.0,0.0,0.0,0.0,0.0,0.0,23.6,53,0,125,ON,OFF,ON,0,34.2,30,0,13492,OFF,OFF,29.4,29.5,34.1,29.4,43.01,9.0,6.0,34.35,38.0,17.58,30,30,35.5,40,95,99,OFF,OFF,100,100,6.114,1.268,1,0,ON,ON,0.922,4.372,0,0,OFF,OFF,108116,6405,100,100,0,0.156,70,545,10.6,33,26.7,0.008,36.9,36,7.441,19.5,1102,96,9.3,62.44213,378457,33,100,29.4,2,0,0.492,78,31.68,41.47,34.04,96,17.5,0.5642,9,44,0,31.4,0,0,0
2021-09-04,13:00:56,21.05,20.78,21.27,20.94,21.14,20.77,60,57,56,20,13,9,5.16,0.0,0.0,0.0,0.0,0.0,0.0,23.6,53,0,125,ON,OFF,ON,0,34.2,30,0,13492,OFF,OFF,29.4,29.5,34.1,29.4,43.01,9.0,6.0,34.35,38.0,17.58,30,31,35.5,40.5,95,99,OFF,OFF,100,100,6.114,1.268,1,0,ON,ON,0.922,4.372,0,0,OFF,OFF,108116,6405,100,100,0,0.156,70,545,10.6,33,26.7,0.008,36.9,36,7.441,19.5,1102,96,9.3,62.44213,378457,33,100,29.4,2,0,0.492,78,31.68,41.47,34.04,96,17.5,0.5642,9,44,0,31.4,0,0,0
2021-09-04,13:01:26,21.05,20.78,21.27,20.94,21.14,20.77,60,57,56,20,13,9,5.16,0.0,0.0,0.0,0.0,0.0,0.0,23.6,53,0,125,ON,OFF,ON,0,34.2,30,0,13492,OFF,OFF,29.4,29.5,34.1,29.4,43.01,9.0,6.0,34.35,38.0,17.58,30,31,35.5,40.5,95,99,OFF,OFF,100,100,6.114,1.268,1,0,ON,ON,0.922,4.372,0,0,OFF,OFF,108116,6405,100,100,0,0.156,70,545,10.6,33,27.3,0.008,36.9,36,7.441,19.5,1102,96,9.3,62.44213,378457,33,100,29.4,2,0,0.492,78,31.68,41.47,34.04,96,17.5,0.5642,9,44,0,31.4,0,0,0
2021-09-04,13:01:56,21.05,20.78,21.27,20.94,21.14,20.77,60,57,56,20,13,9,5.16,0.0,0.0,0.0,0.0,0.0,0.0,23.6,53,0,125,ON,OFF,ON,0,34.2,30,0,13492,OFF,OFF,29.4,29.5,34.1,29.4,43.01,9.0,6.0,34.35,38.0,17.58,30,31,35.5,40,95,99,OFF,OFF,100,100,6.114,1.268,1,0,ON,ON,0.922,4.372,0,0,OFF,OFF,108116,6405,100,100,0,0.156,70,545,10.6,33,27.3,0.008,36.9,36,7.441,19.5,1102,96,9.3,62.44213,378457,33,100,29.4,2,0,0.492,78,32.3,41.47,34.04,96,17.5,0.5642,9,44,0,31.4,0,0,0
2021-09-04,13:02:42,21.05,20.78,21.27,20.94,21.14,20.77,60,57,56,20,13,9,5.16,0.0,0.0,0.0,0.0,0.0,0.0,23.6,53,0,125,ON,OFF,ON,0,34.2,30,0,13492,OFF,OFF,29.4,29.5,34.1,29.4,43.01,9.0,6.0,34.35,38.0,17.58,29,31,35.5,40,95,99,OFF,OFF,100,100,6.114,1.268,1,0,ON,ON,0.922,4.372,0,0,OFF,OFF,108116,6405,100,100,0,0.156,70,545,10.6,33,27.3,0.008,36.9,36,7.441,19.5,1102,96,9.3,62.44213,378457,33,100,29.4,2,0,0.492,78,32.3,41.47,34.04,96,17.5,0.5642,9,44,0,31.4,0,0,0
2021-09-04,13:03:12,21.05,20.78,21.27,20.94,21.14,20.77,60,57,56,20,13,9,5.16,0.0,0.0,0.0,0.0,0.0,0.0,23.6,53,0,125,ON,OFF,ON,0,34.2,30,0,13492,OFF,OFF,29.4,29.5,34.1,29.4,43.01,9.0,6.0,34.35,38.0,17.58,29,31,35.5,40,95,99,OFF,OFF,100,100,6.114,1.268,1,0,ON,ON,0.922,4.372,0,0,OFF,OFF,108116,6405,100,100,0,0.156,70,545,10.6,33,27.3,0.008,36.9,36,7.441,19.5,1102,96,9.3,62.44213,378457,33,100,29.4,2,0,0.492,78,32.3,41.47,34.04,96,17.5,0.5642,9,44,0,31.4,0,0,0
2021-09-04,13:03:42,21.05,20.78,21.27,20.94,21.14,20.77,60,57,56,20,13,9,5.16,0.0,0.0,0.0,0.0,0.0,0.0,23.6,53,0,125,ON,OFF,ON,0,34.2,30,0,13492,OFF,OFF,29.4,29.5,34.1,29.4,43.01,9.0,6.0,34.35,38.0,17.58,29,31,35.5,40,95,99,OFF,OFF,100,100,6.114,1.268,1,0,ON,ON,0.922,4.372,0,0,OFF,OFF,108116,6405,100,100,0,0.156,70,545,10.6,33,27.8,0.008,36.9,36,7.441,19.5,1102,96,9.3,62.44213,378457,33,100,29.4,2,0,0.492,78,32.3,41.47,34.04,96,17.5,0.5642,9,44,0,31.4,0,0,0
2021-09-04,13:04:12,21.05,20.78,21.27,20.94,21.14,20.77,60,57,56,20,13,9,5.16,0.0,0.0,0.0,0.0,0.0,0.0,23.6,53,0,125,ON,OFF,ON,0,34.2,30,0,13492,OFF,OFF,29.4,29.5,34.1,29.4,43.01,9.0,6.0,34.35,38.0,17.58,29,31,35.5,40.5,95,99,OFF,OFF,100,100,6.114,1.268,1,0,ON,ON,0.922,4.372,0,0,OFF,OFF,108116,6405,100,100,0,0.156,70,545,10.6,33,27.8,0.008,36.9,36,7.441,19.5,1102,96,9.3,62.44213,378457,33,100,29.4,2,0,0.492,78,32.3,41.47,34.04,96,17.5,0.5642,9,44,0,31.4,0,0,0
2021-09-04,13:04:42,21.05,20.78,21.27,20.94,21.14,20.77,60,57,56,20,13,9,5.16,0.0,0.0,0.0,0.0,0.0,0.0,23.6,53,0,125,ON,OFF,ON,0,34.2,30,0,13492,OFF,OFF,29.4,29.5,34.76,29.4,43.01,9.0,6.0,34.35,38.0,17.58,29,31,35.5,40.5,95,99,OFF,OFF,100,100,6.114,1.268,1,0,ON,ON,0.922,4.372,0,0,OFF,OFF,108116,6405,100,100,0,0.156,70,545,10.6,33,27.8,0.008,36.9,36,7.441,19.5,1102,96,9.3,62.44213,378457,33,100,29.4,2,0,0.492,78,32.3,41.47,34.04,96,17.5,0.5642,9,44,0,31.4,0,0,0
2021-09-04,13:05:12,21.05,20.78,21.27,20.94,21.14,20.77,60,57,56,20,13,9,5.16,0.0,0.0,0.0,0.0,0.0,0.0,23.6,53,0,125,ON,OFF,ON,0,34.2,30,0,13492,OFF,OFF,29.4,29.5,34.76,29.4,43.01,9.0,6.0,34.35,38.0,17.58,29,31,35.5,40.5,95,99,OFF,OFF,100,100,6.114,1.268,1,0,ON,ON,0.922,4.372,0,0,OFF,OFF,108116,6405,100,100,0,0.156,70,545,10.6,33,27.8,0.008,36.9,36,7.441,19.5,1102,96,9.3,62.44213,378457,33,100,29.4,2,0,0.492,78,32.3,41.47,34.04,96,17.5,0.5642,9,44,0,31.4,0,0,0
2021-09-04,13:05:42,21.05,20.78,21.27,20.94,21.14,20.77,60,57,56,20,13,9,5.16,0.0,0.0,0.0,0.0,0.0,0.0,23.6,53,0,125,ON,OFF,ON,0,34.2,30,0,13492,OFF,OFF,29.4,29.5,34.76,29.4,43.01,9.0,6.0,34.35,38.0,17.58,29,31,35.5,41,95,99,OFF,OFF,100,100,6.114,1.268,1,0,ON,ON,0.922,4.372,0,0,OFF,OFF,108116,6405,100,100,0,0.156,70,545,10.6,33,27.8,0.008,36.9,36,7.441,19.5,1102,96,9.3,62.44213,378457,33,100,29.4,2,0,0.492,78,32.3,41.47,34.04,96,17.5,0.5642,9,44,0,31.4,0,0,0
2021-09-04,13:06:12,21.05,20.78,21.27,20.94,21.14,20.77,60,57,56,20,13,9,5.16,0.0,0.0,0.0,0.0,0.0,0.0,23.6,53,0,125,ON,OFF,ON,0,34.2,30,0,13492,OFF,OFF,29.4,29.5,34.76,29.4,43.01,9.0,6.0,29.28,38.0,17.58,29,31,35.5,41,95,99,OFF,OFF,100,100,6.114,1.268,1,0,ON,ON,0.922,4.372,0,0,OFF,OFF,108116,6405,100,100,0,0.156,70,545,10.6,33,27.8,0.008,36.9,36,7.441,19.5,1102,96,9.3,62.44213,378457,33,100,29.4,2,0,0.492,78,32.3,41.47,34.04,96,17.5,0.5642,9,44,0,31.4,0,0,0
2021-09-04,13:06:42,21.05,20.78,21.27,20.94,21.14,20.77,60,57,56,20,13,9,5.16,0.0,0.0,0.0,0.0,0.0,0.0,23.6,53,0,125,ON,OFF,ON,0,34.2,30,0,13492,OFF,OFF,29.4,29.5,34.76,29.4,43.01,9.0,6.0,29.28,38.0,17.58,30,30,35.5,41,95,99,OFF,OFF,100,100,6.114,1.268,1,0,ON,ON,0.922,4.372,0,0,OFF,OFF,108116,6405,100,100,0,0.156,70,545,10.6,33,27.8,0.008,36.9,36,7.441,19.5,1102,96,9.3,62.44213,378457,33,100,29.4,2,0,0.492,78,32.3,41.47,34.04,96,17.5,0.5642,9,44,0,31.4,0,0,0
2021-09-04,13:07:12,21.05,20.78,21.27,20.94,21.14,20.77,60,57,56,20,13,9,5.16,0.0,0.0,0.0,0.0,0.0,0.0,23.6,53,0,125,ON,OFF,ON,0,34.2,30,0,13492,OFF,OFF,29.4,29.5,34.76,29.4,43.01,9.0,6.0,29.28,38.0,17.58,30,30,36,41,95,99,OFF,OFF,100,100,6.115,1.268,1,0,ON,ON,0.922,4.372,0,0,OFF,OFF,108116,6405,100,100,0,0.156,70,545,10.6,33,27.8,0.008,36.9,36,7.441,19.5,1102,96,9.3,62.44213,378457,33,100,29.4,2,0,0.492,78,32.3,41.47,34.04,96,17.5,0.5642,9,44,0,31.4,0,0,0
2021-09-04,13:07:42,21.05,20.78,21.27,20.94,21.14,20.77,60,57,56,20,13,9,5.16,0.0,0.0,0.0,0.0,0.0,0.0,23.6,53,0,125,ON,OFF,ON,0,34.2,30,0,13492,OFF,OFF,29.4,29.5,34.76,29.4,43.01,9.0,6.0,29.28,38.0,17.58,30,30,36,41,95,99,OFF,OFF,100,100,6.115,1.268,1,0,ON,ON,0.922,4.372,0,0,OFF,OFF,108116,6405,100,100,0,0.156,70,545,10.6,33,27.3,0.008,37.4,36,7.441,19.5,1102,96,9.3,62.44213,378457,33,100,29.4,2,0,0.492,78,32.3,41.47,34.04,96,17.5,0.5642,9,44,0,31.4,0,0,0
2021-09-04,13:08:12,21.05,20.78,21.27,20.94,21.14,20.77,60,57,56,20,13,9,5.16,0.0,0.0,0.0,0.0,0.0,0.0,23.6,53,0,125,ON,OFF,ON,0,34.2,30,0,13492,OFF,OFF,29.4,29.5,34.76,29.4,43.01,9.0,6.0,29.28,38.0,17.58,30,30,36,41,95,99,OFF,OFF,100,100,6.115,1.268,1,0,ON,ON,0.922,4.372,0,0,OFF,OFF,108116,6405,100,100,0,0.156,70,545,10.6,33,27.3,0.008,37.4,36,7.441,19.5,1102,96,9.3,62.44213,378457,33,100,29.4,2,0,0.492,78,32.3,41.47,34.04,96,17.5,0.5642,9,44,0,31.4,0,0,0
2021-09-04,13:08:42,21.05,20.78,21.27,20.94,21.14,20.77,60,57,56,20,13,9,5.16,0.0,0.0,0.0,0.0,0.0,0.0,23.6,53,0,125,ON,OFF,ON,0,34.2,30,0,13492,OFF,OFF,29.4,29.5,34.76,29.4,43.01,9.0,6.0,29.28,38.0,17.58,30,31,36,41,95,99,OFF,OFF,100,100,6.115,1.268,1,0,ON,ON,0.922,4.372,0,0,OFF,OFF,108116,6405,100,100,0,0.156,70,545,10.6,33,27.3,0.008,37.4,36,7.441,19.5,1102,96,9.3,62.44213,378457,33,100,29.4,2,0,0.492,78,32.3,41.47,34.04,96,17.5,0.5642,9,44,0,31.4,0,0,0
2021-09-04,13:09:12,21.05,20.78,21.27,20.94,21.14,20.77,60,57,56,20,13,9,5.16,0.0,0.0,0.0,0.0,0.0,0.0,23.6,53,0,125,ON,OFF,ON,0,34.2,30,0,13492,OFF,OFF,29.4,29.5,34.76,29.4,43.01,9.0,6.0,29.28,38.0,17.58,30,31,36,41.5,95,99,OFF,OFF,100,100,6.115,1.268,1,0,ON,ON,0.922,4.372,0,0,OFF,OFF,108116,6405,100,100,0,0.156,70,545,10.6,33,27.3,0.008,37.4,36,7.441,19.5,1102,96,9.3,62.44213,378457,33,100,29.4,2,0,0.492,78,32.3,41.47,34.04,96,17.5,0.5642,9,44,0,31.4,0,0,0
2021-09-04,13:09:42,21.05,20.78,21.27,20.94,21.14,20.77,60,57,56,20,13,9,5.16,0.0,0.0,0.0,0.0,0.0,0.0,23.6,53,0,125,ON,OFF,ON,0,34.2,30,0,13492,OFF,OFF,29.4,29.5,34.76,29.4,43.01,9.0,6.0,29.28,38.0,17.58,30,31,36,41.5,95,99,OFF,OFF,100,100,6.115,1.268,1,0,ON,ON,0.922,4.372,0,0,OFF,OFF,102481,6405,100,100,0,0.156,70,545,10.6,33,27.3,0.008,37.4,36,7.441,19.5,1102,96,9.3,62.44213,378457,33,100,29.4,2,0,0.492,78,32.3,41.47,34.04,96,17.5,0.5642,9,44,0,31.4,0,0,0
2021-09-04,13:10:12,21.05,20.78,21.27,20.94,21.14,20.77,60,57,56,20,13,9,5.16,0.0,0.0,0.0,0.0,0.0,0.0,23.6,53,0,125,ON,OFF,ON,0,34.2,30,0,13492,OFF,OFF,29.4,29.5,34.76,29.4,43.01,9.0,6.0,29.28,38.0,17.58,30,31,36,41.5,95,99,OFF,OFF,100,100,6.115,1.268,1,0,ON,ON,0.922,4.372,0,0,OFF,OFF,102481,6405,100,100,0,0.156,73,545,10.6,33,27.3,3.874,37.4,36,0,19.5,1102,96,9.3,62.44213,378457,33,100,29.4,2,0,0.492,78,32.3,41.47,34.04,96,17.5,0.5642,9,44,0,31.4,0,0,0
2021-09-04,13:10:42,21.05,20.78,21.27,20.94,21.14,20.77,60,57,56,20,13,9,5.16,0.0,0.0,0.0,0.0,0.0,0.0,23.6,53,0,125,ON,OFF,ON,0,34.2,30,0,13492,OFF,OFF,29.4,29.5,34.76,29.4,43.01,9.0,6.0,29.28,38.0,17.58,30,31,36,41.5,95,99,OFF,OFF,100,100,6.115,1.268,1,0,ON,ON,0.922,4.372,0,0,OFF,OFF,102481,6405,100,100,0,0.156,73,545,10.6,33,27.3,3.874,37.4,36,0,19.5,1102,96,9.3,62.44213,378457,33,100,29.4,2,0,0.492,78,32.3,41.47,34.04,96,17.5,0.5642,9,44,0,31.4,0,0,0
2021-09-04,13:11:12,21.05,20.78,21.27,20.94,21.14,20.77,60,57,56,20,13,9,5.16,0.0,0.0,0.0,0.0,0.0,0.0,23.6,53,0,125,ON,OFF,ON,0,34.2,30,0,13492,OFF,OFF,29.4,29.5,34.76,29.4,43.01,9.0,6.0,29.28,38.0,17.58,30,31,36,41.5,95,99,OFF,OFF,100,100,6.115,1.268,1,0,ON,ON,0.922,4.372,0,0,OFF,OFF,102481,5762,100,100,0,0.156,73,545,10.6,33,27.3,3.874,37.4,36,0,19.5,1102,96,9.3,62.44213,378457,33,100,29.4,2,0,0.492,78,32.3,41.47,34.04,96,17.5,0.5642,9,44,0,31.4,0,0,0
2021-09-04,13:11:42,21.05,20.78,21.27,20.94,21.14,20.77,60,57,56,20,13,9,5.16,0.0,0.0,0.0,0.0,0.0,0.0,23.6,53,0,125,ON,OFF,ON,0,34.2,30,0,13492,OFF,OFF,29.4,29.5,34.76,29.4,43.01,9.0,6.0,29.28,38.0,17.58,30,31,36,41.5,95,99,OFF,OFF,100,100,6.115,1.268,1,0,ON,ON,0.922,4.372,0,0,OFF,OFF,102481,5762,100,100,0,0.156,73,545,10.6,33,27.3,3.874,37.4,36,0,19.5,1102,96,9.3,62.44213,378457,33,100,29.4,2,0,0.492,78,32.3,41.47,34.04,96,17.5,0.5642,9,44,0,31.4,0,0,0
2021-09-04,13:12:12,21.05,20.78,21.27,20.94,21.14,20.77,60,57,56,20,13,9,5.16,0.0,0.0,0.0,0.0,0.0,0.0,23.6,53,0,125,ON,OFF,ON,0,34.2,30,0,13492,OFF,OFF,29.4,29.5,34.76,29.4,43.01,9.0,6.0,29.28,38.0,17.58,30,31,36,41.5,95,99,OFF,OFF,100,100,6.115,1.268,1,0,ON,ON,0.922,4.372,0,0,OFF,OFF,102481,5762,100,100,0,0.156,73,545,10.6,33,27.3,3.874,37.4,36,0,19.5,1102,96,9.3,62.44213,378457,33,100,29.4,2,0,0.492,78,32.3,41.47,34.04,96,17.5,0.5642,9,44,0,31.4,0,0,0
2021-09-04,13:12:42,21.05,20.78,21.27,20.94,21.14,20.77,60,57,56,20,13,9,5.16,0.0,0.0,0.0,0.0,0.0,0.0,23.6,53,0,125,ON,OFF,ON,0,34.2,30,0,13492,OFF,OFF,29.4,29.5,34.76,29.4,43.01,9.0,6.0,29.28,38.0,17.58,30,31,36,41.5,95,99,OFF,OFF,100,100,6.115,1.268,1,0,ON,ON,0.922,4.372,0,0,OFF,OFF,102481,5762,100,100,0,0.156,73,545,10.6,33,27.3,3.874,37.4,36,0,19.5,1102,96,9.3,62.44213,378457,33,100,29.4,2,0,0.492,78,32.3,42.12,34.04,96,17.5,0.5642,9,44,0,31.4,0,0,0
2021-09-04,13:13:12,21.05,20.78,21.27,20.94,21.14,20.77,60,57,56,20,13,9,5.16,0.0,0.0,0.0,0.0,0.0,0.0,23.6,53,0,125,ON,OFF,ON,0,34.2,30,0,13492,OFF,OFF,29.4,29.5,34.76,29.4,43.01,9.0,6.0,29.28,38.0,17.58,30,31,36,41.5,95,99,OFF,OFF,100,100,6.115,1.268,1,0,ON,ON,0.922,4.372,0,0,OFF,OFF,102481,5762,100,100,0,0.156,73,545,10.6,33,27.3,3.874,37.4,36,0,19.5,1102,96,9.3,62.44213,378457,33,100,29.4,2,0,0.492,78,32.3,42.12,34.04,96,17.5,0.5642,9,44,0,31.4,0,0,0
2021-09-04,13:13:42,21.05,20.78,21.27,20.94,21.14,20.77,60,57,56,20,13,9,5.16,0.0,0.0,0.0,0.0,0.0,0.0,23.6,53,0,125,ON,OFF,ON,0,34.2,30,0,13492,OFF,OFF,29.4,29.5,34.76,29.4,43.01,9.0,6.0,29.28,38.0,17.58,30,31,36,41,95,99,OFF,OFF,100,100,6.115,1.268,1,0,ON,ON,0.922,4.372,0,0,OFF,OFF,102481,5762,100,100,0,0.156,73,545,10.6,33,27.3,3.874,37.4,36,0,19.5,1102,96,9.3,62.44213,378457,33,100,29.4,2,0,0.492,78,32.3,42.12,34.04,96,17.5,0.5642,9,44,0,31.4,0,0,0
2021-09-04,13:14:12,21.05,20.78,21.27,20.94,21.14,20.77,60,57,56,20,13,9,5.16,0.0,0.0,0.0,0.0,0.0,0.0,23.6,53,0,125,ON,OFF,ON,0,34.2,30,0,13492,OFF,OFF,29.4,29.5,34.76,29.4,43.01,9.0,6.0,29.28,38.0,17.58,30,31,36,41.5,95,99,OFF,OFF,100,100,6.115,1.268,1,0,ON,ON,0.922,4.372,0,0,OFF,OFF,102481,5762,100,100,0,0.156,73,545,10.6,33,27.3,3.874,37.4,36,0,19.5,1102,96,9.3,62.44213,378457,33,100,29.4,2,0,0.492,78,32.3,42.12,34.04,96,17.5,0.5642,9,44,0,31.4,0,0,0
2021-09-04,13:14:42,21.05,20.78,21.27,20.94,21.14,20.77,60,57,56,20,13,9,5.16,0.0,0.0,0.0,0.0,0.0,0.0,23.6,53,0,125,ON,OFF,ON,0,34.2,30,0,13492,OFF,OFF,29.4,29.5,34.76,29.4,43.01,9.0,6.0,29.28,38.0,17.58,30,31,36,41.5,95,99,OFF,OFF,100,100,6.115,1.268,1,0,ON,ON,0.922,4.372,0,0,OFF,OFF,102481,5762,100,100,0,0.156,73,545,10.6,33,26.8,3.874,37.4,36,0,19.5,1102,96,9.3,62.44213,378457,33,100,29.4,2,0,0.492,78,32.3,42.12,34.74,96,17.5,0.5642,9,44,0,31.4,0,0,0
2021-09-04,13:15:12,21.05,20.78,21.27,20.94,21.14,20.77,60,57,56,20,13,9,5.16,0.0,0.0,0.0,0.0,0.0,0.0,23.6,53,0,125,ON,OFF,ON,0,34.2,30,0,13492,OFF,OFF,29.4,29.5,34.76,29.4,43.01,9.0,6.0,29.28,38.0,17.58,30,31,36,41.5,95,99,OFF,OFF,100,100,6.115,1.268,1,0,ON,ON,0.922,4.372,0,0,OFF,OFF,102481,5762,100,100,0,0.156,73,545,10.6,33,26.8,3.874,37.4,36,0,19.5,1102,96,9.3,62.44213,378457,33,100,29.4,2,0,0.492,78,32.3,42.12,34.74,96,17.5,0.5642,9,44,0,31.4,0,0,0
2021-09-04,13:15:42,21.05,20.78,21.27,20.94,21.14,20.77,60,57,56,20,13,9,5.16,0.0,0.0,0.0,0.0,0.0,0.0,23.6,53,0,125,ON,OFF,ON,0,34.2,30,0,13492,OFF,OFF,29.4,29.5,34.76,29.4,43.01,9.0,6.0,29.28,38.0,17.58,30,31,36,41.5,95,99,OFF,OFF,100,100,6.115,1.268,1,0,ON,ON,0.922,4.372,0,0,OFF,OFF,102481,5762,100,100,0,0.156,73,545,10.6,33,26.8,3.874,37.4,36,0,19.5,1102,96,9.3,62.44213,378457,33,100,29.4,2,0,0.492,78,32.3,42.12,34.74,96,17.5,0.5642,9,44,0,31.4,0,0,0
2021-09-04,13:16:12,21.05,20.78,21.27,20.94,21.14,20.77,60,57,56,20,13,9,5.16,0.0,0.0,0.0,0.0,0.0,0.0,23.6,53,0,125,ON,OFF,ON,0,34.2,30,0,13492,OFF,OFF,29.4,29.5,35.42,29.4,43.01,9.0,6.0,29.28,38.0,17.58,30,31,36,41.5,95,99,OFF,OFF,100,100,6.115,1.268,1,0,ON,ON,0.922,4.372,0,0,OFF,OFF,102481,5762,100,100,0,0.156,73,545,10.6,33,26.8,3.874,37.4,36,0,19.5,1102,96,9.3,62.44213,378457,33,100,29.4,2,0,0.492,78,32.3,42.12,34.74,96,17.5,0.5642,9,44,0,31.4,0,0,0
2021-09-04,13:16:42,21.05,20.78,21.27,20.94,21.14,20.77,60,57,56,20,13,9,5.16,0.0,0.0,0.0,0.0,0.0,0.0,23.6,53,0,125,ON,OFF,ON,0,34.2,30,0,13492,OFF,OFF,29.4,29.5,35.42,29.4,43.01,9.0,6.0,29.28,38.0,17.58,30,30,36,41.5,95,99,OFF,OFF,100,100,6.115,1.268,1,0,ON,ON,0.922,4.372,0,0,OFF,OFF,102481,5762,100,100,0,0.156,73,545,10.6,33,26.8,3.874,37.4,36,0,19.5,1102,96,9.3,62.44213,378457,33,100,29.4,2,0,0.492,78,32.3,42.12,34.74,96,17.5,0.5642,9,44,0,31.4,0,0,0
2021-09-04,13:17:12,21.05,20.78,21.27,20.94,21.14,20.77,60,57,56,20,13,9,5.16,0.0,0.0,0.0,0.0,0.0,0.0,23.6,53,0,125,ON,OFF,ON,0,34.2,30,0,13492,OFF,OFF,29.4,29.5,35.42,29.4,43.01,9.0,6.0,29.28,38.0,17.58,30,30,36,41.5,95,99,OFF,OFF,100,100,6.115,1.268,1,0,ON,ON,0.922,4.372,0,0,OFF,OFF,102481,5762,100,100,0,0.156,73,545,10.6,33,26.8,3.874,37.4,36,0,19.5,1102,96,9.3,62.44213,378457,33,100,29.4,2,0,0.492,78,32.91,42.12,34.74,96,17.5,0.5642,9,44,0,31.4,0,0,0
2021-09-04,13:18:00,21.05,20.78,21.27,20.94,21.14,20.77,60,57,56,20,13,9,5.16,0.0,0.0,0.0,0.0,0.0,0.0,23.6,53,0,125,ON,OFF,ON,0,34.2,30,0,13492,OFF,OFF,29.4,29.5,35.42,29.4,43.67,9.0,6.0,29.28,38.0,17.58,30,30,36,42,95,99,OFF,OFF,100,100,6.115,1.268,1,0,ON,ON,0.922,4.372,0,0,OFF,OFF,102481,5762,100,100,0,0.156,73,545,10.6,33,27.3,3.874,37.4,36,0,19.5,1102,96,9.3,62.44213,378457,33,100,29.4,2,0,0.492,78,32.91,42.12,34.74,96,17.5,0.5642,9,44,0,31.4,0,0,0
2021-09-04,13:18:30,21.05,20.78,21.27,20.94,21.14,20.77,60,57,56,20,13,9,5.16,0.0,0.0,0.0,0.0,0.0,0.0,23.6,53,0,125,ON,OFF,ON,0,34.2,30,0,13492,OFF,OFF,29.4,29.5,35.42,29.4,43.67,9.0,6.0,29.28,38.0,17.58,30,30,36,42,95,99,OFF,OFF,100,100,6.115,1.268,1,0,ON,ON,0.922,4.372,0,0,OFF,OFF,102481,5762,100,100,0,0.156,73,545,10.6,31,27.3,3.874,37.9,36,0,19.5,1102,96,9.3,62.44213,378457,33,100,29.4,2,0,0.492,78,32.91,42.12,34.74,96,17.5,0.5642,9,44,0,31.4,0,0,0
2021-09-04,13:19:00,21.05,20.78,21.27,20.94,21.14,20.77,60,57,56,20,13,9,5.16,0.0,0.0,0.0,0.0,0.0,0.0,23.6,53,0,125,ON,OFF,ON,0,34.2,30,0,13492,OFF,OFF,29.4,29.5,35.42,29.4,43.67,9.0,6.0,29.28,38.0,17.58,30,30,36.5,41.5,95,99,OFF,OFF,100,100,6.115,1.268,1,0,ON,ON,0.922,4.372,0,0,OFF,OFF,102481,5762,100,100,0,0.156,73,545,10.6,31,27.3,3.874,37.9,36,0,19.5,1102,96,9.3,62.44213,378457,33,100,29.4,2,0,0.492,78,32.91,42.12,34.74,96,17.5,0.5642,9,44,0,31.4,0,0,0
2021-09-04,13:19:30,21.05,20.78,21.27,20.94,21.14,20.77,60,57,56,20,13,9,5.16,0.0,0.0,0.0,0.0,0.0,0.0,23.6,53,0,125,ON,OFF,ON,0,34.2,30,0,13492,OFF,OFF,29.4,29.5,35.42,29.4,43.67,9.0,6.0,29.28,38.0,17.58,30,30,36.5,42,95,99,OFF,OFF,100,100,6.115,1.268,1,0,ON,ON,0.922,4.372,0,0,OFF,OFF,102481,5762,100,100,0,0.156,73,545,10.6,31,27.3,3.874,37.9,36,0,19.5,1102,96,9.3,62.44213,378457,33,100,29.4,2,0,0.492,78,32.91,42.12,34.74,96,17.5,0.5642,9,44,0,31.4,0,0,0
2021-09-04,13:20:00,21.05,20.78,21.27,20.94,21.14,20.77,60,57,56,20,13,9,5.16,0.0,0.0,0.0,0.0,0.0,0.0,23.6,53,0,125,ON,OFF,ON,0,34.2,30,0,13492,OFF,OFF,29.4,29.5,35.42,29.4,43.67,9.0,6.0,29.28,38.0,17.58,30,30,36.5,42,95,99,OFF,OFF,100,100,6.115,1.268,1,0,ON,ON,0.922,4.372,0,0,OFF,OFF,102481,5762,100,100,0,0.156,73,545,10.6,31,27.3,3.874,37.9,36,0,19.5,1102,96,9.3,62.44213,378457,33,100,29.4,2,0,0.492,78,32.91,42.12,34.74,96,17.5,0.5642,9,44,0,31.4,0,0,0
2021-09-04,13:20:30,21.05,20.78,21.27,20.94,21.14,20.77,60,57,56,20,13,9,5.16,0.0,0.0,0.0,0.0,0.0,0.0,23.6,53,0,125,ON,OFF,ON,0,34.2,30,0,13492,OFF,OFF,29.4,29.5,35.42,29.4,43.67,9.0,6.0,29.28,38.0,17.58,30,30,36.5,42,95,99,OFF,OFF,100,100,6.115,1.268,1,0,ON,ON,0.922,4.372,0,0,OFF,OFF,102481,5762,100,100,0,0.156,73,545,10.6,31,27.3,3.874,37.9,36,0,19.5,1102,96,9.3,62.44213,378457,33,100,29.4,2,0,0.492,78,32.91,42.12,34.74,96,17.5,0.5642,9,44,0,31.4,0,0,0
2021-09-04,13:21:00,21.05,20.78,21.27,20.94,21.14,20.77,60,57,56,20,13,9,5.16,0.0,0.0,0.0,0.0,0.0,0.0,23.6,53,0,125,ON,OFF,ON,0,34.2,30,0,13492,OFF,OFF,29.4,29.5,35.42,29.4,43.67,9.0,6.0,29.28,38.0,17.58,30,30,36.5,42,95,99,OFF,OFF,100,100,6.115,1.268,1,0,ON,ON,0.922,4.372,0,0,OFF,OFF,102481,5762,100,100,0,0.156,73,545,10.6,31,27.3,3.874,37.9,36,0,19.5,1102,96,9.3,62.44213,378457,33,100,29.4,2,0,0.492,78,32.91,42.12,34.74,96,17.5,0.5642,9,44,0,31.4,0,0,0
2021-09-04,13:21:30,21.05,20.78,21.27,20.94,21.14,20.77,60,57,56,20,13,9,5.16,0.0,0.0,0.0,0.0,0.0,0.0,23.6,53,0,125,ON,OFF,ON,0,34.2,30,0,13492,OFF,OFF,29.4,29.5,35.42,29.4,43.67,9.0,6.0,29.28,38.0,17.58,30,30,36.5,42,95,99,OFF,OFF,100,100,6.115,1.268,1,0,ON,ON,0.922,4.372,0,0,OFF,OFF,102481,5762,100,100,0,0.156,73,545,10.6,31,27.3,3.874,37.9,36,0,19.5,1102,96,9.3,62.44213,378457,33,100,29.4,2,0,0.492,78,32.91,42.12,34.74,96,17.5,0.5642,9,44,0,31.4,0,0,0
2021-09-04,13:22:00,21.05,20.78,21.27,20.94,21.14,20.77,60,57,56,20,13,9,5.16,0.0,0.0,0.0,0.0,0.0,0.0,23.6,53,0,125,ON,OFF,ON,0,34.2,30,0,13492,OFF,OFF,29.4,29.5,35.42,29.4,43.67,9.0,6.0,29.28,38.0,17.58,30,30,36.5,42,95,99,OFF,OFF,100,100,6.115,1.268,1,0,ON,ON,0.922,4.372,0,0,OFF,OFF,102481,5762,100,100,0,0.156,73,545,10.6,31,27.3,3.874,37.9,36,0,19.5,1102,96,9.3,62.44213,378457,33,100,29.4,2,0,0.492,78,32.91,42.12,34.74,96,17.5,0.5642,9,44,0,31.4,0,0,0
2021-09-04,13:22:30,21.05,20.78,21.27,20.94,21.14,20.77,60,57,56,20,13,9,5.16,0.0,0.0,0.0,0.0,0.0,0.0,23.6,53,0,125,ON,OFF,ON,0,34.2,30,0,13492,OFF,OFF,29.4,29.5,35.42,29.4,43.67,9.0,6.0,29.28,38.0,17.58,30,30,36.5,42,95,99,OFF,OFF,100,100,6.115,1.268,1,0,ON,ON,0.922,4.372,0,0,OFF,OFF,102481,5762,100,100,0,0.156,73,545,10.6,31,27.3,3.874,37.9,36,0,19.5,1102,96,9.3,62.44213,378457,33,100,29.4,2,0,0.492,78,32.91,42.12,34.74,96,17.5,0.5642,9,44,0,31.4,0,0,0
2021-09-04,13:23:01,21.05,20.78,21.27,20.94,21.14,20.77,60,57,56,20,13,9,5.16,0.0,0.0,0.0,0.0,0.0,0.0,23.6,53,0,125,ON,OFF,ON,0,34.2,30,0,13492,OFF,OFF,29.4,29.5,35.42,29.4,43.67,9.0,6.0,29.28,38.0,17.58,30,30,36.5,42,95,99,OFF,OFF,100,100,6.115,1.268,1,0,ON,ON,0.922,4.372,0,0,OFF,OFF,102481,5762,100,100,0,0.156,73,545,10.6,31,27.3,3.874,37.9,36,0,19.5,1102,96,9.3,62.44213,378457,33,100,29.4,2,0,0.492,78,32.91,42.12,34.74,96,17.5,0.5642,9,44,0,31.4,0,0,0
2021-09-04,13:23:31,21.05,20.78,21.27,20.94,21.14,20.77,60,57,56,20,13,9,5.16,0.0,0.0,0.0,0.0,0.0,0.0,23.6,53,0,125,ON,OFF,ON,0,34.2,30,0,13492,OFF,OFF,29.4,29.5,35.42,29.4,43.67,9.0,6.0,29.28,38.0,17.58,30,30,36.5,41.5,95,99,OFF,OFF,100,100,6.115,1.268,1,0,ON,ON,0.922,4.372,0,0,OFF,OFF,102481,5762,100,100,0,0.156,73,545,10.6,31,26.6,3.874,37.9,36,0,19.5,1102,96,9.3,62.44213,378457,33,100,29.4,2,0,0.492,78,32.91,42.12,34.74,96,17.5,0.5642,9,44,0,31.4,0,0,0
2021-09-04,13:24:01,21.05,20.78,21.27,20.94,21.14,20.77,60,57,56,20,13,9,5.16,0.0,0.0,0.0,0.0,0.0,0.0,23.6,53,0,125,ON,OFF,ON,0,34.2,30,0,13492,OFF,OFF,29.4,29.5,35.42,29.4,43.67,9.0,6.0,29.28,38.0,17.58,30,30,36.5,41.5,95,99,OFF,OFF,100,100,6.115,1.268,1,0,ON,ON,0.922,4.372,0,0,OFF,OFF,102481,5762,100,100,0,0.156,73,545,10.6,31,26.6,3.874,37.9,36,0,19.5,1102,96,9.3,62.44213,378457,33,100,29.4,2,0,0.492,78,32.91,42.12,34.74,96,17.5,0.5642,9,44,0,31.4,0,0,0
2021-09-04,13:24:31,21.05,20.78,21.27,20.94,21.14,20.77,60,57,56,20,13,9,5.16,0.0,0.0,0.0,0.0,0.0,0.0,23.6,53,0,125,ON,OFF,ON,0,34.2,30,0,13492,OFF,OFF,29.4,29.5,35.42,29.4,43.67,9.0,6.0,29.28,38.0,17.58,30,30,36.5,41.5,95,99,OFF,OFF,100,100,6.115,1.268,1,0,ON,ON,0.922,4.372,0,0,OFF,OFF,102481,5762,100,100,0,0.156,73,545,10.6,31,26.6,3.874,37.9,36,0,19.5,1191,96,9.3,62.44213,378457,33,100,29.4,2,0,0.492,78,32.91,42.12,34.74,96,17.5,0.5642,9,44,0,31.4,0,0,0
2021-09-04,13:25:01,21.05,20.78,21.27,20.94,21.14,20.77,60,57,56,20,13,9,5.16,0.0,0.0,0.0,0.0,0.0,0.0,23.6,53,0,125,ON,OFF,ON,0,34.2,30,0,13492,OFF,OFF,29.4,29.5,35.42,29.4,43.67,9.0,6.0,29.28,38.0,17.58,30,30,36.5,41.5,95,99,OFF,OFF,100,100,6.115,1.268,1,0,ON,ON,0.922,4.372,0,0,OFF,OFF,102481,5762,100,100,0,0.156,73,545,10.6,31,26.6,3.874,37.9,36,0,19.5,1191,96,9.3,62.44213,378457,33,100,29.4,2,0,0.492,78,32.91,42.12,34.74,96,17.5,0.5642,9,44,0,31.4,0,0,0
2021-09-04,13:25:31,21.05,20.78,21.27,20.94,21.14,20.77,60,57,56,20,13,9,5.16,0.0,0.0,0.0,0.0,0.0,0.0,23.6,53,0,125,ON,OFF,ON,0,34.2,30,0,13492,OFF,OFF,29.4,29.5,35.42,29.4,43.67,9.0,6.0,29.28,38.0,17.58,30,30,36.5,41.5,95,99,OFF,OFF,100,100,6.115,1.268,1,0,ON,ON,0.922,4.372,0,0,OFF,OFF,102481,5762,100,100,0,0.156,73,545,10.6,31,26.6,3.874,37.9,36,0,19.5,1191,96,9.3,62.44213,378457,33,100,29.4,2,0,0.492,78,32.91,42.12,34.74,96,17.5,0.5642,9,44,0,31.4,0,0,0
2021-09-04,13:26:01,21.05,20.78,21.27,20.94,21.14,20.77,60,57,56,20,13,9,5.16,0.0,0.0,0.0,0.0,0.0,0.0,23.6,53,0,125,ON,OFF,ON,0,34.2,30,0,13492,OFF,OFF,29.4,29.5,35.42,29.4,43.67,9.0,6.0,29.28,38.0,17.58,30,30,36.5,41.5,95,99,OFF,OFF,100,100,6.115,1.268,1,0,ON,ON,0.922,4.372,0,0,OFF,OFF,102481,5762,100,100,0,0.156,73,545,10.6,31,26.6,3.874,37.9,36,0,19.5,1191,96,9.3,62.44213,378457,33,100,29.4,2,0,0.492,78,32.91,42.12,34.74,96,17.5,0.5642,9,44,0,31.4,0,0,0
2021-09-04,13:26:31,21.05,20.78,21.27,20.94,21.14,20.77,60,57,56,20,13,9,5.16,0.0,0.0,0.0,0.0,0.0,0.0,23.6,53,0,125,ON,OFF,ON,0,34.2,30,0,13492,OFF,OFF,29.4,29.5,35.42,29.4,43.67,9.0,6.0,29.28,38.0,17.58,30,30,36.5,41.5,95,99,OFF,OFF,100,100,6.115,1.268,1,0,ON,ON,0.922,4.372,0,0,OFF,OFF,102481,5762,100,100,0,0.156,73,545,10.6,31,27.1,3.874,37.9,36,0,19.5,1191,96,9.3,62.44213,378457,33,100,29.4,2,0,0.492,78,32.91,42.12,34.74,96,17.5,0.5642,9,44,0,31.4,0,0,0
2021-09-04,13:27:01,21.05,20.78,21.27,20.94,21.14,20.77,60,57,56,20,13,9,5.16,0.0,0.0,0.0,0.0,0.0,0.0,23.6,53,0,125,ON,OFF,ON,0,34.2,30,0,13492,OFF,OFF,29.4,29.5,35.42,29.4,43.67,9.0,6.0,29.28,38.0,17.58,30,29,36.5,41.5,95,99,OFF,OFF,100,100,6.115,1.268,1,0,ON,ON,0.922,4.372,0,0,OFF,OFF,102481,5762,100,100,0,0.156,73,545,10.6,31,27.1,3.874,37.9,36,0,19.5,1191,96,9.3,62.44213,378457,33,100,29.4,2,0,0.492,78,32.91,42.12,34.74,96,17.5,0.5642,9,44,0,31.4,0,0,0
2021-09-04,13:27:31,21.05,20.78,21.27,20.94,21.14,20.77,60,57,56,20,13,9,5.16,0.0,0.0,0.0,0.0,0.0,0.0,23.6,53,0,125,ON,OFF,ON,0,34.2,30,0,13492,OFF,OFF,29.4,29.5,35.42,29.4,43.67,9.0,6.0,29.28,38.0,17.58,30,29,36.5,41.5,95,99,OFF,OFF,100,100,6.115,1.268,1,0,ON,ON,0.922,4.372,0,0,OFF,OFF,102481,5762,100,100,0,0.156,73,545,9.2,32,27.3,0.232,38.3,36,0,19.5,1191,96,9.3,62.44213,378457,33,100,29.4,2,0,0.492,78,32.91,42.74,34.74,96,17.5,0.5642,9,44,0,31.4,0,0,0
2021-09-04,13:28:01,21.05,20.78,21.27,20.94,21.14,20.77,60,57,56,20,13,9,5.16,0.0,0.0,0.0,0.0,0.0,0.0,23.6,53,0,125,ON,OFF,ON,0,34.2,30,0,13492,OFF,OFF,29.4,29.5,35.42,29.4,43.67,9.0,6.0,29.28,38.0,17.58,30,29,36.5,41.5,95,99,OFF,OFF,100,100,6.115,1.268,1,0,ON,ON,0.922,4.372,0,0,OFF,OFF,102481,5762,100,100,0,0.156,73,545,9.2,32,27.3,0.232,38.3,36,0,20.6,1191,96,9.3,62.44213,378457,33,100,29.4,2,0,0.492,78,32.91,42.74,34.74,96,17.5,0.5642,9,44,0,31.4,0,0,0
2021-09-04,13:28:31,21.05,20.78,21.27,20.94,21.14,20.77,60,57,56,20,13,9,5.16,0.0,0.0,0.0,0.0,0.0,0.0,23.6,53,0,125,ON,OFF,ON,0,34.2,30,0,13492,OFF,OFF,29.4,29.5,35.42,29.4,43.67,9.0,6.0,29.28,38.0,17.58,30,29,36.5,41.5,95,99,OFF,OFF,100,100,6.115,1.268,1,0,ON,ON,0.922,4.372,0,0,OFF,OFF,102481,5762,100,100,0,0.156,73,545,9.2,32,27.3,0.232,38.4,36,0,20.6,1191,96,9.3,62.44213,378457,33,100,29.4,2,0,0.492,78,32.91,42.74,34.74,96,17.5,0.5642,9,44,0,31.4,0,0,0
2021-09-04,13:29:01,21.05,20.78,21.27,20.94,21.14,20.77,60,57,56,20,13,9,5.16,0.0,0.0,0.0,0.0,0.0,0.0,23.6,53,0,125,ON,OFF,ON,0,34.2,30,0,13492,OFF,OFF,29.4,29.5,35.42,29.4,43.67,9.0,6.0,29.28,38.0,17.58,30,29,36.5,42,95,99,OFF,OFF,100,100,6.115,1.268,1,0,ON,ON,0.922,4.372,0,0,OFF,OFF,102481,5762,100,100,0,0.156,73,545,9.2,32,27.3,0.232,38.4,36,0,20.6,1191,96,9.3,62.44213,378457,33,100,29.4,2,0,0.492,78,32.91,42.74,34.74,96,17.5,0.5642,9,44,0,31.4,0,0,0
2021-09-04,13:29:31,21.05,20.78,21.27,20.94,21.14,20.77,60,57,56,20,13,9,5.16,0.0,0.0,0.0,0.0,0.0,0.0,23.6,53,0,125,ON,OFF,ON,0,34.2,30,0,13492,OFF,OFF,29.4,29.5,35.42,29.4,43.67,9.0,6.0,29.28,38.0,17.58,30,29,36.5,42,95,99,OFF,OFF,100,100,6.115,1.268,1,0,ON,ON,0.922,4.372,0,0,OFF,OFF,102481,5762,100,100,0,0.156,73,545,9.2,32,27.6,0.232,38.4,36,0,20.6,1191,96,9.3,62.44213,378457,33,100,29.4,2,0,0.492,78,32.91,42.74,35.38,96,17.5,0.5642,9,44,0,31.4,0,0,0
2021-09-04,13:30:01,21.88,21.59,21.88,21.59,21.65,21.31,56,56,55,20,20,15,5.16,0.0,0.0,0.0,0.0,0.0,0.0,23.6,53,0,125,ON,OFF,ON,0,34.2,30,0,13492,OFF,OFF,29.4,29.5,35.42,29.4,43.67,9.0,6.0,29.28,38.0,17.58,30,29,36.5,42,95,99,OFF,OFF,100,100,6.115,1.268,1,0,ON,ON,0.922,4.372,0,0,OFF,OFF,102481,5762,100,100,0,0.156,73,545,9.2,32,27.6,0.232,38.4,36,0,20.6,1191,96,9.3,62.44213,378457,33,100,29.4,2,0,0.492,78,32.91,42.74,35.38,96,17.5,0.5642,9,44,0,31.4,0,0,0
2021-09-04,13:30:31,21.88,21.59,21.88,21.59,21.65,21.31,56,56,55,20,20,15,5.16,0.0,0.0,0.0,0.0,0.0,0.0,23.6,53,0,125,ON,OFF,ON,0,34.2,30,0,13492,OFF,OFF,29.4,29.5,35.42,29.4,43.67,9.0,6.0,29.28,38.0,17.58,30,29,36.5,42,95,99,OFF,OFF,100,100,6.115,1.268,1,0,ON,ON,0.922,4.372,0,0,OFF,OFF,102481,5762,100,100,0,0.156,73,545,9.2,32,27.6,0.232,38.4,36,0,20.6,1191,96,9.3,62.44213,378457,33,100,29.4,2,0,0.492,78,32.91,42.74,35.38,96,17.5,0.5642,9,44,0,31.4,0,0,0
2021-09-04,13:31:01,21.88,21.59,21.88,21.59,21.65,21.31,56,56,55,20,20,15,5.16,0.0,0.0,0.0,0.0,0.0,0.0,23.6,53,0,125,ON,OFF,ON,0,34.2,30,0,13492,OFF,OFF,29.4,29.5,35.42,29.4,43.67,9.0,6.0,29.28,38.0,17.58,30,29,37,42,95,99,OFF,OFF,100,100,6.115,1.268,1,0,ON,ON,0.922,4.372,0,0,OFF,OFF,102481,5762,100,100,0,0.156,73,545,9.2,32,27.6,0.232,38.4,36,0,20.6,1191,96,9.3,62.44213,378457,33,100,29.4,2,0,0.492,78,32.91,42.74,35.38,96,17.5,0.5642,9,44,0,31.4,0,0,0
2021-09-04,13:31:31,21.88,21.59,21.88,21.59,21.65,21.31,56,56,55,20,20,15,5.16,0.0,0.0,0.0,0.0,0.0,0.0,23.6,53,0,125,ON,OFF,ON,0,34.2,30,0,13492,OFF,OFF,29.4,29.5,35.42,29.4,43.67,9.0,6.0,29.28,38.0,17.58,30,29,37,42,95,99,OFF,OFF,100,100,6.115,1.268,1,0,ON,ON,0.922,4.372,0,0,OFF,OFF,102481,5762,100,100,0,0.156,73,545,9.2,32,27.6,0.232,38.4,36,0,20.6,1191,96,9.3,62.44213,378457,33,100,29.4,2,0,0.492,78,32.91,42.74,35.38,96,17.5,0.5642,9,44,0,31.4,0,0,0
2021-09-04,13:32:01,21.88,21.59,21.88,21.59,21.65,21.31,56,56,55,20,20,15,5.16,0.0,0.0,0.0,0.0,0.0,0.0,23.6,53,0,125,ON,OFF,ON,0,34.2,30,0,13492,OFF,OFF,29.4,29.5,35.42,29.4,43.67,9.0,6.0,29.28,38.0,17.58,30,29,37,42,95,99,OFF,OFF,100,100,6.115,1.268,1,0,ON,ON,0.922,4.372,0,0,OFF,OFF,102481,5762,100,100,0,0.156,73,545,9.2,32,27.6,0.232,38.4,36,0,20.6,1191,96,9.3,62.44213,378457,33,100,29.4,2,0,0.492,78,33.58,42.74,35.38,96,17.5,0.5642,9,44,0,31.4,0,0,0
2021-09-04,13:32:31,21.88,21.59,21.88,21.59,21.65,21.31,56,56,55,20,20,15,5.16,0.0,0.0,0.0,0.0,0.0,0.0,23.6,53,0,125,ON,OFF,ON,0,34.2,30,0,13492,OFF,OFF,29.4,29.5,35.42,29.4,44.33,9.0,6.0,29.28,38.0,17.58,30,29,37,42,95,99,OFF,OFF,100,100,6.115,1.268,1,0,ON,ON,0.922,4.372,0,0,OFF,OFF,102481,5762,100,100,0,0.156,73,545,9.2,32,27.6,0.232,38.4,36,0,20.6,1191,96,9.3,62.44213,378457,33,100,29.4,2,0,0.492,78,33.58,42.74,35.38,96,17.5,0.5642,9,44,0,31.4,0,0,0
2021-09-04,13:33:17,21.88,21.59,21.88,21.59,21.65,21.31,56,56,55,20,20,15,5.16,0.0,0.0,0.0,0.0,0.0,0.0,23.6,53,0,125,ON,OFF,ON,0,34.2,30,0,13492,OFF,OFF,29.4,29.5,35.42,29.4,44.33,9.0,6.0,29.28,38.0,17.58,30,29,37,42,95,99,OFF,OFF,100,100,6.115,1.268,1,0,ON,ON,0.922,4.372,0,0,OFF,OFF,102481,5762,100,100,0,0.156,73,545,9.2,32,27.6,0.232,38.4,36,0,20.6,1191,96,9.3,62.44213,378457,33,100,29.4,2,0,0.492,78,33.58,42.74,35.38,96,17.5,0.5642,9,44,0,31.4,0,0,0
2021-09-04,13:33:56,21.88,21.59,21.88,21.59,21.65,21.31,56,56,55,20,20,15,5.16,0.0,0.0,0.0,0.0,0.0,0.0,23.6,53,0,125,ON,OFF,ON,0,34.2,30,0,13492,OFF,OFF,29.4,29.5,35.42,29.4,44.33,9.0,6.0,29.28,38.0,17.58,30,29,37,42,95,99,OFF,OFF,100,100,6.115,1.268,1,0,ON,ON,0.922,4.372,0,0,OFF,OFF,102481,5762,100,100,0,0.156,73,545,9.2,32,27.1,0.232,38.4,36,0,20.6,1191,96,9.3,62.44213,378457,33,100,29.4,2,0,0.492,78,33.58,42.74,35.38,96,17.5,0.5642,9,44,0,31.4,0,0,0
2021-09-04,13:34:26,21.88,21.59,21.88,21.59,21.65,21.31,56,56,55,20,20,15,5.16,0.0,0.0,0.0,0.0,0.0,0.0,23.6,53,0,125,ON,OFF,ON,0,34.2,30,0,13492,OFF,OFF,29.4,29.5,35.42,29.4,44.33,9.0,6.0,29.28,38.0,17.58,30,29,37,42,95,99,OFF,OFF,100,100,6.115,1.268,1,0,ON,ON,0.922,4.372,0,0,OFF,OFF,102481,4737,100,100,0,0.156,73,545,9.2,32,27.1,0.232,38.4,36,0,20.6,1191,96,9.3,62.44213,378457,33,100,29.4,2,0,0.492,78,33.58,42.74,35.38,96,17.5,0.5642,9,44,0,31.4,0,0,0
2021-09-04,13:34:56,21.88,21.59,21.88,21.59,21.65,21.31,56,56,55,20,20,15,5.16,0.0,0.0,0.0,0.0,0.0,0.0,23.6,53,0,125,ON,OFF,ON,0,34.2,30,0,13492,OFF,OFF,29.4,29.5,35.42,29.4,44.33,9.0,6.0,29.28,38.0,17.58,30,29,37,42,95,99,OFF,OFF,100,100,6.115,1.268,1,0,ON,ON,0.922,4.372,0,0,OFF,OFF,102481,4737,100,100,0,0.156,73,545,9.2,32,27.1,0.232,38.4,36,0,20.6,1191,96,9.3,62.44213,378457,33,100,29.4,2,0,0.492,78,33.58,42.74,35.38,96,17.5,0.5642,9,44,0,31.4,0,0,0
2021-09-04,13:35:26,21.88,21.59,21.88,21.59,21.65,21.31,56,56,55,20,20,15,5.16,0.0,0.0,0.0,0.0,0.0,0.0,23.6,53,0,125,ON,OFF,ON,0,34.2,30,0,13492,OFF,OFF,29.4,29.5,35.42,29.4,44.33,9.0,6.0,29.28,38.0,17.58,30,29,37,42,95,99,OFF,OFF,100,100,6.115,1.268,1,0,ON,ON,0.922,4.372,0,0,OFF,OFF,102481,4737,100,100,0,0.156,73,545,9.2,32,27.1,0.232,38.4,36,0,20.6,1191,96,9.3,62.44213,378457,33,100,29.4,2,0,0.492,78,33.58,42.74,35.38,96,17.5,0.5642,9,44,0,31.4,0,0,0
2021-09-04,13:35:56,21.88,21.59,21.88,21.59,21.65,21.31,56,56,55,20,20,15,5.16,0.0,0.0,0.0,0.0,0.0,0.0,23.6,53,0,125,ON,OFF,ON,0,34.2,30,0,13492,OFF,OFF,29.4,29.5,35.42,29.4,44.33,9.0,6.0,29.28,38.0,17.58,30,29,37.5,42,95,99,OFF,OFF,100,100,6.115,1.268,1,0,ON,ON,0.922,4.372,0,0,OFF,OFF,102481,4737,100,100,0,0.156,73,545,9.2,32,27.1,0.232,38.4,36,0,20.6,1191,96,9.3,62.44213,378457,33,100,29.4,2,0,0.492,78,33.58,42.74,35.38,96,17.5,0.5642,9,44,0,31.4,0,0,0
2021-09-04,13:36:26,21.88,21.59,21.88,21.59,21.65,21.31,56,56,55,20,20,15,5.16,0.0,0.0,0.0,0.0,0.0,0.0,23.6,53,0,125,ON,OFF,ON,0,34.2,30,0,13492,OFF,OFF,29.4,29.5,35.42,29.4,44.33,9.0,6.0,29.28,38.0,17.58,30,29,37.5,42,95,99,OFF,OFF,100,100,6.115,1.268,1,0,ON,ON,0.922,4.372,0,0,OFF,OFF,102481,4737,100,100,0,0.156,73,545,9.2,32,27.1,0.232,38.4,36,0,20.6,1191,96,9.3,62.44213,378457,33,100,29.4,2,0,0.492,78,33.58,42.74,35.38,96,17.5,0.5642,9,44,0,31.4,0,0,0
2021-09-04,13:36:56,21.88,21.59,21.88,21.59,21.65,21.31,56,56,55,20,20,15,5.16,0.0,0.0,0.0,0.0,0.0,0.0,23.6,53,0,125,ON,OFF,ON,0,34.2,30,0,13492,OFF,OFF,29.4,29.5,35.42,29.4,44.33,9.0,6.0,29.28,38.0,17.58,30,30,37.5,42,95,99,OFF,OFF,100,100,6.115,1.268,1,0,ON,ON,0.922,4.372,0,0,OFF,OFF,102481,4737,100,100,0,0.156,73,545,9.2,32,27.1,0.232,38.4,36,0,20.6,1191,96,9.3,62.44213,378457,33,100,29.4,2,0,0.492,78,33.58,42.74,35.38,96,17.5,0.5642,9,44,0,31.4,0,0,0
2021-09-04,13:37:26,21.88,21.59,21.88,21.59,21.65,21.31,56,56,55,20,20,15,5.16,0.0,0.0,0.0,0.0,0.0,0.0,23.6,53,0,125,ON,OFF,ON,0,34.2,30,0,13492,OFF,OFF,29.4,29.5,35.42,29.4,44.33,9.0,6.0,29.28,38.0,17.58,30,30,37.5,42,95,99,OFF,OFF,100,100,6.115,1.268,1,0,ON,ON,0.922,4.372,0,0,OFF,OFF,102481,4737,100,100,0,0.156,73,545,9.2,32,27.1,0.232,38.4,36,0,20.6,1191,96,9.3,62.44213,378457,33,100,29.4,2,0,0.492,78,33.58,42.74,35.38,96,17.5,0.5642,9,44,0,31.4,0,0,0
2021-09-04,13:37:56,21.88,21.59,21.88,21.59,21.65,21.31,56,56,55,20,20,15,5.16,0.0,0.0,0.0,0.0,0.0,0.0,23.6,53,0,125,ON,OFF,ON,0,34.2,30,0,13492,OFF,OFF,29.4,29.5,35.42,29.4,44.33,9.0,6.0,29.28,38.0,17.58,30,30,37.5,42,95,99,OFF,OFF,100,100,6.115,1.268,1,0,ON,ON,0.922,4.372,0,0,OFF,OFF,102481,4737,100,100,0,0.156,73,545,9.2,32,27.1,0.232,38.4,36,8.106,20.6,1191,96,9.3,62.44213,378457,33,100,29.4,2,0,0.492,78,33.58,42.74,35.38,96,17.5,0.5642,9,44,0,31.4,0,0,0
2021-09-04,13:38:26,21.88,21.59,21.88,21.59,21.65,21.31,56,56,55,20,20,15,5.16,0.0,0.0,0.0,0.0,0.0,0.0,23.6,53,0,125,ON,OFF,ON,0,34.2,30,0,13492,OFF,OFF,29.4,29.5,35.42,29.4,44.33,9.0,6.0,29.28,38.0,17.58,30,30,37.5,42,95,99,OFF,OFF,100,100,6.115,1.268,1,0,ON,ON,0.922,4.372,0,0,OFF,OFF,102481,4737,100,100,0,0.156,73,545,9.2,32,26.6,0.232,38.4,36,8.106,20.6,1191,96,9.3,62.44213,378457,33,100,29.4,2,0,0.492,78,33.58,42.74,35.38,96,17.5,0.5642,9,44,0,31.4,0,0,0
2021-09-04,13:38:56,21.88,21.59,21.88,21.59,21.65,21.31,56,56,55,20,20,15,5.16,0.0,0.0,0.0,0.0,0.0,0.0,23.6,53,0,125,ON,OFF,ON,0,34.2,30,0,13492,OFF,OFF,29.4,29.5,35.42,29.4,44.33,9.0,6.0,29.28,38.0,17.58,30,30,37.5,42,95,99,OFF,OFF,100,100,6.115,1.268,1,0,ON,ON,0.922,4.372,0,0,OFF,OFF,102481,4737,100,100,0,0.156,73,545,9.2,32,26.6,0.232,38.4,36,8.106,20.6,1191,96,9.3,62.44213,378457,33,100,29.4,2,0,0.492,78,33.58,42.74,35.38,96,17.5,0.5642,9,44,0,31.4,0,0,0
2021-09-04,13:39:26,21.88,21.59,21.88,21.59,21.65,21.31,56,56,55,20,20,15,5.16,0.0,0.0,0.0,0.0,0.0,0.0,23.6,53,0,125,ON,OFF,ON,0,34.2,30,0,13492,OFF,OFF,29.4,29.5,35.42,29.4,44.33,9.0,6.0,29.28,38.0,17.58,30,29,37.5,42,95,99,OFF,OFF,100,100,6.115,1.268,1,0,ON,ON,0.922,4.372,0,0,OFF,OFF,102481,4737,100,100,0,0.156,73,545,9.2,32,26.6,0.232,38.4,36,8.106,20.6,1191,96,9.3,62.44213,378457,33,100,29.4,2,0,0.492,78,33.58,42.74,35.38,96,17.5,0.5642,9,44,0,31.4,0,0,0
2021-09-04,13:39:56,21.88,21.59,21.88,21.59,21.65,21.31,56,56,55,20,20,15,5.16,0.0,0.0,0.0,0.0,0.0,0.0,23.6,53,0,125,ON,OFF,ON,0,34.2,30,0,13492,OFF,OFF,29.4,29.5,35.42,29.4,44.33,9.0,6.0,29.28,38.0,17.58,30,29,37.5,42,95,99,OFF,OFF,100,100,6.115,1.268,1,0,ON,ON,0.922,4.372,0,0,OFF,OFF,102481,4737,100,100,0,0.156,73,545,9.2,32,26.6,0.232,38.4,36,8.106,20.6,1191,96,9.3,62.44213,378457,33,100,29.4,2,0,0.492,78,33.58,42.74,35.38,96,17.5,0.5642,9,44,0,31.4,0,0,0
2021-09-04,13:40:26,21.88,21.59,21.88,21.59,21.65,21.31,56,56,55,20,20,15,5.16,0.0,0.0,0.0,0.0,0.0,0.0,23.6,53,0,125,ON,OFF,ON,0,34.2,30,0,13492,OFF,OFF,29.4,29.5,35.42,29.4,44.33,9.0,6.0,29.28,38.0,17.58,30,29,37.5,42,95,99,OFF,OFF,100,100,6.115,1.268,1,0,ON,ON,0.922,4.372,0,0,OFF,OFF,102481,4737,100,100,0,0.156,73,545,9.2,32,26.6,0.232,38.4,36,8.106,20.6,1191,96,9.3,62.44213,378457,33,100,29.4,2,0,0.492,78,33.58,42.74,35.38,96,17.5,0.5642,9,44,0,31.4,0,0,0
2021-09-04,13:40:56,21.88,21.59,21.88,21.59,21.65,21.31,56,56,55,20,20,15,5.16,0.0,0.0,0.0,0.0,0.0,0.0,23.6,53,0,125,ON,OFF,ON,0,34.2,30,0,13492,OFF,OFF,29.4,29.5,35.42,29.4,44.33,9.0,6.0,29.28,38.0,17.58,30,29,37.5,42,95,99,OFF,OFF,100,100,6.115,1.268,1,0,ON,ON,0.922,4.372,0,0,OFF,OFF,102481,4737,100,100,0,0.156,73,545,9.2,32,26.6,0.232,38.9,36,8.106,20.6,1191,96,9.3,62.44213,378457,33,100,29.4,2,0,0.492,78,33.58,42.74,35.38,96,17.5,0.5642,9,44,0,31.4,0,0,0
2021-09-04,13:41:26,21.88,21.59,21.88,21.59,21.65,21.31,56,56,55,20,20,15,5.16,0.0,0.0,0.0,0.0,0.0,0.0,23.6,53,0,125,ON,OFF,ON,0,34.2,30,0,13492,OFF,OFF,29.4,29.5,35.42,29.4,44.33,9.0,6.0,29.28,38.0,17.58,30,29,37.5,42,95,99,OFF,OFF,100,100,6.115,1.268,1,0,ON,ON,0.922,4.372,0,0,OFF,OFF,102481,4737,100,100,0,0.156,73,545,9.2,32,26.6,0.232,38.9,36,8.106,20.6,1191,96,9.3,62.44213,378457,33,100,29.4,2,0,0.492,78,33.58,42.74,35.38,96,17.5,0.5642,9,44,0,31.4,0,0,0
2021-09-04,13:41:56,21.88,21.59,21.88,21.59,21.65,21.31,56,56,55,20,20,15,5.16,0.0,0.0,0.0,0.0,0.0,0.0,23.6,53,0,125,ON,OFF,ON,0,34.2,30,0,13492,OFF,OFF,29.4,29.5,35.42,29.4,44.33,9.0,6.0,29.28,38.0,17.58,30,29,37.5,41.5,95,99,OFF,OFF,100,100,6.115,1.268,1,0,ON,ON,0.922,4.372,0,0,OFF,OFF,102481,4737,100,100,0,0.156,73,545,9.2,32,26.6,0.232,38.9,36,8.106,20.6,1191,96,9.3,62.44213,378457,33,100,29.4,2,0,0.492,78,33.58,42.74,35.38,96,17.5,0.5642,9,44,0,31.4,0,0,0
2021-09-04,13:42:26,21.88,21.59,21.88,21.59,21.65,21.31,56,56,55,20,20,15,5.16,0.0,0.0,0.0,0.0,0.0,0.0,23.6,53,0,125,ON,OFF,ON,0,34.2,30,0,13492,OFF,OFF,29.4,29.5,35.42,29.4,44.33,9.0,6.0,29.28,38.0,17.58,30,29,37.5,41.5,95,99,OFF,OFF,100,100,6.115,1.268,1,0,ON,ON,0.922,4.372,0,0,OFF,OFF,102481,4737,100,100,0,0.156,73,545,9.2,32,26.6,0.232,38.9,36,8.106,20.6,1191,96,9.3,62.44213,378457,33,100,29.4,2,0,0.492,78,33.58,43.38,35.38,96,17.5,0.5642,9,44,0,31.4,0,0,0
2021-09-04,13:42:56,21.88,21.59,21.88,21.59,21.65,21.31,56,56,55,20,20,15,5.16,0.0,0.0,0.0,0.0,0.0,0.0,23.6,53,0,125,ON,OFF,ON,0,34.2,30,0,13492,OFF,OFF,29.4,29.5,35.42,29.4,44.33,9.0,6.0,29.28,38.0,17.58,30,29,37.5,41.5,95,99,OFF,OFF,100,100,6.116,1.268,1,0,ON,ON,0.922,4.372,0,0,OFF,OFF,97355,4737,100,100,0,0.156,73,545,9.2,32,26.6,0.232,38.9,36,8.106,20.6,1191,96,9.3,62.44213,378457,33,100,29.4,2,0,0.492,78,33.58,43.38,35.38,96,17.5,0.5642,9,44,0,31.4,0,0,0
2021-09-04,13:43:26,21.88,21.59,21.88,21.59,21.65,21.31,56,56,55,20,20,15,5.16,0.0,0.0,0.0,0.0,0.0,0.0,23.6,53,0,125,ON,OFF,ON,0,34.2,30,0,13492,OFF,OFF,29.4,29.5,34.76,29.4,44.33,9.0,6.0,29.28,38.0,17.58,29,30,38.5,41.5,95,99,OFF,OFF,100,100,6.116,1.268,1,0,ON,ON,0.922,4.372,0,0,OFF,OFF,97355,4737,100,100,0,0.156,73,545,9.2,32,26.6,0.232,38.9,36,8.106,20.6,1191,96,9.3,62.44213,378457,33,100,29.4,2,0,0.492,78,33.58,43.38,35.38,96,17.5,0.5642,9,44,0,31.4,0,0,0
2021-09-04,13:43:56,21.88,21.59,21.88,21.59,21.65,21.31,56,56,55,20,20,15,5.16,0.0,0.0,0.0,0.0,0.0,0.0,23.6,53,0,125,ON,OFF,ON,0,34.2,30,0,13492,OFF,OFF,29.4,29.5,34.76,29.4,43.67,9.0,6.0,29.28,38.0,17.58,29,30,38.5,41.5,95,99,OFF,OFF,100,100,6.116,1.268,1,0,ON,ON,0.922,4.372,0,0,OFF,OFF,97355,4737,100,100,0,0.156,73,545,9.2,32,26.6,0.232,38.9,36,8.106,20.6,1191,96,9.3,62.44213,378457,33,100,29.4,2,0,0.492,78,33.58,43.38,35.38,96,17.5,0.5642,9,44,0,31.4,0,0,0
2021-09-04,13:44:27,21.88,21.59,21.88,21.59,21.65,21.31,56,56,55,20,20,15,5.16,0.0,0.0,0.0,0.0,0.0,0.0,23.6,53,0,125,ON,OFF,ON,0,34.2,30,0,13492,OFF,OFF,29.4,29.5,34.76,29.4,43.67,9.0,6.0,29.28,38.0,17.58,29,30,38.5,41.5,95,99,OFF,OFF,100,100,6.116,1.268,1,0,ON,ON,0.922,4.372,0,0,OFF,OFF,97355,4737,100,100,0,0.156,73,545,9.2,32,26.6,0.232,38.9,36,8.106,20.6,1191,96,9.3,62.44213,378457,33,100,29.4,2,0,0.492,78,33.58,43.38,36.02,96,17.5,0.5642,9,44,0,31.4,0,0,0
2021-09-04,13:44:57,21.88,21.59,21.88,21.59,21.65,21.31,56,56,55,20,20,15,5.16,0.0,0.0,0.0,0.0,0.0,0.0,23.6,53,0,125,ON,OFF,ON,0,34.2,30,0,13492,OFF,OFF,29.4,29.5,34.76,29.4,43.67,9.0,6.0,29.28,38.0,17.58,29,30,38.5,41.5,95,99,OFF,OFF,100,100,6.116,1.268,1,0,ON,ON,0.922,4.372,0,0,OFF,OFF,97355,4737,100,100,0,0.156,73,545,9.2,32,26.6,0.232,38.9,36,8.106,20.6,1191,96,9.3,62.44213,378457,33,100,29.4,2,0,0.492,78,33.58,43.38,36.02,96,17.5,0.5642,9,44,0,31.4,0,0,0
2021-09-04,13:45:27,21.88,21.59,21.88,21.59,21.65,21.31,56,56,55,20,20,15,5.16,0.0,0.0,0.0,0.0,0.0,0.0,23.6,53,0,125,ON,OFF,ON,0,34.2,30,0,13492,OFF,OFF,29.4,29.5,34.76,29.4,43.67,9.0,6.0,29.28,38.0,17.58,28,30,38.5,41.5,95,99,OFF,OFF,100,100,6.116,1.268,1,0,ON,ON,0.922,4.372,0,0,OFF,OFF,97355,4737,100,100,0,0.156,73,545,9.2,32,27.1,0.232,38.9,36,8.106,20.6,1191,96,9.3,62.44213,378457,33,100,29.4,2,0,0.492,78,33.58,43.38,36.02,96,17.5,0.5642,9,44,0,31.4,0,0,0
2021-09-04,13:45:57,21.88,21.59,21.88,21.59,21.65,21.31,56,56,55,20,20,15,5.16,0.0,0.0,0.0,0.0,0.0,0.0,23.6,53,0,125,ON,OFF,ON,0,34.2,30,0,13492,OFF,OFF,29.4,29.5,34.76,29.4,43.67,9.0,6.0,29.28,38.0,17.58,28,30,38.5,41.5,95,99,OFF,OFF,100,100,6.116,1.268,1,0,ON,ON,0.922,4.372,0,0,OFF,OFF,97355,4737,100,100,0,0.156,73,545,9.2,32,27.1,0.232,38.9,36,8.106,20.6,1300,96,9.3,62.44213,378457,33,100,29.4,2,0,0.492,78,33.58,43.38,36.02,96,17.5,0.5642,9,44,0,31.4,0,0,0
2021-09-04,13:46:27,21.88,21.59,21.88,21.59,21.65,21.31,56,56,55,20,20,15,5.16,0.0,0.0,0.0,0.0,0.0,0.0,23.6,53,0,125,ON,OFF,ON,0,34.2,30,0,13492,OFF,OFF,29.4,29.5,34.76,29.4,43.67,9.0,6.0,29.28,38.0,17.58,28,30,38.5,41.5,95,99,OFF,OFF,100,100,6.116,1.268,1,0,ON,ON,0.922,4.372,0,0,OFF,OFF,97355,4737,100,100,0,0.156,73,545,9.2,32,27.1,0.232,38.9,36,8.106,20.6,1300,96,9.3,62.44213,378457,33,100,29.4,2,0,0.492,78,33.58,43.38,36.02,96,17.5,0.5642,9,44,0,31.4,0,0,0
2021-09-04,13:46:57,21.88,21.59,21.88,21.59,21.65,21.31,56,56,55,20,20,15,5.16,0.0,0.0,0.0,0.0,0.0,0.0,23.6,53,0,125,ON,OFF,ON,0,34.2,30,0,13492,OFF,OFF,29.4,29.5,34.76,29.4,43.67,9.0,6.0,29.28,38.0,17.58,28,30,38.5,41.5,95,99,OFF,OFF,100,100,6.116,1.268,1,0,ON,ON,0.922,4.372,0,0,OFF,OFF,97355,4737,100,100,0,0.156,73,545,9.2,32,27.1,0.232,38.9,36,8.106,20.6,1300,96,9.3,62.44213,378457,33,100,29.4,2,0,0.492,78,34.22,43.38,36.02,96,17.5,0.5642,9,44,0,31.4,0,0,0
2021-09-04,13:47:27,21.88,21.59,21.88,21.59,21.65,21.31,56,56,55,20,20,15,5.16,0.0,0.0,0.0,0.0,0.0,0.0,23.6,53,0,125,ON,OFF,ON,0,34.2,30,0,13492,OFF,OFF,29.4,29.5,34.76,29.4,43.67,9.0,6.0,29.28,38.0,17.58,28,30,38.5,41,95,99,OFF,OFF,100,100,6.116,1.268,1,0,ON,ON,0.922,4.372,0,0,OFF,OFF,97355,4737,100,100,0,0.156,73,545,9.2,32,27.1,0.232,38.9,36,8.106,20.6,1300,96,9.3,62.44213,378457,33,100,29.4,2,0,0.492,78,34.22,43.38,36.02,96,17.5,0.5642,9,44,0,31.4,0,0,0
2021-09-04,13:47:57,21.88,21.59,21.88,21.59,21.65,21.31,56,56,55,20,20,15,5.16,0.0,0.0,0.0,0.0,0.0,0.0,23.6,53,0,125,ON,OFF,ON,0,34.2,30,0,13492,OFF,OFF,29.4,29.5,34.76,29.4,43.67,9.0,6.0,29.28,38.0,17.58,28,30,38.5,41,95,99,OFF,OFF,100,100,6.116,1.268,1,0,ON,ON,0.922,4.372,0,0,OFF,OFF,97355,4737,100,100,0,0.156,73,545,9.2,32,27.1,0.232,38.9,36,8.106,20.6,1300,96,9.3,62.44213,378457,33,100,29.4,2,0,0.492,78,34.22,43.38,36.02,96,17.5,0.5642,9,44,0,31.4,0,0,0
2021-09-04,13:48:43,21.88,21.59,21.88,21.59,21.65,21.31,56,56,55,20,20,15,5.16,0.0,0.0,0.0,0.0,0.0,0.0,23.6,53,0,125,ON,OFF,ON,0,34.2,30,0,13492,OFF,OFF,29.4,29.5,34.76,29.4,43.67,9.0,6.0,29.28,38.0,17.58,28,30,38.5,41.5,95,99,OFF,OFF,100,100,6.116,1.268,1,0,ON,ON,0.922,4.372,0,0,OFF,OFF,97355,4737,100,100,0,0.156,73,545,9.2,32,27.1,0.232,38.9,36,8.106,20.6,1300,96,9.3,62.44213,378457,33,100,29.4,2,0,0.492,78,34.22,43.38,36.02,96,17.5,0.5642,9,44,0,31.4,0,0,0
2021-09-04,13:49:13,21.88,21.59,21.88,21.59,21.65,21.31,56,56,55,20,20,15,5.16,0.0,0.0,0.0,0.0,0.0,0.0,23.6,53,0,125,ON,OFF,ON,0,34.2,30,0,13492,OFF,OFF,29.4,29.5,34.76,29.4,43.67,9.0,6.0,29.28,38.0,17.58,29,30,38.5,41.5,95,99,OFF,OFF,100,100,6.116,1.268,1,0,ON,ON,0.922,4.372,0,0,OFF,OFF,97355,4737,100,100,0,0.156,73,545,9.2,32,27.1,0.232,38.9,36,8.106,20.6,1300,96,9.3,62.44213,378457,33,100,29.4,2,0,0.492,78,34.22,43.38,36.02,96,17.5,0.5642,9,44,0,31.4,0,0,0
2021-09-04,13:49:43,21.88,21.59,21.88,21.59,21.65,21.31,56,56,55,20,20,15,5.16,0.0,0.0,0.0,0.0,0.0,0.0,23.6,53,0,125,ON,OFF,ON,0,34.2,30,0,13492,OFF,OFF,29.4,29.5,34.76,29.4,43.67,9.0,6.0,29.28,38.0,17.58,29,30,38.5,41.5,95,99,OFF,OFF,100,100,6.116,1.268,1,0,ON,ON,0.922,4.372,0,0,OFF,OFF,97355,4737,100,100,0,0.156,73,545,9.2,32,27.1,0.232,38.9,36,8.106,20.6,1300,96,9.3,62.44213,378457,33,100,29.4,2,0,0.492,78,34.22,43.38,36.02,96,17.5,0.5642,9,44,0,31.4,0,0,0
2021-09-04,13:50:13,21.88,21.59,21.88,21.59,21.65,21.31,56,56,55,20,20,15,5.16,0.0,0.0,0.0,0.0,0.0,0.0,23.6,53,0,125,ON,OFF,ON,0,34.2,30,0,13492,OFF,OFF,29.4,29.5,34.76,29.4,43.67,9.0,6.0,29.28,38.0,17.58,29,30,38.5,41.5,95,99,OFF,OFF,100,100,6.116,1.268,1,0,ON,ON,0.922,4.372,0,0,OFF,OFF,97355,4737,100,100,0,0.156,73,545,9.2,32,27.1,0.232,38.9,36,8.106,20.6,1300,96,9.3,62.44213,378457,33,100,29.4,2,0,0.492,78,34.22,43.38,36.02,96,17.5,0.5642,9,44,0,31.4,0,0,0
2021-09-04,13:50:43,21.88,21.59,21.88,21.59,21.65,21.31,56,56,55,20,20,15,5.16,0.0,0.0,0.0,0.0,0.0,0.0,23.6,53,0,125,ON,OFF,ON,0,34.2,30,0,13492,OFF,OFF,29.4,29.5,34.76,29.4,43.67,9.0,6.0,29.28,38.0,17.58,29,30,38.5,41.5,95,99,OFF,OFF,100,100,6.116,1.268,1,0,ON,ON,0.922,4.372,0,0,OFF,OFF,97355,4737,100,100,0,0.156,73,545,9.2,32,27.6,0.232,38.9,36,8.106,20.6,1300,96,9.3,62.44213,378457,33,100,29.4,2,0,0.492,78,34.22,43.38,36.02,96,17.5,0.5642,9,44,0,31.4,0,0,0
2021-09-04,13:51:13,21.88,21.59,21.88,21.59,21.65,21.31,56,56,55,20,20,15,5.16,0.0,0.0,0.0,0.0,0.0,0.0,23.6,53,0,125,ON,OFF,ON,0,34.2,30,0,13492,OFF,OFF,29.4,29.5,34.76,29.4,43.67,9.0,6.0,29.28,38.0,17.58,29,30,38.5,42,95,99,OFF,OFF,100,100,6.116,1.268,1,0,ON,ON,0.922,4.372,0,0,OFF,OFF,97355,4737,100,100,0,0.156,73,545,9.2,32,27.6,0.232,38.9,36,8.106,20.6,1300,96,9.3,62.44213,378457,33,100,29.4,2,0,0.492,78,34.22,43.38,36.02,96,17.5,0.5642,9,44,0,31.4,0,0,0
2021-09-04,13:51:43,21.88,21.59,21.88,21.59,21.65,21.31,56,56,55,20,20,15,5.16,0.0,0.0,0.0,0.0,0.0,0.0,23.6,53,0,125,ON,OFF,ON,0,34.2,30,0,13492,OFF,OFF,29.4,29.5,34.76,29.4,43.67,9.0,6.0,29.28,38.0,17.58,29,30,38.5,42,95,99,OFF,OFF,100,100,6.116,1.268,1,0,ON,ON,0.922,4.372,0,0,OFF,OFF,97355,4737,100,100,0,0.156,73,545,9.2,32,27.6,0.232,38.9,36,8.106,20.6,1300,96,9.3,62.44213,378457,33,100,29.4,2,0,0.492,78,34.22,43.38,36.02,96,17.5,0.5642,9,44,0,31.4,0,0,0
2021-09-04,13:52:13,21.88,21.59,21.88,21.59,21.65,21.31,56,56,55,20,20,15,5.16,0.0,0.0,0.0,0.0,0.0,0.0,23.6,53,0,125,ON,OFF,ON,0,34.2,30,0,13492,OFF,OFF,29.4,29.5,34.76,29.4,43.67,9.0,6.0,29.28,38.0,17.58,29,30,38.5,42,95,99,OFF,OFF,100,100,6.116,1.268,1,0,ON,ON,0.922,4.372,0,0,OFF,OFF,97355,4737,100,100,0,0.156,73,545,9.2,32,27.6,0.232,38.9,36,8.106,20.6,1300,96,9.3,62.44213,378457,33,100,29.4,2,0,0.492,78,34.22,43.38,36.02,96,17.5,0.5642,9,44,0,31.4,0,0,0
2021-09-04,13:52:43,21.88,21.59,21.88,21.59,21.65,21.31,56,56,55,20,20,15,5.16,0.0,0.0,0.0,0.0,0.0,0.0,23.6,53,0,125,ON,OFF,ON,0,34.2,30,0,13492,OFF,OFF,29.4,29.5,34.76,29.4,43.67,9.0,6.0,29.28,38.0,17.58,29,30,38.5,42,95,99,OFF,OFF,100,100,6.116,1.268,1,0,ON,ON,0.922,4.372,0,0,OFF,OFF,97355,4737,100,100,0,0.156,73,545,9.2,32,27.6,0.232,38.9,36,8.106,20.6,1300,96,9.3,62.44213,378457,33,100,29.4,2,0,0.492,78,34.22,43.38,36.02,96,17.5,0.5642,9,44,0,31.4,0,0,0
2021-09-04,13:53:20,21.88,21.59,21.88,21.59,21.65,21.31,56,56,55,20,20,15,5.16,0.0,0.0,0.0,0.0,0.0,0.0,23.6,53,0,125,ON,OFF,ON,0,34.2,30,0,13492,OFF,OFF,29.4,29.5,34.76,29.4,43.67,9.0,6.0,29.28,38.0,17.58,29,30,38.5,42,95,99,OFF,OFF,100,100,6.116,1.268,1,0,ON,ON,0.922,4.372,0,0,OFF,OFF,97355,4737,100,100,0,0.156,73,545,9.2,32,27.6,0.232,38.9,36,8.106,20.6,1300,96,9.3,62.44213,378457,33,100,29.4,2,0,0.492,78,34.22,43.38,36.02,96,17.5,0.5642,9,44,0,31.4,0,0,0
2021-09-04,13:53:50,21.88,21.59,21.88,21.59,21.65,21.31,56,56,55,20,20,15,5.16,0.0,0.0,0.0,0.0,0.0,0.0,23.6,53,0,125,ON,OFF,ON,0,34.2,30,0,13492,OFF,OFF,29.4,29.5,34.76,29.4,43.67,9.0,6.0,29.28,38.0,17.58,29,30,38.5,42,95,99,OFF,OFF,100,100,6.116,1.268,1,0,ON,ON,0.922,4.372,0,0,OFF,OFF,97355,4737,100,100,0,0.156,73,545,9.2,32,27.6,0.232,39.4,36,8.106,20.6,1300,96,9.3,62.44213,378457,33,100,29.4,2,0,0.492,78,34.22,43.38,36.02,96,17.5,0.5642,9,44,0,31.4,0,0,0
2021-09-04,13:54:20,21.88,21.59,21.88,21.59,21.65,21.31,56,56,55,20,20,15,5.16,0.0,0.0,0.0,0.0,0.0,0.0,23.6,53,0,125,ON,OFF,ON,0,34.2,30,0,13492,OFF,OFF,29.4,29.5,34.76,29.4,43.67,9.0,6.0,29.28,38.0,17.58,29,30,38.5,42.5,95,99,OFF,OFF,100,100,6.116,1.268,1,0,ON,ON,0.922,4.372,0,0,OFF,OFF,97355,4737,100,100,0,0.156,73,545,9.2,32,27.6,0.232,39.4,36,8.106,20.6,1300,96,9.3,62.44213,378457,33,100,29.4,2,0,0.492,78,34.22,43.38,36.02,96,17.5,0.5642,9,44,0,31.4,0,0,0
2021-09-04,13:54:50,21.88,21.59,21.88,21.59,21.65,21.31,56,56,55,20,20,15,5.16,0.0,0.0,0.0,0.0,0.0,0.0,23.6,53,0,125,ON,OFF,ON,0,34.2,30,0,13492,OFF,OFF,29.4,29.5,34.76,29.4,43.67,9.0,6.0,29.28,38.0,17.58,29,30,38.5,42.5,95,99,OFF,OFF,100,100,6.116,1.268,1,0,ON,ON,0.922,4.372,0,0,OFF,OFF,97355,4737,100,100,0,0.156,73,545,9.2,32,27.6,0.232,39.4,36,8.106,20.6,1300,96,9.3,62.44213,378457,33,100,29.4,2,0,0.492,78,34.22,43.38,36.02,96,17.5,0.5642,9,44,0,31.4,0,0,0
2021-09-04,13:55:20,21.88,21.59,21.88,21.59,21.65,21.31,56,56,55,20,20,15,5.16,0.0,0.0,0.0,0.0,0.0,0.0,23.6,53,0,125,ON,OFF,ON,0,34.2,30,0,13492,OFF,OFF,29.4,29.5,34.76,29.4,43.67,9.0,6.0,29.28,38.0,17.58,30,30,38.5,42.5,95,99,OFF,OFF,100,100,6.116,1.268,1,0,ON,ON,0.922,4.372,0,0,OFF,OFF,97355,4737,100,100,0,0.156,73,545,9.2,32,27.6,0.232,39.4,36,8.106,20.6,1300,96,9.3,62.44213,378457,33,100,29.4,2,0,0.492,78,34.22,43.38,36.02,96,17.5,0.5642,9,44,0,31.4,0,0,0
2021-09-04,13:55:50,21.88,21.59,21.88,21.59,21.65,21.31,56,56,55,20,20,15,5.16,0.0,0.0,0.0,0.0,0.0,0.0,23.6,53,0,125,ON,OFF,ON,0,34.2,30,0,13492,OFF,OFF,29.4,29.5,34.76,29.4,44.33,9.0,6.0,29.28,38.0,17.58,30,30,38.5,42.5,95,99,OFF,OFF,100,100,6.116,1.268,1,0,ON,ON,0.922,4.372,0,0,OFF,OFF,97355,4737,100,100,0,0.156,73,545,9.2,32,27.6,0.232,39.4,36,8.106,20.6,1300,96,9.3,62.44213,378457,33,100,29.4,2,0,0.492,78,34.22,43.38,36.02,96,17.5,0.5642,9,44,0,31.4,0,0,0
2021-09-04,13:56:20,21.88,21.59,21.88,21.59,21.65,21.31,56,56,55,20,20,15,5.16,0.0,0.0,0.0,0.0,0.0,0.0,23.6,53,0,125,ON,OFF,ON,0,34.2,30,0,13492,OFF,OFF,29.4,29.5,34.76,29.4,44.33,9.0,6.0,29.28,38.0,17.58,30,30,38.5,42.5,95,99,OFF,OFF,100,100,6.116,1.268,1,0,ON,ON,0.922,4.372,0,0,OFF,OFF,97355,4737,100,100,0,0.156,73,545,9.2,32,27.6,0.232,39.4,36,8.106,20.6,1300,96,9.3,62.44213,378457,33,100,29.4,2,0,0.492,78,34.22,43.38,36.02,96,17.5,0.5642,9,44,0,31.4,0,0,0
2021-09-04,13:56:51,21.88,21.59,21.88,21.59,21.65,21.31,56,56,55,20,20,15,5.16,0.0,0.0,0.0,0.0,0.0,0.0,23.6,53,0,125,ON,OFF,ON,0,34.2,30,0,13492,OFF,OFF,29.4,29.5,34.76,29.4,44.33,9.0,6.0,29.28,38.0,17.58,30,30,38.5,42.5,95,99,OFF,OFF,100,100,6.116,1.268,1,0,ON,ON,0.922,4.372,0,0,OFF,OFF,97355,4737,100,100,0,0.156,73,545,9.2,32,27.6,0.232,39.4,36,8.106,20.6,1300,96,9.3,62.44213,378457,33,100,29.4,2,0,0.492,78,34.22,43.38,36.02,96,17.5,0.5642,9,44,0,31.4,0,0,0
2021-09-04,13:57:21,21.88,21.59,21.88,21.59,21.65,21.31,56,56,55,20,20,15,5.16,0.0,0.0,0.0,0.0,0.0,0.0,23.6,53,0,125,ON,OFF,ON,0,34.2,30,0,13492,OFF,OFF,29.4,29.5,34.76,29.4,44.33,9.0,6.0,29.28,38.0,17.58,30,30,39,42.5,95,99,OFF,OFF,100,100,6.116,1.268,1,0,ON,ON,0.922,4.372,0,0,OFF,OFF,91720,4737,100,100,0,0.156,73,545,9.2,32,27.6,0.232,39.4,36,8.106,20.6,1300,96,9.3,62.44213,378457,33,100,29.4,2,0,0.492,78,34.22,43.95,36.02,96,17.5,0.5642,9,44,0,31.4,0,0,0
2021-09-04,13:57:51,21.88,21.59,21.88,21.59,21.65,21.31,56,56,55,20,20,15,5.16,0.0,0.0,0.0,0.0,0.0,0.0,23.6,53,0,125,ON,OFF,ON,0,34.2,30,0,13492,OFF,OFF,29.4,29.5,34.76,29.4,44.33,9.0,6.0,29.28,38.0,17.58,30,30,39,43.5,95,99,OFF,OFF,100,100,6.116,1.268,1,0,ON,ON,0.922,4.372,0,0,OFF,OFF,91720,4737,100,100,0,0.156,73,545,11.2,36,27.6,0.251,39.5,36,8.308,21.6,1316,96,9.3,62.44213,378457,33,100,29.4,2,0,0.492,78,34.22,43.95,36.02,96,17.5,0.5642,9,44,0,31.4,0,0,0
2021-09-04,13:58:21,21.88,21.59,21.88,21.59,21.65,21.31,56,56,55,20,20,15,5.16,0.0,0.0,0.0,0.0,0.0,0.0,23.6,53,0,125,ON,OFF,ON,0,34.2,30,0,13492,OFF,OFF,29.4,29.5,34.76,29.4,44.33,9.0,6.0,29.28,38.0,17.58,30,30,39,43.5,95,99,OFF,OFF,100,100,6.116,1.268,1,0,ON,ON,0.922,4.372,0,0,OFF,OFF,91720,4737,100,100,0,0.156,73,545,11.2,36,27.6,0.251,39.5,36,8.308,21.6,1316,96,9.3,62.44213,378457,33,100,29.4,2,0,0.492,78,34.22,43.95,36.02,96,17.5,0.5642,9,44,0,31.4,0,0,0
2021-09-04,13:58:51,21.88,21.59,21.88,21.59,21.65,21.31,56,56,55,20,20,15,5.16,0.0,0.0,0.0,0.0,0.0,0.0,23.6,53,0,125,ON,OFF,ON,0,34.2,30,0,13492,OFF,OFF,29.4,29.5,34.76,29.4,44.33,9.0,6.0,29.28,38.0,17.58,30,30,39,43.5,95,99,OFF,OFF,100,100,6.116,1.268,1,0,ON,ON,0.922,4.372,0,0,OFF,OFF,91720,4737,100,100,0,0.156,73,545,11.2,36,27.6,0.251,39.5,36,8.308,21.6,1316,96,9.3,62.44213,378457,33,100,29.4,2,0,0.492,78,34.22,43.95,36.02,96,17.5,0.5642,9,44,0,31.4,0,0,0
2021-09-04,13:59:21,21.88,21.59,21.88,21.59,21.65,21.31,56,56,55,20,20,15,5.16,0.0,0.0,0.0,0.0,0.0,0.0,23.6,53,0,125,ON,OFF,ON,0,34.2,30,0,13492,OFF,OFF,29.4,29.5,35.42,29.4,44.33,9.0,6.0,29.28,38.0,17.58,30,30,39,43.5,95,99,OFF,OFF,100,100,6.116,1.268,1,0,ON,ON,0.922,4.372,0,0,OFF,OFF,91720,4737,100,100,0,0.156,73,545,11.2,36,27.6,0.251,39.5,36,8.308,21.6,1316,96,9.3,62.44213,378457,33,100,29.4,2,0,0.492,78,34.22,43.95,36.64,96,17.5,0.5642,9,44,0,31.4,0,0,0
2021-09-04,13:59:51,21.88,21.59,21.88,21.59,21.65,21.31,56,56,55,20,20,15,5.16,0.0,0.0,0.0,0.0,0.0,0.0,23.6,53,0,125,ON,OFF,ON,0,34.2,30,0,13492,OFF,OFF,29.4,29.5,35.42,29.4,44.33,9.0,6.0,29.28,38.0,17.58,30,30,39,43.5,95,99,OFF,OFF,100,100,6.116,1.268,1,0,ON,ON,0.922,4.372,0,0,OFF,OFF,91720,4737,100,100,0,0.156,73,545,11.2,36,27.6,0.251,39.5,36,8.308,21.6,1316,96,9.3,62.44213,378457,33,100,29.4,2,0,0.492,78,34.22,43.95,36.64,96,17.5,0.5642,9,44,0,31.4,0,0,0
2021-09-04,14:00:21,21.88,21.59,21.88,21.59,21.65,21.31,56,56,55,20,20,15,5.16,0.0,0.0,0.0,0.0,0.0,0.0,23.6,53,0,125,ON,OFF,ON,0,34.2,30,0,13492,OFF,OFF,29.4,29.5,35.42,29.4,44.33,9.0,6.0,29.28,38.0,17.58,30,30,39,44,95,99,OFF,OFF,100,100,6.116,1.268,1,0,ON,ON,0.922,4.372,0,0,OFF,OFF,91720,4737,100,100,0,0.156,73,545,11.2,36,27.6,0.251,39.5,36,8.308,21.6,1316,96,9.3,62.44213,378457,33,100,29.4,2,0,0.492,78,34.22,43.95,36.64,96,17.5,0.5642,9,44,0,31.4,0,0,0
2021-09-04,14:00:51,21.88,21.59,21.88,21.59,21.65,21.31,56,56,55,20,20,15,5.16,0.0,0.0,0.0,0.0,0.0,0.0,23.6,53,0,125,ON,OFF,ON,0,34.2,30,0,13492,OFF,OFF,29.4,29.5,35.42,29.4,44.33,9.0,6.0,29.28,38.0,17.58,30,30,39,44,95,99,OFF,OFF,100,100,6.116,1.268,1,0,ON,ON,0.922,4.372,0,0,OFF,OFF,91720,4737,100,100,0,0.156,73,545,11.2,36,27.6,0.251,39.5,36,8.308,21.6,1316,96,9.3,62.44213,378457,33,100,29.4,2,0,0.492,78,34.22,43.95,36.64,96,17.5,0.5642,9,44,0,31.4,0,0,0
2021-09-04,14:01:21,21.88,21.59,21.88,21.59,21.65,21.31,56,56,55,20,20,15,5.16,0.0,0.0,0.0,0.0,0.0,0.0,23.6,53,0,125,ON,OFF,ON,0,34.2,30,0,13492,OFF,OFF,29.4,29.5,35.42,29.4,44.33,9.0,6.0,29.28,38.0,17.58,30,30,39,44,95,99,OFF,OFF,100,100,6.116,1.268,1,0,ON,ON,0.922,4.372,0,0,OFF,OFF,91720,4737,100,100,0,0.156,73,545,11.2,36,27.6,0.251,39.5,36,8.308,21.6,1316,96,9.3,62.44213,378457,33,100,29.4,2,0,0.492,78,34.22,43.95,36.64,96,17.5,0.5642,9,44,0,31.4,0,0,0
2021-09-04,14:01:54,21.88,21.59,21.88,21.59,21.65,21.31,56,56,55,20,20,15,5.16,0.0,0.0,0.0,0.0,0.0,0.0,23.6,53,0,125,ON,OFF,ON,0,34.2,30,0,13492,OFF,OFF,29.4,29.5,35.42,29.4,44.33,9.0,6.0,29.28,38.0,17.58,30,30,39,44,95,99,OFF,OFF,100,100,6.116,1.268,1,0,ON,ON,0.922,4.372,0,0,OFF,OFF,91720,4737,100,100,0,0.156,73,545,11.2,36,28.1,0.251,39.5,36,8.308,21.6,1316,96,9.3,62.44213,378457,33,100,29.4,2,0,0.492,78,34.8,43.95,36.64,96,17.5,0.5642,9,44,0,31.4,0,0,0
2021-09-04,14:02:24,21.88,21.59,21.88,21.59,21.65,21.31,56,56,55,20,20,15,5.16,0.0,0.0,0.0,0.0,0.0,0.0,23.6,53,0,125,ON,OFF,ON,0,34.2,30,0,13492,OFF,OFF,29.4,29.5,35.42,29.4,44.99,9.0,6.0,29.28,38.0,17.58,30,30,39,44,95,99,OFF,OFF,100,100,6.116,1.268,1,0,ON,ON,0.922,4.372,0,0,OFF,OFF,78910,3714,100,100,0,0.156,73,545,11.2,36,28.1,0.251,39.5,36,8.308,21.6,1316,96,9.3,62.44213,378457,33,100,29.4,2,0,0.492,78,34.8,43.95,36.64,96,17.5,0.5642,9,44,0,31.4,0,0,0
2021-09-04,14:02:54,21.88,21.59,21.88,21.59,21.65,21.31,56,56,55,20,20,15,5.16,0.0,0.0,0.0,0.0,0.0,0.0,23.6,53,0,125,ON,OFF,ON,0,34.2,30,0,13492,OFF,OFF,29.4,29.5,35.42,29.4,44.99,9.0,6.0,29.28,38.0,17.58,30,30,39,44,95,99,OFF,OFF,100,100,6.116,1.268,1,0,ON,ON,0.922,4.372,0,0,OFF,OFF,78910,3714,100,100,0,0.156,73,545,11.2,36,28.1,0.251,39.5,36,8.308,21.6,1316,96,9.3,62.44213,378457,33,100,29.4,2,0,0.492,78,34.8,43.95,36.64,96,17.5,0.5642,9,44,0,31.4,0,0,0
2021-09-04,14:03:24,21.88,21.59,21.88,21.59,21.65,21.31,56,56,55,20,20,15,5.16,0.0,0.0,0.0,0.0,0.0,0.0,23.6,53,0,125,ON,OFF,ON,0,34.2,30,0,13492,OFF,OFF,29.4,29.5,35.42,29.4,44.99,9.0,6.0,29.28,38.0,17.58,30,30,39,44,95,99,OFF,OFF,100,100,6.116,1.268,1,0,ON,ON,0.922,4.372,0,0,OFF,OFF,84033,3714,100,100,0,0.156,73,545,11.2,36,28.1,0.251,39.5,36,8.308,21.6,1316,96,9.3,62.44213,378457,33,100,29.4,2,0,0.492,78,34.8,43.95,36.64,96,17.5,0.5642,9,44,0,31.4,0,0,0
2021-09-04,14:04:13,21.88,21.59,21.88,21.59,21.65,21.31,56,56,55,20,20,15,5.16,0.0,0.0,0.0,0.0,0.0,0.0,23.6,53,0,125,ON,OFF,ON,0,34.2,30,0,13492,OFF,OFF,29.4,29.5,35.42,29.4,44.99,9.0,6.0,29.28,38.0,17.58,30,30,39,44,95,99,OFF,OFF,100,100,6.116,1.268,1,0,ON,ON,0.922,4.372,0,0,OFF,OFF,84033,3714,100,100,0,0.156,73,545,11.2,36,28.1,0.251,39.5,36,8.308,21.6,1316,96,9.3,62.44213,378457,33,100,29.4,2,0,0.492,78,34.8,43.95,36.64,96,17.5,0.5642,9,44,0,31.4,0,0,0
2021-09-04,14:04:43,21.88,21.59,21.88,21.59,21.65,21.31,56,56,55,20,20,15,5.16,0.0,0.0,0.0,0.0,0.0,0.0,23.6,53,0,125,ON,OFF,ON,0,34.2,30,0,13492,OFF,OFF,29.4,29.5,35.42,29.4,44.99,9.0,6.0,29.28,38.0,17.58,30,30,39,44,95,99,OFF,OFF,100,100,6.116,1.268,1,0,ON,ON,0.922,4.372,0,0,OFF,OFF,91720,3714,100,100,0,0.156,73,545,11.2,36,28.1,0.251,39.5,36,8.308,21.6,1316,96,9.3,62.44213,378457,33,100,29.4,2,0,0.492,78,34.8,43.95,36.64,96,17.5,0.5642,9,44,0,31.4,0,0,0
2021-09-04,14:05:13,21.88,21.59,21.88,21.59,21.65,21.31,56,56,55,20,20,15,5.16,0.0,0.0,0.0,0.0,0.0,0.0,23.6,53,0,125,ON,OFF,ON,0,34.2,30,0,13492,OFF,OFF,29.4,29.5,35.42,29.4,44.99,9.0,6.0,29.28,38.0,17.58,30,30,39,44,95,99,OFF,OFF,100,100,6.116,1.268,1,0,ON,ON,0.922,4.372,0,0,OFF,OFF,91720,3714,100,100,0,0.156,73,545,11.2,36,28.1,0.251,39.5,36,8.308,21.6,1316,96,9.3,62.44213,378457,33,100,29.4,2,0,0.492,78,34.8,43.95,36.64,96,17.5,0.5642,9,44,0,31.4,0,0,0
2021-09-04,14:05:43,21.88,21.59,21.88,21.59,21.65,21.31,56,56,55,20,20,15,5.16,0.0,0.0,0.0,0.0,0.0,0.0,23.6,53,0,125,ON,OFF,ON,0,34.2,30,0,13492,OFF,OFF,29.4,29.5,35.42,29.4,44.99,9.0,6.0,29.28,38.0,17.58,30,31,39,44,95,99,OFF,OFF,100,100,6.116,1.268,1,0,ON,ON,0.922,4.372,0,0,OFF,OFF,91720,3714,100,100,0,0.156,73,545,11.2,36,28.1,0.251,39.5,36,8.657,21.6,1316,96,9.3,62.44213,378457,33,100,29.4,2,0,0.492,78,34.8,43.95,36.64,96,17.5,0.5642,9,44,0,31.4,0,0,0
2021-09-04,14:06:13,21.88,21.59,21.88,21.59,21.65,21.31,56,56,55,20,20,15,5.16,0.0,0.0,0.0,0.0,0.0,0.0,23.6,53,0,125,ON,OFF,ON,0,34.2,30,0,13492,OFF,OFF,29.4,29.5,35.42,29.4,44.99,9.0,6.0,29.28,38.0,17.58,30,31,39,44,95,99,OFF,OFF,100,100,6.116,1.268,1,0,ON,ON,0.922,4.372,0,0,OFF,OFF,91720,3714,100,100,0,0.156,73,545,11.2,36,28.1,0.251,39.5,36,8.657,21.6,1316,96,9.3,62.44213,378457,33,100,29.4,2,0,0.492,78,34.8,43.95,36.64,96,17.5,0.5642,9,44,0,31.4,0,0,0
2021-09-04,14:06:43,21.88,21.59,21.88,21.59,21.65,21.31,56,56,55,20,20,15,5.16,0.0,0.0,0.0,0.0,0.0,0.0,23.6,53,0,125,ON,OFF,ON,0,34.2,30,0,13492,OFF,OFF,29.4,29.5,35.42,29.4,44.99,9.0,6.0,29.28,38.0,17.58,30,31,39,44,95,99,OFF,OFF,100,100,6.116,1.268,1,0,ON,ON,0.922,4.372,0,0,OFF,OFF,91720,3714,100,100,0,0.156,73,545,11.2,36,28.1,0.251,39.5,36,8.657,21.6,1316,96,9.3,62.44213,378457,33,100,29.4,2,0,0.492,78,34.8,43.95,36.64,96,17.5,0.5642,9,44,0,31.4,0,0,0
2021-09-04,14:07:13,21.88,21.59,21.88,21.59,21.65,21.31,56,56,55,20,20,15,5.16,0.0,0.0,0.0,0.0,0.0,0.0,23.6,53,0,125,ON,OFF,ON,0,34.2,30,0,13492,OFF,OFF,29.4,29.5,35.42,29.4,44.99,9.0,6.0,29.28,38.0,17.58,30,31,39,44,95,99,OFF,OFF,100,100,6.116,1.268,1,0,ON,ON,0.922,4.372,0,0,OFF,OFF,91720,3714,100,100,0,0.156,73,545,11.2,36,28.1,0.251,39.5,36,8.657,21.6,1316,96,9.3,62.44213,378457,33,100,29.4,2,0,0.492,78,34.8,43.95,36.64,96,17.5,0.5642,9,44,0,31.4,0,0,0
2021-09-04,14:07:43,21.88,21.59,21.88,21.59,21.65,21.31,56,56,55,20,20,15,5.16,0.0,0.0,0.0,0.0,0.0,0.0,23.6,53,0,125,ON,OFF,ON,0,34.2,30,0,13492,OFF,OFF,29.4,29.5,35.42,29.4,44.99,9.0,6.0,29.28,38.0,17.58,30,31,39,44,95,99,OFF,OFF,100,100,6.116,1.268,1,0,ON,ON,0.922,4.372,0,0,OFF,OFF,91720,3714,100,100,0,0.156,73,545,11.2,36,28.1,0.251,39.5,36,8.657,21.6,1316,96,9.3,62.44213,378457,33,100,29.4,2,0,0.492,78,34.8,43.95,36.64,96,17.5,0.5642,9,44,0,31.4,0,0,0
2021-09-04,14:08:13,21.88,21.59,21.88,21.59,21.65,21.31,56,56,55,20,20,15,5.16,0.0,0.0,0.0,0.0,0.0,0.0,23.6,53,0,125,ON,OFF,ON,0,34.2,30,0,13492,OFF,OFF,29.4,29.5,35.42,29.4,45.65,9.0,6.0,29.28,38.0,17.58,30,31,39,44,95,99,OFF,OFF,100,100,6.116,1.268,1,0,ON,ON,0.922,4.372,0,0,OFF,OFF,91720,3714,100,100,0,0.156,73,545,11.2,36,28.1,0.251,39.5,36,8.657,21.6,1316,96,9.3,62.44213,378457,33,100,29.4,2,0,0.492,78,34.8,43.95,36.64,96,17.5,0.5642,9,44,0,31.4,0,0,0
2021-09-04,14:08:43,21.88,21.59,21.88,21.59,21.65,21.31,56,56,55,20,20,15,5.16,0.0,0.0,0.0,0.0,0.0,0.0,23.6,53,0,125,ON,OFF,ON,0,34.2,30,0,13492,OFF,OFF,29.4,29.5,35.42,29.4,45.65,9.0,6.0,29.28,38.0,17.58,30,31,39,44,95,99,OFF,OFF,100,100,6.116,1.268,1,0,ON,ON,0.922,4.372,0,0,OFF,OFF,91720,3714,100,100,0,0.156,73,545,11.2,36,28.1,0.251,39.9,36,8.657,21.6,1316,96,9.3,62.44213,378457,33,100,29.4,2,0,0.492,78,34.8,43.95,36.64,96,17.5,0.5642,9,44,0,31.4,0,0,0
2021-09-04,14:09:13,21.88,21.59,21.88,21.59,21.65,21.31,56,56,55,20,20,15,5.16,0.0,0.0,0.0,0.0,0.0,0.0,23.6,53,0,125,ON,OFF,ON,0,34.2,30,0,13492,OFF,OFF,29.4,29.5,35.42,29.4,45.65,9.0,6.0,29.28,38.0,17.58,30,31,39,44,95,99,OFF,OFF,100,100,6.116,1.268,1,0,ON,ON,0.922,4.372,0,0,OFF,OFF,91720,3714,100,100,0,0.156,73,545,11.2,36,28.1,0.251,39.9,36,8.657,21.6,1316,96,9.3,62.44213,378457,33,100,29.4,2,0,0.492,78,34.8,43.95,36.64,96,17.5,0.5642,9,44,0,31.4,0,0,0
2021-09-04,14:09:43,21.88,21.59,21.88,21.59,21.65,21.31,56,56,55,20,20,15,5.16,0.0,0.0,0.0,0.0,0.0,0.0,23.6,53,0,125,ON,OFF,ON,0,34.2,30,0,13492,OFF,OFF,29.4,29.5,35.42,29.4,45.65,9.0,6.0,29.28,38.0,17.58,31,30,39,44,95,99,OFF,OFF,100,100,6.116,1.268,1,0,ON,ON,0.922,4.372,0,0,OFF,OFF,91720,3714,100,100,0,0.156,73,545,11.2,36,28.1,0.251,39.9,36,8.657,21.6,1316,96,9.3,62.44213,378457,33,100,29.4,2,0,0.492,78,34.8,43.95,36.64,96,17.5,0.5642,9,44,0,31.4,0,0,0
2021-09-04,14:10:13,21.88,21.59,21.88,21.59,21.65,21.31,56,56,55,20,20,15,5.16,0.0,0.0,0.0,0.0,0.0,0.0,23.6,53,0,125,ON,OFF,ON,0,34.2,30,0,13492,OFF,OFF,29.4,29.5,35.42,29.4,45.65,9.0,6.0,29.28,38.0,17.58,31,30,39,44,95,99,OFF,OFF,100,100,6.116,1.268,1,0,ON,ON,0.922,4.372,0,0,OFF,OFF,91720,3714,100,100,0,0.156,73,545,11.2,36,28.1,1.8,39.9,36,1.8,21.6,1316,96,9.3,62.44213,378457,33,100,29.4,2,0,0.492,77,34.8,43.95,36.64,96,17.5,0.5642,9,44,0,31.4,0,0,0
2021-09-04,14:10:43,21.88,21.59,21.88,21.59,21.65,21.31,56,56,55,20,20,15,5.16,0.0,0.0,0.0,0.0,0.0,0.0,23.6,53,0,125,ON,OFF,ON,0,34.2,30,0,13492,OFF,OFF,29.4,29.5,35.42,29.4,45.65,9.0,6.0,29.28,38.0,17.58,31,30,39,44.5,95,99,OFF,OFF,100,100,6.116,1.268,1,0,ON,ON,0.922,4.372,0,0,OFF,OFF,91720,3714,100,100,0,0.156,73,545,11.2,36,28.1,1.8,39.9,36,1.8,21.6,1316,96,9.3,62.44213,378457,33,100,29.4,2,0,0.492,77,34.8,43.95,36.64,96,17.5,0.5642,9,44,0,31.4,0,0,0
2021-09-04,14:11:13,21.88,21.59,21.88,21.59,21.65,21.31,56,56,55,20,20,15,5.16,0.0,0.0,0.0,0.0,0.0,0.0,23.6,53,0,125,ON,OFF,ON,0,34.2,30,0,13492,OFF,OFF,29.4,29.5,35.42,29.4,45.65,9.0,6.0,29.28,38.0,17.58,31,30,39,44.5,95,99,OFF,OFF,100,100,6.116,1.268,1,0,ON,ON,0.922,4.372,0,0,OFF,OFF,91720,3714,100,100,0,0.156,73,545,11.2,36,28.1,1.8,39.9,36,1.8,21.6,1316,96,9.3,62.44213,378457,33,100,29.4,2,0,0.492,77,34.8,43.95,36.64,96,17.5,0.5642,9,44,0,31.4,0,0,0
2021-09-04,14:11:43,21.88,21.59,21.88,21.59,21.65,21.31,56,56,55,20,20,15,5.16,0.0,0.0,0.0,0.0,0.0,0.0,23.6,53,0,125,ON,OFF,ON,0,34.2,30,0,13492,OFF,OFF,29.4,29.5,35.42,29.4,45.65,9.0,6.0,29.28,38.0,17.58,31,30,39,44,95,99,OFF,OFF,100,100,6.116,1.268,1,0,ON,ON,0.922,4.372,0,0,OFF,OFF,91720,3714,100,100,0,0.156,73,545,11.2,36,28.1,1.8,39.9,36,1.8,21.6,1316,96,9.3,62.44213,378457,33,100,29.4,2,0,0.492,77,34.8,43.95,36.64,96,17.5,0.5642,9,44,0,31.4,0,0,0
2021-09-04,14:12:13,21.88,21.59,21.88,21.59,21.65,21.31,56,56,55,20,20,15,5.16,0.0,0.0,0.0,0.0,0.0,0.0,23.6,53,0,125,ON,OFF,ON,0,34.2,30,0,13492,OFF,OFF,29.4,29.5,35.42,29.4,45.65,9.0,6.0,29.28,38.0,17.58,31,30,39,44,95,99,OFF,OFF,100,100,6.116,1.268,1,0,ON,ON,0.922,4.372,0,0,OFF,OFF,91720,2432,100,100,0,0.156,73,545,11.2,36,28.1,1.8,39.9,36,1.8,21.6,1316,96,9.3,62.44213,378457,33,100,29.4,2,0,0.492,77,34.8,44.47,36.64,96,17.5,0.5642,9,44,0,31.4,0,0,0
2021-09-04,14:12:43,21.88,21.59,21.88,21.59,21.65,21.31,56,56,55,20,20,15,5.16,0.0,0.0,0.0,0.0,0.0,0.0,23.6,53,0,125,ON,OFF,ON,0,34.2,30,0,13492,OFF,OFF,29.4,29.5,35.42,29.4,45.65,9.0,6.0,29.28,38.0,17.58,31,30,39,44,95,99,OFF,OFF,100,100,6.116,1.268,1,0,ON,ON,0.922,4.372,0,0,OFF,OFF,91720,2401,100,100,0,0.156,73,545,11.2,36,28.1,1.8,39.9,36,1.8,21.6,1316,96,9.3,62.44213,378457,33,100,29.4,2,0,0.492,77,34.8,44.47,36.64,96,17.5,0.5642,9,44,0,31.4,0,0,0
2021-09-04,14:13:13,21.88,21.59,21.88,21.59,21.65,21.31,56,56,55,20,20,15,5.16,0.0,0.0,0.0,0.0,0.0,0.0,23.6,53,0,125,ON,OFF,ON,0,34.2,30,0,13492,OFF,OFF,29.4,29.5,35.42,29.4,45.65,9.0,6.0,29.28,38.0,17.58,31,30,39,43.5,95,99,OFF,OFF,100,100,6.116,1.268,1,0,ON,ON,0.922,4.372,0,0,OFF,OFF,91720,2401,100,100,0,0.156,73,545,11.2,36,28.1,1.8,39.9,36,1.8,21.6,1316,96,9.3,62.44213,378457,33,100,29.4,2,0,0.492,77,34.8,44.47,36.64,96,17.5,0.5642,9,44,0,31.4,0,0,0
2021-09-04,14:13:43,21.88,21.59,21.88,21.59,21.65,21.31,56,56,55,20,20,15,5.16,0.0,0.0,0.0,0.0,0.0,0.0,23.6,53,0,125,ON,OFF,ON,0,34.2,30,0,13492,OFF,OFF,29.4,29.5,35.42,29.4,45.65,9.0,6.0,29.28,38.0,17.58,30,30,39,42.5,95,99,OFF,OFF,100,100,6.116,1.268,1,0,ON,ON,0.922,4.372,0,0,OFF,OFF,91720,2401,100,100,0,0.156,73,545,11.2,36,27.6,1.8,39.9,36,1.8,21.6,1316,96,9.3,62.44213,378457,33,100,29.4,2,0,0.492,77,34.8,44.47,36.64,96,17.5,0.5642,9,44,0,31.4,0,0,0
2021-09-04,14:14:13,21.88,21.59,21.88,21.59,21.65,21.31,56,56,55,20,20,15,5.16,0.0,0.0,0.0,0.0,0.0,0.0,23.6,53,0,125,ON,OFF,ON,0,34.2,30,0,13492,OFF,OFF,29.4,29.5,35.42,29.4,45.65,9.0,6.0,29.28,38.0,17.58,30,30,39,42.5,95,99,OFF,OFF,100,100,6.116,1.268,1,0,ON,ON,0.922,4.372,0,0,OFF,OFF,91720,2401,100,100,0,0.156,73,545,11.2,36,27.6,1.8,39.9,36,1.8,21.6,1316,96,9.3,62.44213,378457,33,100,29.4,2,0,0.492,77,34.8,44.47,36.64,96,17.5,0.5642,9,44,0,31.4,0,0,0
2021-09-04,14:14:43,21.88,21.59,21.88,21.59,21.65,21.31,56,56,55,20,20,15,5.16,0.0,0.0,0.0,0.0,0.0,0.0,23.6,53,0,125,ON,OFF,ON,0,34.2,30,0,13492,OFF,OFF,29.4,29.5,35.42,29.4,45.65,9.0,6.0,29.28,38.0,17.58,30,30,39,42,95,99,OFF,OFF,100,100,6.116,1.268,1,0,ON,ON,0.922,4.372,0,0,OFF,OFF,91720,2401,100,100,0,0.156,73,545,11.2,36,27.6,1.8,39.9,36,1.8,21.6,1316,96,9.3,62.44213,378457,33,100,29.4,2,0,0.492,77,34.8,44.47,36.64,96,17.5,0.5642,9,44,0,31.4,0,0,0
2021-09-04,14:15:13,21.88,21.59,21.88,21.59,21.65,21.31,56,56,55,20,20,15,5.16,0.0,0.0,0.0,0.0,0.0,0.0,23.6,53,0,125,ON,OFF,ON,0,34.2,30,0,13492,OFF,OFF,29.4,29.5,35.42,29.4,45.65,9.0,6.0,29.28,38.0,17.58,30,30,39,42,93,99,OFF,OFF,100,100,6.116,1.268,1,0,ON,ON,0.922,4.372,0,0,OFF,OFF,91720,2401,100,100,0,0.156,73,545,11.2,36,27.6,1.8,39.9,36,1.8,21.6,1316,96,9.3,62.44213,378457,33,100,29.4,2,0,0.492,77,34.8,44.47,36.64,96,17.5,0.5642,9,44,0,31.4,0,0,0
2021-09-04,14:15:43,21.88,21.59,21.88,21.59,21.65,21.31,56,56,55,20,20,15,5.16,0.0,0.0,0.0,0.0,0.0,0.0,23.6,53,0,125,ON,OFF,ON,0,34.2,30,0,13492,OFF,OFF,29.4,29.5,35.42,29.4,45.65,9.0,6.0,29.28,38.0,17.58,30,31,39,41.5,93,99,OFF,OFF,100,100,6.116,1.268,1,0,ON,ON,0.922,4.372,0,0,OFF,OFF,36893,2401,100,100,0,0.156,73,545,11.2,36,27.1,1.8,39.9,36,1.8,21.6,1316,96,9.3,62.44213,378457,33,100,29.4,2,0,0.492,77,34.8,44.47,36.64,96,17.5,0.5642,9,44,0,31.4,0,0,0
2021-09-04,14:16:13,21.88,21.59,21.88,21.59,21.65,21.31,56,56,55,20,20,15,5.16,0.0,0.0,0.0,0.0,0.0,0.0,23.6,53,0,125,ON,OFF,ON,0,34.2,30,0,13492,OFF,OFF,29.4,29.5,35.42,29.4,45.65,9.0,6.0,29.28,38.0,17.58,30,31,39.5,41.5,93,99,OFF,OFF,100,100,6.116,1.268,1,0,ON,ON,0.922,4.372,0,0,OFF,OFF,36893,2401,100,100,0,0.156,73,545,11.2,36,27.1,1.8,39.9,36,1.8,21.6,1316,96,9.3,62.44213,378457,33,100,29.4,2,0,0.492,77,34.8,44.47,36.64,96,17.5,0.5642,9,44,0,31.4,0,0,0
2021-09-04,14:16:43,21.88,21.59,21.88,21.59,21.65,21.31,56,56,55,20,20,15,5.16,0.0,0.0,0.0,0.0,0.0,0.0,23.6,53,0,125,ON,OFF,ON,0,34.2,30,0,13492,OFF,OFF,29.4,29.5,34.76,29.4,45.65,9.0,6.0,29.28,38.0,17.58,30,31,39.5,41.5,93,99,OFF,OFF,100,100,6.116,1.268,1,0,ON,ON,0.922,4.372,0,0,OFF,OFF,36893,2401,100,100,0,0.156,73,545,11.2,36,27.1,1.8,39.9,36,1.8,21.6,1316,96,9.3,62.44213,378457,33,100,29.4,2,0,0.492,77,34.8,44.47,36.64,96,17.5,0.5642,9,44,0,31.4,0,0,0
2021-09-04,14:17:13,21.88,21.59,21.88,21.59,21.65,21.31,56,56,55,20,20,15,5.16,0.0,0.0,0.0,0.0,0.0,0.0,23.6,53,0,125,ON,OFF,ON,0,34.2,30,0,13492,OFF,OFF,29.4,29.5,34.76,29.4,45.65,9.0,6.0,29.28,38.0,17.58,30,31,39.5,41,93,99,OFF,OFF,100,100,6.116,1.268,1,0,ON,ON,0.922,4.372,0,0,OFF,OFF,36893,2401,100,100,0,0.156,73,545,11.2,36,27.1,1.8,39.9,36,1.8,21.6,1316,96,9.3,62.44213,378457,33,100,29.4,2,0,0.492,77,35.35,44.47,36.64,96,17.5,0.5642,9,44,0,31.4,0,0,0
2021-09-04,14:17:43,21.88,21.59,21.88,21.59,21.65,21.31,56,56,55,20,20,15,5.16,0.0,0.0,0.0,0.0,0.0,0.0,23.6,53,0,125,ON,OFF,ON,0,34.2,30,0,13492,OFF,OFF,29.4,29.5,34.76,29.4,45.65,9.0,6.0,29.28,38.0,17.58,30,31,39.5,41,93,99,OFF,OFF,100,100,6.116,1.268,1,0,ON,ON,0.922,4.372,0,0,OFF,OFF,49445,2401,100,100,0,0.156,73,545,11.2,36,27.1,1.8,39.9,36,1.8,21.6,1316,96,9.3,62.44213,378457,33,100,29.4,2,0,0.492,77,35.35,44.47,36.64,96,17.5,0.5642,9,44,0,31.4,0,0,0
2021-09-04,14:18:13,21.88,21.59,21.88,21.59,21.65,21.31,56,56,55,20,20,15,5.16,0.0,0.0,0.0,0.0,0.0,0.0,23.6,53,0,125,ON,OFF,ON,0,34.2,30,0,13492,OFF,OFF,29.4,29.5,34.76,29.4,45.65,9.0,6.0,29.28,38.0,17.58,30,31,39.5,41,93,99,OFF,OFF,100,100,6.116,1.268,1,0,ON,ON,0.922,4.372,0,0,OFF,OFF,49445,2401,100,100,0,0.156,73,545,11.2,36,27.1,1.8,39.9,36,1.8,21.6,1316,96,9.3,62.44213,378457,33,100,29.4,2,0,0.492,77,35.35,44.47,36.64,96,17.5,0.5642,9,44,0,31.4,0,0,0
2021-09-04,14:18:42,21.88,21.59,21.88,21.59,21.65,21.31,56,56,55,20,20,15,5.16,0.0,0.0,0.0,0.0,0.0,0.0,23.6,53,0,125,ON,OFF,ON,0,34.2,30,0,13492,OFF,OFF,29.4,29.5,34.76,29.4,45.65,9.0,6.0,29.28,38.0,17.58,30,31,39.5,41,93,99,OFF,OFF,100,100,6.116,1.268,1,0,ON,ON,0.922,4.372,0,0,OFF,OFF,91720,3522,100,100,0,0.156,73,545,11.2,36,27.1,1.8,39.9,36,1.8,21.6,1316,96,9.3,62.44213,378457,33,100,29.4,2,0,0.492,77,35.35,44.47,36.64,96,17.5,0.5642,9,44,0,31.4,0,0,0
2021-09-04,14:19:28,21.88,21.59,21.88,21.59,21.65,21.31,56,56,55,20,20,15,5.16,0.0,0.0,0.0,0.0,0.0,0.0,23.6,53,0,125,ON,OFF,ON,0,34.2,30,0,13492,OFF,OFF,29.4,29.5,34.76,29.4,45.65,9.0,6.0,29.28,38.0,17.58,30,31,39.5,41,93,99,OFF,OFF,100,100,6.116,1.268,1,0,ON,ON,0.922,4.372,0,0,OFF,OFF,91720,3522,100,100,0,0.156,73,545,11.2,36,26.6,1.8,39.9,36,1.8,21.6,1316,96,9.3,62.44213,378457,33,100,29.4,2,0,0.492,77,35.35,44.47,37.19,96,17.5,0.5642,9,44,0,31.4,0,0,0
2021-09-04,14:19:58,21.88,21.59,21.88,21.59,21.65,21.31,56,56,55,20,20,15,5.16,0.0,0.0,0.0,0.0,0.0,0.0,23.6,53,0,125,ON,OFF,ON,0,34.2,30,0,13492,OFF,OFF,29.4,29.5,34.76,29.4,45.65,9.0,6.0,29.28,38.0,17.58,29,31,39.5,41,93,99,OFF,OFF,100,100,6.116,1.268,1,0,ON,ON,0.922,4.372,0,0,OFF,OFF,91720,3522,100,100,0,0.156,73,545,11.2,36,26.6,1.8,39.9,36,1.8,21.6,1316,96,9.3,62.44213,378457,33,100,29.4,2,0,0.492,77,35.35,44.47,37.19,96,17.5,0.5642,9,44,0,31.4,0,0,0
2021-09-04,14:20:28,21.88,21.59,21.88,21.59,21.65,21.31,56,56,55,20,20,15,5.16,0.0,0.0,0.0,0.0,0.0,0.0,23.6,53,0,125,ON,OFF,ON,0,34.2,30,0,13492,OFF,OFF,29.4,29.5,34.76,29.4,45.65,9.0,6.0,29.28,38.0,17.58,29,31,39.5,41,93,99,OFF,OFF,100,100,6.116,1.268,1,0,ON,ON,0.922,4.372,0,0,OFF,OFF,91720,3522,100,100,0,0.156,73,545,11.2,36,26.6,1.8,39.9,36,1.8,21.6,1316,96,9.3,62.44213,378457,33,100,29.4,2,0,0.492,77,35.35,44.47,37.19,96,17.5,0.5642,9,44,0,31.4,0,0,0
2021-09-04,14:20:58,21.88,21.59,21.88,21.59,21.65,21.31,56,56,55,20,20,15,5.16,0.0,0.0,0.0,0.0,0.0,0.0,23.6,53,0,125,ON,OFF,ON,0,34.2,30,0,13492,OFF,OFF,29.4,29.5,34.1,29.4,45.65,9.0,6.0,29.28,38.0,17.58,29,31,39.5,41,93,99,OFF,OFF,100,100,6.117,1.268,1,0,ON,ON,0.922,4.372,0,0,OFF,OFF,91720,3522,100,100,0,0.156,73,545,11.2,36,26.6,1.8,39.9,36,1.8,21.6,1316,96,9.3,62.44213,378457,33,100,29.4,2,0,0.492,77,35.35,44.47,37.19,96,17.5,0.5642,9,44,0,31.4,0,0,0
2021-09-04,14:21:28,21.88,21.59,21.88,21.59,21.65,21.31,56,56,55,20,20,15,5.16,0.0,0.0,0.0,0.0,0.0,0.0,23.6,53,0,125,ON,OFF,ON,0,34.2,30,0,13492,OFF,OFF,29.4,29.5,34.1,29.4,45.65,9.0,6.0,29.28,38.0,17.58,29,31,39.5,41,93,99,OFF,OFF,100,100,6.117,1.268,1,0,ON,ON,0.922,4.372,0,0,OFF,OFF,91720,3522,100,100,0,0.156,73,545,11.2,36,26.6,1.8,39.9,36,1.8,21.6,1316,96,9.3,62.44213,378457,33,100,29.4,2,0,0.492,77,35.35,44.47,37.19,96,17.5,0.5642,9,44,0,31.4,0,0,0
2021-09-04,14:21:58,21.88,21.59,21.88,21.59,21.65,21.31,56,56,55,20,20,15,5.16,0.0,0.0,0.0,0.0,0.0,0.0,23.6,53,0,125,ON,OFF,ON,0,34.2,30,0,13492,OFF,OFF,29.4,29.5,34.1,29.4,45.65,9.0,6.0,29.28,38.0,17.58,29,31,39.5,41,93,99,OFF,OFF,100,100,6.117,1.268,1,0,ON,ON,0.922,4.372,0,0,OFF,OFF,86082,3522,100,100,0,0.156,73,545,11.2,36,26.6,1.8,39.9,36,1.8,21.6,1316,96,9.3,62.44213,378457,33,100,29.4,2,0,0.492,77,35.35,44.47,37.19,96,17.5,0.5642,9,44,0,31.4,0,0,0
2021-09-04,14:22:28,21.88,21.59,21.88,21.59,21.65,21.31,56,56,55,20,20,15,5.16,0.0,0.0,0.0,0.0,0.0,0.0,23.6,53,0,125,ON,OFF,ON,0,34.2,30,0,13492,OFF,OFF,29.4,29.5,34.1,29.4,45.65,9.0,6.0,29.28,38.0,17.58,29,31,39.5,41,93,99,OFF,OFF,100,100,6.117,1.268,1,0,ON,ON,0.922,4.372,0,0,OFF,OFF,86082,3522,100,100,0,0.156,73,545,11.2,36,26.6,1.8,39.9,36,1.8,21.6,1316,96,9.3,62.44213,378457,33,100,29.4,2,0,0.492,77,35.35,44.47,37.19,96,17.5,0.5642,9,44,0,31.4,0,0,0
2021-09-04,14:22:58,21.88,21.59,21.88,21.59,21.65,21.31,56,56,55,20,20,15,5.16,0.0,0.0,0.0,0.0,0.0,0.0,23.6,53,0,125,ON,OFF,ON,0,34.2,30,0,13492,OFF,OFF,29.4,29.5,34.1,29.4,45.65,9.0,6.0,29.28,38.0,17.58,29,31,39.5,41,93,99,OFF,OFF,100,100,6.117,1.268,1,0,ON,ON,0.922,4.372,0,0,OFF,OFF,86082,3522,100,100,0,0.156,73,545,11.2,36,26.6,1.8,39.9,36,1.8,21.6,1316,96,9.3,62.44213,378457,33,100,29.4,2,0,0.492,77,35.35,44.47,37.19,96,17.5,0.5642,9,44,0,31.4,0,0,0
2021-09-04,14:23:28,21.88,21.59,21.88,21.59,21.65,21.31,56,56,55,20,20,15,5.16,0.0,0.0,0.0,0.0,0.0,0.0,23.6,53,0,125,ON,OFF,ON,0,34.2,30,0,13492,OFF,OFF,29.4,29.5,34.1,29.4,45.65,9.0,6.0,29.28,38.0,17.58,29,31,39.5,41,93,99,OFF,OFF,100,100,6.117,1.268,1,0,ON,ON,0.922,4.372,0,0,OFF,OFF,86082,3522,100,100,0,0.156,73,545,11.2,36,26.6,1.8,39.9,36,1.8,21.6,1316,96,9.3,62.44213,378457,33,100,29.4,2,0,0.492,77,35.35,44.47,37.19,96,17.5,0.5642,9,44,0,31.4,0,0,0
2021-09-04,14:23:58,21.88,21.59,21.88,21.59,21.65,21.31,56,56,55,20,20,15,5.16,0.0,0.0,0.0,0.0,0.0,0.0,23.6,53,0,125,ON,OFF,ON,0,34.2,30,0,13492,OFF,OFF,29.4,29.5,34.1,29.4,45.65,9.0,6.0,29.28,38.0,17.58,30,31,39.5,41,93,99,OFF,OFF,100,100,6.117,1.268,1,0,ON,ON,0.922,4.372,0,0,OFF,OFF,86082,3522,100,100,0,0.156,73,545,11.2,36,26.6,1.8,39.9,36,1.8,21.6,1316,96,9.3,62.44213,378457,33,100,29.4,2,0,0.492,77,35.35,44.47,37.19,96,17.5,0.5642,9,44,0,31.4,0,0,0
2021-09-04,14:24:28,21.88,21.59,21.88,21.59,21.65,21.31,56,56,55,20,20,15,5.16,0.0,0.0,0.0,0.0,0.0,0.0,23.6,53,0,125,ON,OFF,ON,0,34.2,30,0,13492,OFF,OFF,29.4,29.5,34.1,29.4,44.99,9.0,6.0,29.28,38.0,17.58,30,31,39.5,41,93,99,OFF,OFF,100,100,6.117,1.268,1,0,ON,ON,0.922,4.372,0,0,OFF,OFF,86082,3522,100,100,0,0.156,73,545,11.2,36,26.6,1.8,39.9,36,1.8,21.6,1316,96,9.3,62.44213,378457,33,100,29.4,2,0,0.492,77,35.35,44.47,37.19,96,17.5,0.5642,9,44,0,31.4,0,0,0
2021-09-04,14:24:58,21.88,21.59,21.88,21.59,21.65,21.31,56,56,55,20,20,15,5.16,0.0,0.0,0.0,0.0,0.0,0.0,23.6,53,0,125,ON,OFF,ON,0,34.2,30,0,13492,OFF,OFF,29.4,29.5,34.1,29.4,44.99,9.0,6.0,29.28,38.0,17.58,30,31,39.5,41,93,99,OFF,OFF,100,100,6.117,1.268,1,0,ON,ON,0.922,4.372,0,0,OFF,OFF,86082,3522,100,100,0,0.156,73,545,11.2,36,26.6,1.8,39.9,36,1.8,21.6,1316,96,9.3,62.44213,378457,33,100,29.4,2,0,0.492,77,35.35,44.47,37.19,96,17.5,0.5642,9,44,0,31.4,0,0,0
2021-09-04,14:25:28,21.88,21.59,21.88,21.59,21.65,21.31,56,56,55,20,20,15,5.16,0.0,0.0,0.0,0.0,0.0,0.0,23.6,53,0,125,ON,OFF,ON,0,34.2,30,0,13492,OFF,OFF,29.4,29.5,34.1,29.4,44.99,9.0,6.0,29.28,38.0,17.58,30,31,39.5,41,93,99,OFF,OFF,100,100,6.117,1.268,1,0,ON,ON,0.922,4.372,0,0,OFF,OFF,86082,3522,100,100,0,0.156,73,545,11.2,36,26.1,1.8,39.9,36,1.8,21.6,1316,96,9.3,62.44213,378457,33,100,29.4,2,0,0.492,77,35.35,44.47,37.19,96,17.5,0.5642,9,44,0,31.4,0,0,0
2021-09-04,14:25:58,21.88,21.59,21.88,21.59,21.65,21.31,56,56,55,20,20,15,5.16,0.0,0.0,0.0,0.0,0.0,0.0,23.6,53,0,125,ON,OFF,ON,0,34.2,30,0,13492,OFF,OFF,29.4,29.5,34.1,29.4,44.99,9.0,6.0,29.28,38.0,17.58,29,31,39.5,41,93,99,OFF,OFF,100,100,6.117,1.268,1,0,ON,ON,0.922,4.372,0,0,OFF,OFF,86082,3522,100,100,0,0.156,73,545,11.2,36,26.1,1.8,39.9,36,1.8,21.6,1316,96,9.3,62.44213,378457,33,100,29.4,2,0,0.492,77,35.35,44.47,37.19,96,17.5,0.5642,9,44,0,31.4,0,0,0
2021-09-04,14:26:28,21.88,21.59,21.88,21.59,21.65,21.31,56,56,55,20,20,15,5.16,0.0,0.0,0.0,0.0,0.0,0.0,23.6,53,0,125,ON,OFF,ON,0,34.2,30,0,13492,OFF,OFF,29.4,29.5,34.1,29.4,44.99,9.0,6.0,29.28,38.0,17.58,29,31,39.5,41,93,99,OFF,OFF,100,100,6.117,1.268,1,0,ON,ON,0.922,4.372,0,0,OFF,OFF,86082,3522,100,100,0,0.156,73,545,11.2,36,26.1,1.8,39.9,36,1.8,21.6,1316,96,9.3,62.44213,378457,33,100,29.4,2,0,0.492,77,35.35,44.47,37.19,96,17.5,0.5642,9,44,0,31.4,0,0,0
2021-09-04,14:26:58,21.88,21.59,21.88,21.59,21.65,21.31,56,56,55,20,20,15,5.16,0.0,0.0,0.0,0.0,0.0,0.0,23.6,53,0,125,ON,OFF,ON,0,34.2,30,0,13492,OFF,OFF,29.4,29.5,33.44,29.4,44.99,9.0,6.0,29.28,38.0,17.58,29,31,39.5,41,93,99,OFF,OFF,100,100,6.117,1.268,1,0,ON,ON,0.922,4.372,0,0,OFF,OFF,86082,3522,100,100,0,0.156,73,545,11.2,36,26.1,1.8,39.9,36,1.8,21.6,1316,96,9.3,62.44213,378457,33,100,29.4,2,0,0.492,77,35.35,44.47,37.19,96,17.5,0.5642,9,44,0,31.4,0,0,0
2021-09-04,14:27:30,21.88,21.59,21.88,21.59,21.65,21.31,56,56,55,20,20,15,5.16,0.0,0.0,0.0,0.0,0.0,0.0,23.6,53,0,125,ON,OFF,ON,0,34.2,30,0,13492,OFF,OFF,29.4,29.5,33.44,29.4,44.99,9.0,6.0,29.28,38.0,17.58,29,31,39.5,40.5,93,99,OFF,OFF,100,100,6.117,1.268,1,0,ON,ON,0.922,4.372,0,0,OFF,OFF,86082,3522,100,100,0,0.156,73,671,11.2,36,26.2,0.233,39.9,36,1.8,21.6,1316,96,9.3,62.44213,378457,33,100,29.4,2,0,0.492,77,35.35,44.47,37.19,96,17.5,0.5642,9,44,0,31.4,0,0,0
2021-09-04,14:28:00,21.88,21.59,21.88,21.59,21.65,21.31,56,56,55,20,20,15,5.16,0.0,0.0,0.0,0.0,0.0,0.0,23.6,53,0,125,ON,OFF,ON,0,34.2,30,0,13492,OFF,OFF,29.4,29.5,33.44,29.4,44.99,9.0,6.0,29.28,38.0,17.58,29,31,39.5,40.5,93,99,OFF,OFF,100,100,6.117,1.268,1,0,ON,ON,0.922,4.372,0,0,OFF,OFF,86082,3522,100,100,0,0.156,73,671,11.2,36,26.2,0.233,40.1,36,1.8,21.6,1316,96,9.3,62.44213,378457,33,100,29.4,2,0,0.492,77,35.35,44.47,37.19,96,17.5,0.5642,9,44,0,31.4,0,0,0
2021-09-04,14:28:30,21.88,21.59,21.88,21.59,21.65,21.31,56,56,55,20,20,15,5.16,0.0,0.0,0.0,0.0,0.0,0.0,23.6,53,0,125,ON,OFF,ON,0,34.2,30,0,13492,OFF,OFF,29.4,29.5,33.44,29.4,44.99,9.0,6.0,29.28,38.0,17.58,29,31,39.5,40.5,93,99,OFF,OFF,100,100,6.117,1.268,1,0,ON,ON,0.922,4.372,0,0,OFF,OFF,86082,3522,100,100,0,0.156,73,671,11.2,36,26.6,0.233,40.1,36,1.8,21.6,1403,96,9.3,62.44213,378457,33,100,29.4,2,0,0.492,77,35.35,44.47,37.19,96,17.5,0.5642,9,44,0,31.4,0,0,0
2021-09-04,14:29:00,21.88,21.59,21.88,21.59,21.65,21.31,56,56,55,20,20,15,5.16,0.0,0.0,0.0,0.0,0.0,0.0,23.6,53,0,125,ON,OFF,ON,0,34.2,30,0,13492,OFF,OFF,29.4,29.5,33.44,29.4,44.33,9.0,6.0,29.28,38.0,17.58,29,31,39.5,41,93,99,OFF,OFF,100,100,6.117,1.268,1,0,ON,ON,0.922,4.372,0,0,OFF,OFF,86082,3522,100,100,0,0.156,73,671,11.2,36,26.6,0.233,40.1,36,1.8,21.6,1403,96,9.3,62.44213,378457,33,100,29.4,2,0,0.492,77,35.35,44.47,37.19,96,17.5,0.5642,9,44,0,31.4,0,0,0
2021-09-04,14:29:30,21.88,21.59,21.88,21.59,21.65,21.31,56,56,55,20,20,15,5.16,0.0,0.0,0.0,0.0,0.0,0.0,23.6,53,0,125,ON,OFF,ON,0,34.2,30,0,13492,OFF,OFF,29.4,29.5,33.44,29.4,44.33,9.0,6.0,29.28,38.0,17.58,29,31,39.5,41,93,99,OFF,OFF,100,100,6.117,1.268,1,0,ON,ON,0.922,4.372,0,0,OFF,OFF,86082,3522,100,100,0,0.156,73,671,11.2,36,26.6,0.233,40.1,36,1.8,21.6,1403,96,9.3,62.44213,378457,33,100,29.4,2,0,0.492,77,35.35,44.47,37.19,96,17.5,0.5642,9,44,0,31.4,0,0,0
2021-09-04,14:30:00,21.88,21.59,21.88,21.59,21.65,21.31,56,56,55,20,20,15,5.16,0.0,0.0,0.0,0.0,0.0,0.0,23.6,53,0,125,ON,OFF,ON,0,34.2,30,0,13492,OFF,OFF,29.4,29.5,33.44,29.4,44.33,9.0,6.0,29.28,38.0,17.58,29,31,39.5,41,93,99,OFF,OFF,100,100,6.117,1.268,1,0,ON,ON,0.922,4.372,0,0,OFF,OFF,86082,3522,100,100,0,0.156,73,671,11.2,36,26.6,0.233,40.1,36,1.8,21.6,1403,96,9.3,62.44213,378457,33,100,29.4,2,0,0.492,77,35.35,44.47,37.19,96,17.5,0.5642,9,44,0,31.4,0,0,0
2021-09-04,14:30:30,22.48,22.19,21.99,21.68,17.24,16.98,54,55,75,20,15,9,5.16,0.0,0.0,0.0,0.0,0.0,0.0,23.6,53,0,125,ON,OFF,ON,0,34.2,30,0,13492,OFF,OFF,29.4,29.5,33.44,29.4,44.33,9.0,6.0,29.28,38.0,17.58,29,31,39.5,41,93,99,OFF,OFF,100,100,6.117,1.268,1,0,ON,ON,0.922,4.372,0,0,OFF,OFF,86082,3522,100,100,0,0.156,73,671,11.2,36,26.6,0.233,40.1,36,1.8,21.6,1403,96,9.3,62.44213,378457,33,100,29.4,2,0,0.492,77,35.35,44.47,37.19,96,17.5,0.5642,9,44,0,31.4,0,0,0
2021-09-04,14:31:00,22.48,22.19,21.99,21.68,17.24,16.98,54,55,75,20,15,9,5.16,0.0,0.0,0.0,0.0,0.0,0.0,23.6,53,0,125,ON,OFF,ON,0,34.2,30,0,13492,OFF,OFF,29.4,29.5,33.44,29.4,44.33,9.0,6.0,29.28,38.0,17.58,29,31,39.5,41,93,99,OFF,OFF,100,100,6.117,1.268,1,0,ON,ON,0.922,4.372,0,0,OFF,OFF,86082,3522,100,100,0,0.156,73,671,11.2,36,26.6,0.233,40.1,36,1.8,21.6,1403,96,9.3,62.44213,378457,33,100,29.4,2,0,0.492,77,35.35,44.47,37.19,96,17.5,0.5642,9,44,0,31.4,0,0,0
2021-09-04,14:31:30,22.48,22.19,21.99,21.68,17.24,16.98,54,55,75,20,15,9,5.16,0.0,0.0,0.0,0.0,0.0,0.0,23.6,53,0,125,ON,OFF,ON,0,34.2,30,0,13492,OFF,OFF,29.4,29.5,33.44,29.4,44.33,9.0,6.0,29.28,38.0,17.58,29,31,39.5,41,93,99,OFF,OFF,100,100,6.117,1.268,1,0,ON,ON,0.922,4.372,0,0,OFF,OFF,86082,3522,100,100,0,0.156,73,671,11.2,36,26.6,0.233,40.1,36,1.8,21.6,1403,96,9.3,62.44213,378457,33,100,29.4,2,0,0.492,77,35.35,44.47,37.19,96,17.5,0.5642,9,44,0,31.4,0,0,0
2021-09-04,14:32:00,22.48,22.19,21.99,21.68,17.24,16.98,54,55,75,20,15,9,5.16,0.0,0.0,0.0,0.0,0.0,0.0,23.6,53,0,125,ON,OFF,ON,0,34.2,30,0,13492,OFF,OFF,29.4,29.5,33.44,29.4,44.33,9.0,6.0,29.28,38.0,17.58,29,31,39.5,41,93,99,OFF,OFF,100,100,6.117,1.268,1,0,ON,ON,0.922,4.372,0,0,OFF,OFF,86082,3522,100,100,0,0.156,73,671,11.2,36,26.6,0.233,40.1,36,1.8,21.6,1403,96,9.3,62.44213,378457,33,100,29.4,2,0,0.492,77,35.35,44.47,37.19,96,17.5,0.5642,9,44,0,31.4,0,0,0
2021-09-04,14:32:30,22.48,22.19,21.99,21.68,17.24,16.98,54,55,75,20,15,9,5.16,0.0,0.0,0.0,0.0,0.0,0.0,23.6,53,0,125,ON,OFF,ON,0,34.2,30,0,13492,OFF,OFF,29.4,29.5,33.44,29.4,44.33,9.0,6.0,29.28,38.0,17.58,29,31,39.5,41,93,99,OFF,OFF,100,100,6.117,1.268,1,0,ON,ON,0.922,4.372,0,0,OFF,OFF,86082,3522,100,100,0,0.156,73,671,11.2,36,26.6,0.233,40.1,36,1.8,21.6,1403,96,9.3,62.44213,378457,33,100,29.4,2,0,0.492,77,35.35,44.47,37.19,96,17.5,0.5642,9,44,0,31.4,0,0,0
2021-09-04,14:33:00,22.48,22.19,21.99,21.68,17.24,16.98,54,55,75,20,15,9,5.16,0.0,0.0,0.0,0.0,0.0,0.0,23.6,53,0,125,ON,OFF,ON,0,34.2,30,0,13492,OFF,OFF,29.4,29.5,33.44,29.4,44.33,9.0,6.0,29.28,38.0,17.58,29,31,39.5,41,93,99,OFF,OFF,100,100,6.117,1.268,1,0,ON,ON,0.922,4.372,0,0,OFF,OFF,86082,3522,100,100,0,0.156,73,671,11.2,36,26.6,0.233,40.1,36,1.8,21.6,1403,96,9.3,62.44213,378457,33,100,29.4,2,0,0.492,77,35.35,44.47,37.19,96,17.5,0.5642,9,44,0,31.4,0,0,0
2021-09-04,14:33:31,22.48,22.19,21.99,21.68,17.24,16.98,54,55,75,20,15,9,5.16,0.0,0.0,0.0,0.0,0.0,0.0,23.6,53,0,125,ON,OFF,ON,0,34.2,30,0,13492,OFF,OFF,29.4,29.5,33.44,29.4,44.33,9.0,6.0,29.28,38.0,17.58,29,31,39.5,41,93,99,OFF,OFF,100,100,6.117,1.268,1,0,ON,ON,0.922,4.372,0,0,OFF,OFF,86082,3522,100,100,0,0.156,73,671,11.2,36,26.6,0.233,40.1,36,1.8,21.6,1403,96,9.3,62.44213,378457,33,100,29.4,2,0,0.492,77,35.35,44.47,37.19,96,17.5,0.5642,9,44,0,31.4,0,0,0
2021-09-04,14:34:06,22.48,22.19,21.99,21.68,17.24,16.98,54,55,75,20,15,9,5.16,0.0,0.0,0.0,0.0,0.0,0.0,23.6,53,0,125,ON,OFF,ON,0,34.2,30,0,13492,OFF,OFF,29.4,29.5,33.44,29.4,44.33,9.0,6.0,29.28,38.0,17.58,29,31,39.5,41,93,99,OFF,OFF,100,100,6.117,1.268,1,0,ON,ON,0.922,4.372,0,0,OFF,OFF,86082,3522,100,100,0,0.156,73,671,11.2,36,26.6,0.233,40.1,36,1.8,21.6,1403,96,9.3,62.44213,378457,33,100,29.4,2,0,0.492,77,35.35,44.47,37.71,96,17.5,0.5642,9,44,0,31.4,0,0,0
2021-09-04,14:34:53,22.48,22.19,21.99,21.68,17.24,16.98,54,55,75,20,15,9,5.16,0.0,0.0,0.0,0.0,0.0,0.0,23.6,53,0,125,ON,OFF,ON,0,34.2,30,0,13492,OFF,OFF,29.4,29.5,33.44,29.4,44.33,9.0,6.0,29.28,38.0,17.58,29,31,39.5,41,93,99,OFF,OFF,100,100,6.117,1.268,1,0,ON,ON,0.922,4.372,0,0,OFF,OFF,86082,3522,100,100,0,0.156,73,671,11.2,36,26.6,0.233,40.1,36,1.8,21.6,1403,96,9.3,62.44213,378457,33,100,29.4,2,0,0.492,77,35.35,44.47,37.71,96,17.5,0.5642,9,44,0,31.4,0,0,0
2021-09-04,14:35:23,22.48,22.19,21.99,21.68,17.24,16.98,54,55,75,20,15,9,5.16,0.0,0.0,0.0,0.0,0.0,0.0,23.6,53,0,125,ON,OFF,ON,0,34.2,30,0,13492,OFF,OFF,29.4,29.5,33.44,29.4,44.33,9.0,6.0,29.28,38.0,17.58,29,31,39.5,41.5,93,99,OFF,OFF,100,100,6.117,1.268,1,0,ON,ON,0.922,4.372,0,0,OFF,OFF,86082,3522,100,100,0,0.156,73,671,11.2,36,26.6,0.233,40.1,36,1.8,21.6,1403,96,9.3,62.44213,378457,33,100,29.4,2,0,0.492,77,35.35,44.47,37.71,96,17.5,0.5642,9,44,0,31.4,0,0,0
2021-09-04,14:35:53,22.48,22.19,21.99,21.68,17.24,16.98,54,55,75,20,15,9,5.16,0.0,0.0,0.0,0.0,0.0,0.0,23.6,53,0,125,ON,OFF,ON,0,34.2,30,0,13492,OFF,OFF,29.4,29.5,33.44,29.4,44.33,9.0,6.0,29.28,38.0,17.58,29,31,39.5,41.5,93,99,OFF,OFF,100,100,6.117,1.268,1,0,ON,ON,0.922,4.372,0,0,OFF,OFF,80959,3522,100,100,0,0.156,73,671,11.2,36,26.6,0.233,40.1,36,1.8,21.6,1403,96,9.3,62.44213,378457,33,100,29.4,2,0,0.492,77,35.35,44.47,37.71,96,17.5,0.5642,9,44,0,31.4,0,0,0
2021-09-04,14:36:23,22.48,22.19,21.99,21.68,17.24,16.98,54,55,75,20,15,9,5.16,0.0,0.0,0.0,0.0,0.0,0.0,23.6,53,0,125,ON,OFF,ON,0,34.2,30,0,13492,OFF,OFF,29.4,29.5,33.44,29.4,44.33,9.0,6.0,29.28,38.0,17.58,29,31,39.5,41.5,93,99,OFF,OFF,100,100,6.117,1.268,1,0,ON,ON,0.922,4.372,0,0,OFF,OFF,80959,3522,100,100,0,0.156,73,671,11.2,36,26.6,0.233,40.1,36,1.8,21.6,1403,96,9.3,62.44213,378457,33,100,29.4,2,0,0.492,77,35.35,44.47,37.71,95.9,20.4,1.02518,9,32,82,40.2,0,0,0
2021-09-04,14:36:53,22.48,22.19,21.99,21.68,17.24,16.98,54,55,75,20,15,9,5.16,0.0,0.0,0.0,0.0,0.0,0.0,23.6,53,0,125,ON,OFF,ON,0,34.2,30,0,13492,OFF,OFF,29.4,29.5,33.44,29.4,44.33,9.0,6.0,29.28,38.0,17.58,29,31,39.5,41.5,93,99,OFF,OFF,100,100,6.117,1.268,1,0,ON,ON,0.922,4.372,0,0,OFF,OFF,80959,3522,100,100,0,0.156,73,671,11.2,36,26.6,0.233,40.1,36,1.8,21.6,1403,96,9.3,62.44213,378457,33,100,29.4,2,0,0.492,77,35.97,44.47,37.71,95.9,20.4,1.02518,9,32,82,40.2,0,0,0
2021-09-04,14:37:23,22.48,22.19,21.99,21.68,17.24,16.98,54,55,75,20,15,9,5.16,0.0,0.0,0.0,0.0,0.0,0.0,23.6,53,0,125,ON,OFF,ON,0,34.2,30,0,13492,OFF,OFF,29.4,29.5,33.33,29.4,44.33,9.0,6.0,32.51,38.0,17.58,29,31,39.5,41.5,93,99,OFF,OFF,100,100,6.117,1.268,1,0,ON,ON,0.922,4.372,0,0,OFF,OFF,80959,3522,100,100,0,0.156,73,671,11.2,36,26.6,0.233,40.1,36,1.8,21.6,1403,96,9.3,62.44213,378457,33,100,29.4,2,0,0.492,77,35.97,44.47,37.71,95.9,20.4,1.02518,9,32,82,40.2,0,0,0
2021-09-04,14:37:53,22.48,22.19,21.99,21.68,17.24,16.98,54,55,75,20,15,9,5.16,0.0,0.0,0.0,0.0,0.0,0.0,23.6,53,0,125,ON,OFF,ON,0,34.2,30,0,13492,OFF,OFF,29.4,29.5,33.33,29.4,44.33,9.0,6.0,32.51,38.0,17.58,29,31,39.5,41.5,93,99,OFF,OFF,100,100,6.117,1.268,1,0,ON,ON,0.922,4.372,0,0,OFF,OFF,80959,3522,100,100,0,0.156,73,671,11.2,36,26.6,0.233,40.1,36,1.8,21.6,1403,96,9.3,62.44213,378457,33,100,29.4,2,0,0.492,77,35.97,44.47,37.71,95.9,20.4,1.02518,9,32,82,40.2,0,0,0
2021-09-04,14:38:23,22.48,22.19,21.99,21.68,17.24,16.98,54,55,75,20,15,9,5.16,0.0,0.0,0.0,0.0,0.0,0.0,23.6,53,0,125,ON,OFF,ON,0,34.2,30,0,13492,OFF,OFF,29.4,29.5,33.33,29.4,44.33,9.0,6.0,32.51,38.0,17.58,29,31,40,41.5,93,99,OFF,OFF,100,100,6.117,1.268,1,0,ON,ON,0.922,4.372,0,0,OFF,OFF,80959,3522,100,100,0,0.156,73,671,11.2,36,26.6,0.233,40.1,36,1.8,21.6,1403,96,9.3,62.44213,378457,33,100,29.4,2,0,0.492,77,35.97,44.47,37.71,95.9,20.4,1.02518,9,32,82,40.2,0,0,0
2021-09-04,14:38:53,22.48,22.19,21.99,21.68,17.24,16.98,54,55,75,20,15,9,5.16,0.0,0.0,0.0,0.0,0.0,0.0,23.6,53,0,125,ON,OFF,ON,0,34.2,30,0,13492,OFF,OFF,29.4,29.5,33.33,29.4,44.33,9.0,6.0,32.51,38.0,17.58,29,31,40,41.5,93,99,OFF,OFF,100,100,6.117,1.268,1,0,ON,ON,0.922,4.372,0,0,OFF,OFF,80959,3522,100,100,0,0.156,73,671,11.2,36,26.6,0.233,40.1,36,1.8,21.6,1403,96,9.3,62.44213,378457,33,100,29.4,2,0,0.492,77,35.97,44.47,37.71,95.9,20.4,1.02518,9,32,82,40.2,0,0,0
2021-09-04,14:39:23,22.48,22.19,21.99,21.68,17.24,16.98,54,55,75,20,15,9,5.16,0.0,0.0,0.0,0.0,0.0,0.0,23.6,53,0,125,ON,OFF,ON,0,34.2,30,0,13492,OFF,OFF,29.4,29.5,33.33,29.4,44.33,9.0,6.0,32.51,38.0,17.58,29,31,40,41.5,93,99,OFF,OFF,100,100,6.117,1.268,1,0,ON,ON,0.922,4.372,0,0,OFF,OFF,80959,3522,100,100,0,0.156,73,671,11.2,36,26.6,0.233,40.1,36,1.8,21.6,1403,96,9.3,62.44213,378457,33,100,29.4,2,0,0.492,77,35.97,44.47,37.89,95.9,20.4,1.02518,9,32,82,40.2,0,0,0
2021-09-04,14:39:53,22.48,22.19,21.99,21.68,17.24,16.98,54,55,75,20,15,9,5.16,0.0,0.0,0.0,0.0,0.0,0.0,23.6,53,0,125,ON,OFF,ON,0,34.2,30,0,13492,OFF,OFF,29.4,29.5,33.33,29.4,44.33,9.0,6.0,32.51,38.0,17.58,29,31,40,41.5,93,99,OFF,OFF,100,100,6.117,1.268,1,0,ON,ON,0.922,4.372,0,0,OFF,OFF,80959,3522,100,100,0,0.156,73,671,11.2,36,26.6,0.233,40.1,36,1.8,21.6,1403,96,9.3,62.44213,378457,33,100,29.4,2,0,0.492,77,35.97,44.47,37.89,95.9,20.4,1.02518,9,32,82,40.2,0,0,0
2021-09-04,14:40:23,22.48,22.19,21.99,21.68,17.24,16.98,54,55,75,20,15,9,5.16,0.0,0.0,0.0,0.0,0.0,0.0,23.6,53,0,125,ON,OFF,ON,0,34.2,30,0,13492,OFF,OFF,29.4,29.5,33.33,29.4,44.33,9.0,6.0,32.51,38.0,17.58,29,31,40,41.5,93,99,OFF,OFF,100,100,6.117,1.268,1,0,ON,ON,0.922,4.372,0,0,OFF,OFF,80959,3522,100,100,0,0.156,73,671,11.2,36,26.6,0.233,40.1,36,1.8,21.6,1403,96,9.3,62.44213,378457,33,100,29.4,2,0,0.492,77,35.97,44.47,37.89,95.9,20.4,1.02518,9,32,82,40.2,0,0,0
2021-09-04,14:40:53,22.48,22.19,21.99,21.68,17.24,16.98,54,55,75,20,15,9,5.16,0.0,0.0,0.0,0.0,0.0,0.0,23.6,53,0,125,ON,OFF,ON,0,34.2,30,0,13492,OFF,OFF,29.4,29.5,33.33,29.4,44.33,9.0,6.0,32.51,38.0,17.58,29,31,40,42,93,99,OFF,OFF,100,100,6.117,1.268,1,0,ON,ON,0.922,4.372,0,0,OFF,OFF,80959,3522,100,100,0,0.156,73,671,11.2,36,27.1,0.233,40.4,36,1.8,21.6,1403,96,9.3,62.44213,378457,33,100,29.4,2,0,0.492,77,35.97,44.47,37.89,95.9,20.4,1.02518,9,32,82,40.2,0,0,0
2021-09-04,14:41:23,22.48,22.19,21.99,21.68,17.24,16.98,54,55,75,20,15,9,5.16,0.0,0.0,0.0,0.0,0.0,0.0,23.6,53,0,125,ON,OFF,ON,0,34.2,30,0,13492,OFF,OFF,29.4,29.5,33.33,29.4,44.33,9.0,6.0,32.51,38.0,17.58,29,31,40,42,93,99,OFF,OFF,100,100,6.117,1.268,1,0,ON,ON,0.922,4.372,0,0,OFF,OFF,80959,3522,100,100,0,0.156,73,671,11.2,36,27.1,0.233,40.4,36,1.8,21.6,1403,96,9.3,62.44213,378457,33,100,29.4,2,0,0.492,77,35.97,44.47,37.89,95.9,20.4,1.02518,9,32,82,40.2,0,0,0
2021-09-04,14:41:53,22.48,22.19,21.99,21.68,17.24,16.98,54,55,75,20,15,9,5.16,0.0,0.0,0.0,0.0,0.0,0.0,23.6,53,0,125,ON,OFF,ON,0,34.2,30,0,13492,OFF,OFF,29.4,29.5,33.33,29.4,44.33,9.0,6.0,32.51,38.0,17.58,29,31,40,42,93,99,OFF,OFF,100,100,6.117,1.268,1,0,ON,ON,0.922,4.372,0,0,OFF,OFF,80959,3522,100,100,0,0.156,73,671,11.2,36,27.1,0.233,40.4,36,1.8,21.6,1403,96,9.3,62.44213,378457,33,100,29.4,2,0,0.492,77,35.97,45.32,37.89,95.9,20.4,1.02518,9,32,82,40.2,0,0,0
2021-09-04,14:42:23,22.48,22.19,21.99,21.68,17.24,16.98,54,55,75,20,15,9,5.16,0.0,0.0,0.0,0.0,0.0,0.0,23.6,53,0,125,ON,OFF,ON,0,34.2,30,0,13492,OFF,OFF,29.4,29.5,33.33,29.4,44.33,9.0,6.0,32.51,38.0,17.58,29,31,40,42,93,99,OFF,OFF,100,100,6.117,1.268,1,0,ON,ON,0.922,4.372,0,0,OFF,OFF,80959,3522,100,100,0,0.156,73,671,11.2,36,27.1,0.233,40.4,36,1.8,21.6,1403,96,9.3,62.44213,378457,33,100,29.4,2,0,0.492,77,35.97,45.32,37.89,95.9,20.4,1.02518,9,32,82,40.2,0,0,0
2021-09-04,14:42:56,22.48,22.19,21.99,21.68,17.24,16.98,54,55,75,20,15,9,5.16,0.0,0.0,0.0,0.0,0.0,0.0,23.6,53,0,125,ON,OFF,ON,0,34.2,30,0,13492,OFF,OFF,29.4,29.5,33.33,29.4,44.33,9.0,6.0,32.51,38.0,17.58,29,31,40,42,93,99,OFF,OFF,100,100,6.117,1.268,1,0,ON,ON,0.922,4.372,0,0,OFF,OFF,80959,3522,100,100,0,0.156,73,671,11.2,36,27.1,0.233,40.4,36,1.8,21.6,1403,96,9.3,62.44213,378457,33,100,29.4,2,0,0.492,77,35.97,45.32,37.89,95.9,20.4,1.02518,9,32,82,40.2,0,0,0
2021-09-04,14:43:26,22.48,22.19,21.99,21.68,17.24,16.98,54,55,75,20,15,9,5.16,0.0,0.0,0.0,0.0,0.0,0.0,23.6,53,0,125,ON,OFF,ON,0,34.2,30,0,13492,OFF,OFF,29.4,29.5,33.33,29.4,44.33,9.0,6.0,32.51,38.0,17.58,29,31,40,42,93,99,OFF,OFF,100,100,6.117,1.268,1,0,ON,ON,0.922,4.372,0,0,OFF,OFF,80959,3522,100,100,0,0.156,73,671,11.2,36,27.1,0.233,40.4,36,1.8,21.6,1403,96,9.3,62.44213,378457,33,100,29.4,2,0,0.492,77,35.97,45.32,37.89,95.9,20.4,1.02518,9,32,82,40.2,0,0,0
2021-09-04,14:43:56,22.48,22.19,21.99,21.68,17.24,16.98,54,55,75,20,15,9,5.16,0.0,0.0,0.0,0.0,0.0,0.0,23.6,53,0,125,ON,OFF,ON,0,34.2,30,0,13492,OFF,OFF,29.4,29.5,33.33,29.4,44.33,9.0,6.0,32.51,38.0,17.58,29,31,40,42,93,99,OFF,OFF,100,100,6.117,1.268,1,0,ON,ON,0.922,4.372,0,0,OFF,OFF,80959,3522,100,100,0,0.156,73,671,11.2,36,27.1,0.233,40.4,36,1.8,21.6,1403,96,9.3,62.44213,378457,33,100,29.4,2,0,0.492,77,35.97,45.32,37.89,95.9,20.4,1.02518,9,32,82,40.2,0,0,0
2021-09-04,14:44:26,22.48,22.19,21.99,21.68,17.24,16.98,54,55,75,20,15,9,5.16,0.0,0.0,0.0,0.0,0.0,0.0,23.6,53,0,125,ON,OFF,ON,0,34.2,30,0,13492,OFF,OFF,29.4,29.5,33.33,29.4,44.33,9.0,6.0,32.51,38.0,17.58,29,31,40,42,93,99,OFF,OFF,100,100,6.117,1.268,1,0,ON,ON,0.922,4.372,0,0,OFF,OFF,80959,3522,100,100,0,0.156,73,671,11.2,36,27.1,0.233,40.4,36,1.8,21.6,1403,96,9.3,62.44213,378457,33,100,29.4,2,0,0.492,77,35.97,45.32,37.89,95.9,20.4,1.02518,9,32,82,40.2,0,0,0
2021-09-04,14:44:56,22.48,22.19,21.99,21.68,17.24,16.98,54,55,75,20,15,9,5.16,0.0,0.0,0.0,0.0,0.0,0.0,23.6,53,0,125,ON,OFF,ON,0,34.2,30,0,13492,OFF,OFF,29.4,29.5,33.33,29.4,44.33,9.0,6.0,32.51,38.0,17.58,29,31,40,42,93,99,OFF,OFF,100,100,6.117,1.268,1,0,ON,ON,0.922,4.372,0,0,OFF,OFF,80959,3522,100,100,0,0.156,73,671,11.2,36,27.1,0.233,40.4,36,1.8,21.6,1403,96,9.3,62.44213,378457,33,100,29.4,2,0,0.492,77,35.97,45.32,37.89,95.9,20.4,1.02518,9,32,82,40.2,0,0,0
2021-09-04,14:45:26,22.48,22.19,21.99,21.68,17.24,16.98,54,55,75,20,15,9,5.16,0.0,0.0,0.0,0.0,0.0,0.0,23.6,53,0,125,ON,OFF,ON,0,34.2,30,0,13492,OFF,OFF,29.4,29.5,33.33,29.4,44.33,9.0,6.0,32.51,38.0,17.58,29,31,40,42,93,99,OFF,OFF,100,100,6.117,1.268,1,0,ON,ON,0.922,4.372,0,0,OFF,OFF,80959,3522,100,100,0,0.156,73,671,11.2,36,27.6,0.233,40.4,36,1.8,21.6,1403,96,9.3,62.44213,378457,33,100,29.4,2,0,0.492,77,35.97,45.32,37.89,95.9,20.4,1.02518,9,32,82,40.2,0,0,0
2021-09-04,14:45:56,22.48,22.19,21.99,21.68,17.24,16.98,54,55,75,20,15,9,5.16,0.0,0.0,0.0,0.0,0.0,0.0,23.6,53,0,125,ON,OFF,ON,0,34.2,30,0,13492,OFF,OFF,29.4,29.5,33.33,29.4,44.99,9.0,6.0,32.51,38.0,17.58,29,31,40,42,93,99,OFF,OFF,100,100,6.117,1.268,1,0,ON,ON,0.922,4.372,0,0,OFF,OFF,80959,3522,100,100,0,0.156,73,671,11.2,36,27.6,0.233,40.4,36,1.8,21.6,1403,96,9.3,62.44213,378457,33,100,29.4,2,0,0.492,77,35.97,45.32,37.89,95.9,20.4,1.02518,9,32,82,40.2,0,0,0
2021-09-04,14:46:26,22.48,22.19,21.99,21.68,17.24,16.98,54,55,75,20,15,9,5.16,0.0,0.0,0.0,0.0,0.0,0.0,23.6,53,0,125,ON,OFF,ON,0,34.2,30,0,13492,OFF,OFF,29.4,29.5,33.33,29.4,44.99,9.0,6.0,32.51,38.0,17.58,29,31,40,42,93,99,OFF,OFF,100,100,6.117,1.268,1,0,ON,ON,0.922,4.372,0,0,OFF,OFF,80959,3522,100,100,0,0.156,73,671,11.2,36,27.6,0.233,40.4,36,1.8,21.6,1403,96,9.3,62.44213,378457,33,100,29.4,2,0,0.492,77,35.97,45.32,37.89,95.9,20.4,1.02518,9,32,82,40.2,0,0,0
2021-09-04,14:46:56,22.48,22.19,21.99,21.68,17.24,16.98,54,55,75,20,15,9,5.16,0.0,0.0,0.0,0.0,0.0,0.0,23.6,53,0,125,ON,OFF,ON,0,34.2,30,0,13492,OFF,OFF,29.4,29.5,33.33,29.4,44.99,9.0,6.0,32.51,38.0,17.58,29,31,40,42.5,93,99,OFF,OFF,100,100,6.117,1.268,1,0,ON,ON,0.922,4.372,0,0,OFF,OFF,80959,3522,100,100,0,0.156,73,671,11.2,36,27.6,0.233,40.4,36,1.8,21.6,1403,96,9.3,62.44213,378457,33,100,29.4,2,0,0.492,77,35.97,45.32,37.89,95.9,20.4,1.02518,9,32,82,40.2,0,0,0
2021-09-04,14:47:26,22.48,22.19,21.99,21.68,17.24,16.98,54,55,75,20,15,9,5.16,0.0,0.0,0.0,0.0,0.0,0.0,23.6,53,0,125,ON,OFF,ON,0,34.2,30,0,13492,OFF,OFF,29.4,29.5,33.33,29.4,44.99,9.0,6.0,32.51,38.0,17.58,29,31,40,42.5,93,99,OFF,OFF,100,100,6.117,1.268,1,0,ON,ON,0.922,4.372,0,0,OFF,OFF,80959,3522,100,100,0,0.156,73,671,11.2,36,27.6,0.233,40.4,36,1.8,21.6,1403,96,9.3,62.44213,378457,33,100,29.4,2,0,0.492,77,35.97,45.32,37.89,95.9,20.4,1.02518,9,32,82,40.2,0,0,0
2021-09-04,14:47:56,22.48,22.19,21.99,21.68,17.24,16.98,54,55,75,20,15,9,5.16,0.0,0.0,0.0,0.0,0.0,0.0,23.6,53,0,125,ON,OFF,ON,0,34.2,30,0,13492,OFF,OFF,29.4,29.5,33.33,29.4,44.99,9.0,6.0,32.51,38.0,17.58,29,31,40,42.5,93,99,OFF,OFF,100,100,6.117,1.268,1,0,ON,ON,0.922,4.372,0,0,OFF,OFF,80959,3522,100,100,0,0.156,73,671,11.2,36,27.6,0.233,40.4,36,9.344,21.6,1403,96,9.3,62.44213,378457,33,100,29.4,2,0,0.492,77,35.97,45.32,37.89,95.9,20.4,1.02518,9,32,82,40.2,0,0,0
2021-09-04,14:48:26,22.48,22.19,21.99,21.68,17.24,16.98,54,55,75,20,15,9,5.16,0.0,0.0,0.0,0.0,0.0,0.0,23.6,53,0,125,ON,OFF,ON,0,34.2,30,0,13492,OFF,OFF,29.4,29.5,33.33,29.4,44.99,9.0,6.0,32.51,38.0,17.58,29,31,40,43.5,93,99,OFF,OFF,100,100,6.117,1.268,1,0,ON,ON,0.922,4.372,0,0,OFF,OFF,80959,3522,100,100,0,0.156,73,671,11.2,36,27.6,0.233,40.4,36,9.344,21.6,1403,96,9.3,62.44213,378457,33,100,29.4,2,0,0.492,77,35.97,45.32,37.89,95.9,20.4,1.02518,9,32,82,40.2,0,0,0
2021-09-04,14:48:56,22.48,22.19,21.99,21.68,17.24,16.98,54,55,75,20,15,9,5.16,0.0,0.0,0.0,0.0,0.0,0.0,23.6,53,0,125,ON,OFF,ON,0,34.2,30,0,13492,OFF,OFF,29.4,29.5,33.33,29.4,44.99,9.0,6.0,32.51,38.0,17.58,29,31,40,43.5,93,99,OFF,OFF,100,100,6.117,1.268,1,0,ON,ON,0.922,4.372,0,0,OFF,OFF,80959,3522,100,100,0,0.156,73,671,11.2,36,27.6,0.233,40.4,36,9.344,21.6,1403,96,9.3,62.44213,378457,21,100,33.1,3,0,0.492,77,35.97,45.32,37.89,95.9,20.4,1.02518,9,32,82,40.2,0,0,0
2021-09-04,14:49:27,22.48,22.19,21.99,21.68,17.24,16.98,54,55,75,20,15,9,5.16,0.0,0.0,0.0,0.0,0.0,0.0,23.6,53,0,125,ON,OFF,ON,0,34.2,30,0,13492,OFF,OFF,29.4,29.5,33.33,29.4,44.99,9.0,6.0,32.51,38.0,17.58,29,31,40,43.5,93,99,OFF,OFF,100,100,6.117,1.268,1,0,ON,ON,0.922,4.372,0,0,OFF,OFF,80959,3522,100,100,0,0.156,73,671,11.2,36,27.6,0.233,40.4,36,9.344,21.6,1403,96,9.3,62.44213,378457,21,100,33.1,3,0,0.492,77,35.97,45.32,37.89,95.9,20.4,1.02518,9,32,82,40.2,0,0,0
2021-09-04,14:50:13,22.48,22.19,21.99,21.68,17.24,16.98,54,55,75,20,15,9,5.16,0.0,0.0,0.0,0.0,0.0,0.0,23.6,53,0,125,ON,OFF,ON,0,34.2,30,0,13492,OFF,OFF,29.4,29.5,33.33,29.4,44.99,9.0,6.0,32.51,38.0,17.58,30,31,40,44,93,99,OFF,OFF,100,100,6.117,1.268,1,0,ON,ON,0.922,4.372,0,0,OFF,OFF,80959,3522,100,100,0,0.156,73,671,11.2,36,28.1,0.233,40.4,36,9.344,21.6,1403,96,9.3,62.44213,378457,21,100,33.1,3,0,0.492,77,35.97,45.32,37.89,95.9,20.4,1.02518,9,32,82,40.2,0,0,0
2021-09-04,14:50:43,22.48,22.19,21.99,21.68,17.24,16.98,54,55,75,20,15,9,5.16,0.0,0.0,0.0,0.0,0.0,0.0,23.6,53,0,125,ON,OFF,ON,0,34.2,30,0,13492,OFF,OFF,29.4,29.5,33.33,29.4,45.65,9.0,6.0,32.51,38.0,17.58,30,31,40,44,93,99,OFF,OFF,100,100,6.117,1.268,1,0,ON,ON,0.922,4.372,0,0,OFF,OFF,80959,3522,100,100,0,0.156,73,671,11.2,36,28.1,0.233,40.4,36,9.344,21.6,1403,96,9.3,62.44213,378457,21,100,33.1,3,0,0.492,77,35.97,45.32,37.89,95.9,20.4,1.02518,9,32,82,40.2,0,0,0
2021-09-04,14:51:13,22.48,22.19,21.99,21.68,17.24,16.98,54,55,75,20,15,9,5.16,0.0,0.0,0.0,0.0,0.0,0.0,23.6,53,0,125,ON,OFF,ON,0,34.2,30,0,13492,OFF,OFF,29.4,29.5,33.33,29.4,45.65,9.0,6.0,32.51,38.0,17.58,30,31,40,44,93,99,OFF,OFF,100,100,6.117,1.268,1,0,ON,ON,0.922,4.372,0,0,OFF,OFF,80959,3522,100,100,0,0.156,73,671,11.2,36,28.1,0.233,40.4,36,9.344,21.6,1403,96,9.3,62.44213,378457,21,100,33.1,3,0,0.492,77,35.97,45.32,37.89,95.9,20.4,1.02518,9,32,82,40.2,0,0,0
2021-09-04,14:51:43,22.48,22.19,21.99,21.68,17.24,16.98,54,55,75,20,15,9,5.16,0.0,0.0,0.0,0.0,0.0,0.0,23.6,53,0,125,ON,OFF,ON,0,34.2,30,0,13492,OFF,OFF,29.4,29.5,33.33,29.4,45.65,9.0,6.0,32.51,38.0,17.58,30,31,40.5,44,93,99,OFF,OFF,100,100,6.117,1.268,1,0,ON,ON,0.922,4.372,0,0,OFF,OFF,80959,3522,100,100,0,0.156,73,671,11.2,36,28.1,0.233,40.4,36,9.344,21.6,1403,96,9.3,62.44213,378457,21,100,33.1,3,0,0.492,77,36.35,45.32,37.89,95.9,20.4,1.02518,9,32,82,40.2,0,0,0
2021-09-04,14:52:13,22.48,22.19,21.99,21.68,17.24,16.98,54,55,75,20,15,9,5.16,0.0,0.0,0.0,0.0,0.0,0.0,23.6,53,0,125,ON,OFF,ON,0,34.2,30,0,13492,OFF,OFF,29.4,29.5,33.33,29.4,45.65,9.0,6.0,32.51,38.0,17.58,30,31,40.5,44,93,99,OFF,OFF,100,100,6.117,1.268,1,0,ON,ON,0.922,4.372,0,0,OFF,OFF,80959,3522,100,100,0,0.156,73,671,11.2,36,28.1,0.233,40.4,36,9.344,21.6,1403,96,9.3,62.44213,378457,21,100,33.1,3,0,0.492,77,36.35,45.32,37.89,95.9,20.4,1.02518,9,32,82,40.2,0,0,0
2021-09-04,14:52:43,22.48,22.19,21.99,21.68,17.24,16.98,54,55,75,20,15,9,5.16,0.0,0.0,0.0,0.0,0.0,0.0,23.6,53,0,125,ON,OFF,ON,0,34.2,30,0,13492,OFF,OFF,29.4,29.5,33.33,29.4,45.65,9.0,6.0,32.51,38.0,17.58,30,31,40.5,44,93,99,OFF,OFF,100,100,6.117,1.268,1,0,ON,ON,0.922,4.372,0,0,OFF,OFF,80959,3522,100,100,0,0.156,73,671,11.2,36,28.1,0.233,40.4,36,9.344,21.6,1403,96,9.3,62.44213,378457,21,100,33.1,3,0,0.492,77,36.35,45.32,37.89,95.9,20.4,1.02518,9,32,82,40.2,0,0,0
2021-09-04,14:53:13,22.48,22.19,21.99,21.68,17.24,16.98,54,55,75,20,15,9,5.16,0.0,0.0,0.0,0.0,0.0,0.0,23.6,53,0,125,ON,OFF,ON,0,34.2,30,0,13492,OFF,OFF,29.4,29.5,33.33,29.4,45.65,9.0,6.0,32.51,38.0,17.58,30,31,40.5,44,93,99,OFF,OFF,100,100,6.117,1.268,1,0,ON,ON,0.922,4.372,0,0,OFF,OFF,80959,3522,100,100,0,0.156,73,671,11.2,36,28.1,0.233,40.4,36,9.344,21.6,1403,96,9.3,62.44213,378457,21,100,33.1,3,0,0.492,77,36.35,45.32,37.89,95.9,20.4,1.02518,9,32,82,40.2,0,0,0
2021-09-04,14:53:43,22.48,22.19,21.99,21.68,17.24,16.98,54,55,75,20,15,9,5.16,0.0,0.0,0.0,0.0,0.0,0.0,23.6,53,0,125,ON,OFF,ON,0,34.2,30,0,13492,OFF,OFF,29.4,29.5,33.33,29.4,45.65,9.0,6.0,32.51,38.0,17.58,30,31,40.5,44,93,99,OFF,OFF,100,100,6.117,1.268,1,0,ON,ON,0.922,4.372,0,0,OFF,OFF,80959,3522,100,100,0,0.156,73,671,11.2,36,28.1,0.233,40.4,36,9.344,21.6,1403,96,9.3,62.44213,378457,21,100,33.1,3,0,0.492,77,36.35,45.32,37.89,95.9,20.4,1.02518,9,32,82,40.2,0,0,0
2021-09-04,14:54:13,22.48,22.19,21.99,21.68,17.24,16.98,54,55,75,20,15,9,5.16,0.0,0.0,0.0,0.0,0.0,0.0,23.6,53,0,125,ON,OFF,ON,0,34.2,30,0,13492,OFF,OFF,29.4,29.5,33.33,29.4,45.65,9.0,6.0,32.51,38.0,17.58,30,31,40.5,44,93,99,OFF,OFF,100,100,6.117,1.268,1,0,ON,ON,0.922,4.372,0,0,OFF,OFF,80959,3522,100,100,0,0.156,73,671,11.2,36,28.1,0.233,40.4,36,9.344,21.6,1403,96,9.3,62.44213,378457,21,100,33.1,3,0,0.492,77,36.35,45.32,37.89,95.9,20.4,1.02518,9,32,82,40.2,0,0,0
2021-09-04,14:54:43,22.48,22.19,21.99,21.68,17.24,16.98,54,55,75,20,15,9,5.16,0.0,0.0,0.0,0.0,0.0,0.0,23.6,53,0,125,ON,OFF,ON,0,34.2,30,0,13492,OFF,OFF,29.4,29.5,33.33,29.4,45.65,9.0,6.0,32.51,38.0,17.58,30,31,40.5,44,93,99,OFF,OFF,100,100,6.117,1.268,1,0,ON,ON,0.922,4.372,0,0,OFF,OFF,80959,3522,100,100,0,0.156,73,671,11.2,36,28.1,0.233,40.4,36,9.344,21.6,1403,96,9.3,62.44213,378457,21,100,33.1,3,0,0.492,77,36.35,45.32,37.89,95.9,20.4,1.02518,9,32,82,40.2,0,0,0
2021-09-04,14:55:13,22.48,22.19,21.99,21.68,17.24,16.98,54,55,75,20,15,9,5.16,0.0,0.0,0.0,0.0,0.0,0.0,23.6,53,0,125,ON,OFF,ON,0,34.2,30,0,13492,OFF,OFF,29.4,29.5,33.33,29.4,45.65,9.0,6.0,32.51,38.0,17.58,30,31,40.5,43.5,93,99,OFF,OFF,100,100,6.117,1.268,1,0,ON,ON,0.922,4.372,0,0,OFF,OFF,80959,3522,100,100,0,0.156,73,671,11.2,36,28.1,0.233,40.4,36,9.344,21.6,1403,96,9.3,62.44213,378457,21,100,33.1,3,0,0.492,77,36.35,45.32,37.89,95.9,20.4,1.02518,9,32,82,40.2,0,0,0
2021-09-04,14:55:43,22.48,22.19,21.99,21.68,17.24,16.98,54,55,75,20,15,9,5.16,0.0,0.0,0.0,0.0,0.0,0.0,23.6,53,0,125,ON,OFF,ON,0,34.2,30,0,13492,OFF,OFF,29.4,29.5,33.33,29.4,45.65,9.0,6.0,32.51,38.0,17.58,30,31,40.5,43.5,93,99,OFF,OFF,100,100,6.117,1.268,1,0,ON,ON,0.922,4.372,0,0,OFF,OFF,80959,3522,100,100,0,0.156,73,671,11.2,36,28.1,0.233,40.4,36,9.344,21.6,1403,96,9.3,62.44213,378457,21,100,33.1,3,0,0.492,77,36.35,45.32,37.89,95.9,20.4,1.02518,9,32,82,40.2,0,0,0
2021-09-04,14:56:17,22.48,22.19,21.99,21.68,17.24,16.98,54,55,75,20,15,9,5.16,0.0,0.0,0.0,0.0,0.0,0.0,23.6,53,0,125,ON,OFF,ON,0,34.2,30,0,13492,OFF,OFF,29.4,29.5,33.33,29.4,45.65,9.0,6.0,32.51,38.0,17.58,29,31,40.5,43.5,93,99,OFF,OFF,100,100,6.117,1.268,1,0,ON,ON,0.922,4.372,0,0,OFF,OFF,80959,3522,100,100,0,0.156,73,671,11.2,36,28.1,0.233,40.4,36,9.344,21.6,1403,96,9.3,62.44213,378457,21,100,33.1,3,0,0.492,77,36.35,45.32,37.89,95.9,20.4,1.02518,9,32,82,40.2,0,0,0
2021-09-04,14:56:47,22.48,22.19,21.99,21.68,17.24,16.98,54,55,75,20,15,9,5.16,0.0,0.0,0.0,0.0,0.0,0.0,23.6,53,0,125,ON,OFF,ON,0,34.2,30,0,13492,OFF,OFF,29.4,29.5,33.33,29.4,45.65,9.0,6.0,32.51,38.0,17.58,29,31,40.5,43.5,93,99,OFF,OFF,100,100,6.117,1.268,1,0,ON,ON,0.922,4.372,0,0,OFF,OFF,80959,3522,100,100,0,0.156,73,671,11.2,36,28.1,0.233,40.4,36,9.344,21.6,1403,96,9.3,62.44213,378457,21,100,33.1,3,0,0.492,77,36.35,45.32,37.89,95.9,20.4,1.02518,9,32,82,40.2,0,0,0
2021-09-04,14:57:17,22.48,22.19,21.99,21.68,17.24,16.98,54,55,75,20,15,9,5.16,0.0,0.0,0.0,0.0,0.0,0.0,23.6,53,0,125,ON,OFF,ON,0,34.2,30,0,13492,OFF,OFF,29.4,29.5,33.33,29.4,45.65,9.0,6.0,32.51,38.0,17.58,29,31,40.5,42.5,93,99,OFF,OFF,100,100,6.118,1.268,1,0,ON,ON,0.922,4.372,0,0,OFF,OFF,80959,3522,100,100,0,0.156,73,671,11.2,36,28.1,0.233,40.4,36,9.344,21.6,1403,96,9.3,62.44213,378457,21,100,33.1,3,0,0.492,77,36.35,45.32,37.89,95.9,20.4,1.02518,9,32,82,40.2,0,0,0
2021-09-04,14:57:47,22.48,22.19,21.99,21.68,17.24,16.98,54,55,75,20,15,9,5.16,0.0,0.0,0.0,0.0,0.0,0.0,23.6,53,0,125,ON,OFF,ON,0,34.2,30,0,13492,OFF,OFF,29.4,29.5,33.33,29.4,45.65,9.0,6.0,32.51,38.0,17.58,29,31,40.5,42.5,93,99,OFF,OFF,100,100,6.118,1.268,1,0,ON,ON,0.922,4.372,0,0,OFF,OFF,80959,3522,100,100,0,0.156,73,696,10.5,33,28.1,0.243,40.6,36,9.344,21.6,1403,96,9.3,62.44213,378457,21,100,33.1,3,0,0.492,77,36.35,45.32,37.89,95.9,20.4,1.02518,9,32,82,40.2,0,0,0
2021-09-04,14:58:17,22.48,22.19,21.99,21.68,17.24,16.98,54,55,75,20,15,9,5.16,0.0,0.0,0.0,0.0,0.0,0.0,23.6,53,0,125,ON,OFF,ON,0,34.2,30,0,13492,OFF,OFF,29.4,29.5,33.33,29.4,45.65,9.0,6.0,32.51,38.0,17.58,29,32,40.5,42.5,93,99,OFF,OFF,100,100,6.118,1.268,1,0,ON,ON,0.922,4.372,0,0,OFF,OFF,80959,3522,100,100,0,0.156,73,696,10.5,33,28.1,0.243,40.6,36,9.344,21.6,1403,96,9.3,62.44213,378457,21,100,33.1,3,0,0.492,77,36.35,45.32,37.89,95.9,20.4,1.02518,9,32,82,40.2,0,0,0
2021-09-04,14:58:47,22.48,22.19,21.99,21.68,17.24,16.98,54,55,75,20,15,9,5.16,0.0,0.0,0.0,0.0,0.0,0.0,23.6,53,0,125,ON,OFF,ON,0,34.2,30,0,13492,OFF,OFF,29.4,29.5,33.33,29.4,45.65,9.0,6.0,32.51,38.0,17.58,29,32,40.5,42.5,93,99,OFF,OFF,100,100,6.118,1.268,1,0,ON,ON,0.922,4.372,0,0,OFF,OFF,80959,3522,100,100,0,0.156,73,696,10.5,33,28.1,0.243,40.6,36,9.344,21.6,1403,96,9.3,62.44213,378457,21,100,33.1,3,0,0.492,77,36.35,45.32,37.89,95.9,20.4,1.02518,9,32,82,40.2,0,0,0
2021-09-04,14:59:17,22.48,22.19,21.99,21.68,17.24,16.98,54,55,75,20,15,9,5.16,0.0,0.0,0.0,0.0,0.0,0.0,23.6,53,0,125,ON,OFF,ON,0,34.2,30,0,13492,OFF,OFF,29.4,29.5,33.33,29.4,45.65,9.0,6.0,32.51,38.0,17.58,29,32,40.5,42.5,93,99,OFF,OFF,100,100,6.118,1.268,1,0,ON,ON,0.922,4.372,0,0,OFF,OFF,80959,3522,100,100,0,0.156,73,696,10.5,33,28.1,0.243,40.6,36,9.344,21.6,1403,96,9.3,62.44213,378457,21,100,33.1,3,0,0.492,77,36.35,45.32,37.89,95.9,20.4,1.02518,9,32,82,40.2,0,0,0
2021-09-04,14:59:47,22.48,22.19,21.99,21.68,17.24,16.98,54,55,75,20,15,9,5.16,0.0,0.0,0.0,0.0,0.0,0.0,23.6,53,0,125,ON,OFF,ON,0,34.2,30,0,13492,OFF,OFF,29.4,29.5,33.33,29.4,45.65,9.0,6.0,32.51,38.0,17.58,29,32,40.5,42.5,93,99,OFF,OFF,100,100,6.118,1.268,1,0,ON,ON,0.922,4.372,0,0,OFF,OFF,80959,3522,100,100,0,0.156,73,696,10.5,33,28.1,0.243,40.6,36,9.344,21.6,1403,96,9.3,62.44213,378457,21,100,33.1,3,0,0.492,77,36.35,45.32,37.89,95.9,20.4,1.02518,9,32,82,40.2,0,0,0
2021-09-04,15:00:17,22.48,22.19,21.99,21.68,17.24,16.98,54,55,75,20,15,9,5.16,0.0,0.0,0.0,0.0,0.0,0.0,23.6,53,0,125,ON,OFF,ON,0,34.2,30,0,13492,OFF,OFF,29.4,29.5,33.33,29.4,45.65,9.0,6.0,32.51,38.0,17.58,29,32,40.5,43.5,93,99,OFF,OFF,100,100,6.118,1.268,1,0,ON,ON,0.922,4.372,0,0,OFF,OFF,80959,3522,100,100,0,0.156,73,696,10.5,33,28.1,0.243,40.6,36,9.344,21.6,1403,96,9.3,62.44213,378457,21,100,33.1,3,0,0.492,77,36.35,45.32,37.89,95.9,20.4,1.02518,9,32,82,40.2,0,0,0
2021-09-04,15:00:47,22.48,22.19,21.99,21.68,17.24,16.98,54,55,75,20,15,9,5.16,0.0,0.0,0.0,0.0,0.0,0.0,23.6,53,0,125,ON,OFF,ON,0,34.2,30,0,13492,OFF,OFF,29.4,29.5,33.33,29.4,45.65,9.0,6.0,32.51,38.0,17.58,29,32,40.5,43.5,93,99,OFF,OFF,100,100,6.118,1.268,1,0,ON,ON,0.922,4.372,0,0,OFF,OFF,80959,3522,100,100,0,0.156,73,696,10.5,33,28.1,0.243,40.6,36,9.344,21.6,1403,96,9.3,62.44213,378457,21,100,33.1,3,0,0.492,77,36.35,45.32,37.89,95.9,20.4,1.02518,9,32,82,40.2,0,0,0
2021-09-04,15:01:17,22.48,22.19,21.99,21.68,17.24,16.98,54,55,75,20,15,9,5.16,0.0,0.0,0.0,0.0,0.0,0.0,23.6,53,0,125,ON,OFF,ON,0,34.2,30,0,13492,OFF,OFF,29.4,29.5,33.33,29.4,45.65,9.0,6.0,32.51,38.0,17.58,29,32,40.5,43.5,93,99,OFF,OFF,100,100,6.118,1.268,1,0,ON,ON,0.922,4.372,0,0,OFF,OFF,80959,3522,100,100,0,0.156,73,696,10.5,33,28.1,0.243,40.6,36,9.344,21.6,1403,96,9.3,62.44213,378457,21,100,33.1,3,0,0.492,77,36.35,45.32,37.89,95.9,20.4,1.02518,9,32,82,40.2,0,0,0
2021-09-04,15:01:47,22.48,22.19,21.99,21.68,17.24,16.98,54,55,75,20,15,9,5.16,0.0,0.0,0.0,0.0,0.0,0.0,23.6,53,0,125,ON,OFF,ON,0,34.2,30,0,13492,OFF,OFF,29.4,29.5,33.33,29.4,45.65,9.0,6.0,32.51,38.0,17.58,29,32,40.5,44,93,99,OFF,OFF,100,100,6.118,1.268,1,0,ON,ON,0.922,4.372,0,0,OFF,OFF,80959,3522,100,100,0,0.156,73,696,10.5,33,28.1,0.243,40.6,36,9.344,21.6,1403,96,9.3,62.44213,378457,21,100,33.1,3,0,0.492,77,36.35,45.32,37.89,95.9,20.4,1.02518,9,32,82,40.2,0,0,0
2021-09-04,15:02:17,22.48,22.19,21.99,21.68,17.24,16.98,54,55,75,20,15,9,5.16,0.0,0.0,0.0,0.0,0.0,0.0,23.6,53,0,125,ON,OFF,ON,0,34.2,30,0,13492,OFF,OFF,29.4,29.5,33.33,29.4,45.65,9.0,6.0,32.51,38.0,17.58,29,32,40.5,44,93,99,OFF,OFF,100,100,6.118,1.268,1,0,ON,ON,0.922,4.372,0,0,OFF,OFF,75324,3522,100,100,0,0.156,73,696,10.5,33,28.1,0.243,40.6,36,9.344,21.6,1403,96,9.3,62.44213,378457,21,100,33.1,3,0,0.492,77,36.35,45.32,37.89,95.9,20.4,1.02518,9,32,82,40.2,0,0,0
2021-09-04,15:02:47,22.48,22.19,21.99,21.68,17.24,16.98,54,55,75,20,15,9,5.16,0.0,0.0,0.0,0.0,0.0,0.0,23.6,53,0,125,ON,OFF,ON,0,34.2,30,0,13492,OFF,OFF,29.4,29.5,33.33,29.4,45.65,9.0,6.0,34.29,38.0,17.58,29,32,40.5,44,93,99,OFF,OFF,100,100,6.118,1.268,1,0,ON,ON,0.922,4.372,0,0,OFF,OFF,75324,3522,100,100,0,0.156,73,696,10.5,33,28.1,0.243,40.6,36,9.344,21.6,1403,96,9.3,62.44213,378457,21,100,33.1,3,0,0.492,77,36.35,45.32,37.89,95.9,20.4,1.02518,9,32,82,40.2,0,0,0
2021-09-04,15:03:17,22.48,22.19,21.99,21.68,17.24,16.98,54,55,75,20,15,9,5.16,0.0,0.0,0.0,0.0,0.0,0.0,23.6,53,0,125,ON,OFF,ON,0,34.2,30,0,13492,OFF,OFF,29.4,29.5,33.33,29.4,45.65,9.0,6.0,34.29,38.0,17.58,29,32,40.5,44,93,99,OFF,OFF,100,100,6.118,1.268,1,0,ON,ON,0.922,4.372,0,0,OFF,OFF,75324,3522,100,100,0,0.156,73,696,10.5,33,28.1,0.243,40.6,36,9.344,21.6,1403,96,9.3,62.44213,378457,21,100,33.1,3,0,0.492,77,36.35,45.32,37.89,95.9,20.4,1.02518,9,32,82,40.2,0,0,0
2021-09-04,15:03:47,22.48,22.19,21.99,21.68,17.24,16.98,54,55,75,20,15,9,5.16,0.0,0.0,0.0,0.0,0.0,0.0,23.6,53,0,125,ON,OFF,ON,0,34.2,30,0,13492,OFF,OFF,29.4,29.5,33.33,29.4,45.65,9.0,6.0,34.29,38.0,17.58,29,32,40.5,44,93,99,OFF,OFF,100,100,6.118,1.268,1,0,ON,ON,0.922,4.372,0,0,OFF,OFF,75324,3522,100,100,0,0.156,73,696,10.5,33,28.1,0.243,40.6,36,9.344,21.6,1403,96,9.3,62.44213,378457,21,100,33.1,3,0,0.492,77,36.35,45.32,37.89,95.9,20.4,1.02518,9,32,82,40.2,0,0,0
2021-09-04,15:04:17,22.48,22.19,21.99,21.68,17.24,16.98,54,55,75,20,15,9,5.16,0.0,0.0,0.0,0.0,0.0,0.0,23.6,53,0,125,ON,OFF,ON,0,34.2,30,0,13492,OFF,OFF,29.4,29.5,33.33,29.4,45.65,9.0,6.0,34.29,38.0,17.58,29,32,40.5,44,93,99,OFF,OFF,100,100,6.118,1.268,1,0,ON,ON,0.922,4.372,0,0,OFF,OFF,75324,3522,100,100,0,0.156,73,696,10.5,33,28.1,0.243,40.6,36,9.344,21.6,1403,96,9.3,62.44213,378457,21,100,33.1,3,0,0.492,77,36.35,45.32,38.44,95.9,20.4,1.02518,9,32,82,40.2,0,0,0
2021-09-04,15:04:47,22.48,22.19,21.99,21.68,17.24,16.98,54,55,75,20,15,9,5.16,0.0,0.0,0.0,0.0,0.0,0.0,23.6,53,0,125,ON,OFF,ON,0,34.2,30,0,13492,OFF,OFF,29.4,29.5,33.33,29.4,45.65,9.0,6.0,34.29,38.0,17.58,29,32,40.5,44,93,99,OFF,OFF,100,100,6.118,1.268,1,0,ON,ON,0.922,4.372,0,0,OFF,OFF,75324,3522,100,100,0,0.156,73,696,10.5,33,28.6,0.243,40.6,36,9.344,21.6,1403,96,9.3,62.44213,378457,21,100,33.1,3,0,0.492,77,36.35,45.32,38.44,95.9,20.4,1.02518,9,32,82,40.2,0,0,0
2021-09-04,15:05:33,22.48,22.19,21.99,21.68,17.24,16.98,54,55,75,20,15,9,5.16,0.0,0.0,0.0,0.0,0.0,0.0,23.6,53,0,125,ON,OFF,ON,0,34.2,30,0,13492,OFF,OFF,29.4,29.5,33.33,29.4,45.65,9.0,6.0,34.29,38.0,17.58,29,32,40.5,43.5,93,99,OFF,OFF,100,100,6.118,1.268,1,0,ON,ON,0.922,4.372,0,0,OFF,OFF,41761,3522,100,100,0,0.156,73,696,10.5,33,28.6,0.243,40.6,36,9.344,21.6,1403,96,9.3,62.44213,378457,21,100,33.1,3,0,0.492,77,36.35,45.32,38.44,95.9,20.4,1.02518,9,32,82,40.2,0,0,0
2021-09-04,15:06:03,22.48,22.19,21.99,21.68,17.24,16.98,54,55,75,20,15,9,5.16,0.0,0.0,0.0,0.0,0.0,0.0,23.6,53,0,125,ON,OFF,ON,0,34.2,30,0,13492,OFF,OFF,29.4,29.5,33.33,29.4,45.65,9.0,6.0,34.29,38.0,17.58,29,32,40.5,43.5,93,99,OFF,OFF,100,100,6.118,1.268,1,0,ON,ON,0.922,4.372,0,0,OFF,OFF,41761,3522,100,100,0,0.156,73,696,10.5,33,28.6,0.243,40.6,36,9.344,21.6,1403,96,9.3,62.44213,378457,21,100,33.1,3,0,0.492,77,36.35,45.32,38.44,95.9,20.4,1.02518,9,32,82,40.2,0,0,0
2021-09-04,15:06:33,22.48,22.19,21.99,21.68,17.24,16.98,54,55,75,20,15,9,5.16,0.0,0.0,0.0,0.0,0.0,0.0,23.6,53,0,125,ON,OFF,ON,0,34.2,30,0,13492,OFF,OFF,29.4,29.5,33.33,29.4,45.65,9.0,6.0,34.29,38.0,17.58,29,33,40.5,43.5,93,99,OFF,OFF,100,100,6.118,1.268,1,0,ON,ON,0.922,4.372,0,0,OFF,OFF,72249,3522,100,100,0,0.156,73,696,10.5,33,28.6,0.243,40.6,36,9.344,21.6,1403,96,9.3,62.44213,378457,21,100,33.1,3,0,0.492,77,36.35,45.32,38.44,95.9,20.4,1.02518,9,32,82,40.2,0,0,0
2021-09-04,15:07:03,22.48,22.19,21.99,21.68,17.24,16.98,54,55,75,20,15,9,5.16,0.0,0.0,0.0,0.0,0.0,0.0,23.6,53,0,125,ON,OFF,ON,0,34.2,30,0,13492,OFF,OFF,29.4,29.5,33.33,29.4,45.65,9.0,6.0,34.29,38.0,17.58,29,33,41,43.5,93,99,OFF,OFF,100,100,6.118,1.268,1,0,ON,ON,0.922,4.372,0,0,OFF,OFF,72249,3522,100,100,0,0.156,73,696,10.5,33,28.6,0.243,40.6,36,9.344,21.6,1403,96,9.3,62.44213,378457,21,100,33.1,3,0,0.492,77,36.35,45.85,38.44,95.9,20.4,1.02518,9,32,82,40.2,0,0,0
2021-09-04,15:07:33,22.48,22.19,21.99,21.68,17.24,16.98,54,55,75,20,15,9,5.16,0.0,0.0,0.0,0.0,0.0,0.0,23.6,53,0,125,ON,OFF,ON,0,34.2,30,0,13492,OFF,OFF,29.4,29.5,33.33,29.4,45.65,9.0,6.0,34.29,38.0,17.58,29,33,41,43.5,93,99,OFF,OFF,100,100,6.118,1.268,1,0,ON,ON,0.922,4.372,0,0,OFF,OFF,72249,3522,100,100,0,0.156,73,696,10.5,33,28.6,0.243,40.6,36,9.344,21.6,1403,96,9.3,62.44213,378457,21,100,33.1,3,0,0.492,77,36.35,45.85,38.44,95.9,20.4,1.02518,9,32,82,40.2,0,0,0
2021-09-04,15:08:03,22.48,22.19,21.99,21.68,17.24,16.98,54,55,75,20,15,9,5.16,0.0,0.0,0.0,0.0,0.0,0.0,23.6,53,0,125,ON,OFF,ON,0,34.2,30,0,13492,OFF,OFF,29.4,29.5,33.33,29.4,45.65,9.0,6.0,34.29,38.0,17.58,29,33,41,43.5,93,99,OFF,OFF,100,100,6.118,1.268,1,0,ON,ON,0.922,4.372,0,0,OFF,OFF,72249,3522,100,100,0,0.156,73,696,10.5,33,28.6,0.243,40.6,36,9.344,21.6,1403,96,9.3,62.44213,378457,21,100,33.1,3,0,0.492,77,36.35,45.85,38.44,95.9,20.4,1.02518,9,32,82,40.2,0,0,0
2021-09-04,15:08:33,22.48,22.19,21.99,21.68,17.24,16.98,54,55,75,20,15,9,5.16,0.0,0.0,0.0,0.0,0.0,0.0,23.6,53,0,125,ON,OFF,ON,0,34.2,30,0,13492,OFF,OFF,29.4,29.5,33.88,29.4,45.65,9.0,6.0,34.29,38.0,17.58,29,33,41,43.5,93,99,OFF,OFF,100,100,6.118,1.268,1,0,ON,ON,0.922,4.372,0,0,OFF,OFF,72249,3522,100,100,0,0.156,73,696,10.5,33,28.6,0.243,40.6,36,9.344,21.6,1403,96,9.3,62.44213,378457,21,100,33.1,3,0,0.492,77,36.35,45.85,38.44,95.9,20.4,1.02518,9,32,82,40.2,0,0,0
2021-09-04,15:09:03,22.48,22.19,21.99,21.68,17.24,16.98,54,55,75,20,15,9,5.16,0.0,0.0,0.0,0.0,0.0,0.0,23.6,53,0,125,ON,OFF,ON,0,34.2,30,0,13492,OFF,OFF,29.4,29.5,33.88,29.4,45.65,9.0,6.0,34.29,38.0,17.58,29,33,41,43.5,93,99,OFF,OFF,100,100,6.118,1.268,1,0,ON,ON,0.922,4.372,0,0,OFF,OFF,72249,3522,100,100,0,0.156,73,696,10.5,33,28.6,0.243,40.6,36,9.344,21.6,1403,96,9.3,62.44213,378457,21,100,33.1,3,0,0.492,77,36.35,45.85,38.44,95.9,20.4,1.02518,9,32,82,40.2,0,0,0
2021-09-04,15:09:33,22.48,22.19,21.99,21.68,17.24,16.98,54,55,75,20,15,9,5.16,0.0,0.0,0.0,0.0,0.0,0.0,23.6,53,0,125,ON,OFF,ON,0,34.2,30,0,13492,OFF,OFF,29.4,29.5,33.88,29.4,46.31,9.0,6.0,34.29,38.0,17.58,29,33,41,43.5,93,99,OFF,OFF,100,100,6.118,1.268,1,0,ON,ON,0.922,4.372,0,0,OFF,OFF,72249,3522,100,100,0,0.156,73,696,10.5,33,28.6,0.243,40.6,36,9.344,21.6,1505,96,9.3,62.44213,378457,21,100,33.1,3,0,0.492,77,36.35,45.85,38.44,95.9,20.4,1.02518,9,32,82,40.2,0,0,0
2021-09-04,15:10:03,22.48,22.19,21.99,21.68,17.24,16.98,54,55,75,20,15,9,5.16,0.0,0.0,0.0,0.0,0.0,0.0,23.6,53,0,125,ON,OFF,ON,0,34.2,30,0,13492,OFF,OFF,29.4,29.5,33.88,29.4,46.31,9.0,6.0,34.29,38.0,17.58,29,33,41,43.5,93,99,OFF,OFF,100,100,6.118,1.268,1,0,ON,ON,0.922,4.372,0,0,OFF,OFF,72249,3522,100,100,0,0.156,73,696,10.5,33,28.6,0.243,40.6,36,0,21.6,1505,96,9.3,62.44213,378457,21,100,33.1,3,0,0.492,77,36.35,45.85,38.44,95.9,20.4,1.02518,9,32,82,40.2,0,0,0
2021-09-04,15:10:33,22.48,22.19,21.99,21.68,17.24,16.98,54,55,75,20,15,9,5.16,0.0,0.0,0.0,0.0,0.0,0.0,23.6,53,0,125,ON,OFF,ON,0,34.2,30,0,13492,OFF,OFF,29.4,29.5,33.88,29.4,46.31,9.0,6.0,34.29,38.0,17.58,29,33,41,43.5,93,99,OFF,OFF,100,100,6.118,1.268,1,0,ON,ON,0.922,4.372,0,0,OFF,OFF,38942,3522,100,100,0,0.156,73,696,10.5,33,28.6,1.8,40.6,36,0,21.6,1505,96,9.3,62.44213,378457,21,100,33.1,3,0,0.492,77,36.35,45.85,38.44,95.9,20.4,1.02518,9,32,82,40.2,0,0,0
2021-09-04,15:11:03,22.48,22.19,21.99,21.68,17.24,16.98,54,55,75,20,15,9,5.16,0.0,0.0,0.0,0.0,0.0,0.0,23.6,53,0,125,ON,OFF,ON,0,34.2,30,0,13492,OFF,OFF,29.4,29.5,33.88,29.4,46.31,9.0,6.0,34.29,38.0,17.58,29,33,41,42.5,93,99,OFF,OFF,100,100,6.118,1.268,1,0,ON,ON,0.922,4.372,0,0,OFF,OFF,38942,1993,100,100,0,0.156,73,696,10.5,33,28.6,1.8,40.6,36,0,21.6,1505,96,9.3,62.44213,378457,21,100,33.1,3,0,0.492,77,36.35,45.85,38.44,95.9,20.4,1.02518,9,32,82,40.2,0,0,0
2021-09-04,15:11:33,22.48,22.19,21.99,21.68,17.24,16.98,54,55,75,20,15,9,5.16,0.0,0.0,0.0,0.0,0.0,0.0,23.6,53,0,125,ON,OFF,ON,0,34.2,30,0,13492,OFF,OFF,29.4,29.5,33.88,29.4,46.31,9.0,6.0,34.29,38.0,17.58,29,33,41,42,93,99,OFF,OFF,100,100,6.118,1.268,1,0,ON,ON,0.922,4.372,0,0,OFF,OFF,38942,1993,100,100,0,0.156,73,696,10.5,33,28.6,1.8,40.6,36,0,21.6,1505,96,9.3,62.44213,378457,21,100,33.1,3,0,0.492,77,36.35,45.85,38.44,95.9,20.4,1.02518,9,32,82,40.2,0,0,0
2021-09-04,15:12:03,22.48,22.19,21.99,21.68,17.24,16.98,54,55,75,20,15,9,5.16,0.0,0.0,0.0,0.0,0.0,0.0,23.6,53,0,125,ON,OFF,ON,0,34.2,30,0,13492,OFF,OFF,29.4,29.5,33.88,29.4,46.31,9.0,6.0,34.29,38.0,17.58,29,33,41,42,93,99,OFF,OFF,100,100,6.118,1.268,1,0,ON,ON,0.922,4.372,0,0,OFF,OFF,67123,1993,100,100,0,0.156,73,696,10.5,33,28.6,1.8,40.6,36,0,21.6,1505,96,9.3,62.44213,378457,21,100,33.1,3,0,0.492,77,36.35,45.85,38.44,95.9,20.4,1.02518,9,32,82,40.2,0,0,0
2021-09-04,15:12:33,22.48,22.19,21.99,21.68,17.24,16.98,54,55,75,20,15,9,5.16,0.0,0.0,0.0,0.0,0.0,0.0,23.6,53,0,125,ON,OFF,ON,0,34.2,30,0,13492,OFF,OFF,29.4,29.5,33.88,29.4,46.31,9.0,6.0,34.29,38.0,17.58,29,34,41,42,93,99,OFF,OFF,100,100,6.118,1.268,1,0,ON,ON,0.922,4.372,0,0,OFF,OFF,67123,1993,100,100,0,0.156,73,696,10.5,33,28.6,1.8,40.6,36,0,21.6,1505,96,9.3,62.44213,378457,21,100,33.1,3,0,0.492,77,36.35,45.85,38.44,95.9,20.4,1.02518,9,32,82,40.2,0,0,0
2021-09-04,15:13:03,22.48,22.19,21.99,21.68,17.24,16.98,54,55,75,20,15,9,5.16,0.0,0.0,0.0,0.0,0.0,0.0,23.6,53,0,125,ON,OFF,ON,0,34.2,30,0,13492,OFF,OFF,29.4,29.5,33.88,29.4,46.31,9.0,6.0,34.29,38.0,17.58,29,34,41,42,93,99,OFF,OFF,100,100,6.118,1.268,1,0,ON,ON,0.922,4.372,0,0,OFF,OFF,67123,1993,100,100,0,0.156,73,696,10.5,33,28.6,1.8,40.6,36,0,21.6,1505,96,9.3,62.44213,378457,21,100,33.1,3,0,0.492,77,36.35,45.85,38.44,95.9,20.4,1.02518,9,32,82,40.2,0,0,0
2021-09-04,15:13:33,22.48,22.19,21.99,21.68,17.24,16.98,54,55,75,20,15,9,5.16,0.0,0.0,0.0,0.0,0.0,0.0,23.6,53,0,125,ON,OFF,ON,0,34.2,30,0,13492,OFF,OFF,29.4,29.5,33.88,29.4,46.31,9.0,6.0,34.29,38.0,17.58,29,34,41,42,93,99,OFF,OFF,100,100,6.118,1.268,1,0,ON,ON,0.922,4.372,0,0,OFF,OFF,67123,1993,100,100,0,0.156,73,696,10.5,33,28.6,1.8,40.6,36,0,21.6,1505,96,9.3,62.44213,378457,21,100,33.1,3,0,0.492,77,36.35,45.85,38.44,95.9,20.4,1.02518,9,32,82,40.2,0,0,0
2021-09-04,15:14:03,22.48,22.19,21.99,21.68,17.24,16.98,54,55,75,20,15,9,5.16,0.0,0.0,0.0,0.0,0.0,0.0,23.6,53,0,125,ON,OFF,ON,0,34.2,30,0,13492,OFF,OFF,29.4,29.5,33.88,29.4,46.31,9.0,6.0,34.29,38.0,17.58,29,34,41,42,93,99,OFF,OFF,100,100,6.118,1.268,1,0,ON,ON,0.922,4.372,0,0,OFF,OFF,67123,1993,100,100,0,0.156,73,696,10.5,33,28.6,1.8,40.6,36,0,21.6,1505,96,9.3,62.44213,378457,21,100,33.1,3,0,0.492,77,36.35,45.85,38.44,95.9,20.4,1.02518,9,32,82,40.2,0,0,0
2021-09-04,15:14:33,22.48,22.19,21.99,21.68,17.24,16.98,54,55,75,20,15,9,5.16,0.0,0.0,0.0,0.0,0.0,0.0,23.6,53,0,125,ON,OFF,ON,0,34.2,30,0,13492,OFF,OFF,29.4,29.5,33.88,29.4,46.31,9.0,6.0,34.29,38.0,17.58,29,34,41,42,93,99,OFF,OFF,100,100,6.118,1.268,1,0,ON,ON,0.922,4.372,0,0,OFF,OFF,67123,1993,100,100,0,0.156,73,696,10.5,33,28.6,1.8,40.6,36,0,21.6,1505,96,9.3,62.44213,378457,21,100,33.1,3,0,0.492,77,36.35,45.85,38.44,95.9,20.4,1.02518,9,32,82,40.2,0,0,0
2021-09-04,15:15:03,22.48,22.19,21.99,21.68,17.24,16.98,54,55,75,20,15,9,5.16,0.0,0.0,0.0,0.0,0.0,0.0,23.6,53,0,125,ON,OFF,ON,0,34.2,30,0,13492,OFF,OFF,29.4,29.5,33.88,29.4,46.31,9.0,6.0,34.29,38.0,17.58,29,34,41,42,93,99,OFF,OFF,100,100,6.118,1.268,1,0,ON,ON,0.922,4.372,0,0,OFF,OFF,67123,1993,100,100,0,0.156,73,696,10.5,33,28.6,1.8,40.6,36,0,21.6,1505,96,9.3,62.44213,378457,21,100,33.1,3,0,0.492,77,36.35,45.85,38.44,95.9,20.4,1.02518,9,32,82,40.2,0,0,0
2021-09-04,15:15:33,22.48,22.19,21.99,21.68,17.24,16.98,54,55,75,20,15,9,5.16,0.0,0.0,0.0,0.0,0.0,0.0,23.6,53,0,125,ON,OFF,ON,0,34.2,30,0,13492,OFF,OFF,29.4,29.5,33.88,29.4,46.31,9.0,6.0,34.29,38.0,17.58,29,34,41,42,93,99,OFF,OFF,100,100,6.118,1.268,1,0,ON,ON,0.922,4.372,0,0,OFF,OFF,67123,1993,100,100,0,0.156,73,696,10.5,33,28.6,1.8,40.6,36,0,21.6,1505,96,9.3,62.44213,378457,21,100,33.1,3,0,0.492,77,36.35,45.85,38.44,95.9,20.4,1.02518,9,32,82,40.2,0,0,0
2021-09-04,15:16:03,22.48,22.19,21.99,21.68,17.24,16.98,54,55,75,20,15,9,5.16,0.0,0.0,0.0,0.0,0.0,0.0,23.6,53,0,125,ON,OFF,ON,0,34.2,30,0,13492,OFF,OFF,29.4,29.5,33.88,29.4,46.31,9.0,6.0,34.29,38.0,17.58,29,34,41,42,93,99,OFF,OFF,100,100,6.118,1.268,1,0,ON,ON,0.922,4.372,0,0,OFF,OFF,67123,1993,100,100,0,0.156,73,696,10.5,33,28.6,1.8,40.6,36,0,21.6,1505,96,9.3,62.44213,378457,21,100,33.1,3,0,0.492,77,36.35,45.85,38.44,95.9,20.4,1.02518,9,32,82,40.2,0,0,0
2021-09-04,15:16:33,22.48,22.19,21.99,21.68,17.24,16.98,54,55,75,20,15,9,5.16,0.0,0.0,0.0,0.0,0.0,0.0,23.6,53,0,125,ON,OFF,ON,0,34.2,30,0,13492,OFF,OFF,29.4,29.5,33.88,29.4,46.31,9.0,6.0,34.29,38.0,17.58,28,35,41,42,93,99,OFF,OFF,100,100,6.118,1.268,1,0,ON,ON,0.922,4.372,0,0,OFF,OFF,67123,1993,100,100,0,0.156,73,696,10.5,33,28.6,1.8,40.6,36,0,21.6,1505,96,9.3,62.44213,378457,21,100,33.1,3,0,0.492,77,36.35,45.85,38.44,95.9,20.4,1.02518,9,32,82,40.2,0,0,0
2021-09-04,15:17:03,22.48,22.19,21.99,21.68,17.24,16.98,54,55,75,20,15,9,5.16,0.0,0.0,0.0,0.0,0.0,0.0,23.6,53,0,125,ON,OFF,ON,0,34.2,30,0,13492,OFF,OFF,29.4,29.5,33.88,29.4,46.31,9.0,6.0,34.29,38.0,17.58,28,35,41,42,93,99,OFF,OFF,100,100,6.118,1.268,1,0,ON,ON,0.922,4.372,0,0,OFF,OFF,67123,1993,100,100,0,0.156,73,696,10.5,33,28.6,1.8,40.6,36,0,21.6,1505,96,9.3,62.44213,378457,21,100,33.1,3,0,0.492,77,36.35,45.85,38.44,95.9,20.4,1.02518,9,32,82,40.2,0,0,0
2021-09-04,15:17:33,22.48,22.19,21.99,21.68,17.24,16.98,54,55,75,20,15,9,5.16,0.0,0.0,0.0,0.0,0.0,0.0,23.6,53,0,125,ON,OFF,ON,0,34.2,30,0,13492,OFF,OFF,29.4,29.5,33.88,29.4,46.31,9.0,6.0,34.29,38.0,17.58,28,35,41,42,93,99,OFF,OFF,100,100,6.118,1.268,1,0,ON,ON,0.922,4.372,0,0,OFF,OFF,67123,1993,100,100,0,0.156,73,696,10.5,33,28.6,1.8,40.6,36,0,21.6,1505,96,9.3,62.44213,378457,21,100,33.1,3,0,0.492,77,36.35,45.85,38.44,95.9,20.4,1.02518,9,32,82,40.2,0,0,0
2021-09-04,15:18:03,22.48,22.19,21.99,21.68,17.24,16.98,54,55,75,20,15,9,5.16,0.0,0.0,0.0,0.0,0.0,0.0,23.6,53,0,125,ON,OFF,ON,0,34.2,30,0,13492,OFF,OFF,29.4,29.5,33.88,29.4,45.65,9.0,6.0,34.29,38.0,17.58,28,35,41,42,93,99,OFF,OFF,100,100,6.118,1.268,1,0,ON,ON,0.922,4.372,0,0,OFF,OFF,67123,1993,100,100,0,0.156,73,696,10.5,33,28.6,1.8,40.6,36,0,21.6,1505,96,9.3,62.44213,378457,21,100,33.1,3,0,0.492,77,36.35,45.85,38.44,95.9,20.4,1.02518,9,32,82,40.2,0,0,0
2021-09-04,15:18:33,22.48,22.19,21.99,21.68,17.24,16.98,54,55,75,20,15,9,5.16,0.0,0.0,0.0,0.0,0.0,0.0,23.6,53,0,125,ON,OFF,ON,0,34.2,30,0,13492,OFF,OFF,29.4,29.5,33.88,29.4,45.65,9.0,6.0,34.29,38.0,17.4,28,35,41,42,93,99,OFF,OFF,100,100,6.118,1.268,1,0,ON,ON,0.922,4.372,0,0,OFF,OFF,67123,1993,100,100,0,0.156,73,696,10.5,33,28.6,1.8,40.6,36,0,21.6,1505,96,9.3,62.44213,378457,21,100,33.1,3,0,0.492,77,36.35,45.85,38.44,95.9,20.4,1.02518,9,32,82,40.2,0,0,0
2021-09-04,15:19:03,22.48,22.19,21.99,21.68,17.24,16.98,54,55,75,20,15,9,5.16,0.0,0.0,0.0,0.0,0.0,0.0,23.6,53,0,125,ON,OFF,ON,0,34.2,30,0,13492,OFF,OFF,29.4,29.5,33.88,29.4,45.65,9.0,6.0,34.29,38.0,17.4,28,35,41,42,93,99,OFF,OFF,100,100,6.118,1.268,1,0,ON,ON,0.922,4.372,0,0,OFF,OFF,67123,1993,100,100,0,0.156,73,696,10.5,33,28.6,1.8,40.6,36,0,21.6,1505,96,9.3,62.44213,378457,21,100,33.1,3,0,0.492,77,36.35,45.85,38.44,95.9,20.4,1.02518,9,32,82,40.2,0,0,0
2021-09-04,15:19:33,22.48,22.19,21.99,21.68,17.24,16.98,54,55,75,20,15,9,5.16,0.0,0.0,0.0,0.0,0.0,0.0,23.6,53,0,125,ON,OFF,ON,0,34.2,30,0,13492,OFF,OFF,29.4,29.5,33.88,29.4,45.65,9.0,6.0,34.29,38.0,17.4,28,35,41,42,93,99,OFF,OFF,100,100,6.118,1.268,1,0,ON,ON,0.922,4.372,0,0,OFF,OFF,67123,1993,100,100,0,0.156,73,696,10.5,33,28.6,1.8,40.6,36,0,21.6,1505,96,9.3,62.44213,378457,21,100,33.1,3,0,0.492,77,36.35,45.85,38.44,95.9,20.4,1.02518,9,32,82,40.2,0,0,0
2021-09-04,15:20:03,22.48,22.19,21.99,21.68,17.24,16.98,54,55,75,20,15,9,5.16,0.0,0.0,0.0,0.0,0.0,0.0,23.6,53,0,125,ON,OFF,ON,0,34.2,30,0,13492,OFF,OFF,29.4,29.5,33.88,29.4,45.65,9.0,6.0,34.29,38.0,17.4,28,35,41,42,93,99,OFF,OFF,100,100,6.118,1.268,1,0,ON,ON,0.922,4.372,0,0,OFF,OFF,67123,1993,100,100,0,0.156,73,696,10.5,33,28.6,1.8,40.6,36,0,21.6,1505,96,9.3,62.44213,378457,21,100,33.1,3,0,0.492,77,36.35,45.85,38.44,95.9,20.4,1.02518,9,32,82,40.2,0,0,0
2021-09-04,15:20:50,22.48,22.19,21.99,21.68,17.24,16.98,54,55,75,20,15,9,5.16,0.0,0.0,0.0,0.0,0.0,0.0,23.6,53,0,125,ON,OFF,ON,0,34.2,30,0,13492,OFF,OFF,29.4,29.5,33.88,29.4,45.65,9.0,6.0,34.29,38.0,17.4,28,35,41,42,93,99,OFF,OFF,100,100,6.118,1.268,1,0,ON,ON,0.922,4.372,0,0,OFF,OFF,67123,1993,100,100,0,0.156,73,696,10.5,33,28.6,1.8,40.6,36,9.895,21.6,1505,96,9.3,62.44213,378457,21,100,33.1,3,0,0.492,77,36.35,45.85,38.44,95.9,20.4,1.02518,9,32,82,40.2,0,0,0
2021-09-04,15:21:20,22.48,22.19,21.99,21.68,17.24,16.98,54,55,75,20,15,9,5.16,0.0,0.0,0.0,0.0,0.0,0.0,23.6,53,0,125,ON,OFF,ON,0,34.2,30,0,13492,OFF,OFF,29.4,29.5,33.88,29.4,45.65,9.0,6.0,34.29,38.0,17.4,28,35,41,41.5,93,99,OFF,OFF,100,100,6.118,1.268,1,0,ON,ON,0.922,4.372,0,0,OFF,OFF,67123,1993,100,100,0,0.156,73,696,10.5,33,28.6,1.8,40.6,36,9.895,21.6,1505,96,9.3,62.44213,378457,21,100,33.1,3,0,0.492,77,36.35,45.85,38.44,95.9,20.4,1.02518,9,32,82,40.2,0,0,0
2021-09-04,15:21:50,22.48,22.19,21.99,21.68,17.24,16.98,54,55,75,20,15,9,5.16,0.0,0.0,0.0,0.0,0.0,0.0,23.6,53,0,125,ON,OFF,ON,0,34.2,30,0,13492,OFF,OFF,29.4,29.5,33.88,29.4,45.65,9.0,6.0,34.29,38.0,17.4,28,35,41,41.5,93,99,OFF,OFF,100,100,6.118,1.268,1,0,ON,ON,0.922,4.372,0,0,OFF,OFF,55594,1993,100,100,0,0.156,73,696,10.5,33,28.6,1.8,40.6,36,9.895,21.6,1505,96,9.3,62.44213,378457,21,100,33.1,3,0,0.492,77,36.9,45.85,38.44,95.9,20.4,1.02518,9,32,82,40.2,0,0,0
2021-09-04,15:22:20,22.48,22.19,21.99,21.68,17.24,16.98,54,55,75,20,15,9,5.16,0.0,0.0,0.0,0.0,0.0,0.0,23.6,53,0,125,ON,OFF,ON,0,34.2,30,0,13492,OFF,OFF,29.4,29.5,32.78,29.4,45.65,9.0,6.0,34.29,38.0,17.4,28,35,41,41.5,93,99,OFF,OFF,100,100,6.118,1.268,1,0,ON,ON,0.922,4.372,0,0,OFF,OFF,55594,1993,100,100,0,0.156,73,696,10.5,33,28.6,1.8,40.6,36,9.895,21.6,1505,96,9.3,62.44213,378457,21,100,33.1,3,0,0.492,77,36.9,45.85,38.44,95.9,20.4,1.02518,9,32,82,40.2,0,0,0
2021-09-04,15:22:50,22.48,22.19,21.99,21.68,17.24,16.98,54,55,75,20,15,9,5.16,0.0,0.0,0.0,0.0,0.0,0.0,23.6,53,0,125,ON,OFF,ON,0,34.2,30,0,13492,OFF,OFF,29.4,29.5,32.78,29.4,45.65,9.0,6.0,34.29,38.0,17.4,28,35,41,41.5,93,99,OFF,OFF,100,100,6.118,1.268,1,0,ON,ON,0.922,4.372,0,0,OFF,OFF,55594,1993,100,100,0,0.156,73,696,10.5,33,28.6,1.8,40.6,36,9.895,21.6,1505,96,9.3,62.44213,378457,21,100,33.1,3,0,0.492,77,36.9,45.85,38.44,95.9,20.4,1.02518,9,32,82,40.2,0,0,0
2021-09-04,15:23:20,22.48,22.19,21.99,21.68,17.24,16.98,54,55,75,20,15,9,5.16,0.0,0.0,0.0,0.0,0.0,0.0,23.6,53,0,125,ON,OFF,ON,0,34.2,30,0,13492,OFF,OFF,29.4,29.5,32.78,29.4,45.65,9.0,6.0,34.29,38.0,17.4,28,35,41,41.5,93,99,OFF,OFF,100,100,6.118,1.268,1,0,ON,ON,0.922,4.372,0,0,OFF,OFF,23313,1993,100,100,0,0.156,73,696,10.5,33,28.6,1.8,40.6,36,9.895,21.6,1505,96,9.3,62.44213,378457,21,100,33.1,3,0,0.492,77,36.9,45.85,38.44,95.9,20.4,1.02518,9,32,82,40.2,0,0,0
2021-09-04,15:23:50,22.48,22.19,21.99,21.68,17.24,16.98,54,55,75,20,15,9,5.16,0.0,0.0,0.0,0.0,0.0,0.0,23.6,53,0,125,ON,OFF,ON,0,34.2,30,0,13492,OFF,OFF,29.4,29.5,32.78,29.4,45.65,9.0,6.0,34.29,38.0,17.4,28,35,41,41,93,99,OFF,OFF,100,100,6.118,1.268,1,0,ON,ON,0.922,4.372,0,0,OFF,OFF,23313,1993,100,100,0,0.156,73,696,10.5,33,28.6,1.8,40.6,36,9.895,21.6,1505,96,9.3,62.44213,378457,21,100,33.1,3,0,0.492,77,36.9,45.85,38.44,95.9,20.4,1.02518,9,32,82,40.2,0,0,0
2021-09-04,15:24:19,22.48,22.19,21.99,21.68,17.24,16.98,54,55,75,20,15,9,5.16,0.0,0.0,0.0,0.0,0.0,0.0,23.6,53,0,125,ON,OFF,ON,0,34.2,30,0,13492,OFF,OFF,29.4,29.5,32.78,29.4,45.65,9.0,6.0,34.29,38.0,17.4,28,36,41,41,93,99,OFF,OFF,100,100,6.118,1.268,1,0,ON,ON,0.922,4.372,0,0,OFF,OFF,23313,1993,100,100,0,0.156,73,696,10.5,33,28.6,1.8,40.6,36,9.895,21.6,1505,96,9.3,62.44213,378457,21,100,33.1,3,0,0.492,77,36.9,45.85,38.44,95.9,20.4,1.02518,9,32,82,40.2,0,0,0
2021-09-04,15:24:50,22.48,22.19,21.99,21.68,17.24,16.98,54,55,75,20,15,9,5.16,0.0,0.0,0.0,0.0,0.0,0.0,23.6,53,0,125,ON,OFF,ON,0,34.2,30,0,13492,OFF,OFF,29.4,29.5,32.78,29.4,45.65,9.0,6.0,34.29,38.0,17.4,28,36,41,41,93,99,OFF,OFF,100,100,6.118,1.268,1,0,ON,ON,0.922,4.372,0,0,OFF,OFF,23313,1993,100,100,0,0.156,73,696,10.5,33,28.6,1.8,40.6,36,9.895,21.6,1505,96,9.3,62.44213,378457,21,100,33.1,3,0,0.492,77,36.9,45.85,38.44,95.9,20.4,1.02518,9,32,82,40.2,0,0,0
2021-09-04,15:25:20,22.48,22.19,21.99,21.68,17.24,16.98,54,55,75,20,15,9,5.16,0.0,0.0,0.0,0.0,0.0,0.0,23.6,53,0,125,ON,OFF,ON,0,34.2,30,0,13492,OFF,OFF,29.4,29.5,32.78,29.4,45.65,9.0,6.0,34.29,38.0,17.4,28,36,41,41,93,99,OFF,OFF,100,100,6.118,1.268,1,0,ON,ON,0.922,4.372,0,0,OFF,OFF,60976,1993,100,100,0,0.156,73,696,10.5,33,28.6,1.8,40.6,36,9.895,21.6,1505,96,9.3,62.44213,378457,21,100,33.1,3,0,0.492,77,36.9,45.85,38.44,95.9,20.4,1.02518,9,32,82,40.2,0,0,0
2021-09-04,15:25:50,22.48,22.19,21.99,21.68,17.24,16.98,54,55,75,20,15,9,5.16,0.0,0.0,0.0,0.0,0.0,0.0,23.6,53,0,125,ON,OFF,ON,0,34.2,30,0,13492,OFF,OFF,29.4,29.5,32.78,29.4,45.65,9.0,6.0,34.29,38.0,17.4,28,36,41,41,93,99,OFF,OFF,100,100,6.118,1.268,1,0,ON,ON,0.922,4.372,0,0,OFF,OFF,60976,1993,100,100,0,0.156,73,696,10.5,33,28.6,1.8,40.6,36,9.895,21.6,1505,96,9.3,62.44213,378457,21,100,33.1,3,0,0.492,77,36.9,45.85,38.44,95.9,20.4,1.02518,9,32,82,40.2,0,0,0
2021-09-04,15:26:20,22.48,22.19,21.99,21.68,17.24,16.98,54,55,75,20,15,9,5.16,0.0,0.0,0.0,0.0,0.0,0.0,23.6,53,0,125,ON,OFF,ON,0,34.2,30,0,13492,OFF,OFF,29.4,29.5,32.78,29.4,45.65,9.0,6.0,34.29,38.0,17.4,28,36,41,41,93,99,OFF,OFF,100,100,6.118,1.268,1,0,ON,ON,0.922,4.372,0,0,OFF,OFF,60976,1993,100,100,0,0.156,73,696,10.5,33,28.6,1.8,40.6,36,9.895,21.6,1505,96,9.3,62.44213,378457,21,100,33.1,3,0,0.492,77,36.9,45.85,38.44,95.9,20.4,1.02518,9,32,82,40.2,0,0,0
2021-09-04,15:26:50,22.48,22.19,21.99,21.68,17.24,16.98,54,55,75,20,15,9,5.16,0.0,0.0,0.0,0.0,0.0,0.0,23.6,53,0,125,ON,OFF,ON,0,34.2,30,0,13492,OFF,OFF,29.4,29.5,32.78,29.4,45.65,9.0,6.0,34.29,38.0,17.4,28,36,41,41,93,99,OFF,OFF,100,100,6.118,1.268,1,0,ON,ON,0.922,4.372,0,0,OFF,OFF,60976,1993,100,100,0,0.156,73,696,10.5,33,28.6,1.8,40.6,36,9.895,21.6,1505,96,9.3,62.44213,378457,21,100,33.1,3,0,0.492,77,36.9,45.85,38.44,95.9,20.4,1.02518,9,32,82,40.2,0,0,0
2021-09-04,15:27:20,22.48,22.19,21.99,21.68,17.24,16.98,54,55,75,20,15,9,5.16,0.0,0.0,0.0,0.0,0.0,0.0,23.6,53,0,125,ON,OFF,ON,0,34.2,30,0,13492,OFF,OFF,29.4,29.5,32.78,29.4,45.65,9.0,6.0,34.29,38.0,17.4,28,36,41,41,93,99,OFF,OFF,100,100,6.118,1.268,1,0,ON,ON,0.922,4.372,0,0,OFF,OFF,49445,1993,100,100,0,0.156,73,696,10.5,33,28.6,1.8,40.6,36,9.895,21.6,1505,96,9.3,62.44213,378457,21,100,33.1,3,0,0.492,77,36.9,45.85,38.44,95.9,20.4,1.02518,9,32,82,40.2,0,0,0
2021-09-04,15:27:50,22.48,22.19,21.99,21.68,17.24,16.98,54,55,75,20,15,9,5.16,0.0,0.0,0.0,0.0,0.0,0.0,23.6,53,0,125,ON,OFF,ON,0,34.2,30,0,13492,OFF,OFF,29.4,29.5,32.78,29.4,44.99,9.0,6.0,34.29,38.0,17.4,28,36,41,41,93,99,OFF,OFF,100,100,6.118,1.268,1,0,ON,ON,0.922,4.372,0,0,OFF,OFF,49445,1993,100,100,0,0.156,73,696,12.7,38,28.2,1.8,40.6,37,9.895,23.2,1505,96,9.3,62.44213,378457,21,100,33.1,3,0,0.492,77,36.9,45.85,38.44,95.9,20.4,1.02518,9,32,82,40.2,0,0,0
2021-09-04,15:28:20,22.48,22.19,21.99,21.68,17.24,16.98,54,55,75,20,15,9,5.16,0.0,0.0,0.0,0.0,0.0,0.0,23.6,53,0,125,ON,OFF,ON,0,34.2,30,0,13492,OFF,OFF,29.4,29.5,32.78,29.4,44.99,9.0,6.0,34.29,38.0,17.4,28,36,41,41,93,99,OFF,OFF,100,100,6.118,1.268,1,0,ON,ON,0.922,4.372,0,0,OFF,OFF,62769,1993,100,100,0,0.156,73,696,12.7,38,28.2,1.8,40.6,37,9.895,23.2,1505,96,9.3,62.44213,378457,21,100,33.1,3,0,0.492,77,36.9,45.85,38.44,95.9,20.4,1.02518,9,32,82,40.2,0,0,0
2021-09-04,15:28:50,22.48,22.19,21.99,21.68,17.24,16.98,54,55,75,20,15,9,5.16,0.0,0.0,0.0,0.0,0.0,0.0,23.6,53,0,125,ON,OFF,ON,0,34.2,30,0,13492,OFF,OFF,29.4,29.5,32.78,29.4,44.99,9.0,6.0,34.29,38.0,17.4,28,36,41,41,93,99,OFF,OFF,100,100,6.118,1.268,1,0,ON,ON,0.922,4.372,0,0,OFF,OFF,62769,1993,100,100,0,0.156,73,696,12.7,38,28.1,1.8,40.6,37,9.895,23.2,1505,96,9.3,62.44213,378457,21,100,33.1,3,0,0.492,77,36.9,45.85,38.44,95.9,20.4,1.02518,9,32,82,40.2,0,0,0
2021-09-04,15:29:20,22.48,22.19,21.99,21.68,17.24,16.98,54,55,75,20,15,9,5.16,0.0,0.0,0.0,0.0,0.0,0.0,23.6,53,0,125,ON,OFF,ON,0,34.2,30,0,13492,OFF,OFF,29.4,29.5,32.78,29.4,44.99,9.0,6.0,34.29,38.0,17.4,28,36,41,41,93,99,OFF,OFF,100,100,6.118,1.268,1,0,ON,ON,0.922,4.372,0,0,OFF,OFF,62769,1993,100,100,0,0.156,73,696,12.7,38,28.1,1.8,40.6,37,9.895,23.2,1505,96,9.3,62.44213,378457,21,100,33.1,3,0,0.492,77,36.9,45.85,38.44,95.9,20.4,1.02518,9,32,82,40.2,0,0,0
2021-09-04,15:29:50,22.48,22.19,21.99,21.68,17.24,16.98,54,55,75,20,15,9,5.16,0.0,0.0,0.0,0.0,0.0,0.0,23.6,53,0,125,ON,OFF,ON,0,34.2,30,0,13492,OFF,OFF,29.4,29.5,32.78,29.4,44.99,9.0,6.0,34.29,38.0,17.4,28,36,41,41,93,99,OFF,OFF,100,100,6.118,1.268,1,0,ON,ON,0.922,4.372,0,0,OFF,OFF,62769,1993,100,100,0,0.156,73,696,12.7,38,28.1,1.8,40.6,37,9.895,23.2,1505,96,9.3,62.44213,378457,21,100,33.1,3,0,0.492,77,36.9,45.85,38.44,95.9,20.4,1.02518,9,32,82,40.2,0,0,0
2021-09-04,15:30:20,22.86,22.59,22.86,22.59,20.11,19.85,53,53,64,20,20,15,5.16,0.0,0.0,0.0,0.0,0.0,0.0,23.6,53,0,125,ON,OFF,ON,0,34.2,30,0,13492,OFF,OFF,29.4,29.5,32.78,29.4,44.99,9.0,6.0,34.29,38.0,17.4,28,36,41,41,93,99,OFF,OFF,100,100,6.118,1.268,1,0,ON,ON,0.922,4.372,0,0,OFF,OFF,62769,1993,100,100,0,0.156,73,696,12.7,38,28.1,1.8,40.6,37,9.895,23.2,1505,96,9.3,62.44213,378457,21,100,33.1,3,0,0.492,77,36.9,45.85,38.44,95.9,20.4,1.02518,9,32,82,40.2,0,0,0
2021-09-04,15:30:50,22.86,22.59,22.86,22.59,20.11,19.85,53,53,64,20,20,15,5.16,0.0,0.0,0.0,0.0,0.0,0.0,23.6,53,0,125,ON,OFF,ON,0,34.2,30,0,13492,OFF,OFF,29.4,29.5,32.78,29.4,44.99,9.0,6.0,34.29,38.0,17.4,28,36,41,41,93,99,OFF,OFF,100,100,6.118,1.268,1,0,ON,ON,0.922,4.372,0,0,OFF,OFF,62769,1993,100,100,0,0.156,73,696,12.7,38,28.1,1.8,40.6,37,9.895,23.2,1505,96,9.3,62.44213,378457,21,100,33.1,3,0,0.492,77,36.9,45.85,38.44,95.9,20.4,1.02518,9,32,82,40.2,0,0,0
2021-09-04,15:31:20,22.86,22.59,22.86,22.59,20.11,19.85,53,53,64,20,20,15,5.16,0.0,0.0,0.0,0.0,0.0,0.0,23.6,53,0,125,ON,OFF,ON,0,34.2,30,0,13492,OFF,OFF,29.4,29.5,32.12,29.4,44.99,9.0,6.0,34.29,38.0,17.4,28,36,41,41,93,99,OFF,OFF,100,100,6.118,1.268,1,0,ON,ON,0.922,4.372,0,0,OFF,OFF,62769,1993,100,100,0,0.156,73,696,12.7,38,28.1,1.8,40.6,37,9.895,23.2,1505,96,9.3,62.44213,378457,21,100,33.1,3,0,0.492,77,36.9,45.85,38.44,95.9,20.4,1.02518,9,32,82,40.2,0,0,0
2021-09-04,15:31:50,22.86,22.59,22.86,22.59,20.11,19.85,53,53,64,20,20,15,5.16,0.0,0.0,0.0,0.0,0.0,0.0,23.6,53,0,125,ON,OFF,ON,0,34.2,30,0,13492,OFF,OFF,29.4,29.5,32.12,29.4,44.99,9.0,6.0,34.29,38.0,17.4,28,36,41,41,93,99,OFF,OFF,100,100,6.118,1.268,1,0,ON,ON,0.922,4.372,0,0,OFF,OFF,62769,1993,100,100,0,0.156,73,696,12.7,38,28.1,1.8,40.6,37,9.895,23.2,1505,96,9.3,62.44213,378457,21,100,33.1,3,0,0.492,77,36.9,45.85,38.44,95.9,20.4,1.02518,9,32,82,40.2,0,0,0
2021-09-04,15:32:20,22.86,22.59,22.86,22.59,20.11,19.85,53,53,64,20,20,15,5.16,0.0,0.0,0.0,0.0,0.0,0.0,23.6,53,0,125,ON,OFF,ON,0,34.2,30,0,13492,OFF,OFF,29.4,29.5,32.12,29.4,44.99,9.0,6.0,34.29,38.0,17.4,28,36,41,40.5,93,99,OFF,OFF,100,100,6.118,1.268,1,0,ON,ON,0.922,4.372,0,0,OFF,OFF,62769,1993,100,100,0,0.156,73,696,12.7,38,28.1,1.8,40.6,37,9.895,23.2,1505,96,9.3,62.44213,378457,21,100,33.1,3,0,0.492,77,36.9,45.85,38.44,95.9,20.4,1.02518,9,32,82,40.2,0,0,0
2021-09-04,15:32:50,22.86,22.59,22.86,22.59,20.11,19.85,53,53,64,20,20,15,5.16,0.0,0.0,0.0,0.0,0.0,0.0,23.6,53,0,125,ON,OFF,ON,0,34.2,30,0,13492,OFF,OFF,29.4,29.5,32.12,29.4,44.99,9.0,6.0,34.29,38.0,17.4,28,36,41,40.5,93,99,OFF,OFF,100,100,6.118,1.268,1,0,ON,ON,0.922,4.372,0,0,OFF,OFF,62769,1993,100,100,0,0.156,73,696,12.7,38,28.1,1.8,40.6,37,9.895,23.2,1505,96,9.3,62.44213,378457,21,100,33.1,3,0,0.492,77,36.9,45.85,38.44,95.9,20.4,1.02518,9,32,82,40.2,0,0,0
2021-09-04,15:33:20,22.86,22.59,22.86,22.59,20.11,19.85,53,53,64,20,20,15,5.16,0.0,0.0,0.0,0.0,0.0,0.0,23.6,53,0,125,ON,OFF,ON,0,34.2,30,0,13492,OFF,OFF,29.4,29.5,32.12,29.4,44.99,9.0,6.0,34.29,38.0,17.4,28,36,41,40.5,93,99,OFF,OFF,100,100,6.118,1.268,1,0,ON,ON,0.922,4.372,0,0,OFF,OFF,62769,1993,100,100,0,0.156,73,696,12.7,38,28.1,1.8,40.6,37,9.895,23.2,1505,96,9.3,62.44213,378457,21,100,33.1,3,0,0.492,77,36.9,45.85,38.44,95.9,20.4,1.02518,9,32,82,40.2,0,0,0
2021-09-04,15:33:50,22.86,22.59,22.86,22.59,20.11,19.85,53,53,64,20,20,15,5.16,0.0,0.0,0.0,0.0,0.0,0.0,23.6,53,0,125,ON,OFF,ON,0,34.2,30,0,13492,OFF,OFF,29.4,29.5,32.12,29.4,44.99,9.0,6.0,34.29,38.0,17.4,28,36,41,40.5,93,99,OFF,OFF,100,100,6.118,1.268,1,0,ON,ON,0.922,4.372,0,0,OFF,OFF,62769,1993,100,100,0,0.156,73,696,12.7,38,28.1,1.8,40.6,37,9.895,23.2,1505,96,9.3,62.44213,378457,21,100,33.1,3,0,0.492,77,36.9,45.85,38.44,95.9,20.4,1.02518,9,32,82,40.2,0,0,0
2021-09-04,15:34:20,22.86,22.59,22.86,22.59,20.11,19.85,53,53,64,20,20,15,5.16,0.0,0.0,0.0,0.0,0.0,0.0,23.6,53,0,125,ON,OFF,ON,0,34.2,30,0,13492,OFF,OFF,29.4,29.5,32.12,29.4,44.33,9.0,6.0,34.29,38.0,17.4,28,36,41,40.5,93,99,OFF,OFF,100,100,6.118,1.268,1,0,ON,ON,0.922,4.372,0,0,OFF,OFF,62769,1993,100,100,0,0.156,73,696,12.7,38,28.1,1.8,40.6,37,9.895,23.2,1505,96,9.3,62.44213,378457,21,100,33.1,3,0,0.492,77,36.9,45.85,38.44,95.9,20.4,1.02518,9,32,82,40.2,0,0,0
2021-09-04,15:34:50,22.86,22.59,22.86,22.59,20.11,19.85,53,53,64,20,20,15,5.16,0.0,0.0,0.0,0.0,0.0,0.0,23.6,53,0,125,ON,OFF,ON,0,34.2,30,0,13492,OFF,OFF,29.4,29.5,32.12,29.4,44.33,9.0,6.0,34.29,38.0,17.4,28,36,41,40.5,93,99,OFF,OFF,100,100,6.118,1.268,1,0,ON,ON,0.922,4.372,0,0,OFF,OFF,62769,1993,100,100,0,0.156,73,696,12.7,38,28.1,1.8,40.6,37,9.895,23.2,1505,96,9.3,62.44213,378457,21,100,33.1,3,0,0.492,77,36.9,45.85,38.44,95.9,20.4,1.02518,9,32,82,40.2,0,0,0
2021-09-04,15:35:20,22.86,22.59,22.86,22.59,20.11,19.85,53,53,64,20,20,15,5.16,0.0,0.0,0.0,0.0,0.0,0.0,23.6,53,0,125,ON,OFF,ON,0,34.2,30,0,13492,OFF,OFF,29.4,29.5,32.12,29.4,44.33,9.0,6.0,34.29,38.0,17.4,28,36,41,40.5,93,99,OFF,OFF,100,100,6.119,1.268,1,0,ON,ON,0.922,4.372,0,0,OFF,OFF,57387,1993,100,100,0,0.156,73,696,12.7,38,28.1,1.8,40.6,37,9.895,23.2,1505,96,9.3,62.44213,378457,21,100,33.1,3,0,0.492,77,36.9,45.85,38.44,95.9,20.4,1.02518,9,32,82,40.2,0,0,0
2021-09-04,15:36:06,22.86,22.59,22.86,22.59,20.11,19.85,53,53,64,20,20,15,5.16,0.0,0.0,0.0,0.0,0.0,0.0,23.6,53,0,125,ON,OFF,ON,0,34.2,30,0,13492,OFF,OFF,29.4,29.5,32.12,29.4,44.33,9.0,6.0,34.29,38.0,17.4,28,36,41,40,93,99,OFF,OFF,100,100,6.119,1.268,1,0,ON,ON,0.922,4.372,0,0,OFF,OFF,57387,1993,100,100,0,0.156,73,696,12.7,38,28.1,1.8,40.6,37,9.895,23.2,1505,96,9.3,62.44213,378457,21,100,33.1,3,0,0.492,77,36.9,45.85,38.44,95.9,20.4,1.02518,9,32,82,40.2,0,0,0
2021-09-04,15:36:36,22.86,22.59,22.86,22.59,20.11,19.85,53,53,64,20,20,15,5.16,0.0,0.0,0.0,0.0,0.0,0.0,23.6,53,0,125,ON,OFF,ON,0,34.2,30,0,13492,OFF,OFF,29.4,29.5,32.12,29.4,44.33,9.0,6.0,34.29,38.0,17.4,27,37,41,40.5,93,99,OFF,OFF,100,100,6.119,1.268,1,0,ON,ON,0.922,4.372,0,0,OFF,OFF,57387,1993,100,100,0,0.156,73,696,12.7,38,28.1,1.8,40.6,37,9.895,23.2,1505,96,9.3,62.44213,378457,21,100,33.1,3,0,0.492,77,36.9,45.85,38.44,95.9,20.4,1.02518,9,32,82,40.2,0,0,0
2021-09-04,15:37:06,22.86,22.59,22.86,22.59,20.11,19.85,53,53,64,20,20,15,5.16,0.0,0.0,0.0,0.0,0.0,0.0,23.6,53,0,125,ON,OFF,ON,0,34.2,30,0,13492,OFF,OFF,29.4,29.5,32.12,29.4,44.33,9.0,6.0,34.29,38.0,17.4,27,37,41,40,93,99,OFF,OFF,100,100,6.119,1.268,1,0,ON,ON,0.922,4.372,0,0,OFF,OFF,57387,1993,100,100,0,0.156,73,696,12.7,38,28.1,1.8,40.6,37,9.895,23.2,1505,96,9.3,62.44213,378457,21,100,33.1,3,0,0.492,77,36.9,45.85,38.44,95.9,20.4,1.02518,9,32,82,40.2,0,0,0
2021-09-04,15:37:36,22.86,22.59,22.86,22.59,20.11,19.85,53,53,64,20,20,15,5.16,0.0,0.0,0.0,0.0,0.0,0.0,23.6,53,0,125,ON,OFF,ON,0,34.2,30,0,13492,OFF,OFF,29.4,29.5,32.12,29.4,44.33,9.0,6.0,34.29,38.0,17.4,27,37,41,40,93,99,OFF,OFF,100,100,6.119,1.268,1,0,ON,ON,0.922,4.372,0,0,OFF,OFF,57387,1993,100,100,0,0.156,73,696,12.7,38,28.1,1.8,40.6,37,9.895,23.2,1505,96,9.3,62.44213,378457,21,100,33.1,3,0,0.492,77,36.9,45.85,38.44,95.9,20.4,1.02518,9,32,82,40.2,0,0,0
2021-09-04,15:38:06,22.86,22.59,22.86,22.59,20.11,19.85,53,53,64,20,20,15,5.16,0.0,0.0,0.0,0.0,0.0,0.0,23.6,53,0,125,ON,OFF,ON,0,34.2,30,0,13492,OFF,OFF,29.4,29.5,32.12,29.4,44.33,9.0,6.0,39.32,38.0,17.4,27,37,41,40,93,99,OFF,OFF,100,100,6.119,1.268,1,0,ON,ON,0.922,4.372,0,0,OFF,OFF,57387,1993,100,100,0,0.156,73,696,12.7,38,28.1,1.8,40.6,37,9.895,23.2,1505,96,9.3,62.44213,378457,21,100,33.1,3,0,0.492,77,36.9,45.85,38.44,95.9,20.4,1.02518,9,32,82,40.2,0,0,0
2021-09-04,15:38:36,22.86,22.59,22.86,22.59,20.11,19.85,53,53,64,20,20,15,5.16,0.0,0.0,0.0,0.0,0.0,0.0,23.6,53,0,125,ON,OFF,ON,0,34.2,30,0,13492,OFF,OFF,29.4,29.5,31.46,29.4,44.33,9.0,6.0,39.32,38.0,17.4,27,37,41,40,93,99,OFF,OFF,100,100,6.119,1.268,1,0,ON,ON,0.922,4.372,0,0,OFF,OFF,57387,1993,100,100,0,0.156,73,696,12.7,38,28.1,1.8,40.6,37,9.895,23.2,1505,96,9.3,62.44213,378457,21,100,33.1,3,0,0.492,77,36.9,45.85,38.44,95.9,20.4,1.02518,9,32,82,40.2,0,0,0
2021-09-04,15:39:06,22.86,22.59,22.86,22.59,20.11,19.85,53,53,64,20,20,15,5.16,0.0,0.0,0.0,0.0,0.0,0.0,23.6,53,0,125,ON,OFF,ON,0,34.2,30,0,13492,OFF,OFF,29.4,29.5,31.46,29.4,44.33,9.0,6.0,39.32,38.0,17.4,27,37,41,40,93,99,OFF,OFF,100,100,6.119,1.268,1,0,ON,ON,0.922,4.372,0,0,OFF,OFF,57387,1993,100,100,0,0.156,73,696,12.7,38,28.1,1.8,40.6,37,9.895,23.2,1505,96,9.3,62.44213,378457,21,100,33.1,3,0,0.492,77,36.9,45.85,38.44,95.9,20.4,1.02518,9,32,82,40.2,0,0,0
2021-09-04,15:39:36,22.86,22.59,22.86,22.59,20.11,19.85,53,53,64,20,20,15,5.16,0.0,0.0,0.0,0.0,0.0,0.0,23.6,53,0,125,ON,OFF,ON,0,34.2,30,0,13492,OFF,OFF,29.4,29.5,31.46,29.4,44.33,9.0,6.0,39.32,38.0,17.4,27,37,41,40,93,99,OFF,OFF,100,100,6.119,1.268,1,0,ON,ON,0.922,4.372,0,0,OFF,OFF,57387,1993,100,100,0,0.156,73,696,12.7,38,28.1,1.8,40.6,37,9.895,23.2,1505,96,9.3,62.44213,378457,21,100,33.1,3,0,0.492,77,36.9,45.85,38.44,95.9,20.4,1.02518,9,32,82,40.2,0,0,0
2021-09-04,15:40:06,22.86,22.59,22.86,22.59,20.11,19.85,53,53,64,20,20,15,5.16,0.0,0.0,0.0,0.0,0.0,0.0,23.6,53,0,125,ON,OFF,ON,0,34.2,30,0,13492,OFF,OFF,29.4,29.5,31.46,29.4,44.33,9.0,6.0,39.32,38.0,17.4,27,37,41,40,93,99,OFF,OFF,100,100,6.119,1.268,1,0,ON,ON,0.922,4.372,0,0,OFF,OFF,57387,1993,100,100,0,0.156,73,696,12.7,38,28.1,1.8,40.6,37,9.895,23.2,1505,96,9.3,62.44213,378457,21,100,33.1,3,0,0.492,77,36.9,45.85,38.44,95.9,20.4,1.02518,9,32,82,40.2,0,0,0
2021-09-04,15:40:36,22.86,22.59,22.86,22.59,20.11,19.85,53,53,64,20,20,15,5.16,0.0,0.0,0.0,0.0,0.0,0.0,23.6,53,0,125,ON,OFF,ON,0,34.2,30,0,13492,OFF,OFF,29.4,29.5,31.46,29.4,44.33,9.0,6.0,39.32,38.0,17.4,27,37,41,40,93,99,OFF,OFF,100,100,6.119,1.268,1,0,ON,ON,0.922,4.372,0,0,OFF,OFF,57387,1993,100,100,0,0.156,73,696,12.7,38,28.1,1.8,40.6,37,9.895,23.2,1505,96,9.3,62.44213,378457,21,100,33.1,3,0,0.492,77,36.9,45.85,38.44,95.9,20.4,1.02518,9,32,82,40.2,0,0,0
2021-09-04,15:41:06,22.86,22.59,22.86,22.59,20.11,19.85,53,53,64,20,20,15,5.16,0.0,0.0,0.0,0.0,0.0,0.0,23.6,53,0,125,ON,OFF,ON,0,34.2,30,0,13492,OFF,OFF,29.4,29.5,31.46,29.4,44.33,9.0,6.0,39.32,38.0,17.4,27,37,41,40,93,99,OFF,OFF,100,100,6.119,1.268,1,0,ON,ON,0.922,4.372,0,0,OFF,OFF,57387,1993,100,100,0,0.156,73,696,12.7,38,28.1,1.8,40.6,37,9.895,23.2,1505,96,9.3,62.44213,378457,21,100,33.1,3,0,0.492,77,36.9,45.85,38.44,95.9,20.4,1.02518,9,32,82,40.2,0,0,0
2021-09-04,15:41:36,22.86,22.59,22.86,22.59,20.11,19.85,53,53,64,20,20,15,5.16,0.0,0.0,0.0,0.0,0.0,0.0,23.6,53,0,125,ON,OFF,ON,0,34.2,30,0,13492,OFF,OFF,29.4,29.5,31.46,29.4,44.33,9.0,6.0,39.32,38.0,17.4,27,37,41,40,93,99,OFF,OFF,100,100,6.119,1.268,1,0,ON,ON,0.922,4.372,0,0,OFF,OFF,57387,1993,100,100,0,0.156,73,696,12.7,38,28.1,1.8,40.6,37,9.895,23.2,1505,96,9.3,62.44213,378457,21,100,33.1,3,0,0.492,77,36.9,45.85,38.44,95.9,20.4,1.02518,9,32,82,40.2,0,0,0
2021-09-04,15:42:06,22.86,22.59,22.86,22.59,20.11,19.85,53,53,64,20,20,15,5.16,0.0,0.0,0.0,0.0,0.0,0.0,23.6,53,0,125,ON,OFF,ON,0,34.2,30,0,13492,OFF,OFF,29.4,29.5,31.46,29.4,44.33,9.0,6.0,39.32,38.0,17.4,27,37,41,40,93,99,OFF,OFF,100,100,6.119,1.268,1,0,ON,ON,0.922,4.372,0,0,OFF,OFF,57387,1993,100,100,0,0.156,73,696,12.7,38,28.1,1.8,40.6,37,9.895,23.2,1505,96,9.3,62.44213,378457,21,100,33.1,3,0,0.492,77,36.9,45.85,38.44,95.9,20.4,1.02518,9,32,82,40.2,0,0,0
2021-09-04,15:42:36,22.86,22.59,22.86,22.59,20.11,19.85,53,53,64,20,20,15,5.16,0.0,0.0,0.0,0.0,0.0,0.0,23.6,53,0,125,ON,OFF,ON,0,34.2,30,0,13492,OFF,OFF,29.4,29.5,31.46,29.4,44.33,9.0,6.0,39.32,38.0,17.4,27,37,41,40,93,99,OFF,OFF,100,100,6.119,1.268,1,0,ON,ON,0.922,4.372,0,0,OFF,OFF,57387,1993,100,100,0,0.156,73,696,12.7,38,28.1,1.8,40.6,37,9.895,23.2,1505,96,9.3,62.44213,378457,21,100,33.1,3,0,0.492,77,36.9,45.85,38.44,95.9,20.4,1.02518,9,32,82,40.2,0,0,0
2021-09-04,15:43:05,22.86,22.59,22.86,22.59,20.11,19.85,53,53,64,20,20,15,5.16,0.0,0.0,0.0,0.0,0.0,0.0,23.6,53,0,125,ON,OFF,ON,0,34.2,30,0,13492,OFF,OFF,29.4,29.5,31.46,29.4,44.33,9.0,6.0,39.32,38.0,17.4,27,37,41,40,93,99,OFF,OFF,100,100,6.119,1.268,1,0,ON,ON,0.922,4.372,0,0,OFF,OFF,57387,1993,100,100,0,0.156,73,696,12.7,38,28.1,1.8,40.6,37,9.895,23.2,1505,96,9.3,62.44213,378457,21,100,33.1,3,0,0.492,77,36.9,45.85,38.44,95.9,20.4,1.02518,9,32,82,40.2,0,0,0
2021-09-04,15:43:35,22.86,22.59,22.86,22.59,20.11,19.85,53,53,64,20,20,15,5.16,0.0,0.0,0.0,0.0,0.0,0.0,23.6,53,0,125,ON,OFF,ON,0,34.2,30,0,13492,OFF,OFF,29.4,29.5,31.46,29.4,44.33,9.0,6.0,39.32,38.0,17.4,27,37,41,40,93,99,OFF,OFF,100,100,6.119,1.268,1,0,ON,ON,0.922,4.372,0,0,OFF,OFF,57387,1993,100,100,0,0.156,73,696,12.7,38,28.1,1.8,40.6,37,9.895,23.2,1505,96,9.3,62.44213,378457,21,100,33.1,3,0,0.492,77,36.9,45.85,38.44,95.9,20.4,1.02518,9,32,82,40.2,0,0,0
2021-09-04,15:44:05,22.86,22.59,22.86,22.59,20.11,19.85,53,53,64,20,20,15,5.16,0.0,0.0,0.0,0.0,0.0,0.0,23.6,53,0,125,ON,OFF,ON,0,34.2,30,0,13492,OFF,OFF,29.4,29.5,31.46,29.4,44.33,9.0,6.0,39.32,38.0,17.4,27,37,41,40,93,99,OFF,OFF,100,100,6.119,1.268,1,0,ON,ON,0.922,4.372,0,0,OFF,OFF,57387,1993,100,100,0,0.156,73,696,12.7,38,28.1,1.8,40.6,37,9.895,23.2,1505,96,9.3,62.44213,378457,21,100,33.1,3,0,0.492,77,36.9,45.85,38.44,95.9,20.4,1.02518,9,32,82,40.2,0,0,0
2021-09-04,15:44:35,22.86,22.59,22.86,22.59,20.11,19.85,53,53,64,20,20,15,5.16,0.0,0.0,0.0,0.0,0.0,0.0,23.6,53,0,125,ON,OFF,ON,0,34.2,30,0,13492,OFF,OFF,29.4,29.5,31.46,29.4,44.33,9.0,6.0,39.32,38.0,17.4,27,37,41,39.5,93,99,OFF,OFF,100,100,6.119,1.268,1,0,ON,ON,0.922,4.372,0,0,OFF,OFF,57387,1993,100,100,0,0.156,73,696,12.7,38,28.1,1.8,40.6,37,9.895,23.2,1505,96,9.3,62.44213,378457,21,100,33.1,3,0,0.492,77,36.9,45.85,38.44,95.9,20.4,1.02518,9,32,82,40.2,0,0,0
2021-09-04,15:45:05,22.86,22.59,22.86,22.59,20.11,19.85,53,53,64,20,20,15,5.16,0.0,0.0,0.0,0.0,0.0,0.0,23.6,53,0,125,ON,OFF,ON,0,34.2,30,0,13492,OFF,OFF,29.4,29.5,31.46,29.4,44.33,9.0,6.0,39.32,38.0,17.4,27,37,41,39.5,93,99,OFF,OFF,100,100,6.119,1.268,1,0,ON,ON,0.922,4.372,0,0,OFF,OFF,57387,1993,100,100,0,0.156,73,696,12.7,38,28.1,1.8,40.6,37,9.895,23.2,1505,96,9.3,62.44213,378457,21,100,33.1,3,0,0.492,77,36.9,45.85,38.44,95.9,20.4,1.02518,9,32,82,40.2,0,0,0
2021-09-04,15:45:35,22.86,22.59,22.86,22.59,20.11,19.85,53,53,64,20,20,15,5.16,0.0,0.0,0.0,0.0,0.0,0.0,23.6,53,0,125,ON,OFF,ON,0,34.2,30,0,13492,OFF,OFF,29.4,29.5,31.46,29.4,44.33,9.0,6.0,39.32,38.0,17.4,27,37,41,39.5,93,99,OFF,OFF,100,100,6.119,1.268,1,0,ON,ON,0.922,4.372,0,0,OFF,OFF,57387,1993,100,100,0,0.156,73,696,12.7,38,28.1,1.8,40.6,37,9.895,23.2,1505,96,9.3,62.44213,378457,21,100,33.1,3,0,0.492,77,36.9,45.85,38.44,95.9,20.4,1.02518,9,32,82,40.2,0,0,0
2021-09-04,15:46:05,22.86,22.59,22.86,22.59,20.11,19.85,53,53,64,20,20,15,5.16,0.0,0.0,0.0,0.0,0.0,0.0,23.6,53,0,125,ON,OFF,ON,0,34.2,30,0,13492,OFF,OFF,29.4,29.5,31.46,29.4,44.33,9.0,6.0,39.32,38.0,17.4,27,37,41,39.5,93,99,OFF,OFF,100,100,6.119,1.268,1,0,ON,ON,0.922,4.372,0,0,OFF,OFF,57387,1993,100,100,0,0.156,73,696,12.7,38,28.1,1.8,40.6,37,9.895,23.2,1505,96,9.3,62.44213,378457,21,100,33.1,3,0,0.492,77,36.9,45.85,38.44,95.9,20.4,1.02518,9,32,82,40.2,0,0,0
2021-09-04,15:46:35,22.86,22.59,22.86,22.59,20.11,19.85,53,53,64,20,20,15,5.16,0.0,0.0,0.0,0.0,0.0,0.0,23.6,53,0,125,ON,OFF,ON,0,34.2,30,0,13492,OFF,OFF,29.4,29.5,31.46,29.4,44.33,9.0,6.0,39.32,38.0,17.4,27,38,41,39.5,93,99,OFF,OFF,100,100,6.119,1.268,1,0,ON,ON,0.922,4.372,0,0,OFF,OFF,51752,1993,100,100,0,0.156,73,696,12.7,38,28.1,1.8,40.6,37,9.895,23.2,1505,96,9.3,62.44213,378457,21,100,33.1,3,0,0.492,77,36.9,45.85,38.44,95.9,20.4,1.02518,9,32,82,40.2,0,0,0
2021-09-04,15:47:05,22.86,22.59,22.86,22.59,20.11,19.85,53,53,64,20,20,15,5.16,0.0,0.0,0.0,0.0,0.0,0.0,23.6,53,0,125,ON,OFF,ON,0,34.2,30,0,13492,OFF,OFF,29.4,29.5,31.46,29.4,44.33,9.0,6.0,39.32,38.0,17.4,27,38,41,39.5,93,99,OFF,OFF,100,100,6.119,1.268,1,0,ON,ON,0.922,4.372,0,0,OFF,OFF,51752,1993,100,100,0,0.156,73,696,12.7,38,28.1,1.8,40.6,37,9.895,23.2,1505,96,9.3,62.44213,378457,21,100,33.1,3,0,0.492,77,36.9,45.85,38.44,95.9,20.4,1.02518,9,32,82,40.2,0,0,0
2021-09-04,15:47:35,22.86,22.59,22.86,22.59,20.11,19.85,53,53,64,20,20,15,5.16,0.0,0.0,0.0,0.0,0.0,0.0,23.6,53,0,125,ON,OFF,ON,0,34.2,30,0,13492,OFF,OFF,29.4,29.5,31.46,29.4,44.33,9.0,6.0,39.32,38.0,17.4,27,38,41,39.5,93,99,OFF,OFF,100,100,6.119,1.268,1,0,ON,ON,0.922,4.372,0,0,OFF,OFF,51752,1993,100,100,0,0.156,73,696,12.7,38,27.6,1.8,40.6,37,9.895,23.2,1610,96,9.3,62.44213,378457,21,100,33.1,3,0,0.492,77,36.9,45.85,38.44,95.9,20.4,1.02518,9,32,82,40.2,0,0,0
2021-09-04,15:48:05,22.86,22.59,22.86,22.59,20.11,19.85,53,53,64,20,20,15,5.16,0.0,0.0,0.0,0.0,0.0,0.0,23.6,53,0,125,ON,OFF,ON,0,34.2,30,0,13492,OFF,OFF,29.4,29.5,31.46,29.4,43.67,9.0,6.0,39.32,38.0,17.4,27,38,41,39.5,93,99,OFF,OFF,100,100,6.119,1.268,1,0,ON,ON,0.922,4.372,0,0,OFF,OFF,51752,1993,100,100,0,0.156,73,696,12.7,38,27.6,1.8,40.6,37,9.895,23.2,1610,96,9.3,62.44213,378457,21,100,33.1,3,0,0.492,77,36.9,45.85,38.44,95.9,20.4,1.02518,9,32,82,40.2,0,0,0
2021-09-04,15:48:35,22.86,22.59,22.86,22.59,20.11,19.85,53,53,64,20,20,15,5.16,0.0,0.0,0.0,0.0,0.0,0.0,23.6,53,0,125,ON,OFF,ON,0,34.2,30,0,13492,OFF,OFF,29.4,29.5,31.46,29.4,43.67,9.0,6.0,39.32,38.0,17.4,27,38,41,39.5,93,99,OFF,OFF,100,100,6.119,1.268,1,0,ON,ON,0.922,4.372,0,0,OFF,OFF,51752,1993,100,100,0,0.156,73,696,12.7,38,27.6,1.8,40.6,37,10.424,23.2,1610,96,9.3,62.44213,378457,21,100,33.1,3,0,0.492,77,36.9,45.85,38.97,95.9,20.4,1.02518,9,32,82,40.2,0,0,0
2021-09-04,15:49:05,22.86,22.59,22.86,22.59,20.11,19.85,53,53,64,20,20,15,5.16,0.0,0.0,0.0,0.0,0.0,0.0,23.6,53,0,125,ON,OFF,ON,0,34.2,30,0,13492,OFF,OFF,29.4,29.5,31.46,29.4,43.67,9.0,6.0,39.32,38.0,17.4,27,38,41,39.5,93,99,OFF,OFF,100,100,6.119,1.268,1,0,ON,ON,0.922,4.372,0,0,OFF,OFF,51752,1993,100,100,0,0.156,73,696,12.7,38,27.6,1.8,40.6,37,10.424,23.2,1610,96,9.3,62.44213,378457,21,100,33.1,3,0,0.492,77,36.9,45.85,38.97,95.9,20.4,1.02518,9,32,82,40.2,0,0,0
2021-09-04,15:49:35,22.86,22.59,22.86,22.59,20.11,19.85,53,53,64,20,20,15,5.16,0.0,0.0,0.0,0.0,0.0,0.0,23.6,53,0,125,ON,OFF,ON,0,34.2,30,0,13492,OFF,OFF,29.4,29.5,31.46,29.4,43.67,9.0,6.0,39.32,38.0,17.4,27,38,41,39.5,93,99,OFF,OFF,100,100,6.119,1.268,1,0,ON,ON,0.922,4.372,0,0,OFF,OFF,51752,1993,100,100,0,0.156,73,696,12.7,38,27.6,1.8,40.6,37,10.424,23.2,1610,96,9.3,62.44213,378457,21,100,33.1,3,0,0.492,77,36.9,45.85,38.97,95.9,20.4,1.02518,9,32,82,40.2,0,0,0
2021-09-04,15:50:05,22.86,22.59,22.86,22.59,20.11,19.85,53,53,64,20,20,15,5.16,0.0,0.0,0.0,0.0,0.0,0.0,23.6,53,0,125,ON,OFF,ON,0,34.2,30,0,13492,OFF,OFF,29.4,29.5,31.46,29.4,43.67,9.0,6.0,39.32,38.0,17.4,27,38,41,39.5,93,99,OFF,OFF,100,100,6.119,1.268,1,0,ON,ON,0.922,4.372,0,0,OFF,OFF,51752,1993,100,100,0,0.156,73,696,12.7,38,27.6,1.8,40.6,37,10.424,23.2,1610,96,9.3,62.44213,378457,21,100,33.1,3,0,0.492,77,36.9,45.85,38.97,95.9,20.4,1.02518,9,32,82,40.2,0,0,0
2021-09-04,15:50:35,22.86,22.59,22.86,22.59,20.11,19.85,53,53,64,20,20,15,5.16,0.0,0.0,0.0,0.0,0.0,0.0,23.6,53,0,125,ON,OFF,ON,0,34.2,30,0,13492,OFF,OFF,29.4,29.5,31.46,29.4,43.67,9.0,6.0,39.32,38.0,17.4,27,38,41,39.5,93,99,OFF,OFF,100,100,6.119,1.268,1,0,ON,ON,0.922,4.372,0,0,OFF,OFF,51752,1993,100,100,0,0.156,73,696,12.7,38,27.6,1.8,40.6,37,10.424,23.2,1610,96,9.3,62.44213,378457,21,100,33.1,3,0,0.492,77,36.9,45.85,38.97,95.9,20.4,1.02518,9,32,82,40.2,0,0,0
2021-09-04,15:51:21,22.86,22.59,22.86,22.59,20.11,19.85,53,53,64,20,20,15,5.16,0.0,0.0,0.0,0.0,0.0,0.0,23.6,53,0,125,ON,OFF,ON,0,34.2,30,0,13492,OFF,OFF,29.4,29.5,30.8,29.4,43.67,9.0,6.0,39.32,38.0,17.4,27,38,41,39.5,93,99,OFF,OFF,100,100,6.119,1.268,1,0,ON,ON,0.922,4.372,0,0,OFF,OFF,51752,1993,100,100,0,0.156,73,696,12.7,38,27.6,1.8,40.6,37,10.424,23.2,1610,96,9.3,62.44213,378457,21,100,33.1,3,0,0.492,77,36.9,45.85,38.97,95.9,20.4,1.02518,9,32,82,40.2,0,0,0
2021-09-04,15:51:51,22.86,22.59,22.86,22.59,20.11,19.85,53,53,64,20,20,15,5.16,0.0,0.0,0.0,0.0,0.0,0.0,23.6,53,0,125,ON,OFF,ON,0,34.2,30,0,13492,OFF,OFF,29.4,29.5,30.8,29.4,43.67,9.0,6.0,39.32,38.0,17.4,27,38,41,39,93,99,OFF,OFF,100,100,6.119,1.268,1,0,ON,ON,0.922,4.372,0,0,OFF,OFF,51752,1993,100,100,0,0.156,73,696,12.7,38,27.6,1.8,40.6,37,10.424,23.2,1610,96,9.3,62.44213,378457,21,100,33.1,3,0,0.492,77,36.9,45.85,38.97,95.9,20.4,1.02518,9,32,82,40.2,0,0,0
2021-09-04,15:52:21,22.86,22.59,22.86,22.59,20.11,19.85,53,53,64,20,20,15,5.16,0.0,0.0,0.0,0.0,0.0,0.0,23.6,53,0,125,ON,OFF,ON,0,34.2,30,0,13492,OFF,OFF,29.4,29.5,30.8,29.4,43.01,9.0,6.0,39.32,38.0,17.4,27,38,41,39,93,99,OFF,OFF,100,100,6.119,1.268,1,0,ON,ON,0.922,4.372,0,0,OFF,OFF,51752,1993,100,100,0,0.156,73,696,12.7,38,27.6,1.8,40.6,37,10.424,23.2,1610,96,9.3,62.44213,378457,21,100,33.1,3,0,0.492,77,36.9,45.85,38.97,95.9,20.4,1.02518,9,32,82,40.2,0,0,0
2021-09-04,15:52:51,22.86,22.59,22.86,22.59,20.11,19.85,53,53,64,20,20,15,5.16,0.0,0.0,0.0,0.0,0.0,0.0,23.6,53,0,125,ON,OFF,ON,0,34.2,30,0,13492,OFF,OFF,29.4,29.5,30.8,29.4,43.01,9.0,6.0,39.32,38.0,17.4,26,39,41,39,93,99,OFF,OFF,100,100,6.119,1.268,1,0,ON,ON,0.922,4.372,0,0,OFF,OFF,45347,1993,100,100,0,0.156,73,696,12.7,38,27.6,1.8,40.6,37,10.424,23.2,1610,96,9.3,62.44213,378457,21,100,33.1,3,0,0.492,77,36.9,45.85,38.97,95.9,20.4,1.02518,9,32,82,40.2,0,0,0
2021-09-04,15:53:21,22.86,22.59,22.86,22.59,20.11,19.85,53,53,64,20,20,15,5.16,0.0,0.0,0.0,0.0,0.0,0.0,23.6,53,0,125,ON,OFF,ON,0,34.2,30,0,13492,OFF,OFF,29.4,29.5,30.8,29.4,43.01,9.0,6.0,39.32,38.0,17.4,26,39,41,39,93,99,OFF,OFF,100,100,6.119,1.268,1,0,ON,ON,0.922,4.372,0,0,OFF,OFF,45347,1993,100,100,0,0.156,73,696,12.7,38,27.6,1.8,40.6,37,10.424,23.2,1610,96,9.3,62.44213,378457,21,100,33.1,3,0,0.492,77,36.9,45.85,38.97,95.9,20.4,1.02518,9,32,82,40.2,0,0,0
2021-09-04,15:53:51,22.86,22.59,22.86,22.59,20.11,19.85,53,53,64,20,20,15,5.16,0.0,0.0,0.0,0.0,0.0,0.0,23.6,53,0,125,ON,OFF,ON,0,34.2,30,0,13492,OFF,OFF,29.4,29.5,30.14,29.4,43.01,9.0,6.0,39.32,38.0,17.4,26,39,41,39,93,99,OFF,OFF,100,100,6.119,1.268,1,0,ON,ON,0.922,4.372,0,0,OFF,OFF,45347,1993,100,100,0,0.156,73,696,12.7,38,27.6,1.8,40.6,37,10.424,23.2,1610,96,9.3,62.44213,378457,21,100,33.1,3,0,0.492,77,36.9,45.85,38.97,95.9,20.4,1.02518,9,32,82,40.2,0,0,0
2021-09-04,15:54:21,22.86,22.59,22.86,22.59,20.11,19.85,53,53,64,20,20,15,5.16,0.0,0.0,0.0,0.0,0.0,0.0,23.6,53,0,125,ON,OFF,ON,0,34.2,30,0,13492,OFF,OFF,29.4,29.5,30.14,29.4,43.01,9.0,6.0,39.32,38.0,17.4,26,39,41,39,93,99,OFF,OFF,100,100,6.119,1.268,1,0,ON,ON,0.922,4.372,0,0,OFF,OFF,45347,1993,100,100,0,0.156,73,696,12.7,38,27.6,1.8,40.6,37,10.424,23.2,1610,96,9.3,62.44213,378457,21,100,33.1,3,0,0.492,77,36.9,45.85,38.97,95.9,20.4,1.02518,9,32,82,40.2,0,0,0
2021-09-04,15:54:51,22.86,22.59,22.86,22.59,20.11,19.85,53,53,64,20,20,15,5.16,0.0,0.0,0.0,0.0,0.0,0.0,23.6,53,0,125,ON,OFF,ON,0,34.2,30,0,13492,OFF,OFF,29.4,29.5,30.14,29.4,43.01,9.0,6.0,39.32,38.0,17.4,26,40,41,39,93,99,OFF,OFF,100,100,6.119,1.268,1,0,ON,ON,0.922,4.372,0,0,OFF,OFF,45347,1993,100,100,0,0.156,73,696,12.7,38,27.6,1.8,40.6,37,10.424,23.2,1610,96,9.3,62.44213,378457,21,100,33.1,3,0,0.492,77,36.9,45.85,38.97,95.9,20.4,1.02518,9,32,82,40.2,0,0,0
2021-09-04,15:55:21,22.86,22.59,22.86,22.59,20.11,19.85,53,53,64,20,20,15,5.16,0.0,0.0,0.0,0.0,0.0,0.0,23.6,53,0,125,ON,OFF,ON,0,34.2,30,0,13492,OFF,OFF,29.4,29.5,30.14,29.4,43.01,9.0,6.0,39.32,38.0,17.4,26,40,41,39,93,99,OFF,OFF,100,100,6.119,1.268,1,0,ON,ON,0.922,4.372,0,0,OFF,OFF,45347,1993,100,100,0,0.156,73,696,12.7,38,27.6,1.8,40.6,37,10.424,23.2,1610,96,9.3,62.44213,378457,21,100,33.1,3,0,0.492,77,36.9,45.85,38.97,95.9,20.4,1.02518,9,32,82,40.2,0,0,0
2021-09-04,15:55:51,22.86,22.59,22.86,22.59,20.11,19.85,53,53,64,20,20,15,5.16,0.0,0.0,0.0,0.0,0.0,0.0,23.6,53,0,125,ON,OFF,ON,0,34.2,30,0,13492,OFF,OFF,29.4,29.5,30.14,29.4,43.01,9.0,6.0,39.32,38.0,17.4,26,40,41,39,93,99,OFF,OFF,100,100,6.119,1.268,1,0,ON,ON,0.922,4.372,0,0,OFF,OFF,45347,1993,100,100,0,0.156,73,696,12.7,38,27.6,1.8,40.6,37,10.424,23.2,1610,96,9.3,62.44213,378457,21,100,33.1,3,0,0.492,77,36.9,45.85,38.97,95.9,20.4,1.02518,9,32,82,40.2,0,0,0
2021-09-04,15:56:21,22.86,22.59,22.86,22.59,20.11,19.85,53,53,64,20,20,15,5.16,0.0,0.0,0.0,0.0,0.0,0.0,23.6,53,0,125,ON,OFF,ON,0,34.2,30,0,13492,OFF,OFF,29.4,29.5,30.14,29.4,43.01,9.0,6.0,39.32,38.0,17.4,26,40,41,39,93,99,OFF,OFF,100,100,6.119,1.268,1,0,ON,ON,0.922,4.372,0,0,OFF,OFF,45347,1993,100,100,0,0.156,73,696,12.7,38,27.6,1.8,40.6,37,10.424,23.2,1610,96,9.3,62.44213,378457,21,100,33.1,3,0,0.492,77,36.9,45.85,38.97,95.9,20.4,1.02518,9,32,82,40.2,0,0,0
2021-09-04,15:56:51,22.86,22.59,22.86,22.59,20.11,19.85,53,53,64,20,20,15,5.16,0.0,0.0,0.0,0.0,0.0,0.0,23.6,53,0,125,ON,OFF,ON,0,34.2,30,0,13492,OFF,OFF,29.4,29.5,30.14,29.4,43.01,9.0,6.0,39.32,38.0,17.4,26,40,41,39,93,99,OFF,OFF,100,100,6.119,1.268,1,0,ON,ON,0.922,4.372,0,0,OFF,OFF,45347,1993,100,100,0,0.156,73,696,12.7,38,27.6,1.8,40.6,37,10.424,23.2,1610,96,9.3,62.44213,378457,21,100,33.1,3,0,0.492,77,36.9,45.85,38.97,95.9,20.4,1.02518,9,32,82,40.2,0,0,0
2021-09-04,15:57:22,22.86,22.59,22.86,22.59,20.11,19.85,53,53,64,20,20,15,5.16,0.0,0.0,0.0,0.0,0.0,0.0,23.6,53,0,125,ON,OFF,ON,0,34.2,30,0,13492,OFF,OFF,29.4,29.5,30.14,29.4,43.01,9.0,6.0,39.32,38.0,17.4,26,40,41,38.5,93,99,OFF,OFF,100,100,6.119,1.268,1,0,ON,ON,0.922,4.372,0,0,OFF,OFF,45347,1993,100,100,0,0.156,73,696,12.7,38,27.6,1.8,40.6,37,10.424,23.2,1610,96,9.3,62.44213,378457,21,100,33.1,3,0,0.492,77,36.9,45.85,38.97,95.9,20.4,1.02518,9,32,82,40.2,0,0,0
2021-09-04,15:57:52,22.86,22.59,22.86,22.59,20.11,19.85,53,53,64,20,20,15,5.16,0.0,0.0,0.0,0.0,0.0,0.0,23.6,53,0,125,ON,OFF,ON,0,34.2,30,0,13492,OFF,OFF,29.4,29.5,30.14,29.4,43.01,9.0,6.0,39.32,38.0,17.4,26,40,41,39,93,99,OFF,OFF,100,100,6.119,1.268,1,0,ON,ON,0.922,4.372,0,0,OFF,OFF,45347,1993,100,100,0,0.156,73,696,12.9,40,27.6,0.256,40.6,38,10.424,23.2,1610,96,9.3,62.44213,378457,21,100,33.1,3,0,0.492,77,36.9,45.85,38.97,95.9,20.4,1.02518,9,32,82,40.2,0,0,0
2021-09-04,15:58:22,22.86,22.59,22.86,22.59,20.11,19.85,53,53,64,20,20,15,5.16,0.0,0.0,0.0,0.0,0.0,0.0,23.6,53,0,125,ON,OFF,ON,0,34.2,30,0,13492,OFF,OFF,29.4,29.5,30.14,29.4,43.01,9.0,6.0,39.32,38.0,17.4,26,40,41,38.5,93,99,OFF,OFF,100,100,6.119,1.268,1,0,ON,ON,0.922,4.372,0,0,OFF,OFF,45347,1993,100,100,0,0.156,73,696,12.9,40,27.6,0.256,40.6,38,10.424,23.2,1610,96,9.3,62.44213,378457,21,100,33.1,3,0,0.492,77,36.9,45.85,38.97,95.9,20.4,1.02518,9,32,82,40.2,0,0,0
2021-09-04,15:58:52,22.86,22.59,22.86,22.59,20.11,19.85,53,53,64,20,20,15,5.16,0.0,0.0,0.0,0.0,0.0,0.0,23.6,53,0,125,ON,OFF,ON,0,34.2,30,0,13492,OFF,OFF,29.4,29.5,30.14,29.4,43.01,9.0,6.0,39.32,38.0,17.4,26,40,41,38.5,93,99,OFF,OFF,100,100,6.119,1.268,1,0,ON,ON,0.922,4.372,0,0,OFF,OFF,45347,1993,100,100,0,0.156,73,696,12.9,40,27.6,0.256,40.6,38,10.424,23.2,1610,96,9.3,62.44213,378457,21,100,33.1,3,0,0.492,77,36.9,45.85,38.97,95.9,20.4,1.02518,9,32,82,40.2,0,0,0
2021-09-04,15:59:22,22.86,22.59,22.86,22.59,20.11,19.85,53,53,64,20,20,15,5.16,0.0,0.0,0.0,0.0,0.0,0.0,23.6,53,0,125,ON,OFF,ON,0,34.2,30,0,13492,OFF,OFF,29.4,29.5,30.14,29.4,43.01,9.0,6.0,39.32,38.0,17.4,26,40,41,38.5,93,99,OFF,OFF,100,100,6.119,1.268,1,0,ON,ON,0.922,4.372,0,0,OFF,OFF,45347,1993,100,100,0,0.156,73,696,12.9,40,27.6,0.256,40.6,38,10.424,23.2,1610,96,9.3,62.44213,378457,21,100,33.1,3,0,0.492,77,36.9,45.85,38.97,95.9,20.4,1.02518,9,32,82,40.2,0,0,0
2021-09-04,15:59:52,22.86,22.59,22.86,22.59,20.11,19.85,53,53,64,20,20,15,5.16,0.0,0.0,0.0,0.0,0.0,0.0,23.6,53,0,125,ON,OFF,ON,0,34.2,30,0,13492,OFF,OFF,29.4,29.5,30.14,29.4,43.01,9.0,6.0,39.32,38.0,17.4,26,40,41,38.5,93,99,OFF,OFF,100,100,6.119,1.268,1,0,ON,ON,0.922,4.372,0,0,OFF,OFF,45347,1993,100,100,0,0.156,73,696,12.9,40,27.6,0.256,40.6,38,10.424,23.2,1610,96,9.3,62.44213,378457,21,100,33.1,3,0,0.492,77,36.9,45.85,38.97,95.9,20.4,1.02518,9,32,82,40.2,0,0,0
2021-09-04,16:00:22,22.86,22.59,22.86,22.59,20.11,19.85,53,53,64,20,20,15,5.16,0.0,0.0,0.0,0.0,0.0,0.0,23.6,53,0,125,ON,OFF,ON,0,34.2,30,0,13492,OFF,OFF,29.4,29.5,30.14,29.4,43.01,9.0,6.0,39.32,38.0,17.4,26,40,41,38.5,93,99,OFF,OFF,100,100,6.119,1.268,1,0,ON,ON,0.922,4.372,0,0,OFF,OFF,45347,1993,100,100,0,0.156,73,696,12.9,40,27.6,0.256,40.6,38,10.424,23.2,1610,96,9.3,62.44213,378457,21,100,33.1,3,0,0.492,77,36.9,45.85,38.97,95.9,20.4,1.02518,9,32,82,40.2,0,0,0
2021-09-04,16:00:52,22.86,22.59,22.86,22.59,20.11,19.85,53,53,64,20,20,15,5.16,0.0,0.0,0.0,0.0,0.0,0.0,23.6,53,0,125,ON,OFF,ON,0,34.2,30,0,13492,OFF,OFF,29.4,29.5,30.14,29.4,43.01,9.0,6.0,39.32,38.0,17.4,26,39,41,38.5,93,99,OFF,OFF,100,100,6.119,1.268,1,0,ON,ON,0.922,4.372,0,0,OFF,OFF,45347,1993,100,100,0,0.156,73,696,12.9,40,27.6,0.256,40.6,38,10.424,23.2,1610,96,9.3,62.44213,378457,21,100,33.1,3,0,0.492,77,36.9,45.85,38.97,95.9,20.4,1.02518,9,32,82,40.2,0,0,0
2021-09-04,16:01:22,22.86,22.59,22.86,22.59,20.11,19.85,53,53,64,20,20,15,5.16,0.0,0.0,0.0,0.0,0.0,0.0,23.6,53,0,125,ON,OFF,ON,0,34.2,30,0,13492,OFF,OFF,29.4,29.5,30.14,29.4,43.01,9.0,6.0,39.32,38.0,17.4,26,39,41,38.5,93,99,OFF,OFF,100,100,6.119,1.268,1,0,ON,ON,0.922,4.372,0,0,OFF,OFF,45347,1993,100,100,0,0.156,73,696,12.9,40,27.6,0.256,40.6,38,10.424,23.2,1610,96,9.3,62.44213,378457,21,100,33.1,3,0,0.492,77,36.9,45.85,38.97,95.9,20.4,1.02518,9,32,82,40.2,0,0,0
2021-09-04,16:01:52,22.86,22.59,22.86,22.59,20.11,19.85,53,53,64,20,20,15,5.16,0.0,0.0,0.0,0.0,0.0,0.0,23.6,53,0,125,ON,OFF,ON,0,34.2,30,0,13492,OFF,OFF,29.4,29.5,30.14,29.4,43.01,9.0,6.0,39.32,38.0,17.4,26,39,41,38.5,93,99,OFF,OFF,100,100,6.119,1.268,1,0,ON,ON,0.922,4.372,0,0,OFF,OFF,45347,1993,100,100,0,0.156,73,696,12.9,40,27.6,0.256,40.6,38,10.424,23.2,1610,96,9.3,62.44213,378457,21,100,33.1,3,0,0.492,77,36.9,45.85,38.97,95.9,20.4,1.02518,9,32,82,40.2,0,0,0
2021-09-04,16:02:22,22.86,22.59,22.86,22.59,20.11,19.85,53,53,64,20,20,15,5.16,0.0,0.0,0.0,0.0,0.0,0.0,23.6,53,0,125,ON,OFF,ON,0,34.2,30,0,13492,OFF,OFF,29.4,29.5,30.14,29.4,43.01,9.0,6.0,39.32,38.0,17.4,26,39,41,38.5,93,99,OFF,OFF,100,100,6.119,1.268,1,0,ON,ON,0.922,4.372,0,0,OFF,OFF,45347,1993,100,100,0,0.156,73,696,12.9,40,27.6,0.256,40.6,38,10.424,23.2,1610,96,9.3,62.44213,378457,21,100,33.1,3,0,0.492,77,36.9,45.85,38.97,95.9,20.4,1.02518,9,32,82,40.2,0,0,0
2021-09-04,16:02:52,22.86,22.59,22.86,22.59,20.11,19.85,53,53,64,20,20,15,5.16,0.0,0.0,0.0,0.0,0.0,0.0,23.6,53,0,125,ON,OFF,ON,0,34.2,30,0,13492,OFF,OFF,29.4,29.5,30.14,29.4,43.01,9.0,6.0,39.32,38.0,17.4,26,39,41,38.5,93,99,OFF,OFF,100,100,6.119,1.268,1,0,ON,ON,0.922,4.372,0,0,OFF,OFF,45347,1993,100,100,0,0.156,73,696,12.9,40,27.6,0.256,40.6,38,10.424,23.2,1610,96,9.3,62.44213,378457,21,100,33.1,3,0,0.492,77,36.9,45.85,38.97,95.9,20.4,1.02518,9,32,82,40.2,0,0,0
2021-09-04,16:03:22,22.86,22.59,22.86,22.59,20.11,19.85,53,53,64,20,20,15,5.16,0.0,0.0,0.0,0.0,0.0,0.0,23.6,53,0,125,ON,OFF,ON,0,34.2,30,0,13492,OFF,OFF,29.4,29.5,30.14,29.4,43.01,9.0,6.0,39.32,38.0,17.4,26,39,41,38.5,93,99,OFF,OFF,100,100,6.119,1.268,1,0,ON,ON,0.922,4.372,0,0,OFF,OFF,45347,1993,100,100,0,0.156,73,696,12.9,40,27.6,0.256,40.6,38,10.424,23.2,1610,96,9.3,62.44213,378457,21,100,33.1,3,0,0.492,77,36.9,45.85,38.97,95.9,20.4,1.02518,9,32,82,40.2,0,0,0
2021-09-04,16:03:52,22.86,22.59,22.86,22.59,20.11,19.85,53,53,64,20,20,15,5.16,0.0,0.0,0.0,0.0,0.0,0.0,23.6,53,0,125,ON,OFF,ON,0,34.2,30,0,13492,OFF,OFF,29.4,29.5,30.14,29.4,43.01,9.0,6.0,39.32,38.0,17.4,26,39,41,38.5,93,99,OFF,OFF,100,100,6.119,1.268,1,0,ON,ON,0.922,4.372,0,0,OFF,OFF,44065,1993,100,100,0,0.156,73,696,12.9,40,27.6,0.256,40.6,38,10.424,23.2,1610,96,9.3,62.44213,378457,21,100,33.1,3,0,0.492,77,36.9,45.85,38.97,95.9,20.4,1.02518,9,32,82,40.2,0,0,0
2021-09-04,16:04:22,22.86,22.59,22.86,22.59,20.11,19.85,53,53,64,20,20,15,5.16,0.0,0.0,0.0,0.0,0.0,0.0,23.6,53,0,125,ON,OFF,ON,0,34.2,30,0,13492,OFF,OFF,29.4,29.5,30.14,29.4,43.01,9.0,6.0,39.32,38.0,17.4,26,39,41,38.5,93,99,OFF,OFF,100,100,6.119,1.268,1,0,ON,ON,0.922,4.372,0,0,OFF,OFF,44065,1993,100,100,0,0.156,73,696,12.9,40,27.6,0.256,40.6,38,10.424,23.2,1610,96,9.3,62.44213,378457,21,100,33.1,3,0,0.492,77,36.9,45.85,38.97,95.9,20.4,1.02518,9,32,82,40.2,0,0,0
2021-09-04,16:04:52,22.86,22.59,22.86,22.59,20.11,19.85,53,53,64,20,20,15,5.16,0.0,0.0,0.0,0.0,0.0,0.0,23.6,53,0,125,ON,OFF,ON,0,34.2,30,0,13492,OFF,OFF,29.4,29.5,30.14,29.4,43.01,9.0,6.0,39.32,38.0,17.4,26,39,41,38.5,93,99,OFF,OFF,100,100,6.119,1.268,1,0,ON,ON,0.922,4.372,0,0,OFF,OFF,25106,1993,100,100,0,0.156,73,696,12.9,40,27.6,0.256,40.6,38,10.424,23.2,1610,96,9.3,62.44213,378457,21,100,33.1,3,0,0.492,77,36.9,45.85,38.97,95.9,20.4,1.02518,9,32,82,40.2,0,0,0
2021-09-04,16:05:22,22.86,22.59,22.86,22.59,20.11,19.85,53,53,64,20,20,15,5.16,0.0,0.0,0.0,0.0,0.0,0.0,23.6,53,0,125,ON,OFF,ON,0,34.2,30,0,13492,OFF,OFF,29.4,29.5,30.14,29.4,43.01,9.0,6.0,39.32,38.0,17.4,26,39,41,38.5,93,99,OFF,OFF,100,100,6.119,1.268,1,0,ON,ON,0.922,4.372,0,0,OFF,OFF,25106,1993,100,100,0,0.156,73,696,12.9,40,27.6,0.256,40.6,38,10.424,23.2,1610,96,9.3,62.44213,378457,21,100,33.1,3,0,0.492,77,36.9,45.85,38.97,95.9,20.4,1.02518,9,32,82,40.2,0,0,0
2021-09-04,16:05:53,22.86,22.59,22.86,22.59,20.11,19.85,53,53,64,20,20,15,5.16,0.0,0.0,0.0,0.0,0.0,0.0,23.6,53,0,125,ON,OFF,ON,0,34.2,30,0,13492,OFF,OFF,29.4,29.5,30.14,29.4,42.35,9.0,6.0,39.32,38.0,17.4,26,39,41,37.5,93,99,OFF,OFF,100,100,6.119,1.268,1,0,ON,ON,0.922,4.372,0,0,OFF,OFF,43298,1993,100,100,0,0.156,73,696,12.9,40,27.6,0.256,40.6,38,10.424,23.2,1610,96,9.3,62.44213,378457,21,100,33.1,3,0,0.492,77,36.9,45.85,38.97,95.9,20.4,1.02518,9,32,82,40.2,0,0,0
2021-09-04,16:06:39,22.86,22.59,22.86,22.59,20.11,19.85,53,53,64,20,20,15,5.16,0.0,0.0,0.0,0.0,0.0,0.0,23.6,53,0,125,ON,OFF,ON,0,34.2,30,0,13492,OFF,OFF,29.4,29.5,30.14,29.4,42.35,9.0,6.0,39.32,38.0,17.4,26,39,41,37.5,93,99,OFF,OFF,100,100,6.119,1.268,1,0,ON,ON,0.922,4.372,0,0,OFF,OFF,43298,1993,100,100,0,0.156,73,696,12.9,40,27.6,0.256,40.6,38,10.424,23.2,1610,96,9.3,62.44213,378457,21,100,33.1,3,0,0.492,77,36.9,45.85,38.97,95.9,20.4,1.02518,9,32,82,40.2,0,0,0
2021-09-04,16:07:09,22.86,22.59,22.86,22.59,20.11,19.85,53,53,64,20,20,15,5.16,0.0,0.0,0.0,0.0,0.0,0.0,23.6,53,0,125,ON,OFF,ON,0,34.2,30,0,13492,OFF,OFF,29.4,29.5,30.14,29.4,42.35,9.0,6.0,39.32,38.0,17.4,26,40,41,37.5,93,99,OFF,OFF,100,100,6.119,1.268,1,0,ON,ON,0.922,4.372,0,0,OFF,OFF,43298,1993,100,100,0,0.156,73,696,12.9,40,27.6,0.256,40.6,38,10.424,23.2,1610,96,9.3,62.44213,378457,21,100,33.1,3,0,0.492,77,36.9,45.85,38.97,95.9,20.4,1.02518,9,32,82,40.2,0,0,0
2021-09-04,16:07:38,22.86,22.59,22.86,22.59,20.11,19.85,53,53,64,20,20,15,5.16,0.0,0.0,0.0,0.0,0.0,0.0,23.6,53,0,125,ON,OFF,ON,0,34.2,30,0,13492,OFF,OFF,29.4,29.5,30.14,29.4,42.35,9.0,6.0,39.32,38.0,17.4,26,40,41,37,93,99,OFF,OFF,100,100,6.119,1.268,1,0,ON,ON,0.922,4.372,0,0,OFF,OFF,43298,1993,100,100,0,0.156,73,696,12.9,40,27.6,0.256,40.6,38,10.424,23.2,1610,96,9.3,62.44213,378457,21,100,33.1,3,0,0.492,77,36.9,45.85,38.97,95.9,20.4,1.02518,9,32,82,40.2,0,0,0
2021-09-04,16:08:08,22.86,22.59,22.86,22.59,20.11,19.85,53,53,64,20,20,15,5.16,0.0,0.0,0.0,0.0,0.0,0.0,23.6,53,0,125,ON,OFF,ON,0,34.2,30,0,13492,OFF,OFF,29.4,29.5,30.14,29.4,42.35,9.0,6.0,39.32,38.0,17.4,26,40,41,37,93,99,OFF,OFF,100,100,6.119,1.268,1,0,ON,ON,0.922,4.372,0,0,OFF,OFF,32409,1993,100,100,0,0.156,73,696,12.9,40,27.6,0.256,40.6,38,10.424,23.2,1610,96,9.3,62.44213,378457,21,100,33.1,3,0,0.492,77,36.9,45.85,38.97,95.9,20.4,1.02518,9,32,82,40.2,0,0,0
2021-09-04,16:08:39,22.86,22.59,22.86,22.59,20.11,19.85,53,53,64,20,20,15,5.16,0.0,0.0,0.0,0.0,0.0,0.0,23.6,53,0,125,ON,OFF,ON,0,34.2,30,0,13492,OFF,OFF,29.4,29.5,30.14,29.4,42.35,9.0,6.0,39.32,38.0,17.4,26,40,41,37.5,93,99,OFF,OFF,100,100,6.119,1.268,1,0,ON,ON,0.922,4.372,0,0,OFF,OFF,32409,1993,100,100,0,0.156,73,696,12.9,40,27.6,0.256,40.6,38,10.424,23.2,1610,96,9.3,62.44213,378457,21,100,33.1,3,0,0.492,77,36.9,45.85,38.97,95.9,20.4,1.02518,9,32,82,40.2,0,0,0
2021-09-04,16:09:08,22.86,22.59,22.86,22.59,20.11,19.85,53,53,64,20,20,15,5.16,0.0,0.0,0.0,0.0,0.0,0.0,23.6,53,0,125,ON,OFF,ON,0,34.2,30,0,13492,OFF,OFF,29.4,29.5,30.14,29.4,42.35,9.0,6.0,39.32,38.0,17.4,26,40,41,37,93,99,OFF,OFF,100,100,6.119,1.268,1,0,ON,ON,0.922,4.372,0,0,OFF,OFF,41761,1993,100,100,0,0.156,73,696,12.9,40,27.6,0.256,40.6,38,10.424,23.2,1610,96,9.3,62.44213,378457,21,100,33.1,3,0,0.492,77,36.9,45.85,38.97,95.9,20.4,1.02518,9,32,82,40.2,0,0,0
2021-09-04,16:09:38,22.86,22.59,22.86,22.59,20.11,19.85,53,53,64,20,20,15,5.16,0.0,0.0,0.0,0.0,0.0,0.0,23.6,53,0,125,ON,OFF,ON,0,34.2,30,0,13492,OFF,OFF,29.4,29.5,30.14,29.4,42.35,9.0,6.0,39.32,38.0,17.4,26,40,41,37,93,99,OFF,OFF,100,100,6.119,1.268,1,0,ON,ON,0.922,4.372,0,0,OFF,OFF,41761,1993,100,100,0,0.156,73,696,12.9,40,27.6,0.256,40.6,38,10.424,23.2,1610,96,9.3,62.44213,378457,21,100,33.1,3,0,0.492,77,36.9,45.85,38.97,95.9,20.4,1.02518,9,32,82,40.2,0,0,0
2021-09-04,16:10:08,22.86,22.59,22.86,22.59,20.11,19.85,53,53,64,20,20,15,5.16,0.0,0.0,0.0,0.0,0.0,0.0,23.6,53,0,125,ON,OFF,ON,0,34.2,30,0,13492,OFF,OFF,29.4,29.5,30.14,29.4,42.35,9.0,6.0,39.32,38.0,17.4,26,40,41,37,93,99,OFF,OFF,100,100,6.119,1.268,1,0,ON,ON,0.922,4.372,0,0,OFF,OFF,41761,1993,100,100,0,0.156,73,696,12.9,40,27.6,0.006,40.6,38,0.006,23.2,1610,96,9.3,62.44213,378457,21,100,33.1,3,0,0.492,77,36.9,45.85,38.97,95.9,20.4,1.02518,9,32,82,40.2,0,0,0
2021-09-04,16:10:38,22.86,22.59,22.86,22.59,20.11,19.85,53,53,64,20,20,15,5.16,0.0,0.0,0.0,0.0,0.0,0.0,23.6,53,0,125,ON,OFF,ON,0,34.2,30,0,13492,OFF,OFF,29.4,29.5,30.14,29.4,42.35,9.0,6.0,39.32,38.0,17.4,26,40,41,37,93,99,OFF,OFF,100,100,6.119,1.268,1,0,ON,ON,0.922,4.372,0,0,OFF,OFF,41761,1993,100,100,0,0.156,73,696,12.9,40,27.6,0.006,40.6,38,0.006,23.2,1610,96,9.3,62.44213,378457,21,100,33.1,3,0,0.492,77,36.9,45.85,38.97,95.9,20.4,1.02518,9,32,82,40.2,0,0,0
2021-09-04,16:11:08,22.86,22.59,22.86,22.59,20.11,19.85,53,53,64,20,20,15,5.16,0.0,0.0,0.0,0.0,0.0,0.0,23.6,53,0,125,ON,OFF,ON,0,34.2,30,0,13492,OFF,OFF,29.4,29.5,30.14,29.4,42.35,9.0,6.0,39.32,38.0,17.4,26,40,41,37,93,99,OFF,OFF,100,100,6.119,1.268,1,0,ON,ON,0.922,4.372,0,0,OFF,OFF,41761,1993,100,100,0,0.156,73,696,12.9,40,27.6,0.006,40.6,38,0.006,23.2,1610,96,9.3,62.44213,378457,21,100,33.1,3,0,0.492,77,36.9,45.85,38.97,95.9,20.4,1.02518,9,32,82,40.2,0,0,0
2021-09-04,16:11:38,22.86,22.59,22.86,22.59,20.11,19.85,53,53,64,20,20,15,5.16,0.0,0.0,0.0,0.0,0.0,0.0,23.6,53,0,125,ON,OFF,ON,0,34.2,30,0,13492,OFF,OFF,29.4,29.5,30.14,29.4,42.35,9.0,6.0,39.32,38.0,17.4,26,40,41,36.5,93,99,OFF,OFF,100,100,6.119,1.268,1,0,ON,ON,0.922,4.372,0,0,OFF,OFF,41761,1993,100,100,0,0.156,73,696,12.9,40,27.6,0.006,40.6,38,0.006,23.2,1610,96,9.3,62.44213,378457,21,100,33.1,3,0,0.492,77,36.9,45.85,38.97,95.9,20.4,1.02518,9,32,82,40.2,0,0,0
2021-09-04,16:12:08,22.86,22.59,22.86,22.59,20.11,19.85,53,53,64,20,20,15,5.16,0.0,0.0,0.0,0.0,0.0,0.0,23.6,53,0,125,ON,OFF,ON,0,34.2,30,0,13492,OFF,OFF,29.4,29.5,30.14,29.4,42.35,9.0,6.0,39.32,38.0,17.4,26,40,41,36.5,93,99,OFF,OFF,100,100,6.119,1.268,1,0,ON,ON,0.922,4.372,0,0,OFF,OFF,41761,1993,100,100,0,0.156,73,696,12.9,40,27.6,0.006,40.6,38,0.006,23.2,1610,96,9.3,62.44213,378457,21,100,33.1,3,0,0.492,77,36.9,45.85,38.97,95.9,20.4,1.02518,9,32,82,40.2,0,0,0
2021-09-04,16:12:39,22.86,22.59,22.86,22.59,20.11,19.85,53,53,64,20,20,15,5.16,0.0,0.0,0.0,0.0,0.0,0.0,23.6,53,0,125,ON,OFF,ON,0,34.2,30,0,13492,OFF,OFF,29.4,29.5,30.14,29.4,42.35,9.0,6.0,39.32,38.0,17.4,26,40,41,36.5,93,99,OFF,OFF,100,100,6.119,1.268,1,0,ON,ON,0.922,4.372,0,0,OFF,OFF,41761,1993,100,100,0,0.156,73,696,12.9,40,27.6,0.006,40.6,38,0.006,23.2,1610,96,9.3,62.44213,378457,21,100,33.1,3,0,0.492,77,36.9,45.85,38.97,95.9,20.4,1.02518,9,32,82,40.2,0,0,0
2021-09-04,16:13:09,22.86,22.59,22.86,22.59,20.11,19.85,53,53,64,20,20,15,5.16,0.0,0.0,0.0,0.0,0.0,0.0,23.6,53,0,125,ON,OFF,ON,0,34.2,30,0,13492,OFF,OFF,29.4,29.5,30.14,29.4,42.35,9.0,6.0,39.32,38.0,17.4,26,40,41,36.5,93,99,OFF,OFF,100,100,6.12,1.268,1,0,ON,ON,0.922,4.372,0,0,OFF,OFF,41761,1993,100,100,0,0.156,73,696,12.9,40,27.6,0.006,40.6,38,0.006,23.2,1610,96,9.3,62.44213,378457,21,100,33.1,3,0,0.492,77,36.9,45.85,38.97,95.9,20.4,1.02518,9,32,82,40.2,0,0,0
2021-09-04,16:13:38,22.86,22.59,22.86,22.59,20.11,19.85,53,53,64,20,20,15,5.16,0.0,0.0,0.0,0.0,0.0,0.0,23.6,53,0,125,ON,OFF,ON,0,34.2,30,0,13492,OFF,OFF,29.4,29.5,30.14,29.4,42.35,9.0,6.0,39.32,38.0,17.4,26,40,41,36.5,93,99,OFF,OFF,100,100,6.12,1.268,1,0,ON,ON,0.922,4.372,0,0,OFF,OFF,41761,1993,100,100,0,0.156,73,696,12.9,40,27.6,0.006,40.6,38,10.931,23.2,1610,96,9.3,62.44213,378457,21,100,33.1,3,0,0.492,77,36.9,45.85,38.97,95.9,20.4,1.02518,9,32,82,40.2,0,0,0
2021-09-04,16:14:08,22.86,22.59,22.86,22.59,20.11,19.85,53,53,64,20,20,15,5.16,0.0,0.0,0.0,0.0,0.0,0.0,23.6,53,0,125,ON,OFF,ON,0,34.2,30,0,13492,OFF,OFF,29.4,29.5,29.48,29.4,42.35,9.0,6.0,39.32,38.0,17.4,26,40,41,36.5,93,99,OFF,OFF,100,100,6.12,1.268,1,0,ON,ON,0.922,4.372,0,0,OFF,OFF,41761,1993,100,100,0,0.156,73,696,12.9,40,27.6,0.006,40.6,38,10.931,23.2,1610,96,9.3,62.44213,378457,21,100,33.1,3,0,0.492,77,36.9,45.85,38.97,95.9,20.4,1.02518,9,32,82,40.2,0,0,0
2021-09-04,16:14:38,22.86,22.59,22.86,22.59,20.11,19.85,53,53,64,20,20,15,5.16,0.0,0.0,0.0,0.0,0.0,0.0,23.6,53,0,125,ON,OFF,ON,0,34.2,30,0,13492,OFF,OFF,29.4,29.5,29.48,29.4,42.35,9.0,6.0,39.32,38.0,17.4,26,40,41,36.5,93,99,OFF,OFF,100,100,6.12,1.268,1,0,ON,ON,0.922,4.372,0,0,OFF,OFF,27413,1993,100,100,0,0.156,73,696,12.9,40,27.6,0.006,40.6,38,10.931,23.2,1610,96,9.3,62.44213,378457,21,100,33.1,3,0,0.492,77,36.9,45.85,38.97,95.9,20.4,1.02518,9,32,82,40.2,0,0,0
2021-09-04,16:15:08,22.86,22.59,22.86,22.59,20.11,19.85,53,53,64,20,20,15,5.16,0.0,0.0,0.0,0.0,0.0,0.0,23.6,53,0,125,ON,OFF,ON,0,34.2,30,0,13492,OFF,OFF,29.4,29.5,29.48,29.4,42.35,9.0,6.0,39.32,38.0,17.4,26,40,41,36.5,93,99,OFF,OFF,100,100,6.12,1.268,1,0,ON,ON,0.922,4.372,0,0,OFF,OFF,27413,1993,100,100,0,0.156,73,696,12.9,40,27.6,0.006,40.6,38,10.931,23.2,1610,96,9.3,62.44213,378457,21,100,33.1,3,0,0.492,77,36.9,45.85,38.97,95.9,20.4,1.02518,9,32,82,40.2,0,0,0
2021-09-04,16:15:38,22.86,22.59,22.86,22.59,20.11,19.85,53,53,64,20,20,15,5.16,0.0,0.0,0.0,0.0,0.0,0.0,23.6,53,0,125,ON,OFF,ON,0,34.2,30,0,13492,OFF,OFF,29.4,29.5,29.48,29.4,42.35,9.0,6.0,39.32,38.0,17.4,26,40,41,36.5,93,99,OFF,OFF,100,100,6.12,1.268,1,0,ON,ON,0.922,4.372,0,0,OFF,OFF,37916,1993,100,100,0,0.156,73,696,12.9,40,27.6,0.006,40.6,38,10.931,23.2,1610,96,9.3,62.44213,378457,21,100,33.1,3,0,0.492,77,36.9,45.85,38.97,95.9,20.4,1.02518,9,32,82,40.2,0,0,0
2021-09-04,16:16:08,22.86,22.59,22.86,22.59,20.11,19.85,53,53,64,20,20,15,5.16,0.0,0.0,0.0,0.0,0.0,0.0,23.6,53,0,125,ON,OFF,ON,0,34.2,30,0,13492,OFF,OFF,29.4,29.5,29.48,29.4,42.35,9.0,6.0,39.32,38.0,17.4,26,40,41,36.5,93,99,OFF,OFF,100,100,6.12,1.268,1,0,ON,ON,0.922,4.372,0,0,OFF,OFF,37916,1993,100,100,0,0.156,73,696,12.9,40,27.6,0.006,40.6,38,10.931,23.2,1610,96,9.3,62.44213,378457,21,100,33.1,3,0,0.492,77,36.9,46.35,38.97,95.9,20.4,1.02518,9,32,82,40.2,0,0,0
2021-09-04,16:16:38,22.86,22.59,22.86,22.59,20.11,19.85,53,53,64,20,20,15,5.16,0.0,0.0,0.0,0.0,0.0,0.0,23.6,53,0,125,ON,OFF,ON,0,34.2,30,0,13492,OFF,OFF,29.4,29.5,29.48,29.4,42.35,9.0,6.0,39.32,38.0,17.4,26,40,41,36.5,93,99,OFF,OFF,100,100,6.12,1.268,1,0,ON,ON,0.922,4.372,0,0,OFF,OFF,37916,1993,100,100,0,0.156,73,696,12.9,40,27.6,0.006,40.6,38,10.931,23.2,1610,96,9.3,62.44213,378457,21,100,33.1,3,0,0.492,77,36.9,46.35,38.97,95.9,20.4,1.02518,9,35,21,40.1,0,0,0
2021-09-04,16:17:08,22.86,22.59,22.86,22.59,20.11,19.85,53,53,64,20,20,15,5.16,0.0,0.0,0.0,0.0,0.0,0.0,23.6,53,0,125,ON,OFF,ON,0,34.2,30,0,13492,OFF,OFF,29.4,29.5,29.48,29.4,42.35,9.0,6.0,39.32,38.0,17.4,26,40,41,36.5,93,99,OFF,OFF,100,100,6.12,1.268,1,0,ON,ON,0.922,4.372,0,0,OFF,OFF,37916,1993,100,100,0,0.156,73,696,12.9,40,27.6,0.006,40.6,38,10.931,23.2,1610,96,9.3,62.44213,378457,21,100,33.1,3,0,0.492,77,36.9,46.35,38.97,95.9,20.4,1.02518,9,35,21,40.1,0,0,0
2021-09-04,16:17:38,22.86,22.59,22.86,22.59,20.11,19.85,53,53,64,20,20,15,5.16,0.0,0.0,0.0,0.0,0.0,0.0,23.6,53,0,125,ON,OFF,ON,0,34.2,30,0,13492,OFF,OFF,29.4,29.5,29.48,29.4,42.35,9.0,6.0,39.32,38.0,17.4,26,40,41,36.5,93,99,OFF,OFF,100,100,6.12,1.268,1,0,ON,ON,0.922,4.372,0,0,OFF,OFF,37916,1993,100,100,0,0.156,73,696,12.9,40,27.6,0.006,40.6,38,10.931,23.2,1610,96,9.3,62.44213,378457,21,100,33.1,3,0,0.492,77,36.9,46.35,38.97,95.9,20.4,1.02518,9,35,21,40.1,0,0,0
2021-09-04,16:18:08,22.86,22.59,22.86,22.59,20.11,19.85,53,53,64,20,20,15,5.16,0.0,0.0,0.0,0.0,0.0,0.0,23.6,53,0,125,ON,OFF,ON,0,34.2,30,0,13492,OFF,OFF,29.4,29.5,29.48,29.4,42.35,9.0,6.0,39.32,38.0,17.4,26,40,41,36,93,99,OFF,OFF,100,100,6.12,1.268,1,0,ON,ON,0.922,4.372,0,0,OFF,OFF,37916,1993,100,100,0,0.156,73,696,12.9,40,27.6,0.006,40.6,38,10.931,23.2,1610,96,9.3,62.44213,378457,21,100,33.1,3,0,0.492,77,36.9,46.35,38.97,95.9,20.4,1.02518,9,35,21,40.1,0,0,0
2021-09-04,16:18:38,22.86,22.59,22.86,22.59,20.11,19.85,53,53,64,20,20,15,5.16,0.0,0.0,0.0,0.0,0.0,0.0,23.6,53,0,125,ON,OFF,ON,0,34.2,30,0,13492,OFF,OFF,29.4,29.5,29.48,29.4,42.35,9.0,6.0,39.32,38.0,17.4,26,40,41,36,93,99,OFF,OFF,100,100,6.12,1.268,1,0,ON,ON,0.922,4.372,0,0,OFF,OFF,37916,1993,100,100,0,0.156,73,696,12.9,40,27.6,0.006,40.6,38,10.931,23.2,1610,96,9.3,62.44213,378457,21,100,33.1,3,0,0.492,77,36.9,46.35,38.97,95.9,20.4,1.02518,9,35,21,40.1,0,0,0
2021-09-04,16:19:14,22.86,22.59,22.86,22.59,20.11,19.85,53,53,64,20,20,15,5.16,0.0,0.0,0.0,0.0,0.0,0.0,23.6,53,0,125,ON,OFF,ON,0,34.2,30,0,13492,OFF,OFF,29.4,29.5,29.48,29.4,42.35,9.0,6.0,39.32,38.0,17.4,26,40,41,36,93,99,OFF,OFF,100,100,6.12,1.268,1,0,ON,ON,0.922,4.372,0,0,OFF,OFF,37916,1993,100,100,0,0.156,73,696,12.9,40,27.6,0.006,40.6,38,10.931,23.2,1610,96,9.3,62.44213,378457,21,100,33.1,3,0,0.492,77,36.9,46.35,38.97,95.9,20.4,1.02518,9,35,21,40.1,0,0,0
2021-09-04,16:19:44,22.86,22.59,22.86,22.59,20.11,19.85,53,53,64,20,20,15,5.16,0.0,0.0,0.0,0.0,0.0,0.0,23.6,53,0,125,ON,OFF,ON,0,34.2,30,0,13492,OFF,OFF,29.4,29.5,29.48,29.4,42.35,9.0,6.0,39.32,38.0,17.4,26,40,41,36,93,99,OFF,OFF,100,100,6.12,1.268,1,0,ON,ON,0.922,4.372,0,0,OFF,OFF,37916,1993,100,100,0,0.156,73,696,12.9,40,27.6,0.006,40.6,38,10.931,23.2,1610,96,9.3,62.44213,378457,21,100,33.1,3,0,0.492,77,36.9,46.35,38.97,95.9,20.4,1.02518,9,35,21,40.1,0,0,0
2021-09-04,16:20:14,22.86,22.59,22.86,22.59,20.11,19.85,53,53,64,20,20,15,5.16,0.0,0.0,0.0,0.0,0.0,0.0,23.6,53,0,125,ON,OFF,ON,0,34.2,30,0,13492,OFF,OFF,29.4,29.5,29.48,29.4,42.35,9.0,6.0,39.32,38.0,17.4,26,40,41,36,93,99,OFF,OFF,100,100,6.12,1.268,1,0,ON,ON,0.922,4.372,0,0,OFF,OFF,37916,1993,100,100,0,0.156,73,696,12.9,40,27.6,0.006,40.6,38,10.931,23.2,1610,96,9.3,62.44213,378457,21,100,33.1,3,0,0.492,77,36.9,46.35,38.97,95.9,20.4,1.02518,9,35,21,40.1,0,0,0
2021-09-04,16:20:45,22.86,22.59,22.86,22.59,20.11,19.85,53,53,64,20,20,15,5.16,0.0,0.0,0.0,0.0,0.0,0.0,23.6,53,0,125,ON,OFF,ON,0,34.2,30,0,13492,OFF,OFF,29.4,29.5,29.48,29.4,42.35,9.0,6.0,39.32,38.0,17.4,26,40,41,36,93,99,OFF,OFF,100,100,6.12,1.268,1,0,ON,ON,0.922,4.372,0,0,OFF,OFF,37916,1993,100,100,0,0.156,73,696,12.9,40,27.6,0.006,40.6,38,10.931,23.2,1610,96,9.3,62.44213,378457,21,100,33.1,3,0,0.492,77,36.9,46.35,38.97,95.9,20.4,1.02518,9,35,21,40.1,0,0,0
2021-09-04,16:21:15,22.86,22.59,22.86,22.59,20.11,19.85,53,53,64,20,20,15,5.16,0.0,0.0,0.0,0.0,0.0,0.0,23.6,53,0,125,ON,OFF,ON,0,34.2,30,0,13492,OFF,OFF,29.4,29.5,29.48,29.4,42.35,9.0,6.0,39.32,38.0,17.4,26,40,41,36,93,99,OFF,OFF,100,100,6.12,1.268,1,0,ON,ON,0.922,4.372,0,0,OFF,OFF,37916,1993,100,100,0,0.156,73,696,12.9,40,27.6,0.006,40.6,38,10.931,23.2,1610,96,9.3,62.44213,378457,21,100,33.1,3,0,0.492,77,36.9,46.35,38.97,95.9,20.4,1.02518,9,35,21,40.1,0,0,0
2021-09-04,16:22:02,22.86,22.59,22.86,22.59,20.11,19.85,53,53,64,20,20,15,5.16,0.0,0.0,0.0,0.0,0.0,0.0,23.6,53,0,125,ON,OFF,ON,0,34.2,30,0,13492,OFF,OFF,29.4,29.5,29.48,29.4,42.35,9.0,6.0,39.32,38.0,17.4,26,40,41,36,93,99,OFF,OFF,100,100,6.12,1.268,1,0,ON,ON,0.922,4.372,0,0,OFF,OFF,28823,1993,100,100,0,0.156,73,696,12.9,40,27.6,0.006,40.6,38,10.931,23.2,1610,96,9.3,62.44213,378457,21,100,33.1,3,0,0.492,77,36.9,46.35,38.97,95.9,20.4,1.02518,9,35,21,40.1,0,0,0
2021-09-04,16:22:32,22.86,22.59,22.86,22.59,20.11,19.85,53,53,64,20,20,15,5.16,0.0,0.0,0.0,0.0,0.0,0.0,23.6,53,0,125,ON,OFF,ON,0,34.2,30,0,13492,OFF,OFF,29.4,29.5,29.48,29.4,42.35,9.0,6.0,39.32,38.0,17.4,26,40,41,36,93,99,OFF,OFF,100,100,6.12,1.268,1,0,ON,ON,0.922,4.372,0,0,OFF,OFF,23057,1993,100,100,0,0.156,73,696,12.9,40,27.6,0.006,40.6,38,10.931,23.2,1610,96,9.3,62.44213,378457,21,100,33.1,3,0,0.492,77,36.9,46.35,38.97,95.9,20.4,1.02518,9,35,21,40.1,0,0,0
2021-09-04,16:23:02,22.86,22.59,22.86,22.59,20.11,19.85,53,53,64,20,20,15,5.16,0.0,0.0,0.0,0.0,0.0,0.0,23.6,53,0,125,ON,OFF,ON,0,34.2,30,0,13492,OFF,OFF,29.4,29.5,29.48,29.4,42.35,9.0,6.0,39.32,38.0,17.4,26,40,41,36,93,99,OFF,OFF,100,100,6.12,1.268,1,0,ON,ON,0.922,4.372,0,0,OFF,OFF,23057,1993,100,100,0,0.156,73,696,12.9,40,27.6,0.006,40.6,38,10.931,23.2,1610,96,9.3,62.44213,378457,21,100,33.1,3,0,0.492,77,36.9,46.35,38.97,95.9,20.4,1.02518,9,35,21,40.1,0,0,0
2021-09-04,16:23:32,22.86,22.59,22.86,22.59,20.11,19.85,53,53,64,20,20,15,5.16,0.0,0.0,0.0,0.0,0.0,0.0,23.6,53,0,125,ON,OFF,ON,0,34.2,30,0,13492,OFF,OFF,29.4,29.5,29.48,29.4,42.35,9.0,6.0,39.32,38.0,17.4,26,40,41,36,93,99,OFF,OFF,100,100,6.12,1.268,1,0,ON,ON,0.922,4.372,0,0,OFF,OFF,23057,1993,100,100,0,0.156,73,696,12.9,40,27.6,0.006,40.6,38,10.931,23.2,1610,96,9.3,62.44213,378457,21,100,33.1,3,0,0.492,77,36.9,46.35,38.97,95.9,20.4,1.02518,9,35,21,40.1,0,0,0
2021-09-04,16:24:02,22.86,22.59,22.86,22.59,20.11,19.85,53,53,64,20,20,15,5.16,0.0,0.0,0.0,0.0,0.0,0.0,23.6,53,0,125,ON,OFF,ON,0,34.2,30,0,13492,OFF,OFF,29.4,29.5,29.48,29.4,42.35,9.0,6.0,39.32,38.0,17.4,26,40,41,36,93,99,OFF,OFF,100,100,6.12,1.268,1,0,ON,ON,0.922,4.372,0,0,OFF,OFF,30999,1993,100,100,0,0.156,73,696,12.9,40,27.6,0.006,40.6,38,10.931,23.2,1610,96,9.3,62.44213,378457,21,100,33.1,3,0,0.492,77,36.9,46.35,38.97,95.9,20.4,1.02518,9,35,21,40.1,0,0,0
2021-09-04,16:24:32,22.86,22.59,22.86,22.59,20.11,19.85,53,53,64,20,20,15,5.16,0.0,0.0,0.0,0.0,0.0,0.0,23.6,53,0,125,ON,OFF,ON,0,34.2,30,0,13492,OFF,OFF,29.4,29.5,29.48,29.4,42.35,9.0,6.0,39.32,38.0,17.4,26,40,41,36,93,99,OFF,OFF,100,100,6.12,1.268,1,0,ON,ON,0.922,4.372,0,0,OFF,OFF,30999,1993,100,100,0,0.156,73,696,12.9,40,27.6,0.006,40.6,38,10.931,23.2,1610,96,9.3,62.44213,378457,21,100,33.1,3,0,0.492,77,36.9,46.35,38.97,95.9,20.4,1.02518,9,35,21,40.1,0,0,0
2021-09-04,16:25:02,22.86,22.59,22.86,22.59,20.11,19.85,53,53,64,20,20,15,5.16,0.0,0.0,0.0,0.0,0.0,0.0,23.6,53,0,125,ON,OFF,ON,0,34.2,30,0,13492,OFF,OFF,29.4,29.5,29.48,29.4,42.35,9.0,6.0,39.32,38.0,17.4,26,40,41,35.5,93,99,OFF,OFF,100,100,6.12,1.268,1,0,ON,ON,0.922,4.372,0,0,OFF,OFF,17035,1993,100,100,0,0.156,73,696,12.9,40,27.6,0.006,40.6,38,10.931,23.2,1610,96,9.3,62.44213,378457,21,100,33.1,3,0,0.492,77,36.9,46.35,38.97,95.9,20.4,1.02518,9,35,21,40.1,0,0,0
2021-09-04,16:25:32,22.86,22.59,22.86,22.59,20.11,19.85,53,53,64,20,20,15,5.16,0.0,0.0,0.0,0.0,0.0,0.0,23.6,53,0,125,ON,OFF,ON,0,34.2,30,0,13492,OFF,OFF,29.4,29.5,29.48,29.4,42.35,9.0,6.0,39.32,38.0,17.4,26,40,41,35.5,93,99,OFF,OFF,100,100,6.12,1.268,1,0,ON,ON,0.922,4.372,0,0,OFF,OFF,17035,1993,100,100,0,0.156,73,696,12.9,40,27.6,0.006,40.6,38,10.931,23.2,1610,96,9.3,62.44213,378457,21,100,33.1,3,0,0.492,77,36.9,46.35,38.97,95.9,20.4,1.02518,9,35,21,40.1,0,0,0
2021-09-04,16:26:02,22.86,22.59,22.86,22.59,20.11,19.85,53,53,64,20,20,15,5.16,0.0,0.0,0.0,0.0,0.0,0.0,23.6,53,0,125,ON,OFF,ON,0,34.2,30,0,13492,OFF,OFF,29.4,29.5,29.48,29.4,42.35,9.0,6.0,39.32,38.0,17.4,26,40,41,35.5,93,99,OFF,OFF,100,100,6.12,1.268,1,0,ON,ON,0.922,4.372,0,0,OFF,OFF,31767,1993,100,100,0,0.156,73,696,12.9,40,27.6,0.006,40.6,38,10.931,23.2,1610,96,9.3,62.44213,378457,21,100,33.1,3,0,0.492,77,36.9,46.35,38.97,95.9,20.4,1.02518,9,35,21,40.1,0,0,0
2021-09-04,16:26:32,22.86,22.59,22.86,22.59,20.11,19.85,53,53,64,20,20,15,5.16,0.0,0.0,0.0,0.0,0.0,0.0,23.6,53,0,125,ON,OFF,ON,0,34.2,30,0,13492,OFF,OFF,29.4,29.5,29.48,29.4,42.35,9.0,6.0,39.32,38.0,17.4,26,40,41,35.5,93,99,OFF,OFF,100,100,6.12,1.268,1,0,ON,ON,0.922,4.372,0,0,OFF,OFF,31767,1993,100,100,0,0.156,73,696,12.9,40,27.6,0.006,40.6,38,10.931,23.2,1610,96,9.3,62.44213,378457,21,100,33.1,3,0,0.492,77,36.9,46.35,38.97,95.9,20.4,1.02518,9,35,21,40.1,0,0,0
2021-09-04,16:27:02,22.86,22.59,22.86,22.59,20.11,19.85,53,53,64,20,20,15,5.16,0.0,0.0,0.0,0.0,0.0,0.0,23.6,53,0,125,ON,OFF,ON,0,34.2,30,0,13492,OFF,OFF,29.4,29.5,29.48,29.4,42.35,9.0,6.0,39.32,38.0,17.4,26,40,41,35,93,99,OFF,OFF,100,100,6.12,1.268,1,0,ON,ON,0.922,4.372,0,0,OFF,OFF,31767,1993,100,100,0,0.156,73,696,12.9,40,27.6,0.006,40.6,38,10.931,23.2,1610,96,9.3,62.44213,378457,21,100,33.1,3,0,0.492,77,36.9,46.35,38.97,95.9,20.4,1.02518,9,35,21,40.1,0,0,0
2021-09-04,16:27:32,22.86,22.59,22.86,22.59,20.11,19.85,53,53,64,20,20,15,5.16,0.0,0.0,0.0,0.0,0.0,0.0,23.6,53,0,125,ON,OFF,ON,0,34.2,30,0,13492,OFF,OFF,29.4,29.5,29.48,29.4,42.35,9.0,6.0,39.32,38.0,17.4,26,40,41,35,93,99,OFF,OFF,100,100,6.12,1.268,1,0,ON,ON,0.922,4.372,0,0,OFF,OFF,31767,1993,100,100,0,0.156,73,696,12.9,40,27.8,0.006,40.4,39,10.931,23.2,1610,96,9.3,62.44213,378457,21,100,33.1,3,0,0.492,77,36.9,46.35,38.97,95.9,20.4,1.02518,9,35,21,40.1,0,0,0
2021-09-04,16:28:02,22.86,22.59,22.86,22.59,20.11,19.85,53,53,64,20,20,15,5.16,0.0,0.0,0.0,0.0,0.0,0.0,23.6,53,0,125,ON,OFF,ON,0,34.2,30,0,13492,OFF,OFF,29.4,29.5,29.48,29.4,42.35,9.0,6.0,39.32,38.0,17.4,26,40,41,34.5,93,99,OFF,OFF,100,100,6.12,1.268,1,0,ON,ON,0.922,4.372,0,0,OFF,OFF,31767,1993,100,100,0,0.156,73,696,12.9,40,27.8,0.006,40.4,39,10.931,23.7,1610,96,9.3,62.44213,378457,21,100,33.1,3,0,0.492,77,36.9,46.35,38.97,95.9,20.4,1.02518,9,35,21,40.1,0,0,0
2021-09-04,16:28:32,22.86,22.59,22.86,22.59,20.11,19.85,53,53,64,20,20,15,5.16,0.0,0.0,0.0,0.0,0.0,0.0,23.6,53,0,125,ON,OFF,ON,0,34.2,30,0,13492,OFF,OFF,29.4,29.5,29.48,29.4,42.35,9.0,6.0,39.32,38.0,17.4,26,40,41,34.5,93,99,OFF,OFF,100,100,6.12,1.268,1,0,ON,ON,0.922,4.372,0,0,OFF,OFF,31767,1993,100,100,0,0.156,73,696,12.9,40,27.8,0.006,40.4,39,10.931,23.7,1610,96,9.3,62.44213,378457,21,100,33.1,3,0,0.492,77,36.9,46.35,38.97,95.9,20.4,1.02518,9,35,21,40.1,0,0,0
2021-09-04,16:29:02,22.86,22.59,22.86,22.59,20.11,19.85,53,53,64,20,20,15,5.16,0.0,0.0,0.0,0.0,0.0,0.0,23.6,53,0,125,ON,OFF,ON,0,34.2,30,0,13492,OFF,OFF,29.4,29.5,29.48,29.4,41.69,9.0,6.0,39.32,38.0,17.4,26,40,41,34,93,99,OFF,OFF,100,100,6.12,1.268,1,0,ON,ON,0.922,4.372,0,0,OFF,OFF,15882,1993,100,100,0,0.156,73,696,12.9,40,27.8,0.006,40.4,39,10.931,23.7,1610,96,9.3,62.44213,378457,21,100,33.1,3,0,0.492,77,36.9,46.35,38.97,95.9,20.4,1.02518,9,35,21,40.1,0,0,0
2021-09-04,16:29:32,22.86,22.59,22.86,22.59,20.11,19.85,53,53,64,20,20,15,5.16,0.0,0.0,0.0,0.0,0.0,0.0,23.6,53,0,125,ON,OFF,ON,0,34.2,30,0,13492,OFF,OFF,29.4,29.5,29.48,29.4,41.69,9.0,6.0,39.32,38.0,17.4,26,40,41,34,93,99,OFF,OFF,100,100,6.12,1.268,1,0,ON,ON,0.922,4.372,0,0,OFF,OFF,15882,1993,100,100,0,0.156,73,696,12.9,40,27.8,0.006,40.4,39,10.931,23.7,1610,96,9.3,62.44213,378457,21,100,33.1,3,0,0.492,77,36.9,46.35,38.97,95.9,20.4,1.02518,9,35,21,40.1,0,0,0
2021-09-04,16:30:02,22.86,22.59,22.86,22.59,20.11,19.85,53,53,64,20,20,15,5.16,0.0,0.0,0.0,0.0,0.0,0.0,23.6,53,0,125,ON,OFF,ON,0,34.2,30,0,13492,OFF,OFF,29.4,29.5,29.48,29.4,41.69,9.0,6.0,39.32,38.0,17.4,26,40,41,34,93,99,OFF,OFF,100,100,6.12,1.268,1,0,ON,ON,0.922,4.372,0,0,OFF,OFF,15882,1993,100,100,0,0.156,73,696,12.9,40,27.8,0.006,40.4,39,10.931,23.7,1610,96,9.3,62.44213,378457,21,100,33.1,3,0,0.492,77,36.9,46.35,38.97,95.9,20.4,1.02518,9,35,21,40.1,0,0,0
2021-09-04,16:30:32,22.86,22.59,22.86,22.59,20.11,19.85,53,53,64,20,20,15,5.16,0.0,0.0,0.0,0.0,0.0,0.0,23.6,53,0,125,ON,OFF,ON,0,34.2,30,0,13492,OFF,OFF,29.4,29.5,29.48,29.4,41.69,9.0,6.0,39.32,38.0,17.4,26,40,41,34,93,99,OFF,OFF,100,100,6.12,1.268,1,0,ON,ON,0.922,4.372,0,0,OFF,OFF,15882,1993,100,100,0,0.156,73,696,12.9,40,27.8,0.006,40.4,39,10.931,23.7,1610,96,9.3,62.44213,378457,21,100,33.1,3,0,0.492,77,36.9,46.35,38.97,95.9,20.4,1.02518,9,35,21,40.1,0,0,0
2021-09-04,16:31:02,22.86,22.59,22.86,22.59,20.11,19.85,53,53,64,20,20,15,5.16,0.0,0.0,0.0,0.0,0.0,0.0,23.6,53,0,125,ON,OFF,ON,0,34.2,30,0,13492,OFF,OFF,29.4,29.5,29.48,29.4,41.69,9.0,6.0,39.32,38.0,17.4,26,40,41,34,93,99,OFF,OFF,100,100,6.12,1.268,1,0,ON,ON,0.922,4.372,0,0,OFF,OFF,33048,1993,100,100,0,0.156,73,696,12.9,40,27.8,0.006,40.4,39,10.931,23.7,1610,96,9.3,62.44213,378457,21,100,33.1,3,0,0.492,77,36.9,46.35,38.97,95.9,20.4,1.02518,9,35,21,40.1,0,0,0
2021-09-04,16:31:32,22.86,22.59,22.86,22.59,20.11,19.85,53,53,64,20,20,15,5.16,0.0,0.0,0.0,0.0,0.0,0.0,23.6,53,0,125,ON,OFF,ON,0,34.2,30,0,13492,OFF,OFF,29.4,29.5,29.48,29.4,41.69,9.0,6.0,39.32,38.0,17.4,26,40,41,33.5,93,99,OFF,OFF,100,100,6.12,1.268,1,0,ON,ON,0.922,4.372,0,0,OFF,OFF,33048,1993,100,100,0,0.156,73,696,12.9,40,27.8,0.006,40.4,39,10.931,23.7,1610,96,9.3,62.44213,378457,21,100,33.1,3,0,0.492,77,36.9,46.35,38.97,95.9,20.4,1.02518,9,35,21,40.1,0,0,0
2021-09-04,16:32:02,22.86,22.59,22.86,22.59,20.11,19.85,53,53,64,20,20,15,5.16,0.0,0.0,0.0,0.0,0.0,0.0,23.6,53,0,125,ON,OFF,ON,0,34.2,30,0,13492,OFF,OFF,29.4,29.5,29.48,29.4,41.69,9.0,6.0,39.32,38.0,17.4,26,40,41,33.5,93,99,OFF,OFF,100,100,6.12,1.268,1,0,ON,ON,0.922,4.372,0,0,OFF,OFF,33048,1993,100,100,0,0.156,73,696,12.9,40,27.8,0.006,40.4,39,10.931,23.7,1610,96,9.3,62.44213,378457,21,100,33.1,3,0,0.492,77,36.9,46.35,38.97,95.9,20.4,1.02518,9,35,21,40.1,0,0,0
2021-09-04,16:32:32,22.86,22.59,22.86,22.59,20.11,19.85,53,53,64,20,20,15,5.16,0.0,0.0,0.0,0.0,0.0,0.0,23.6,53,0,125,ON,OFF,ON,0,34.2,30,0,13492,OFF,OFF,29.4,29.5,28.82,29.4,41.69,9.0,6.0,44.33,38.0,17.4,26,40,41,33.5,93,99,OFF,OFF,100,100,6.12,1.268,1,0,ON,ON,0.922,4.372,0,0,OFF,OFF,20110,1993,100,100,0,0.156,73,696,12.9,40,27.8,0.006,40.4,39,10.931,23.7,1610,96,9.3,62.44213,378457,21,100,33.1,3,0,0.492,77,36.9,46.35,38.97,95.9,20.4,1.02518,9,35,21,40.1,0,0,0
2021-09-04,16:33:02,22.86,22.59,22.86,22.59,20.11,19.85,53,53,64,20,20,15,5.16,0.0,0.0,0.0,0.0,0.0,0.0,23.6,53,0,125,ON,OFF,ON,0,34.2,30,0,13492,OFF,OFF,29.4,29.5,28.82,29.4,41.69,9.0,6.0,44.33,38.0,17.4,25,41,41,33.5,93,99,OFF,OFF,100,100,6.12,1.268,1,0,ON,ON,0.922,4.372,0,0,OFF,OFF,20110,1993,100,100,0,0.156,73,696,12.9,40,27.8,0.006,40.4,39,10.931,23.7,1610,96,9.3,62.44213,378457,21,100,33.1,3,0,0.492,77,36.9,46.35,38.97,95.9,20.4,1.02518,9,35,21,40.1,0,0,0
2021-09-04,16:33:32,22.86,22.59,22.86,22.59,20.11,19.85,53,53,64,20,20,15,5.16,0.0,0.0,0.0,0.0,0.0,0.0,23.6,53,0,125,ON,OFF,ON,0,34.2,30,0,13492,OFF,OFF,29.4,29.5,28.82,29.4,41.69,9.0,6.0,44.33,38.0,17.4,25,41,41,33.5,93,99,OFF,OFF,100,100,6.12,1.268,1,0,ON,ON,0.922,4.372,0,0,OFF,OFF,20110,1993,100,100,0,0.156,73,696,12.9,40,27.8,0.006,40.4,39,10.931,23.7,1610,96,9.3,62.44213,378457,21,100,33.1,3,0,0.492,77,36.9,46.35,38.97,95.9,20.4,1.02518,9,35,21,40.1,0,0,0
2021-09-04,16:34:02,22.86,22.59,22.86,22.59,20.11,19.85,53,53,64,20,20,15,5.16,0.0,0.0,0.0,0.0,0.0,0.0,23.6,53,0,125,ON,OFF,ON,0,34.2,30,0,13492,OFF,OFF,29.4,29.5,28.82,29.4,41.69,9.0,6.0,44.33,38.0,17.4,25,41,41,33.5,93,99,OFF,OFF,100,100,6.12,1.268,1,0,ON,ON,0.922,4.372,0,0,OFF,OFF,20110,1993,100,100,0,0.156,73,696,12.9,40,27.8,0.006,40.4,39,10.931,23.7,1610,96,9.3,62.44213,378457,21,100,33.1,3,0,0.492,77,36.9,46.35,38.97,95.9,20.4,1.02518,9,35,21,40.1,0,0,0
2021-09-04,16:34:32,22.86,22.59,22.86,22.59,20.11,19.85,53,53,64,20,20,15,5.16,0.0,0.0,0.0,0.0,0.0,0.0,23.6,53,0,125,ON,OFF,ON,0,34.2,30,0,13492,OFF,OFF,29.4,29.5,28.82,29.4,41.69,9.0,6.0,44.33,38.0,17.4,25,41,41,33.5,93,99,OFF,OFF,100,100,6.12,1.268,1,0,ON,ON,0.922,4.372,0,0,OFF,OFF,20110,1993,100,100,0,0.156,73,696,12.9,40,27.8,0.006,40.4,39,10.931,23.7,1610,96,9.3,62.44213,378457,21,100,33.1,3,0,0.492,77,36.9,46.35,38.97,95.9,20.4,1.02518,9,35,21,40.1,0,0,0
2021-09-04,16:35:02,22.86,22.59,22.86,22.59,20.11,19.85,53,53,64,20,20,15,5.16,0.0,0.0,0.0,0.0,0.0,0.0,23.6,53,0,125,ON,OFF,ON,0,34.2,30,0,13492,OFF,OFF,29.4,29.5,28.82,29.4,41.69,9.0,6.0,44.33,38.0,17.4,25,41,41,33.5,93,99,OFF,OFF,100,100,6.12,1.268,1,0,ON,ON,0.922,4.372,0,0,OFF,OFF,20110,1993,100,100,0,0.156,73,696,12.9,40,27.8,0.006,40.4,39,10.931,23.7,1610,96,9.3,62.44213,378457,21,100,33.1,3,0,0.492,77,36.9,46.35,38.97,95.9,20.4,1.02518,9,35,21,40.1,0,0,0
2021-09-04,16:35:32,22.86,22.59,22.86,22.59,20.11,19.85,53,53,64,20,20,15,5.16,0.0,0.0,0.0,0.0,0.0,0.0,23.6,53,0,125,ON,OFF,ON,0,34.2,30,0,13492,OFF,OFF,29.4,29.5,28.82,29.4,41.69,9.0,6.0,44.33,38.0,17.4,25,41,41,32.5,93,99,OFF,OFF,100,100,6.12,1.268,1,0,ON,ON,0.922,4.372,0,0,OFF,OFF,31383,1993,100,100,0,0.156,73,696,12.9,40,27.8,0.006,40.4,39,10.931,23.7,1610,96,9.3,62.44213,378457,21,100,33.1,3,0,0.492,77,36.9,46.35,38.97,95.9,20.4,1.02518,9,35,21,40.1,0,0,0
2021-09-04,16:36:02,22.86,22.59,22.86,22.59,20.11,19.85,53,53,64,20,20,15,5.16,0.0,0.0,0.0,0.0,0.0,0.0,23.6,53,0,125,ON,OFF,ON,0,34.2,30,0,13492,OFF,OFF,29.4,29.5,28.82,29.4,41.69,9.0,6.0,44.33,38.0,17.4,25,41,41,32.5,93,99,OFF,OFF,100,100,6.12,1.268,1,0,ON,ON,0.922,4.372,0,0,OFF,OFF,31383,1993,100,100,0,0.156,73,696,12.9,40,27.8,0.006,40.4,39,10.931,23.7,1610,96,9.3,62.44213,378457,21,100,33.1,3,0,0.492,77,36.9,46.35,38.97,95.9,20.4,1.02518,9,35,21,40.1,0,0,0
2021-09-04,16:36:32,22.86,22.59,22.86,22.59,20.11,19.85,53,53,64,20,20,15,5.16,0.0,0.0,0.0,0.0,0.0,0.0,23.6,53,0,125,ON,OFF,ON,0,34.2,30,0,13492,OFF,OFF,29.4,29.5,28.82,29.4,41.69,9.0,6.0,44.33,38.0,17.4,25,41,41,32.5,93,99,OFF,OFF,100,100,6.12,1.268,1,0,ON,ON,0.922,4.372,0,0,OFF,OFF,31383,1993,100,100,0,0.156,73,696,12.9,40,27.8,0.006,40.4,39,10.931,23.7,1610,96,9.3,62.44213,378457,21,100,33.1,3,0,0.492,77,36.9,46.35,38.97,95.9,20.4,1.02518,9,35,21,40.1,0,0,0
2021-09-04,16:37:21,22.86,22.59,22.86,22.59,20.11,19.85,53,53,64,20,20,15,5.16,0.0,0.0,0.0,0.0,0.0,0.0,23.6,53,0,125,ON,OFF,ON,0,34.2,30,0,13492,OFF,OFF,29.4,29.5,28.82,29.4,41.69,9.0,6.0,44.33,38.0,17.4,25,41,41,32.5,93,99,OFF,OFF,100,100,6.12,1.268,1,0,ON,ON,0.922,4.372,0,0,OFF,OFF,31383,1993,100,100,0,0.156,73,696,12.9,40,27.8,0.006,40.4,39,10.931,23.7,1610,96,9.3,62.44213,378457,21,100,33.1,3,0,0.492,77,36.9,46.35,38.97,95.9,20.4,1.02518,9,35,21,40.1,0,0,0
2021-09-04,16:37:51,22.86,22.59,22.86,22.59,20.11,19.85,53,53,64,20,20,15,5.16,0.0,0.0,0.0,0.0,0.0,0.0,23.6,53,0,125,ON,OFF,ON,0,34.2,30,0,13492,OFF,OFF,29.4,29.5,28.82,29.4,41.69,9.0,6.0,44.33,38.0,17.4,25,41,41,32.5,93,99,OFF,OFF,100,100,6.12,1.268,1,0,ON,ON,0.922,4.372,0,0,OFF,OFF,31383,1993,100,100,0,0.156,73,696,12.9,40,27.8,0.006,40.4,39,10.931,23.7,1610,96,9.3,62.44213,378457,21,100,33.1,3,0,0.492,77,36.9,46.35,38.97,95.9,20.4,1.02518,9,35,21,40.1,0,0,0
2021-09-04,16:38:21,22.86,22.59,22.86,22.59,20.11,19.85,53,53,64,20,20,15,5.16,0.0,0.0,0.0,0.0,0.0,0.0,23.6,53,0,125,ON,OFF,ON,0,34.2,30,0,13492,OFF,OFF,29.4,29.5,28.82,29.4,41.69,9.0,6.0,44.33,38.0,17.4,25,41,41,32.5,93,99,OFF,OFF,100,100,6.12,1.268,1,0,ON,ON,0.922,4.372,0,0,OFF,OFF,31383,1993,100,100,0,0.156,73,696,12.9,40,27.8,0.006,40.4,39,10.931,23.7,1610,96,9.3,62.44213,378457,21,100,33.1,3,0,0.492,77,36.9,46.35,38.97,95.9,20.4,1.02518,9,35,21,40.1,0,0,0
2021-09-04,16:38:51,22.86,22.59,22.86,22.59,20.11,19.85,53,53,64,20,20,15,5.16,0.0,0.0,0.0,0.0,0.0,0.0,23.6,53,0,125,ON,OFF,ON,0,34.2,30,0,13492,OFF,OFF,29.4,29.5,28.82,29.4,41.03,9.0,6.0,44.33,38.0,17.4,25,41,41,32.5,93,99,OFF,OFF,100,100,6.12,1.268,1,0,ON,ON,0.922,4.372,0,0,OFF,OFF,31383,1993,100,100,0,0.156,73,696,12.9,40,27.8,0.006,40.4,39,10.931,23.7,1610,96,9.3,62.44213,378457,21,100,33.1,3,0,0.492,77,36.9,46.35,38.97,95.9,20.4,1.02518,9,35,21,40.1,0,0,0
2021-09-04,16:39:21,22.86,22.59,22.86,22.59,20.11,19.85,53,53,64,20,20,15,5.16,0.0,0.0,0.0,0.0,0.0,0.0,23.6,53,0,125,ON,OFF,ON,0,34.2,30,0,13492,OFF,OFF,29.4,29.5,28.82,29.4,41.03,9.0,6.0,44.33,38.0,17.4,25,41,41,32,93,99,OFF,OFF,100,100,6.12,1.268,1,0,ON,ON,0.922,4.372,0,0,OFF,OFF,31383,1993,100,100,0,0.156,73,696,12.9,40,27.8,0.006,40.4,39,10.931,23.7,1610,96,9.3,62.44213,378457,21,100,33.1,3,0,0.492,77,36.9,46.35,38.97,95.9,20.4,1.02518,9,35,21,40.1,0,0,0
2021-09-04,16:39:51,22.86,22.59,22.86,22.59,20.11,19.85,53,53,64,20,20,15,5.16,0.0,0.0,0.0,0.0,0.0,0.0,23.6,53,0,125,ON,OFF,ON,0,34.2,30,0,13492,OFF,OFF,29.4,29.5,28.82,29.4,41.03,9.0,6.0,44.33,38.0,17.4,25,41,41,32,93,99,OFF,OFF,100,100,6.12,1.268,1,0,ON,ON,0.922,4.372,0,0,OFF,OFF,31383,1993,100,100,0,0.156,73,696,12.9,40,27.8,0.006,40.4,39,10.931,23.7,1610,96,9.3,62.44213,378457,21,100,33.1,3,0,0.492,77,36.9,46.35,38.97,95.9,20.4,1.02518,9,35,21,40.1,0,0,0
2021-09-04,16:40:21,22.86,22.59,22.86,22.59,20.11,19.85,53,53,64,20,20,15,5.16,0.0,0.0,0.0,0.0,0.0,0.0,23.6,53,0,125,ON,OFF,ON,0,34.2,30,0,13492,OFF,OFF,29.4,29.5,28.82,29.4,41.03,9.0,6.0,44.33,38.0,17.4,25,41,41,32,93,99,OFF,OFF,100,100,6.12,1.268,1,0,ON,ON,0.922,4.372,0,0,OFF,OFF,31383,1993,100,100,0,0.156,73,696,12.9,40,27.8,0.006,40.4,39,10.931,23.7,1610,96,9.3,62.44213,378457,21,100,33.1,3,0,0.492,77,36.9,46.35,38.97,95.9,20.4,1.02518,9,35,21,40.1,0,0,0
2021-09-04,16:40:51,22.86,22.59,22.86,22.59,20.11,19.85,53,53,64,20,20,15,5.16,0.0,0.0,0.0,0.0,0.0,0.0,23.6,53,0,125,ON,OFF,ON,0,34.2,30,0,13492,OFF,OFF,29.4,29.5,28.82,29.4,41.03,9.0,6.0,44.33,38.0,17.4,25,41,41,32,93,99,OFF,OFF,100,100,6.12,1.268,1,0,ON,ON,0.922,4.372,0,0,OFF,OFF,31383,1993,100,100,0,0.156,73,696,12.9,40,27.8,0.006,40.4,39,10.931,23.7,1610,96,9.3,62.44213,378457,21,100,33.1,3,0,0.492,77,36.9,46.35,38.97,95.9,20.4,1.02518,9,35,21,40.1,0,0,0
2021-09-04,16:41:21,22.86,22.59,22.86,22.59,20.11,19.85,53,53,64,20,20,15,5.16,0.0,0.0,0.0,0.0,0.0,0.0,23.6,53,0,125,ON,OFF,ON,0,34.2,30,0,13492,OFF,OFF,29.4,29.5,28.82,29.4,41.03,9.0,6.0,44.33,38.0,17.4,25,41,41,31.5,93,99,OFF,OFF,100,100,6.12,1.268,1,0,ON,ON,0.922,4.372,0,0,OFF,OFF,15050,1993,100,100,0,0.156,73,696,12.9,40,27.8,0.006,40.4,39,10.931,23.7,1610,96,9.3,62.44213,378457,21,100,33.1,3,0,0.492,77,37.42,46.35,38.97,95.9,20.4,1.02518,9,35,21,40.1,0,0,0
2021-09-04,16:41:51,22.86,22.59,22.86,22.59,20.11,19.85,53,53,64,20,20,15,5.16,0.0,0.0,0.0,0.0,0.0,0.0,23.6,53,0,125,ON,OFF,ON,0,34.2,30,0,13492,OFF,OFF,29.4,29.5,28.82,29.4,41.03,9.0,6.0,44.33,38.0,17.4,25,41,41,31.5,93,99,OFF,OFF,100,100,6.12,1.268,1,0,ON,ON,0.922,4.372,0,0,OFF,OFF,15050,1993,100,100,0,0.156,73,696,12.9,40,27.8,0.006,40.4,39,10.931,23.7,1610,96,9.3,62.44213,378457,21,100,33.1,3,0,0.492,77,37.42,46.35,38.97,95.9,20.4,1.02518,9,35,21,40.1,0,0,0
2021-09-04,16:42:21,22.86,22.59,22.86,22.59,20.11,19.85,53,53,64,20,20,15,5.16,0.0,0.0,0.0,0.0,0.0,0.0,23.6,53,0,125,ON,OFF,ON,0,34.2,30,0,13492,OFF,OFF,29.4,29.5,28.82,29.4,41.03,9.0,6.0,44.33,38.0,17.4,25,41,41,31.5,93,99,OFF,OFF,100,100,6.12,1.268,1,0,ON,ON,0.922,4.372,0,0,OFF,OFF,15050,1993,100,100,0,0.156,73,696,12.9,40,27.8,0.006,40.4,39,10.931,23.7,1610,96,9.3,62.44213,378457,21,100,33.1,3,0,0.492,77,37.42,46.35,38.97,95.9,20.4,1.02518,9,35,21,40.1,0,0,0
2021-09-04,16:42:51,22.86,22.59,22.86,22.59,20.11,19.85,53,53,64,20,20,15,5.16,0.0,0.0,0.0,0.0,0.0,0.0,23.6,53,0,125,ON,OFF,ON,0,34.2,30,0,13492,OFF,OFF,29.4,29.5,28.82,29.4,41.03,9.0,6.0,44.33,38.0,17.4,25,41,41,31.5,93,99,OFF,OFF,100,100,6.12,1.268,1,0,ON,ON,0.922,4.372,0,0,OFF,OFF,15050,1993,100,100,0,0.156,73,696,12.9,40,27.8,0.006,40.4,39,10.931,23.7,1610,96,9.3,62.44213,378457,21,100,33.1,3,0,0.492,77,37.42,46.35,38.97,95.9,20.4,1.02518,9,35,21,40.1,0,0,0
2021-09-04,16:43:21,22.86,22.59,22.86,22.59,20.11,19.85,53,53,64,20,20,15,5.16,0.0,0.0,0.0,0.0,0.0,0.0,23.6,53,0,125,ON,OFF,ON,0,34.2,30,0,13492,OFF,OFF,29.4,29.5,28.16,29.4,41.03,9.0,6.0,44.33,38.0,17.4,25,42,41,31.5,93,99,OFF,OFF,100,100,6.12,1.268,1,0,ON,ON,0.922,4.372,0,0,OFF,OFF,27155,1993,100,100,0,0.156,73,696,12.9,40,27.8,0.006,40.4,39,10.931,23.7,1610,96,9.3,62.44213,378457,21,100,33.1,3,0,0.492,77,37.42,46.35,38.97,95.9,20.4,1.02518,9,35,21,40.1,0,0,0
2021-09-04,16:43:51,22.86,22.59,22.86,22.59,20.11,19.85,53,53,64,20,20,15,5.16,0.0,0.0,0.0,0.0,0.0,0.0,23.6,53,0,125,ON,OFF,ON,0,34.2,30,0,13492,OFF,OFF,29.4,29.5,28.16,29.4,41.03,9.0,6.0,44.33,38.0,17.4,25,42,41,31.5,93,99,OFF,OFF,100,100,6.12,1.268,1,0,ON,ON,0.922,4.372,0,0,OFF,OFF,27155,1993,100,100,0,0.156,73,696,12.9,40,27.8,0.006,40.4,39,10.931,23.7,1610,96,9.3,62.44213,378457,21,100,33.1,3,0,0.492,77,37.42,46.35,38.97,95.9,20.4,1.02518,9,35,21,40.1,0,0,0
2021-09-04,16:44:21,22.86,22.59,22.86,22.59,20.11,19.85,53,53,64,20,20,15,5.16,0.0,0.0,0.0,0.0,0.0,0.0,23.6,53,0,125,ON,OFF,ON,0,34.2,30,0,13492,OFF,OFF,29.4,29.5,28.16,29.4,41.03,9.0,6.0,44.33,38.0,17.4,25,42,41,31,93,99,OFF,OFF,100,100,6.12,1.268,1,0,ON,ON,0.922,4.372,0,0,OFF,OFF,27155,1993,100,100,0,0.156,73,696,12.9,40,27.8,0.006,40.4,39,10.931,23.7,1610,96,9.3,62.44213,378457,21,100,33.1,3,0,0.492,77,37.42,46.35,38.97,95.9,20.4,1.02518,9,35,21,40.1,0,0,0
2021-09-04,16:44:51,22.86,22.59,22.86,22.59,20.11,19.85,53,53,64,20,20,15,5.16,0.0,0.0,0.0,0.0,0.0,0.0,23.6,53,0,125,ON,OFF,ON,0,34.2,30,0,13492,OFF,OFF,29.4,29.5,28.16,29.4,41.03,9.0,6.0,44.33,38.0,17.4,25,42,41,31,93,99,OFF,OFF,100,100,6.12,1.268,1,0,ON,ON,0.922,4.372,0,0,OFF,OFF,19343,1993,100,100,0,0.156,73,696,12.9,40,27.8,0.006,40.4,39,10.931,23.7,1718,96,9.3,62.44213,378457,21,100,33.1,3,0,0.492,77,37.42,46.35,38.97,95.9,20.4,1.02518,9,35,21,40.1,0,0,0
2021-09-04,16:45:21,22.86,22.59,22.86,22.59,20.11,19.85,53,53,64,20,20,15,5.16,0.0,0.0,0.0,0.0,0.0,0.0,23.6,53,0,125,ON,OFF,ON,0,34.2,30,0,13492,OFF,OFF,29.4,29.5,28.16,29.4,41.03,9.0,6.0,44.33,38.0,17.4,25,42,41,31,93,99,OFF,OFF,100,100,6.12,1.268,1,0,ON,ON,0.922,4.372,0,0,OFF,OFF,19343,1993,100,100,0,0.156,73,696,12.9,40,27.8,0.006,40.4,39,10.931,23.7,1718,96,9.3,62.44213,378457,21,100,33.1,3,0,0.492,77,37.42,46.35,38.97,95.9,20.4,1.02518,9,35,21,40.1,0,0,0
2021-09-04,16:45:51,22.86,22.59,22.86,22.59,20.11,19.85,53,53,64,20,20,15,5.16,0.0,0.0,0.0,0.0,0.0,0.0,23.6,53,0,125,ON,OFF,ON,0,34.2,30,0,13492,OFF,OFF,29.4,29.5,28.16,29.4,41.03,9.0,6.0,44.33,38.0,17.4,25,42,41,31,93,99,OFF,OFF,100,100,6.12,1.268,1,0,ON,ON,0.922,4.372,0,0,OFF,OFF,24722,1993,100,100,0,0.156,73,696,12.9,40,27.8,0.006,40.4,39,10.931,23.7,1718,96,9.3,62.44213,378457,21,100,33.1,3,0,0.492,77,37.42,46.35,38.97,95.9,20.4,1.02518,9,35,21,40.1,0,0,0
2021-09-04,16:46:21,22.86,22.59,22.86,22.59,20.11,19.85,53,53,64,20,20,15,5.16,0.0,0.0,0.0,0.0,0.0,0.0,23.6,53,0,125,ON,OFF,ON,0,34.2,30,0,13492,OFF,OFF,29.4,29.5,28.16,29.4,40.37,9.0,6.0,44.33,38.0,17.4,25,42,41,31,93,99,OFF,OFF,100,100,6.12,1.268,1,0,ON,ON,0.922,4.372,0,0,OFF,OFF,24722,1993,100,100,0,0.156,73,696,12.9,40,27.8,0.006,40.4,39,10.931,23.7,1718,96,9.3,62.44213,378457,21,100,33.1,3,0,0.492,77,37.42,46.35,38.97,95.9,20.4,1.02518,9,35,21,40.1,0,0,0
2021-09-04,16:46:51,22.86,22.59,22.86,22.59,20.11,19.85,53,53,64,20,20,15,5.16,0.0,0.0,0.0,0.0,0.0,0.0,23.6,53,0,125,ON,OFF,ON,0,34.2,30,0,13492,OFF,OFF,29.4,29.5,28.16,29.4,40.37,9.0,6.0,44.33,38.0,17.4,25,42,41,31,93,99,OFF,OFF,100,100,6.12,1.268,1,0,ON,ON,0.922,4.372,0,0,OFF,OFF,24722,1993,100,100,0,0.156,73,696,12.9,40,27.8,0.006,40.4,39,10.931,23.7,1718,96,9.3,62.44213,378457,21,100,33.1,3,0,0.492,77,37.42,46.35,38.97,95.9,20.4,1.02518,9,35,21,40.1,0,0,0
2021-09-04,16:47:29,22.86,22.59,22.86,22.59,20.11,19.85,53,53,64,20,20,15,5.16,0.0,0.0,0.0,0.0,0.0,0.0,23.6,53,0,125,ON,OFF,ON,0,34.2,30,0,13492,OFF,OFF,29.4,29.5,28.16,29.4,40.37,9.0,6.0,44.33,38.0,17.4,25,42,41,31,93,99,OFF,OFF,100,100,6.12,1.268,1,0,ON,ON,0.922,4.372,0,0,OFF,OFF,24722,1993,100,100,0,0.156,73,696,12.9,40,27.8,0.006,40.4,39,10.931,23.7,1718,96,9.3,62.44213,378457,21,100,33.1,3,0,0.492,77,37.42,46.35,38.97,95.9,20.4,1.02518,9,35,21,40.1,0,0,0
2021-09-04,16:47:59,22.86,22.59,22.86,22.59,20.11,19.85,53,53,64,20,20,15,5.16,0.0,0.0,0.0,0.0,0.0,0.0,23.6,53,0,125,ON,OFF,ON,0,34.2,30,0,13492,OFF,OFF,29.4,29.5,28.16,29.4,40.37,9.0,6.0,44.33,38.0,17.4,25,42,40.5,31,93,99,OFF,OFF,100,100,6.12,1.268,1,0,ON,ON,0.922,4.372,0,0,OFF,OFF,24722,1993,100,100,0,0.156,73,696,12.9,40,27.8,0.006,40.4,39,10.931,23.7,1718,96,9.3,62.44213,378457,21,100,33.1,3,0,0.492,77,37.42,46.35,38.97,95.9,20.4,1.02518,9,35,21,40.1,0,0,0
2021-09-04,16:48:29,22.86,22.59,22.86,22.59,20.11,19.85,53,53,64,20,20,15,5.16,0.0,0.0,0.0,0.0,0.0,0.0,23.6,53,0,125,ON,OFF,ON,0,34.2,30,0,13492,OFF,OFF,29.4,29.5,28.16,29.4,40.37,9.0,6.0,44.33,38.0,17.4,25,42,40.5,31,93,99,OFF,OFF,100,100,6.12,1.268,1,0,ON,ON,0.922,4.372,0,0,OFF,OFF,24722,1993,100,100,0,0.156,73,696,12.9,40,27.8,0.006,40.4,39,10.931,23.7,1718,96,9.3,62.44213,378457,21,100,33.1,3,0,0.492,77,37.42,46.35,38.97,95.9,20.4,1.02518,9,35,21,40.1,0,0,0
2021-09-04,16:48:59,22.86,22.59,22.86,22.59,20.11,19.85,53,53,64,20,20,15,5.16,0.0,0.0,0.0,0.0,0.0,0.0,23.6,53,0,125,ON,OFF,ON,0,34.2,30,0,13492,OFF,OFF,29.4,29.5,28.16,29.4,40.37,9.0,6.0,44.33,38.0,17.4,25,42,40.5,31,93,99,OFF,OFF,100,100,6.12,1.268,1,0,ON,ON,0.922,4.372,0,0,OFF,OFF,14344,1993,100,100,0,0.156,73,696,12.9,40,27.8,0.006,40.4,39,10.931,23.7,1718,96,9.3,62.44213,378457,21,100,33.1,3,0,0.492,77,37.42,46.35,38.97,95.9,20.4,1.02518,9,35,21,40.1,0,0,0
2021-09-04,16:49:29,22.86,22.59,22.86,22.59,20.11,19.85,53,53,64,20,20,15,5.16,0.0,0.0,0.0,0.0,0.0,0.0,23.6,53,0,125,ON,OFF,ON,0,34.2,30,0,13492,OFF,OFF,29.4,29.5,28.16,29.4,40.37,9.0,6.0,44.33,38.0,17.4,25,42,40.5,31,93,99,OFF,OFF,100,100,6.12,1.268,1,0,ON,ON,0.922,4.372,0,0,OFF,OFF,14344,1993,100,100,0,0.156,73,696,12.9,40,27.8,0.006,40.4,39,10.931,23.7,1718,96,9.3,62.44213,378457,21,100,33.1,3,0,0.492,77,37.42,46.35,38.97,95.9,20.4,1.02518,9,35,21,40.1,0,0,0
2021-09-04,16:49:59,22.86,22.59,22.86,22.59,20.11,19.85,53,53,64,20,20,15,5.16,0.0,0.0,0.0,0.0,0.0,0.0,23.6,53,0,125,ON,OFF,ON,0,34.2,30,0,13492,OFF,OFF,29.4,29.5,28.16,29.4,40.37,9.0,6.0,44.33,38.0,17.4,25,42,40.5,31,93,99,OFF,OFF,100,100,6.12,1.268,1,0,ON,ON,0.922,4.372,0,0,OFF,OFF,14344,1993,100,100,0,0.156,73,696,12.9,40,27.8,0.006,40.4,39,10.931,23.7,1718,96,9.3,62.44213,378457,21,100,33.1,3,0,0.492,77,37.42,46.35,38.97,95.9,20.4,1.02518,9,35,21,40.1,0,0,0
2021-09-04,16:50:29,22.86,22.59,22.86,22.59,20.11,19.85,53,53,64,20,20,15,5.16,0.0,0.0,0.0,0.0,0.0,0.0,23.6,53,0,125,ON,OFF,ON,0,34.2,30,0,13492,OFF,OFF,29.4,29.5,28.16,29.4,40.37,9.0,6.0,44.33,38.0,17.4,25,42,40.5,31,93,99,OFF,OFF,100,100,6.12,1.268,1,0,ON,ON,0.922,4.372,0,0,OFF,OFF,14344,1993,100,100,0,0.156,73,696,12.9,40,27.8,0.006,40.4,39,10.931,23.7,1718,96,9.3,62.44213,378457,21,100,33.1,3,0,0.492,77,37.42,46.35,38.97,95.9,20.4,1.02518,9,35,21,40.1,0,0,0
2021-09-04,16:50:59,22.86,22.59,22.86,22.59,20.11,19.85,53,53,64,20,20,15,5.16,0.0,0.0,0.0,0.0,0.0,0.0,23.6,53,0,125,ON,OFF,ON,0,34.2,30,0,13492,OFF,OFF,29.4,29.5,28.16,29.4,40.37,9.0,6.0,44.33,38.0,17.4,25,42,40.5,30.5,93,99,OFF,OFF,100,100,6.121,1.268,1,0,ON,ON,0.922,4.372,0,0,OFF,OFF,24338,1993,100,100,0,0.156,73,696,12.9,40,27.8,0.006,40.4,39,10.931,23.7,1718,96,9.3,62.44213,378457,21,100,33.1,3,0,0.492,77,37.42,46.35,38.97,95.9,20.4,1.02518,9,35,21,40.1,0,0,0
2021-09-04,16:51:29,22.86,22.59,22.86,22.59,20.11,19.85,53,53,64,20,20,15,5.16,0.0,0.0,0.0,0.0,0.0,0.0,23.6,53,0,125,ON,OFF,ON,0,34.2,30,0,13492,OFF,OFF,29.4,29.5,28.16,29.4,40.37,9.0,6.0,44.33,38.0,17.4,25,42,40.5,30.5,93,99,OFF,OFF,100,100,6.121,1.268,1,0,ON,ON,0.922,4.372,0,0,OFF,OFF,24338,1993,100,100,0,0.156,73,696,12.9,40,27.8,0.006,40.4,39,10.931,23.7,1718,96,9.3,62.44213,378457,21,100,33.1,3,0,0.492,77,37.42,46.35,38.97,95.9,20.4,1.02518,9,35,21,40.1,0,0,0
2021-09-04,16:51:59,22.86,22.59,22.86,22.59,20.11,19.85,53,53,64,20,20,15,5.16,0.0,0.0,0.0,0.0,0.0,0.0,23.6,53,0,125,ON,OFF,ON,0,34.2,30,0,13492,OFF,OFF,29.4,29.5,28.16,29.4,40.37,9.0,6.0,44.33,38.0,17.4,25,42,40.5,30.5,93,99,OFF,OFF,100,100,6.121,1.268,1,0,ON,ON,0.922,4.372,0,0,OFF,OFF,14025,1993,100,100,0,0.156,73,696,12.9,40,27.8,0.006,40.4,39,10.931,23.7,1718,96,9.3,62.44213,378457,21,100,33.1,3,0,0.492,77,37.42,46.35,38.97,95.9,20.4,1.02518,9,35,21,40.1,0,0,0
2021-09-04,16:52:45,22.86,22.59,22.86,22.59,20.11,19.85,53,53,64,20,20,15,5.16,0.0,0.0,0.0,0.0,0.0,0.0,23.6,53,0,125,ON,OFF,ON,0,34.2,30,0,13492,OFF,OFF,29.4,29.5,28.16,29.4,40.37,9.0,6.0,44.33,38.0,17.4,25,42,40.5,30.5,93,99,OFF,OFF,100,100,6.121,1.268,1,0,ON,ON,0.922,4.372,0,0,OFF,OFF,14025,1993,100,100,0,0.156,73,696,12.9,40,27.8,0.006,40.4,39,10.931,23.7,1718,96,9.3,62.44213,378457,21,100,33.1,3,0,0.492,77,37.42,46.35,38.97,95.9,20.4,1.02518,9,35,21,40.1,0,0,0
2021-09-04,16:53:15,22.86,22.59,22.86,22.59,20.11,19.85,53,53,64,20,20,15,5.16,0.0,0.0,0.0,0.0,0.0,0.0,23.6,53,0,125,ON,OFF,ON,0,34.2,30,0,13492,OFF,OFF,29.4,29.5,28.16,29.4,40.37,9.0,6.0,44.33,38.0,17.4,25,42,40.5,30.5,93,99,OFF,OFF,100,100,6.121,1.268,1,0,ON,ON,0.922,4.372,0,0,OFF,OFF,22545,1993,100,100,0,0.156,73,696,12.9,40,27.8,0.006,40.4,39,10.931,23.7,1718,96,9.3,62.44213,378457,21,100,33.1,3,0,0.492,77,37.42,46.35,38.97,95.9,20.4,1.02518,9,35,21,40.1,0,0,0
2021-09-04,16:53:45,22.86,22.59,22.86,22.59,20.11,19.85,53,53,64,20,20,15,5.16,0.0,0.0,0.0,0.0,0.0,0.0,23.6,53,0,125,ON,OFF,ON,0,34.2,30,0,13492,OFF,OFF,29.4,29.5,28.16,29.4,40.37,9.0,6.0,44.33,38.0,17.4,25,42,40.5,30.5,93,99,OFF,OFF,100,100,6.121,1.268,1,0,ON,ON,0.922,4.372,0,0,OFF,OFF,22545,1993,100,100,0,0.156,73,696,12.9,40,27.8,0.006,40.4,39,10.931,23.7,1718,96,9.3,62.44213,378457,21,100,33.1,3,0,0.492,77,37.42,46.35,38.97,95.9,20.4,1.02518,9,35,21,40.1,0,0,0
2021-09-04,16:54:15,22.86,22.59,22.86,22.59,20.11,19.85,53,53,64,20,20,15,5.16,0.0,0.0,0.0,0.0,0.0,0.0,23.6,53,0,125,ON,OFF,ON,0,34.2,30,0,13492,OFF,OFF,29.4,29.5,28.16,29.4,40.37,9.0,6.0,44.33,38.0,17.4,25,42,40.5,30.5,93,99,OFF,OFF,100,100,6.121,1.268,1,0,ON,ON,0.922,4.372,0,0,OFF,OFF,22545,1993,100,100,0,0.156,73,696,12.9,40,27.8,0.006,40.4,39,10.931,23.7,1718,96,9.3,62.44213,378457,21,100,33.1,3,0,0.492,77,37.42,46.35,38.97,95.9,20.4,1.02518,9,35,21,40.1,0,0,0
2021-09-04,16:54:45,22.86,22.59,22.86,22.59,20.11,19.85,53,53,64,20,20,15,5.16,0.0,0.0,0.0,0.0,0.0,0.0,23.6,53,0,125,ON,OFF,ON,0,34.2,30,0,13492,OFF,OFF,29.4,29.5,28.16,29.4,40.37,9.0,6.0,44.33,38.0,17.4,25,42,40.5,30.5,93,99,OFF,OFF,100,100,6.121,1.268,1,0,ON,ON,0.922,4.372,0,0,OFF,OFF,22545,1993,100,100,0,0.156,73,696,12.9,40,27.8,0.006,40.4,39,10.931,23.7,1718,96,9.3,62.44213,378457,21,100,33.1,3,0,0.492,77,37.42,46.35,38.97,95.9,20.4,1.02518,9,35,21,40.1,0,0,0
2021-09-04,16:55:15,22.86,22.59,22.86,22.59,20.11,19.85,53,53,64,20,20,15,5.16,0.0,0.0,0.0,0.0,0.0,0.0,23.6,53,0,125,ON,OFF,ON,0,34.2,30,0,13492,OFF,OFF,29.4,29.5,28.16,29.4,40.37,9.0,6.0,44.33,38.0,22.58,25,42,40.5,30.5,93,99,OFF,OFF,100,100,6.121,1.268,1,0,ON,ON,0.922,4.372,0,0,OFF,OFF,22545,1993,100,100,0,0.156,73,696,12.9,40,27.8,0.006,40.4,39,10.931,23.7,1718,96,9.3,62.44213,378457,21,100,33.1,3,0,0.492,77,37.42,46.35,38.97,95.9,20.4,1.02518,9,35,21,40.1,0,0,0
2021-09-04,16:55:45,22.86,22.59,22.86,22.59,20.11,19.85,53,53,64,20,20,15,5.16,0.0,0.0,0.0,0.0,0.0,0.0,23.6,53,0,125,ON,OFF,ON,0,34.2,30,0,13492,OFF,OFF,29.4,29.5,28.16,29.4,40.37,9.0,6.0,44.33,38.0,22.58,25,42,40.5,30.5,93,99,OFF,OFF,100,100,6.121,1.268,1,0,ON,ON,0.922,4.372,0,0,OFF,OFF,22545,1993,100,100,0,0.156,73,696,12.9,40,27.8,0.006,40.4,39,10.931,23.7,1718,96,9.3,62.44213,378457,21,100,33.1,3,0,0.492,77,37.42,46.35,38.97,95.9,20.4,1.02518,9,35,21,40.1,0,0,0
2021-09-04,16:56:15,22.86,22.59,22.86,22.59,20.11,19.85,53,53,64,20,20,15,5.16,0.0,0.0,0.0,0.0,0.0,0.0,23.6,53,0,125,ON,OFF,ON,0,34.2,30,0,13492,OFF,OFF,29.4,29.5,28.16,29.4,40.37,9.0,6.0,44.33,38.0,22.58,25,42,40.5,30.5,93,99,OFF,OFF,100,100,6.121,1.268,1,0,ON,ON,0.922,4.372,0,0,OFF,OFF,14986,1993,100,100,0,0.156,73,696,12.9,40,27.8,0.006,40.4,39,10.931,23.7,1718,96,9.3,62.44213,378457,21,100,33.1,3,0,0.492,77,37.42,46.35,38.97,95.9,20.4,1.02518,9,35,21,40.1,0,0,0
2021-09-04,16:56:45,22.86,22.59,22.86,22.59,20.11,19.85,53,53,64,20,20,15,5.16,0.0,0.0,0.0,0.0,0.0,0.0,23.6,53,0,125,ON,OFF,ON,0,34.2,30,0,13492,OFF,OFF,29.4,29.5,28.16,29.4,40.37,9.0,6.0,44.33,38.0,22.58,25,42,40.5,30.5,93,99,OFF,OFF,100,100,6.121,1.268,1,0,ON,ON,0.922,4.372,0,0,OFF,OFF,14986,1993,100,100,0,0.156,73,696,12.9,40,27.8,0.006,40.4,39,10.931,23.7,1718,96,9.3,62.44213,378457,21,100,33.1,3,0,0.492,77,37.42,46.35,38.97,95.9,20.4,1.02518,9,35,21,40.1,0,0,0
2021-09-04,16:57:15,22.86,22.59,22.86,22.59,20.11,19.85,53,53,64,20,20,15,5.16,0.0,0.0,0.0,0.0,0.0,0.0,23.6,53,0,125,ON,OFF,ON,0,34.2,30,0,13492,OFF,OFF,29.4,29.5,28.16,29.4,39.71,9.0,6.0,44.33,38.0,22.58,25,42,40.5,30.5,93,99,OFF,OFF,100,100,6.121,1.268,1,0,ON,ON,0.922,4.372,0,0,OFF,OFF,14986,1993,100,100,0,0.156,73,696,12.9,40,27.8,0.006,40.4,39,10.931,23.7,1718,96,9.3,62.44213,378457,21,100,33.1,3,0,0.492,77,37.42,46.35,38.97,95.9,20.4,1.02518,9,35,21,40.1,0,0,0
2021-09-04,16:57:45,22.86,22.59,22.86,22.59,20.11,19.85,53,53,64,20,20,15,5.16,0.0,0.0,0.0,0.0,0.0,0.0,23.6,53,0,125,ON,OFF,ON,0,34.2,30,0,13492,OFF,OFF,29.4,29.5,27.5,29.4,39.71,9.0,6.0,44.33,38.0,22.58,25,42,40.5,30.5,93,99,OFF,OFF,100,100,6.121,1.268,1,0,ON,ON,0.922,4.372,0,0,OFF,OFF,14986,1993,100,100,0,0.156,73,696,13,40,27.6,0.268,40.2,39,10.931,23.7,1706,96,9.3,62.44213,378457,21,100,33.1,3,0,0.492,77,37.42,46.35,38.97,95.9,20.4,1.02518,9,35,21,40.1,0,0,0
2021-09-04,16:58:16,22.86,22.59,22.86,22.59,20.11,19.85,53,53,64,20,20,15,5.16,0.0,0.0,0.0,0.0,0.0,0.0,23.6,53,0,125,ON,OFF,ON,0,34.2,30,0,13492,OFF,OFF,29.4,29.5,27.5,29.4,39.71,9.0,6.0,44.33,38.0,22.58,25,42,40.5,30,93,99,OFF,OFF,100,100,6.121,1.268,1,0,ON,ON,0.922,4.372,0,0,OFF,OFF,21392,1993,100,100,0,0.156,73,696,13,40,27.6,0.268,40.2,39,10.931,23.7,1706,96,9.3,62.44213,378457,21,100,33.1,3,0,0.492,77,37.42,46.35,38.97,95.9,20.4,1.02518,9,35,21,40.1,0,0,0
2021-09-04,16:58:46,22.86,22.59,22.86,22.59,20.11,19.85,53,53,64,20,20,15,5.16,0.0,0.0,0.0,0.0,0.0,0.0,23.6,53,0,125,ON,OFF,ON,0,34.2,30,0,13492,OFF,OFF,29.4,29.5,27.5,29.4,39.71,9.0,6.0,44.33,38.0,22.58,25,42,40.5,30,93,99,OFF,OFF,100,100,6.121,1.268,1,0,ON,ON,0.922,4.372,0,0,OFF,OFF,21392,1993,100,100,0,0.156,73,696,13,40,27.6,0.268,40.2,39,10.931,23.7,1706,96,9.3,62.44213,378457,21,100,33.1,3,0,0.492,77,37.42,46.35,38.97,95.9,20.4,1.02518,9,35,21,40.1,0,0,0
2021-09-04,16:59:16,22.86,22.59,22.86,22.59,20.11,19.85,53,53,64,20,20,15,5.16,0.0,0.0,0.0,0.0,0.0,0.0,23.6,53,0,125,ON,OFF,ON,0,34.2,30,0,13492,OFF,OFF,29.4,29.5,27.5,29.4,39.71,9.0,6.0,44.33,38.0,22.58,25,42,40.5,30,93,99,OFF,OFF,100,100,6.121,1.268,1,0,ON,ON,0.922,4.372,0,0,OFF,OFF,21392,1993,100,100,0,0.156,73,696,13,40,27.6,0.268,40.2,39,10.931,23.7,1706,96,9.3,62.44213,378457,21,100,33.1,3,0,0.492,77,37.42,46.35,38.97,95.9,20.4,1.02518,9,35,21,40.1,0,0,0
2021-09-04,16:59:46,22.86,22.59,22.86,22.59,20.11,19.85,53,53,64,20,20,15,5.16,0.0,0.0,0.0,0.0,0.0,0.0,23.6,53,0,125,ON,OFF,ON,0,34.2,30,0,13492,OFF,OFF,29.4,29.5,27.5,29.4,39.71,9.0,6.0,44.33,38.0,22.58,25,42,40.5,30,93,99,OFF,OFF,100,100,6.121,1.268,1,0,ON,ON,0.922,4.372,0,0,OFF,OFF,21392,1993,100,100,0,0.156,73,696,13,40,27.6,0.268,40.2,39,10.931,23.7,1706,96,9.3,62.44213,378457,21,100,33.1,3,0,0.492,77,37.42,46.35,38.97,95.9,20.4,1.02518,9,35,21,40.1,0,0,0
2021-09-04,17:00:16,22.86,22.59,22.86,22.59,20.11,19.85,53,53,64,20,20,15,5.16,0.0,0.0,0.0,0.0,0.0,0.0,23.6,53,0,125,ON,OFF,ON,0,34.2,30,0,13492,OFF,OFF,29.4,29.5,27.5,29.4,39.71,9.0,6.0,44.33,38.0,22.58,25,42,40.5,30,93,99,OFF,OFF,100,100,6.121,1.268,1,0,ON,ON,0.922,4.372,0,0,OFF,OFF,21392,1993,100,100,0,0.156,73,696,13,40,27.6,0.268,40.2,39,10.931,23.7,1706,96,9.3,62.44213,378457,21,100,33.1,3,0,0.492,77,37.42,46.35,38.97,95.9,20.4,1.02518,9,35,21,40.1,0,0,0
2021-09-04,17:00:46,22.86,22.59,22.86,22.59,20.11,19.85,53,53,64,20,20,15,5.16,0.0,0.0,0.0,0.0,0.0,0.0,23.6,53,0,125,ON,OFF,ON,0,34.2,30,0,13492,OFF,OFF,29.4,29.5,27.5,29.4,39.71,9.0,6.0,44.33,38.0,22.58,25,42,40.5,30,93,99,OFF,OFF,100,100,6.121,1.268,1,0,ON,ON,0.922,4.372,0,0,OFF,OFF,21392,1993,100,100,0,0.156,73,696,13,40,27.6,0.268,40.2,39,11.561,23.7,1706,96,9.3,62.44213,378457,21,100,33.1,3,0,0.492,77,37.42,46.35,38.97,95.9,20.4,1.02518,9,35,21,40.1,0,0,0
2021-09-04,17:01:16,22.86,22.59,22.86,22.59,20.11,19.85,53,53,64,20,20,15,5.16,0.0,0.0,0.0,0.0,0.0,0.0,23.6,53,0,125,ON,OFF,ON,0,34.2,30,0,13492,OFF,OFF,29.4,29.5,27.5,29.4,39.71,9.0,6.0,44.33,38.0,22.58,25,42,40.5,30,93,99,OFF,OFF,100,100,6.121,1.268,1,0,ON,ON,0.922,4.372,0,0,OFF,OFF,14216,1993,100,100,0,0.156,73,696,13,40,27.6,0.268,40.2,39,11.561,23.7,1706,96,9.3,62.44213,378457,21,100,33.1,3,0,0.492,77,37.42,46.35,38.97,95.9,20.4,1.02518,9,35,21,40.1,0,0,0
2021-09-04,17:01:46,22.86,22.59,22.86,22.59,20.11,19.85,53,53,64,20,20,15,5.16,0.0,0.0,0.0,0.0,0.0,0.0,23.6,53,0,125,ON,OFF,ON,0,34.2,30,0,13492,OFF,OFF,29.4,29.5,27.5,29.4,39.71,9.0,6.0,44.33,38.0,22.58,25,42,40.5,30,93,99,OFF,OFF,100,100,6.121,1.268,1,0,ON,ON,0.922,4.372,0,0,OFF,OFF,14216,1993,100,100,0,0.156,73,696,13,40,27.6,0.268,40.2,39,11.561,23.7,1706,96,9.3,62.44213,378457,21,100,33.1,3,0,0.492,77,37.42,46.35,38.97,95.9,20.4,1.02518,9,35,21,40.1,0,0,0
2021-09-04,17:02:16,22.86,22.59,22.86,22.59,20.11,19.85,53,53,64,20,20,15,5.16,0.0,0.0,0.0,0.0,0.0,0.0,23.6,53,0,125,ON,OFF,ON,0,34.2,30,0,13492,OFF,OFF,29.4,29.5,27.5,29.4,39.71,9.0,6.0,44.33,38.0,22.58,25,42,40.5,30,93,99,OFF,OFF,100,100,6.121,1.268,1,0,ON,ON,0.922,4.372,0,0,OFF,OFF,14216,1993,100,100,0,0.156,73,696,13,40,27.6,0.268,40.2,39,11.561,23.7,1706,96,9.3,62.44213,378457,21,100,33.1,3,0,0.492,77,37.42,46.35,38.97,95.9,20.4,1.02518,9,35,21,40.1,0,0,0
2021-09-04,17:02:56,22.86,22.59,22.86,22.59,20.11,19.85,53,53,64,20,20,15,5.16,0.0,0.0,0.0,0.0,0.0,0.0,23.6,53,0,125,ON,OFF,ON,0,34.2,30,0,13492,OFF,OFF,29.4,29.5,27.5,29.4,39.71,9.0,6.0,44.33,38.0,22.58,25,42,40.5,30,93,99,OFF,OFF,100,100,6.121,1.268,1,0,ON,ON,0.922,4.372,0,0,OFF,OFF,14216,1993,100,100,0,0.156,73,696,13,40,27.6,0.268,40.2,39,11.561,23.7,1706,96,9.3,62.44213,378457,21,100,33.1,3,0,0.492,77,37.42,46.35,38.97,95.9,20.4,1.02518,9,35,21,40.1,0,0,0
2021-09-04,17:03:26,22.86,22.59,22.86,22.59,20.11,19.85,53,53,64,20,20,15,5.16,0.0,0.0,0.0,0.0,0.0,0.0,23.6,53,0,125,ON,OFF,ON,0,34.2,30,0,13492,OFF,OFF,29.4,29.5,27.5,29.4,39.71,9.0,6.0,44.33,38.0,22.58,25,43,40.5,30,93,99,OFF,OFF,100,100,6.121,1.268,1,0,ON,ON,0.922,4.372,0,0,OFF,OFF,14216,1993,100,100,0,0.156,73,696,13,40,27.6,0.268,40.2,39,11.561,23.7,1706,96,9.3,62.44213,378457,21,100,33.1,3,0,0.492,77,37.42,46.35,38.97,95.9,20.4,1.02518,9,35,21,40.1,0,0,0
2021-09-04,17:03:56,22.86,22.59,22.86,22.59,20.11,19.85,53,53,64,20,20,15,5.16,0.0,0.0,0.0,0.0,0.0,0.0,23.6,53,0,125,ON,OFF,ON,0,34.2,30,0,13492,OFF,OFF,29.4,29.5,27.5,29.4,39.71,9.0,6.0,44.33,38.0,22.58,25,43,40.5,30,93,99,OFF,OFF,100,100,6.121,1.268,1,0,ON,ON,0.922,4.372,0,0,OFF,OFF,14216,1993,100,100,0,0.156,73,696,13,40,27.6,0.268,40.2,39,11.561,23.7,1706,96,9.3,62.44213,378457,21,100,33.1,3,0,0.492,77,37.42,46.35,38.97,95.9,20.4,1.02518,9,35,21,40.1,0,0,0
2021-09-04,17:04:26,22.86,22.59,22.86,22.59,20.11,19.85,53,53,64,20,20,15,5.16,0.0,0.0,0.0,0.0,0.0,0.0,23.6,53,0,125,ON,OFF,ON,0,34.2,30,0,13492,OFF,OFF,29.4,29.5,27.5,29.4,39.71,9.0,6.0,44.33,38.0,22.58,25,43,40.5,30,93,99,OFF,OFF,100,100,6.121,1.268,1,0,ON,ON,0.922,4.372,0,0,OFF,OFF,14216,1993,100,100,0,0.156,73,696,13,40,27.6,0.268,40.2,39,11.561,23.7,1706,96,9.3,62.44213,378457,21,100,33.1,3,0,0.492,77,37.42,46.35,38.97,95.9,20.4,1.02518,9,35,21,40.1,0,0,0
2021-09-04,17:04:56,22.86,22.59,22.86,22.59,20.11,19.85,53,53,64,20,20,15,5.16,0.0,0.0,0.0,0.0,0.0,0.0,23.6,53,0,125,ON,OFF,ON,0,34.2,30,0,13492,OFF,OFF,29.4,29.5,27.5,29.4,39.71,9.0,6.0,44.33,38.0,22.58,25,43,40.5,30,93,99,OFF,OFF,100,100,6.121,1.268,1,0,ON,ON,0.922,4.372,0,0,OFF,OFF,14216,1993,100,100,0,0.156,73,696,13,40,27.6,0.268,40.2,39,11.561,23.7,1706,96,9.3,62.44213,378457,21,100,33.1,3,0,0.492,77,37.42,46.35,38.97,95.9,20.4,1.02518,9,35,21,40.1,0,0,0
2021-09-04,17:05:26,22.86,22.59,22.86,22.59,20.11,19.85,53,53,64,20,20,15,5.16,0.0,0.0,0.0,0.0,0.0,0.0,23.6,53,0,125,ON,OFF,ON,0,34.2,30,0,13492,OFF,OFF,29.4,29.5,27.5,29.4,39.71,9.0,6.0,44.33,38.0,22.58,25,43,40.5,30,93,99,OFF,OFF,100,100,6.121,1.268,1,0,ON,ON,0.922,4.372,0,0,OFF,OFF,14216,1993,100,100,0,0.156,73,696,13,40,27.6,0.268,40.2,39,11.561,23.7,1706,96,9.3,62.44213,378457,21,100,33.1,3,0,0.492,77,37.42,46.35,38.97,95.9,20.4,1.02518,9,35,21,40.1,0,0,0
2021-09-04,17:05:56,22.86,22.59,22.86,22.59,20.11,19.85,53,53,64,20,20,15,5.16,0.0,0.0,0.0,0.0,0.0,0.0,23.6,53,0,125,ON,OFF,ON,0,34.2,30,0,13492,OFF,OFF,29.4,29.5,27.5,29.4,39.71,9.0,6.0,44.33,38.0,22.58,25,43,40.5,30,93,99,OFF,OFF,100,100,6.121,1.268,1,0,ON,ON,0.922,4.372,0,0,OFF,OFF,14216,1993,100,100,0,0.156,73,696,13,40,27.6,0.268,40.2,39,11.561,23.7,1706,96,9.3,62.44213,378457,21,100,33.1,3,0,0.492,77,37.42,46.35,38.97,95.9,20.4,1.02518,9,35,21,40.1,0,0,0
2021-09-04,17:06:26,22.86,22.59,22.86,22.59,20.11,19.85,53,53,64,20,20,15,5.16,0.0,0.0,0.0,0.0,0.0,0.0,23.6,53,0,125,ON,OFF,ON,0,34.2,30,0,13492,OFF,OFF,29.4,29.5,27.5,29.4,39.71,9.0,6.0,44.33,38.0,22.58,25,43,40.5,30,93,99,OFF,OFF,100,100,6.121,1.268,1,0,ON,ON,0.922,4.372,0,0,OFF,OFF,14216,1993,100,100,0,0.156,73,696,13,40,27.6,0.268,40.2,39,11.561,23.7,1706,96,9.3,62.44213,378457,21,100,33.1,3,0,0.492,77,37.42,46.35,38.97,95.9,20.4,1.02518,9,35,21,40.1,0,0,0
2021-09-04,17:06:56,22.86,22.59,22.86,22.59,20.11,19.85,53,53,64,20,20,15,5.16,0.0,0.0,0.0,0.0,0.0,0.0,23.6,53,0,125,ON,OFF,ON,0,34.2,30,0,13492,OFF,OFF,29.4,29.5,27.5,29.4,39.71,9.0,6.0,44.33,38.0,22.58,25,43,40.5,30,93,99,OFF,OFF,100,100,6.121,1.268,1,0,ON,ON,0.922,4.372,0,0,OFF,OFF,14216,1993,100,100,0,0.156,73,696,13,40,27.6,0.268,40.2,39,11.561,23.7,1706,96,9.3,62.44213,378457,21,100,33.1,3,0,0.492,77,37.42,46.35,38.97,95.9,20.4,1.02518,9,35,21,40.1,0,0,0
2021-09-04,17:07:34,22.86,22.59,22.86,22.59,20.11,19.85,53,53,64,20,20,15,5.16,0.0,0.0,0.0,0.0,0.0,0.0,23.6,53,0,125,ON,OFF,ON,0,34.2,30,0,13492,OFF,OFF,29.4,29.5,27.5,29.4,39.05,9.0,6.0,44.33,38.0,22.58,25,43,40.5,29.5,93,99,OFF,OFF,100,100,6.121,1.268,1,0,ON,ON,0.922,4.372,0,0,OFF,OFF,14216,1993,100,100,0,0.156,73,696,13,40,27.1,0.268,40.2,39,11.561,23.7,1706,96,9.3,62.44213,378457,21,100,33.1,3,0,0.492,77,37.42,46.35,38.97,95.9,20.4,1.02518,9,35,21,40.1,0,0,0
2021-09-04,17:08:20,22.86,22.59,22.86,22.59,20.11,19.85,53,53,64,20,20,15,5.16,0.0,0.0,0.0,0.0,0.0,0.0,23.6,53,0,125,ON,OFF,ON,0,34.2,30,0,13492,OFF,OFF,29.4,29.5,27.5,29.4,39.05,9.0,6.0,44.33,38.0,22.58,25,43,40.5,29.5,93,99,OFF,OFF,100,100,6.121,1.268,1,0,ON,ON,0.922,4.372,0,0,OFF,OFF,14216,1993,100,100,0,0.156,73,696,13,40,27.1,0.268,40.2,39,11.561,23.7,1706,96,9.3,62.44213,378457,21,100,33.1,3,0,0.492,77,37.42,46.35,38.97,95.9,20.4,1.02518,9,35,21,40.1,0,0,0
2021-09-04,17:08:50,22.86,22.59,22.86,22.59,20.11,19.85,53,53,64,20,20,15,5.16,0.0,0.0,0.0,0.0,0.0,0.0,23.6,53,0,125,ON,OFF,ON,0,34.2,30,0,13492,OFF,OFF,29.4,29.5,27.5,29.4,39.05,9.0,6.0,44.33,38.0,22.58,25,43,40.5,29.5,93,99,OFF,OFF,100,100,6.121,1.268,1,0,ON,ON,0.922,4.372,0,0,OFF,OFF,14216,1993,100,100,0,0.156,73,696,13,41,27.1,0.268,40.2,39,11.561,23.7,1706,96,9.3,62.44213,378457,21,100,33.1,3,0,0.492,77,37.42,46.35,38.97,95.9,20.4,1.02518,9,35,21,40.1,0,0,0
2021-09-04,17:09:20,22.86,22.59,22.86,22.59,20.11,19.85,53,53,64,20,20,15,5.16,0.0,0.0,0.0,0.0,0.0,0.0,23.6,53,0,125,ON,OFF,ON,0,34.2,30,0,13492,OFF,OFF,29.4,29.5,26.84,29.4,39.05,9.0,6.0,44.33,38.0,22.58,24,44,40.5,29.5,93,99,OFF,OFF,100,100,6.121,1.268,1,0,ON,ON,0.922,4.372,0,0,OFF,OFF,14216,1993,100,100,0,0.156,73,696,13,41,27.1,0.268,40.2,39,11.561,23.7,1706,96,9.3,62.44213,378457,21,100,33.1,3,0,0.492,77,37.42,46.35,38.97,95.9,20.4,1.02518,9,35,21,40.1,0,0,0
2021-09-04,17:09:49,22.86,22.59,22.86,22.59,20.11,19.85,53,53,64,20,20,15,5.16,0.0,0.0,0.0,0.0,0.0,0.0,23.6,53,0,125,ON,OFF,ON,0,34.2,30,0,13492,OFF,OFF,29.4,29.5,26.84,29.4,39.05,9.0,6.0,44.33,38.0,22.58,24,44,40.5,29.5,93,99,OFF,OFF,100,100,6.121,1.268,1,0,ON,ON,0.922,4.372,0,0,OFF,OFF,14216,1993,100,100,0,0.156,73,696,13,41,27.1,0.268,40.2,39,11.561,23.7,1706,96,9.3,62.44213,378457,21,100,33.1,3,0,0.492,77,37.42,46.35,38.97,95.9,20.4,1.02518,9,35,21,40.1,0,0,0
2021-09-04,17:10:19,22.86,22.59,22.86,22.59,20.11,19.85,53,53,64,20,20,15,5.16,0.0,0.0,0.0,0.0,0.0,0.0,23.6,53,0,125,ON,OFF,ON,0,34.2,30,0,13492,OFF,OFF,29.4,29.5,26.84,29.4,39.05,9.0,6.0,44.33,38.0,22.58,24,44,40,29.5,93,99,OFF,OFF,100,100,6.121,1.268,1,0,ON,ON,0.922,4.372,0,0,OFF,OFF,14216,1993,100,100,0,0.156,73,696,13,41,27.1,1.8,40.2,39,1.8,23.7,1706,96,9.3,62.44213,378457,21,100,33.1,3,0,0.492,77,37.42,46.35,38.97,95.9,20.4,1.02518,9,35,21,40.1,0,0,0
2021-09-04,17:10:49,22.86,22.59,22.86,22.59,20.11,19.85,53,53,64,20,20,15,5.16,0.0,0.0,0.0,0.0,0.0,0.0,23.6,53,0,125,ON,OFF,ON,0,34.2,30,0,13492,OFF,OFF,29.4,29.5,26.84,29.4,39.05,9.0,6.0,44.33,38.0,22.58,24,44,40,29.5,93,99,OFF,OFF,100,100,6.121,1.268,1,0,ON,ON,0.922,4.372,0,0,OFF,OFF,14216,1993,100,100,0,0.156,73,696,13,41,27.1,1.8,40.2,39,1.8,23.7,1706,96,9.3,62.44213,378457,21,100,33.1,3,0,0.492,77,37.42,46.35,38.97,95.9,20.4,1.02518,9,35,21,40.1,0,0,0
2021-09-04,17:11:19,22.86,22.59,22.86,22.59,20.11,19.85,53,53,64,20,20,15,5.16,0.0,0.0,0.0,0.0,0.0,0.0,23.6,53,0,125,ON,OFF,ON,0,34.2,30,0,13492,OFF,OFF,29.4,29.5,26.84,29.4,39.05,9.0,6.0,44.33,38.0,22.58,24,44,40,29,93,99,OFF,OFF,100,100,6.121,1.268,1,0,ON,ON,0.922,4.372,0,0,OFF,OFF,14216,1993,100,100,0,0.156,73,696,13,41,27.1,1.8,40.2,39,1.8,23.7,1706,96,9.3,62.44213,378457,21,100,33.1,3,0,0.492,77,37.42,46.35,38.97,95.9,20.4,1.02518,9,35,21,40.1,0,0,0
2021-09-04,17:11:49,22.86,22.59,22.86,22.59,20.11,19.85,53,53,64,20,20,15,5.16,0.0,0.0,0.0,0.0,0.0,0.0,23.6,53,0,125,ON,OFF,ON,0,34.2,30,0,13492,OFF,OFF,29.4,29.5,26.84,29.4,39.05,9.0,6.0,44.33,38.0,22.58,24,44,40,29,93,99,OFF,OFF,100,100,6.121,1.268,1,0,ON,ON,0.922,4.372,0,0,OFF,OFF,14216,1993,100,100,0,0.156,73,696,13,41,27.1,1.8,40.2,39,1.8,23.7,1706,96,9.3,62.44213,378457,21,100,33.1,3,0,0.492,77,37.42,46.35,38.97,95.9,20.4,1.02518,9,35,21,40.1,0,0,0
2021-09-04,17:12:19,22.86,22.59,22.86,22.59,20.11,19.85,53,53,64,20,20,15,5.16,0.0,0.0,0.0,0.0,0.0,0.0,23.6,53,0,125,ON,OFF,ON,0,34.2,30,0,13492,OFF,OFF,29.4,29.5,26.84,29.4,39.05,9.0,6.0,44.33,38.0,22.58,24,44,40,29,93,99,OFF,OFF,100,100,6.121,1.268,1,0,ON,ON,0.922,4.372,0,0,OFF,OFF,14216,1039,100,100,0,0.156,73,696,13,41,27.1,1.8,40.2,39,1.8,23.7,1706,96,9.3,62.44213,378457,21,100,33.1,3,0,0.492,77,37.42,46.35,38.97,95.9,20.4,1.02518,9,35,21,40.1,0,0,0
2021-09-04,17:12:49,22.86,22.59,22.86,22.59,20.11,19.85,53,53,64,20,20,15,5.16,0.0,0.0,0.0,0.0,0.0,0.0,23.6,53,0,125,ON,OFF,ON,0,34.2,30,0,13492,OFF,OFF,29.4,29.5,26.84,29.4,39.05,9.0,6.0,44.33,38.0,22.58,24,44,40,29,93,99,OFF,OFF,100,100,6.121,1.268,1,0,ON,ON,0.922,4.372,0,0,OFF,OFF,14216,1039,100,100,0,0.156,73,696,13,41,27.1,1.8,40.2,39,1.8,23.7,1706,96,9.3,62.44213,378457,21,100,33.1,3,0,0.492,77,37.42,46.35,38.97,95.9,20.4,1.02518,9,35,21,40.1,0,0,0
2021-09-04,17:13:19,22.86,22.59,22.86,22.59,20.11,19.85,53,53,64,20,20,15,5.16,0.0,0.0,0.0,0.0,0.0,0.0,23.6,53,0,125,ON,OFF,ON,0,34.2,30,0,13492,OFF,OFF,29.4,29.5,26.84,29.4,39.05,9.0,6.0,44.33,38.0,22.58,24,44,40,29,93,99,OFF,OFF,100,100,6.121,1.268,1,0,ON,ON,0.922,4.372,0,0,OFF,OFF,14216,1039,100,100,0,0.156,73,696,13,41,27.1,1.8,40.2,39,1.8,23.7,1706,96,9.3,62.44213,378457,21,100,33.1,3,0,0.492,77,37.42,46.35,38.97,95.9,20.4,1.02518,9,35,21,40.1,0,0,0
2021-09-04,17:13:49,22.86,22.59,22.86,22.59,20.11,19.85,53,53,64,20,20,15,5.16,0.0,0.0,0.0,0.0,0.0,0.0,23.6,53,0,125,ON,OFF,ON,0,34.2,30,0,13492,OFF,OFF,29.4,29.5,26.84,29.4,39.05,9.0,6.0,44.33,38.0,22.58,24,44,40,29,93,99,OFF,OFF,100,100,6.121,1.268,1,0,ON,ON,0.922,4.372,0,0,OFF,OFF,14216,1039,100,100,0,0.156,73,696,13,41,27.1,1.8,40.2,39,1.8,23.7,1706,96,9.3,62.44213,378457,21,100,33.1,3,0,0.492,77,37.42,46.35,38.97,95.9,20.4,1.02518,9,35,21,40.1,0,0,0
2021-09-04,17:14:19,22.86,22.59,22.86,22.59,20.11,19.85,53,53,64,20,20,15,5.16,0.0,0.0,0.0,0.0,0.0,0.0,23.6,53,0,125,ON,OFF,ON,0,34.2,30,0,13492,OFF,OFF,29.4,29.5,26.84,29.4,39.05,9.0,6.0,44.33,38.0,22.58,24,44,40,29,93,99,OFF,OFF,100,100,6.121,1.268,1,0,ON,ON,0.922,4.372,0,0,OFF,OFF,14216,1039,100,100,0,0.156,73,696,13,41,27.1,1.8,40.2,39,1.8,23.7,1706,96,9.3,62.44213,378457,21,100,33.1,3,0,0.492,77,37.42,46.35,38.97,95.9,20.4,1.02518,9,35,21,40.1,0,0,0
2021-09-04,17:14:49,22.86,22.59,22.86,22.59,20.11,19.85,53,53,64,20,20,15,5.16,0.0,0.0,0.0,0.0,0.0,0.0,23.6,53,0,125,ON,OFF,ON,0,34.2,30,0,13492,OFF,OFF,29.4,29.5,26.84,29.4,39.05,9.0,6.0,49.33,38.0,22.58,24,44,40,29,93,99,OFF,OFF,100,100,6.121,1.268,1,0,ON,ON,0.922,4.372,0,0,OFF,OFF,14216,1039,100,100,0,0.156,73,696,13,41,27.1,1.8,40.2,39,1.8,23.7,1706,96,9.3,62.44213,378457,21,100,33.1,3,0,0.492,77,37.42,46.35,38.97,95.9,20.4,1.02518,9,35,21,40.1,0,0,0
2021-09-04,17:15:19,22.86,22.59,22.86,22.59,20.11,19.85,53,53,64,20,20,15,5.16,0.0,0.0,0.0,0.0,0.0,0.0,23.6,53,0,125,ON,OFF,ON,0,34.2,30,0,13492,OFF,OFF,29.4,29.5,26.84,29.4,38.39,9.0,6.0,49.33,38.0,22.58,24,44,40,29,93,99,OFF,OFF,100,100,6.121,1.268,1,0,ON,ON,0.922,4.372,0,0,OFF,OFF,14216,1039,100,100,0,0.156,73,696,13,41,27.1,1.8,40.2,39,1.8,23.7,1706,96,9.3,62.44213,378457,21,100,33.1,3,0,0.492,77,37.42,46.35,38.97,95.9,20.4,1.02518,9,35,21,40.1,0,0,0
2021-09-04,17:15:49,22.86,22.59,22.86,22.59,20.11,19.85,53,53,64,20,20,15,5.16,0.0,0.0,0.0,0.0,0.0,0.0,23.6,53,0,125,ON,OFF,ON,0,34.2,30,0,13492,OFF,OFF,29.4,29.5,26.84,29.4,38.39,9.0,6.0,49.33,38.0,22.58,24,44,40,28.5,93,99,OFF,OFF,100,100,6.121,1.268,1,0,ON,ON,0.922,4.372,0,0,OFF,OFF,14216,1039,100,100,0,0.156,73,696,13,41,27.1,1.8,40.2,39,1.8,23.7,1706,96,9.3,62.44213,378457,21,100,33.1,3,0,0.492,77,37.42,46.35,38.97,95.9,20.4,1.02518,9,35,21,40.1,0,0,0
2021-09-04,17:16:19,22.86,22.59,22.86,22.59,20.11,19.85,53,53,64,20,20,15,5.16,0.0,0.0,0.0,0.0,0.0,0.0,23.6,53,0,125,ON,OFF,ON,0,34.2,30,0,13492,OFF,OFF,29.4,29.5,26.84,29.4,38.39,9.0,6.0,49.33,38.0,22.58,24,44,40,28.5,93,99,OFF,OFF,100,100,6.121,1.268,1,0,ON,ON,0.922,4.372,0,0,OFF,OFF,14216,1039,100,100,0,0.156,73,696,13,41,27.1,1.8,40.2,39,1.8,23.7,1706,96,9.3,62.44213,378457,21,100,33.1,3,0,0.492,77,37.42,46.35,38.97,95.9,20.4,1.02518,9,35,21,40.1,0,0,0
2021-09-04,17:16:49,22.86,22.59,22.86,22.59,20.11,19.85,53,53,64,20,20,15,5.16,0.0,0.0,0.0,0.0,0.0,0.0,23.6,53,0,125,ON,OFF,ON,0,34.2,30,0,13492,OFF,OFF,29.4,29.5,26.84,29.4,38.39,9.0,6.0,49.33,38.0,22.58,24,44,40,28.5,93,99,OFF,OFF,100,100,6.121,1.268,1,0,ON,ON,0.922,4.372,0,0,OFF,OFF,14216,1039,100,100,0,0.156,73,696,13,41,27.1,1.8,40.2,39,1.8,23.7,1706,96,9.3,62.44213,378457,21,100,33.1,3,0,0.492,77,37.42,46.35,38.97,95.9,20.4,1.02518,9,35,21,40.1,0,0,0
2021-09-04,17:17:19,22.86,22.59,22.86,22.59,20.11,19.85,53,53,64,20,20,15,5.16,0.0,0.0,0.0,0.0,0.0,0.0,23.6,53,0,125,ON,OFF,ON,0,34.2,30,0,13492,OFF,OFF,29.4,29.5,26.84,29.4,38.39,9.0,6.0,49.33,38.0,22.58,24,44,40,28.5,93,99,OFF,OFF,100,100,6.121,1.268,1,0,ON,ON,0.922,4.372,0,0,OFF,OFF,14216,1039,100,100,0,0.156,73,696,13,41,27.1,1.8,40.2,39,1.8,23.7,1706,96,9.3,62.44213,378457,21,100,33.1,3,0,0.492,77,37.42,46.35,38.97,95.9,20.4,1.02518,9,35,21,40.1,0,0,0
2021-09-04,17:17:49,22.86,22.59,22.86,22.59,20.11,19.85,53,53,64,20,20,15,5.16,0.0,0.0,0.0,0.0,0.0,0.0,23.6,53,0,125,ON,OFF,ON,0,34.2,30,0,13492,OFF,OFF,29.4,29.5,26.84,29.4,38.39,9.0,6.0,49.33,38.0,22.58,24,44,40,28.5,93,99,OFF,OFF,100,100,6.121,1.268,1,0,ON,ON,0.922,4.372,0,0,OFF,OFF,14216,1039,100,100,0,0.156,73,696,13,41,27.1,1.8,40.2,39,1.8,23.7,1706,96,9.3,62.44213,378457,21,100,33.1,3,0,0.492,77,37.42,46.35,38.97,95.9,20.4,1.02518,9,35,21,40.1,0,0,0
2021-09-04,17:18:19,22.86,22.59,22.86,22.59,20.11,19.85,53,53,64,20,20,15,5.16,0.0,0.0,0.0,0.0,0.0,0.0,23.6,53,0,125,ON,OFF,ON,0,34.2,30,0,13492,OFF,OFF,29.4,29.5,26.84,29.4,38.39,9.0,6.0,49.33,38.0,22.58,24,44,40,28.5,93,99,OFF,OFF,100,100,6.121,1.268,1,0,ON,ON,0.922,4.372,0,0,OFF,OFF,14216,1039,100,100,0,0.156,73,696,13,41,27.1,1.8,40.2,39,1.8,23.7,1706,96,9.3,62.44213,378457,21,100,33.1,3,0,0.492,77,37.42,46.35,38.97,95.9,20.4,1.02518,9,35,21,40.1,0,0,0
2021-09-04,17:18:49,22.86,22.59,22.86,22.59,20.11,19.85,53,53,64,20,20,15,5.16,0.0,0.0,0.0,0.0,0.0,0.0,23.6,53,0,125,ON,OFF,ON,0,34.2,30,0,13492,OFF,OFF,29.4,29.5,26.84,29.4,38.39,9.0,6.0,49.33,38.0,22.58,24,44,40,28.5,93,99,OFF,OFF,100,100,6.121,1.268,1,0,ON,ON,0.922,4.372,0,0,OFF,OFF,14216,1039,100,100,0,0.156,73,696,13,41,27.1,1.8,40.2,39,1.8,23.7,1706,96,9.3,62.44213,378457,21,100,33.1,3,0,0.492,77,37.42,46.35,38.97,95.9,20.4,1.02518,9,35,21,40.1,0,0,0
2021-09-04,17:19:19,22.86,22.59,22.86,22.59,20.11,19.85,53,53,64,20,20,15,5.16,0.0,0.0,0.0,0.0,0.0,0.0,23.6,53,0,125,ON,OFF,ON,0,34.2,30,0,13492,OFF,OFF,29.4,29.5,26.84,29.4,38.39,9.0,6.0,49.33,38.0,22.58,24,44,40,28.5,93,99,OFF,OFF,100,100,6.121,1.268,1,0,ON,ON,0.922,4.372,0,0,OFF,OFF,14216,1039,100,100,0,0.156,73,696,13,41,27.1,1.8,40.2,39,1.8,23.7,1706,96,9.3,62.44213,378457,21,100,33.1,3,0,0.492,77,37.42,46.35,38.97,95.9,20.4,1.02518,9,35,21,40.1,0,0,0
2021-09-04,17:19:49,22.86,22.59,22.86,22.59,20.11,19.85,53,53,64,20,20,15,5.16,0.0,0.0,0.0,0.0,0.0,0.0,23.6,53,0,125,ON,OFF,ON,0,34.2,30,0,13492,OFF,OFF,29.4,29.5,26.84,29.4,38.39,9.0,6.0,49.33,38.0,22.58,24,44,40,28.5,93,99,OFF,OFF,100,100,6.121,1.268,1,0,ON,ON,0.922,4.372,0,0,OFF,OFF,14216,1039,100,100,0,0.156,73,696,13,41,27.1,1.8,40.2,39,1.8,23.7,1706,96,9.3,62.44213,378457,21,100,33.1,3,0,0.492,77,37.42,46.35,38.97,95.9,20.4,1.02518,9,35,21,40.1,0,0,0
2021-09-04,17:20:19,22.86,22.59,22.86,22.59,20.11,19.85,53,53,64,20,20,15,5.16,0.0,0.0,0.0,0.0,0.0,0.0,23.6,53,0,125,ON,OFF,ON,0,34.2,30,0,13492,OFF,OFF,29.4,29.5,26.84,29.4,38.39,9.0,6.0,49.33,38.0,22.58,24,44,40,28.5,93,99,OFF,OFF,100,100,6.121,1.268,1,0,ON,ON,0.922,4.372,0,0,OFF,OFF,14216,1039,100,100,0,0.156,73,696,13,41,27.1,1.8,40.2,39,1.8,23.7,1706,96,9.3,62.44213,378457,21,100,33.1,3,0,0.492,77,37.42,46.35,38.97,95.9,20.4,1.02518,9,35,21,40.1,0,0,0
2021-09-04,17:20:50,22.86,22.59,22.86,22.59,20.11,19.85,53,53,64,20,20,15,5.16,0.0,0.0,0.0,0.0,0.0,0.0,23.6,53,0,125,ON,OFF,ON,0,34.2,30,0,13492,OFF,OFF,29.4,29.5,26.18,29.4,38.39,9.0,6.0,49.33,38.0,22.58,24,44,40,28.5,93,99,OFF,OFF,100,100,6.121,1.268,1,0,ON,ON,0.922,4.372,0,0,OFF,OFF,14216,1039,100,100,0,0.156,73,696,13,41,27.7,1.8,40.2,39,1.8,23.7,1706,96,9.3,62.44213,378457,21,100,33.1,3,0,0.492,77,37.42,46.35,38.97,95.9,20.4,1.02518,9,35,21,40.1,0,0,0
2021-09-04,17:21:20,22.86,22.59,22.86,22.59,20.11,19.85,53,53,64,20,20,15,5.16,0.0,0.0,0.0,0.0,0.0,0.0,23.6,53,0,125,ON,OFF,ON,0,34.2,30,0,13492,OFF,OFF,29.4,29.5,26.18,29.4,38.39,9.0,6.0,49.33,38.0,22.58,24,44,40,28.5,93,99,OFF,OFF,100,100,6.121,1.268,1,0,ON,ON,0.922,4.372,0,0,OFF,OFF,14216,1039,100,100,0,0.156,73,696,13,41,27.7,1.8,40.2,39,1.8,23.7,1706,96,9.3,62.44213,378457,21,100,33.1,3,0,0.492,77,37.42,46.35,38.97,95.9,20.4,1.02518,9,35,21,40.1,0,0,0
2021-09-04,17:21:50,22.86,22.59,22.86,22.59,20.11,19.85,53,53,64,20,20,15,5.16,0.0,0.0,0.0,0.0,0.0,0.0,23.6,53,0,125,ON,OFF,ON,0,34.2,30,0,13492,OFF,OFF,29.4,29.5,26.18,29.4,38.39,9.0,6.0,49.33,38.0,22.58,24,44,40,28.5,93,99,OFF,OFF,100,100,6.121,1.268,1,0,ON,ON,0.922,4.372,0,0,OFF,OFF,14216,1039,100,100,0,0.156,73,696,13,41,28.4,1.8,40.2,39,1.8,23.7,1706,96,9.3,62.44213,378457,21,100,33.1,3,0,0.492,77,37.42,46.35,38.97,95.9,20.4,1.02518,9,35,21,40.1,0,0,0
2021-09-04,17:22:20,22.86,22.59,22.86,22.59,20.11,19.85,53,53,64,20,20,15,5.16,0.0,0.0,0.0,0.0,0.0,0.0,23.6,53,0,125,ON,OFF,ON,0,34.2,30,0,13492,OFF,OFF,29.4,29.5,26.18,29.4,38.39,9.0,6.0,49.33,38.0,22.58,24,44,40,28.5,93,99,OFF,OFF,100,100,6.121,1.268,1,0,ON,ON,0.922,4.372,0,0,OFF,OFF,14216,1039,100,100,0,0.156,73,696,13,41,28.4,1.8,40.2,39,1.8,23.7,1706,96,9.3,62.44213,378457,21,100,33.1,3,0,0.492,77,37.42,46.35,38.97,95.9,20.4,1.02518,9,35,21,40.1,0,0,0
2021-09-04,17:22:50,22.86,22.59,22.86,22.59,20.11,19.85,53,53,64,20,20,15,5.16,0.0,0.0,0.0,0.0,0.0,0.0,23.6,53,0,125,ON,OFF,ON,0,34.2,30,0,13492,OFF,OFF,29.4,29.5,26.18,29.4,37.73,9.0,6.0,49.33,38.0,22.58,24,44,40,28.5,93,99,OFF,OFF,100,100,6.121,1.268,1,0,ON,ON,0.922,4.372,0,0,OFF,OFF,14216,1039,100,100,0,0.156,73,696,13,41,29.1,1.8,40.2,39,1.8,23.7,1706,96,9.3,62.44213,378457,21,100,33.1,3,0,0.492,77,37.42,46.35,38.97,95.9,20.4,1.02518,9,35,21,40.1,0,0,0
2021-09-04,17:23:36,22.86,22.59,22.86,22.59,20.11,19.85,53,53,64,20,20,15,5.16,0.0,0.0,0.0,0.0,0.0,0.0,23.6,53,0,125,ON,OFF,ON,0,34.2,30,0,13492,OFF,OFF,29.4,29.5,26.18,29.4,37.73,9.0,6.0,49.33,38.0,22.58,24,44,40,28.5,93,99,OFF,OFF,100,100,6.121,1.268,1,0,ON,ON,0.922,4.372,0,0,OFF,OFF,14216,1039,100,100,0,0.156,73,696,13,36,29.6,1.8,39.9,39,1.8,23.7,1706,96,9.3,62.44213,378457,21,100,33.1,3,0,0.492,77,37.42,46.35,38.97,95.9,20.4,1.02518,9,35,21,40.1,0,0,0
2021-09-04,17:24:06,22.86,22.59,22.86,22.59,20.11,19.85,53,53,64,20,20,15,5.16,0.0,0.0,0.0,0.0,0.0,0.0,23.6,53,0,125,ON,OFF,ON,0,34.2,30,0,13492,OFF,OFF,29.4,29.5,26.18,29.4,37.73,9.0,6.0,49.33,38.0,22.58,24,44,40,28.5,93,99,OFF,OFF,100,100,6.121,1.268,1,0,ON,ON,0.922,4.372,0,0,OFF,OFF,14216,1039,100,100,0,0.156,73,696,13,36,29.6,1.8,39.9,39,1.8,23.7,1706,96,9.3,62.44213,378457,21,100,33.1,3,0,0.492,77,37.42,46.35,38.97,95.9,20.4,1.02518,9,35,21,40.1,0,0,0
2021-09-04,17:24:36,22.86,22.59,22.86,22.59,20.11,19.85,53,53,64,20,20,15,5.16,0.0,0.0,0.0,0.0,0.0,0.0,23.6,53,0,125,ON,OFF,ON,0,34.2,30,0,13492,OFF,OFF,29.4,29.5,26.18,29.4,37.73,9.0,6.0,49.33,38.0,22.58,24,44,40,28.5,93,99,OFF,OFF,100,100,6.121,1.268,1,0,ON,ON,0.922,4.372,0,0,OFF,OFF,14216,1039,100,100,0,0.156,73,696,13,36,30.3,1.8,39.9,39,1.8,23.7,1706,96,9.3,62.44213,378457,21,100,33.1,3,0,0.492,77,37.42,46.35,38.97,95.9,20.4,1.02518,9,35,21,40.1,0,0,0
2021-09-04,17:25:06,22.86,22.59,22.86,22.59,20.11,19.85,53,53,64,20,20,15,5.16,0.0,0.0,0.0,0.0,0.0,0.0,23.6,53,0,125,ON,OFF,ON,0,34.2,30,0,13492,OFF,OFF,29.4,29.5,26.18,29.4,37.73,9.0,6.0,49.33,38.0,22.58,24,44,40,27.5,93,98,OFF,OFF,100,100,6.121,1.268,1,0,ON,ON,0.922,4.372,0,0,OFF,OFF,14216,1039,100,100,0,0.156,73,696,13,36,30.3,1.8,39.9,39,1.8,23.7,1706,96,9.3,62.44213,378457,21,100,33.1,3,0,0.492,77,37.42,46.35,38.97,95.9,20.4,1.02518,9,35,21,40.1,0,0,0
2021-09-04,17:25:36,22.86,22.59,22.86,22.59,20.11,19.85,53,53,64,20,20,15,5.16,0.0,0.0,0.0,0.0,0.0,0.0,23.6,53,0,125,ON,OFF,ON,0,34.2,30,0,13492,OFF,OFF,29.4,29.5,26.18,29.4,37.73,9.0,6.0,49.33,38.0,22.58,24,44,40,27.5,93,98,OFF,OFF,100,100,6.121,1.268,1,0,ON,ON,0.922,4.372,0,0,OFF,OFF,14216,1039,100,100,0,0.156,73,696,13,36,30.3,1.8,39.9,39,1.8,23.7,1706,96,9.3,62.44213,378457,21,100,33.1,3,0,0.492,77,37.42,46.35,38.97,95.9,20.4,1.02518,9,35,21,40.1,0,0,0
2021-09-04,17:26:06,22.86,22.59,22.86,22.59,20.11,19.85,53,53,64,20,20,15,5.16,0.0,0.0,0.0,0.0,0.0,0.0,23.6,53,0,125,ON,OFF,ON,0,34.2,30,0,13492,OFF,OFF,29.4,29.5,26.18,29.4,37.73,9.0,6.0,49.33,38.0,22.58,24,44,40,27.5,93,98,OFF,OFF,100,100,6.121,1.268,1,0,ON,ON,0.922,4.372,0,0,OFF,OFF,14216,1039,100,100,0,0.156,73,696,13,36,30.3,1.8,39.9,39,1.8,23.7,1706,96,9.3,62.44213,378457,21,100,33.1,3,0,0.492,77,37.42,46.35,38.97,95.9,20.4,1.02518,9,35,21,40.1,0,0,0
2021-09-04,17:26:36,22.86,22.59,22.86,22.59,20.11,19.85,53,53,64,20,20,15,5.16,0.0,0.0,0.0,0.0,0.0,0.0,23.6,53,0,125,ON,OFF,ON,0,34.2,30,0,13492,OFF,OFF,29.4,29.5,26.18,29.4,37.73,9.0,6.0,49.33,38.0,22.58,24,44,40,27.5,93,98,OFF,OFF,100,100,6.121,1.268,1,0,ON,ON,0.922,4.372,0,0,OFF,OFF,14216,1039,100,100,0,0.156,73,696,13,36,30.9,1.8,39.9,39,1.8,23.7,1706,96,9.3,62.44213,378457,21,100,33.1,3,0,0.492,77,37.42,46.35,38.97,95.9,20.4,1.02518,9,35,21,40.1,0,0,0
2021-09-04,17:27:06,22.86,22.59,22.86,22.59,20.11,19.85,53,53,64,20,20,15,5.16,0.0,0.0,0.0,0.0,0.0,0.0,23.6,53,0,125,ON,OFF,ON,0,34.2,30,0,13492,OFF,OFF,29.4,29.5,26.18,29.4,37.73,9.0,6.0,49.33,38.0,22.58,24,44,40,27.5,93,98,OFF,OFF,100,100,6.122,1.268,1,0,ON,ON,0.922,4.372,0,0,OFF,OFF,14216,1039,100,100,0,0.156,73,696,13,36,30.9,1.8,39.9,39,1.8,23.7,1706,96,9.3,62.44213,378457,21,100,33.1,3,0,0.492,77,37.42,46.35,38.97,95.9,20.4,1.02518,9,35,21,40.1,0,0,0
2021-09-04,17:27:36,22.86,22.59,22.86,22.59,20.11,19.85,53,53,64,20,20,15,5.16,0.0,0.0,0.0,0.0,0.0,0.0,23.6,53,0,125,ON,OFF,ON,0,34.2,30,0,13492,OFF,OFF,29.4,29.5,26.18,29.4,37.73,9.0,6.0,49.33,38.0,22.58,24,44,40,27.5,93,98,OFF,OFF,100,100,6.122,1.268,1,0,ON,ON,0.922,4.372,0,0,OFF,OFF,14216,1039,100,100,0,0.156,73,674,13,33,31.2,1.8,39.9,40,1.8,23.9,1706,96,9.3,62.44213,378457,21,100,33.1,3,0,0.492,77,37.42,46.35,38.97,95.9,20.4,1.02518,9,35,21,40.1,0,0,0
2021-09-04,17:28:06,22.86,22.59,22.86,22.59,20.11,19.85,53,53,64,20,20,15,5.16,0.0,0.0,0.0,0.0,0.0,0.0,23.6,53,0,125,ON,OFF,ON,0,34.2,30,0,13492,OFF,OFF,29.4,29.5,26.18,29.4,37.73,9.0,6.0,49.33,38.0,22.58,24,44,40,27.5,93,98,OFF,OFF,100,100,6.122,1.268,1,0,ON,ON,0.922,4.372,0,0,OFF,OFF,14216,1039,100,100,0,0.156,73,674,13,33,31.2,1.8,39.9,40,1.8,23.9,1706,96,9.3,62.44213,378457,21,100,33.1,3,0,0.492,77,37.42,46.35,38.97,95.9,20.4,1.02518,9,35,21,40.1,0,0,0
2021-09-04,17:28:36,22.86,22.59,22.86,22.59,20.11,19.85,53,53,64,20,20,15,5.16,0.0,0.0,0.0,0.0,0.0,0.0,23.6,53,0,125,ON,OFF,ON,0,34.2,30,0,13492,OFF,OFF,29.4,29.5,26.18,29.4,37.73,9.0,6.0,49.33,38.0,22.58,24,44,39.5,27.5,93,98,OFF,OFF,100,100,6.122,1.268,1,0,ON,ON,0.922,4.372,0,0,OFF,OFF,14216,1039,100,100,0,0.156,73,674,13,33,31.5,1.8,39.9,40,1.8,23.9,1706,96,9.3,62.44213,378457,21,100,33.1,3,0,0.492,77,37.42,46.35,38.97,95.9,20.4,1.02518,9,35,21,40.1,0,0,0
2021-09-04,17:29:06,22.86,22.59,22.86,22.59,20.11,19.85,53,53,64,20,20,15,5.16,0.0,0.0,0.0,0.0,0.0,0.0,23.6,53,0,125,ON,OFF,ON,0,34.2,30,0,13492,OFF,OFF,29.4,29.5,26.18,29.4,37.73,9.0,6.0,49.33,38.0,22.58,24,44,39.5,27.5,93,98,OFF,OFF,100,100,6.122,1.268,1,0,ON,ON,0.922,4.372,0,0,OFF,OFF,14216,1039,100,100,0,0.156,73,674,13,33,31.5,1.8,39.9,40,1.8,23.9,1706,96,9.3,62.44213,378457,21,100,33.1,3,0,0.492,77,37.42,46.35,38.97,95.9,20.4,1.02518,9,35,21,40.1,0,0,0
2021-09-04,17:29:36,22.86,22.59,22.86,22.59,20.11,19.85,53,53,64,20,20,15,5.16,0.0,0.0,0.0,0.0,0.0,0.0,23.6,53,0,125,ON,OFF,ON,0,34.2,30,0,13492,OFF,OFF,29.4,29.5,26.18,29.4,37.07,9.0,6.0,49.33,38.0,22.58,24,44,39.5,27.5,93,98,OFF,OFF,100,100,6.122,1.268,1,0,ON,ON,0.922,4.372,0,0,OFF,OFF,14216,1039,100,100,0,0.156,73,674,13,33,31.5,1.8,39.9,40,1.8,23.9,1706,96,9.3,62.44213,378457,21,100,33.1,3,0,0.492,77,37.42,46.35,38.97,95.9,20.4,1.02518,9,35,21,40.1,0,0,0
2021-09-04,17:30:06,22.86,22.59,22.86,22.59,20.11,19.85,53,53,64,20,20,15,5.16,0.0,0.0,0.0,0.0,0.0,0.0,23.6,53,0,125,ON,OFF,ON,0,34.2,30,0,13492,OFF,OFF,29.4,29.5,26.18,29.4,37.07,9.0,6.0,49.33,38.0,22.58,24,44,39.5,27.5,93,98,OFF,OFF,100,100,6.122,1.268,1,0,ON,ON,0.922,4.372,0,0,OFF,OFF,14216,1039,100,100,0,0.156,73,674,13,33,31.5,1.8,39.9,40,1.8,23.9,1706,96,9.3,62.44213,378457,21,100,33.1,3,0,0.492,77,37.42,46.35,38.97,95.9,20.4,1.02518,9,35,21,40.1,0,0,0
2021-09-04,17:30:36,21.96,21.78,19.51,19.32,15.7,15.44,60,69,81,20,15,7,5.16,0.0,0.0,0.0,0.0,0.0,0.0,23.6,53,0,125,ON,OFF,ON,0,34.2,30,0,13492,OFF,OFF,29.4,29.5,25.52,29.4,37.07,9.0,6.0,49.33,38.0,22.58,24,44,39.5,27.5,93,98,OFF,OFF,100,100,6.122,1.268,1,0,ON,ON,0.922,4.372,0,0,OFF,OFF,14216,1039,100,100,0,0.156,73,674,13,33,31.5,1.8,39.9,40,1.8,23.9,1706,96,9.3,62.44213,378457,21,100,33.1,3,0,0.492,77,37.42,46.35,38.97,95.9,20.4,1.02518,9,35,21,40.1,0,0,0
2021-09-04,17:31:06,21.96,21.78,19.51,19.32,15.7,15.44,60,69,81,20,15,7,5.16,0.0,0.0,0.0,0.0,0.0,0.0,23.6,53,0,125,ON,OFF,ON,0,34.2,30,0,13492,OFF,OFF,29.4,29.5,25.52,29.4,37.07,9.0,6.0,49.33,38.0,22.58,24,44,39.5,27.5,93,98,OFF,OFF,100,100,6.122,1.268,1,0,ON,ON,0.922,4.372,0,0,OFF,OFF,14216,1039,100,100,0,0.156,73,674,13,33,31.5,1.8,39.9,40,1.8,23.9,1706,96,9.3,62.44213,378457,21,100,33.1,3,0,0.492,77,37.42,46.35,38.97,95.9,20.4,1.02518,9,35,21,40.1,0,0,0
2021-09-04,17:31:36,21.96,21.78,19.51,19.32,15.7,15.44,60,69,81,20,15,7,5.16,0.0,0.0,0.0,0.0,0.0,0.0,23.6,53,0,125,ON,OFF,ON,0,34.2,30,0,13492,OFF,OFF,29.4,29.5,25.52,29.4,37.07,9.0,6.0,49.33,38.0,22.58,23,45,39.5,27.5,93,98,OFF,OFF,100,100,6.122,1.268,1,0,ON,ON,0.922,4.372,0,0,OFF,OFF,14216,1039,100,100,0,0.156,73,674,13,33,32.2,1.8,39.9,40,1.8,23.9,1706,96,9.3,62.44213,378457,21,100,33.1,3,0,0.492,77,37.42,46.35,38.97,95.9,20.4,1.02518,9,35,21,40.1,0,0,0
2021-09-04,17:32:06,21.96,21.78,19.51,19.32,15.7,15.44,60,69,81,20,15,7,5.16,0.0,0.0,0.0,0.0,0.0,0.0,23.6,53,0,125,ON,OFF,ON,0,34.2,30,0,13492,OFF,OFF,29.4,29.5,25.52,29.4,37.07,9.0,6.0,49.33,38.0,22.58,23,45,39.5,27.5,93,98,OFF,OFF,100,100,6.122,1.268,1,0,ON,ON,0.922,4.372,0,0,OFF,OFF,14216,1039,100,100,0,0.156,73,674,13,33,32.2,1.8,39.9,40,1.8,23.9,1706,96,9.3,62.44213,378457,21,100,33.1,3,0,0.492,77,37.42,46.35,38.97,95.9,20.4,1.02518,9,35,21,40.1,0,0,0
2021-09-04,17:32:44,21.96,21.78,19.51,19.32,15.7,15.44,60,69,81,20,15,7,5.16,0.0,0.0,0.0,0.0,0.0,0.0,23.6,53,0,125,ON,OFF,ON,0,34.2,30,0,13492,OFF,OFF,29.4,29.5,25.52,29.4,37.07,9.0,6.0,49.33,38.0,22.58,23,45,39.5,27.5,93,98,OFF,OFF,100,100,6.122,1.268,1,0,ON,ON,0.922,4.372,0,0,OFF,OFF,14216,1039,100,100,0,0.156,73,674,13,33,32.2,1.8,39.9,40,1.8,23.9,1706,96,9.3,62.44213,378457,21,100,33.1,3,0,0.492,77,37.42,46.35,38.97,95.9,20.4,1.02518,9,35,21,40.1,0,0,0
2021-09-04,17:33:14,21.96,21.78,19.51,19.32,15.7,15.44,60,69,81,20,15,7,5.16,0.0,0.0,0.0,0.0,0.0,0.0,23.6,53,0,125,ON,OFF,ON,0,34.2,30,0,13492,OFF,OFF,29.4,29.5,25.52,29.4,37.07,9.0,6.0,49.33,38.0,22.58,23,45,39.5,27.5,93,98,OFF,OFF,100,100,6.122,1.268,1,0,ON,ON,0.922,4.372,0,0,OFF,OFF,14216,1039,100,100,0,0.156,73,674,13,33,32.2,1.8,39.9,40,1.8,23.9,1706,96,9.3,62.44213,378457,21,100,33.1,3,0,0.492,77,37.42,46.35,38.97,95.9,20.4,1.02518,9,35,21,40.1,0,0,0
2021-09-04,17:33:44,21.96,21.78,19.51,19.32,15.7,15.44,60,69,81,20,15,7,5.16,0.0,0.0,0.0,0.0,0.0,0.0,23.6,53,0,125,ON,OFF,ON,0,34.2,30,0,13492,OFF,OFF,29.4,29.5,25.52,29.4,37.07,9.0,6.0,49.33,38.0,22.58,23,45,39.5,27.5,93,98,OFF,OFF,100,100,6.122,1.268,1,0,ON,ON,0.922,4.372,0,0,OFF,OFF,14216,1039,100,100,0,0.156,73,674,13,33,32.2,1.8,39.9,40,1.8,23.9,1706,96,9.3,62.44213,378457,21,100,33.1,3,0,0.492,77,37.42,46.35,38.97,95.9,20.4,1.02518,9,35,21,40.1,0,0,0
2021-09-04,17:34:14,21.96,21.78,19.51,19.32,15.7,15.44,60,69,81,20,15,7,5.16,0.0,0.0,0.0,0.0,0.0,0.0,23.6,53,0,125,ON,OFF,ON,0,34.2,30,0,13492,OFF,OFF,29.4,29.5,25.52,29.4,37.07,9.0,6.0,49.33,38.0,22.58,23,45,39.5,27.5,93,98,OFF,OFF,100,100,6.122,1.268,1,0,ON,ON,0.922,4.372,0,0,OFF,OFF,14216,1039,100,100,0,0.156,73,674,13,33,32.2,1.8,39.9,40,1.8,23.9,1706,96,9.3,62.44213,378457,21,100,33.1,3,0,0.492,77,37.42,46.35,38.97,95.9,20.4,1.02518,9,35,21,40.1,0,0,0
2021-09-04,17:34:44,21.96,21.78,19.51,19.32,15.7,15.44,60,69,81,20,15,7,5.16,0.0,0.0,0.0,0.0,0.0,0.0,23.6,53,0,125,ON,OFF,ON,0,34.2,30,0,13492,OFF,OFF,29.4,29.5,25.52,29.4,37.07,9.0,6.0,49.33,38.0,22.58,23,45,39.5,27.5,93,98,OFF,OFF,100,100,6.122,1.268,1,0,ON,ON,0.922,4.372,0,0,OFF,OFF,14216,1039,100,100,0,0.156,73,674,13,33,32.2,1.8,39.9,40,1.8,23.9,1706,96,9.3,62.44213,378457,21,100,33.1,3,0,0.492,77,37.42,46.35,38.97,95.9,20.4,1.02518,9,35,21,40.1,0,0,0
2021-09-04,17:35:14,21.96,21.78,19.51,19.32,15.7,15.44,60,69,81,20,15,7,5.16,0.0,0.0,0.0,0.0,0.0,0.0,23.6,53,0,125,ON,OFF,ON,0,34.2,30,0,13492,OFF,OFF,29.4,29.5,25.52,29.4,37.07,9.0,6.0,49.33,38.0,22.58,23,45,39.5,27.5,93,98,OFF,OFF,100,100,6.122,1.268,1,0,ON,ON,0.922,4.372,0,0,OFF,OFF,14216,1039,100,100,0,0.156,73,674,13,33,32.2,1.8,39.9,40,1.8,23.9,1706,96,9.3,62.44213,378457,21,100,33.1,3,0,0.492,77,37.42,46.35,38.97,95.9,20.4,1.02518,9,35,21,40.1,0,0,0
2021-09-04,17:35:44,21.96,21.78,19.51,19.32,15.7,15.44,60,69,81,20,15,7,5.16,0.0,0.0,0.0,0.0,0.0,0.0,23.6,53,0,125,ON,OFF,ON,0,34.2,30,0,13492,OFF,OFF,29.4,29.5,25.52,29.4,37.07,9.0,6.0,49.33,38.0,22.58,23,45,39.5,27,93,98,OFF,OFF,100,100,6.122,1.268,1,0,ON,ON,0.922,4.372,0,0,OFF,OFF,14216,1039,100,100,0,0.156,73,674,13,30,32.2,1.8,39.9,40,1.8,23.9,1706,96,9.3,62.44213,378457,21,100,33.1,3,0,0.492,77,37.42,46.35,38.97,95.9,20.4,1.02518,9,35,21,40.1,0,0,0
2021-09-04,17:36:14,21.96,21.78,19.51,19.32,15.7,15.44,60,69,81,20,15,7,5.16,0.0,0.0,0.0,0.0,0.0,0.0,23.6,53,0,125,ON,OFF,ON,0,34.2,30,0,13492,OFF,OFF,29.4,29.5,25.52,29.4,37.07,9.0,6.0,49.33,38.0,22.58,23,45,39.5,27,93,98,OFF,OFF,100,100,6.122,1.268,1,0,ON,ON,0.922,4.372,0,0,OFF,OFF,14216,1039,100,100,0,0.156,73,674,13,30,32.2,1.8,39.9,40,1.8,23.9,1706,96,9.3,62.44213,378457,21,100,33.1,3,0,0.492,77,37.42,46.35,38.97,95.9,20.4,1.02518,9,35,21,40.1,0,0,0
2021-09-04,17:36:44,21.96,21.78,19.51,19.32,15.7,15.44,60,69,81,20,15,7,5.16,0.0,0.0,0.0,0.0,0.0,0.0,23.6,53,0,125,ON,OFF,ON,0,34.2,30,0,13492,OFF,OFF,29.4,29.5,25.52,29.4,37.07,9.0,6.0,49.33,38.0,22.58,23,45,39.5,27,93,98,OFF,OFF,100,100,6.122,1.268,1,0,ON,ON,0.922,4.372,0,0,OFF,OFF,14216,1039,100,100,0,0.156,73,674,13,30,32.2,1.8,39.9,40,1.8,23.9,1706,96,9.3,62.44213,378457,21,100,33.1,3,0,0.492,77,37.42,46.35,38.97,95.9,20.4,1.02518,9,35,21,40.1,0,0,0
2021-09-04,17:37:14,21.96,21.78,19.51,19.32,15.7,15.44,60,69,81,20,15,7,5.16,0.0,0.0,0.0,0.0,0.0,0.0,23.6,53,0,125,ON,OFF,ON,0,34.2,30,0,13492,OFF,OFF,29.4,29.5,25.52,29.4,37.07,9.0,6.0,49.33,38.0,22.58,23,45,39.5,27,93,98,OFF,OFF,100,100,6.122,1.268,1,0,ON,ON,0.922,4.372,0,0,OFF,OFF,14216,1039,100,100,0,0.156,73,674,13,30,32.2,1.8,39.9,40,1.8,23.9,1706,96,9.3,62.44213,378457,21,100,33.1,3,0,0.492,77,37.42,46.35,38.97,95.9,20.4,1.02518,9,35,21,40.1,0,0,0
2021-09-04,17:37:44,21.96,21.78,19.51,19.32,15.7,15.44,60,69,81,20,15,7,5.16,0.0,0.0,0.0,0.0,0.0,0.0,23.6,53,0,125,ON,OFF,ON,0,34.2,30,0,13492,OFF,OFF,29.4,29.5,25.52,29.4,37.07,9.0,6.0,49.33,38.0,22.58,23,45,39.5,27,93,98,OFF,OFF,100,100,6.122,1.268,1,0,ON,ON,0.922,4.372,0,0,OFF,OFF,14216,1039,100,100,0,0.156,73,674,13,30,32.2,1.8,39.9,40,1.8,23.9,1706,96,9.3,62.44213,378457,21,100,33.1,3,0,0.492,77,37.42,46.35,38.97,95.9,20.4,1.02518,9,35,21,40.1,0,0,0
2021-09-04,17:38:14,21.96,21.78,19.51,19.32,15.7,15.44,60,69,81,20,15,7,5.16,0.0,0.0,0.0,0.0,0.0,0.0,23.6,53,0,125,ON,OFF,ON,0,34.2,30,0,13492,OFF,OFF,29.4,29.5,25.52,29.4,36.41,9.0,6.0,49.33,38.0,22.58,23,45,39.5,27,93,98,OFF,OFF,100,100,6.122,1.268,1,0,ON,ON,0.922,4.372,0,0,OFF,OFF,14216,1039,100,100,0,0.156,73,674,13,30,32.2,1.8,39.9,40,1.8,23.9,1706,96,9.3,62.44213,378457,21,100,33.1,3,0,0.492,77,37.42,46.35,38.97,95.9,20.4,1.02518,9,35,21,40.1,0,0,0
2021-09-04,17:39:00,21.96,21.78,19.51,19.32,15.7,15.44,60,69,81,20,15,7,5.16,0.0,0.0,0.0,0.0,0.0,0.0,23.6,53,0,125,ON,OFF,ON,0,34.2,30,0,13492,OFF,OFF,29.4,29.5,25.52,29.4,36.41,9.0,6.0,49.33,38.0,22.58,23,45,39.5,27,93,98,OFF,OFF,100,100,6.122,1.268,1,0,ON,ON,0.922,4.372,0,0,OFF,OFF,14216,1039,100,100,0,0.156,73,674,13,30,32.2,1.8,39.9,40,1.8,23.9,1706,96,9.3,62.44213,378457,21,100,33.1,3,0,0.492,77,37.42,46.35,38.97,95.9,20.4,1.02518,9,35,21,40.1,0,0,0
2021-09-04,17:39:37,21.96,21.78,19.51,19.32,15.7,15.44,60,69,81,20,15,7,5.16,0.0,0.0,0.0,0.0,0.0,0.0,23.6,53,0,125,ON,OFF,ON,0,34.2,30,0,13492,OFF,OFF,29.4,29.5,25.52,29.4,36.41,9.0,6.0,49.33,38.0,22.58,23,45,39.5,27,93,98,OFF,OFF,100,100,6.122,1.268,1,0,ON,ON,0.922,4.372,0,0,OFF,OFF,14216,1039,100,100,0,0.156,73,674,13,30,32.7,1.8,39.9,40,1.8,23.9,1706,96,9.3,62.44213,378457,21,100,33.1,3,0,0.492,77,37.42,46.35,38.97,95.9,20.4,1.02518,9,35,21,40.1,0,0,0
2021-09-04,17:40:07,21.96,21.78,19.51,19.32,15.7,15.44,60,69,81,20,15,7,5.16,0.0,0.0,0.0,0.0,0.0,0.0,23.6,53,0,125,ON,OFF,ON,0,34.2,30,0,13492,OFF,OFF,29.4,29.5,25.52,29.4,36.41,9.0,6.0,49.33,38.0,22.58,23,45,39.5,27,93,98,OFF,OFF,100,100,6.122,1.268,1,0,ON,ON,0.922,4.372,0,0,OFF,OFF,14216,1039,100,100,0,0.156,73,674,13,30,32.7,1.8,39.9,40,1.8,23.9,1706,96,9.3,62.44213,378457,21,100,33.1,3,0,0.492,77,37.42,46.35,38.97,95.9,20.4,1.02518,9,35,21,40.1,0,0,0
2021-09-04,17:40:37,21.96,21.78,19.51,19.32,15.7,15.44,60,69,81,20,15,7,5.16,0.0,0.0,0.0,0.0,0.0,0.0,23.6,53,0,125,ON,OFF,ON,0,34.2,30,0,13492,OFF,OFF,29.4,29.5,25.52,29.4,36.41,9.0,6.0,49.33,38.0,22.58,23,45,39.5,27,93,98,OFF,OFF,100,100,6.122,1.268,1,0,ON,ON,0.922,4.372,0,0,OFF,OFF,14216,1039,100,100,0,0.156,73,674,13,30,32.7,1.8,39.9,40,1.8,23.9,1706,96,9.3,62.44213,378457,21,100,33.1,3,0,0.492,77,37.42,46.35,38.97,95.9,20.4,1.02518,9,35,21,40.1,0,0,0
2021-09-04,17:41:07,21.96,21.78,19.51,19.32,15.7,15.44,60,69,81,20,15,7,5.16,0.0,0.0,0.0,0.0,0.0,0.0,23.6,53,0,125,ON,OFF,ON,0,34.2,30,0,13492,OFF,OFF,29.4,29.5,25.52,29.4,36.41,9.0,6.0,49.33,38.0,22.58,23,45,39.5,27,93,98,OFF,OFF,100,100,6.122,1.268,1,0,ON,ON,0.922,4.372,0,0,OFF,OFF,14216,1039,100,100,0,0.156,73,674,13,30,32.7,1.8,39.9,40,1.8,23.9,1706,96,9.3,62.44213,378457,21,100,33.1,3,0,0.492,77,37.42,46.35,38.97,95.9,20.4,1.02518,9,35,21,40.1,0,0,0
2021-09-04,17:41:37,21.96,21.78,19.51,19.32,15.7,15.44,60,69,81,20,15,7,5.16,0.0,0.0,0.0,0.0,0.0,0.0,23.6,53,0,125,ON,OFF,ON,0,34.2,30,0,13492,OFF,OFF,29.4,29.5,25.52,29.4,36.41,9.0,6.0,49.33,38.0,22.58,23,45,39.5,27,93,98,OFF,OFF,100,100,6.122,1.268,1,0,ON,ON,0.922,4.372,0,0,OFF,OFF,14216,1039,100,100,0,0.156,73,674,13,30,32.7,1.8,39.9,40,1.8,23.9,1706,96,9.3,62.44213,378457,21,100,33.1,3,0,0.492,77,37.42,46.35,38.97,95.9,20.4,1.02518,9,35,21,40.1,0,0,0
2021-09-04,17:42:07,21.96,21.78,19.51,19.32,15.7,15.44,60,69,81,20,15,7,5.16,0.0,0.0,0.0,0.0,0.0,0.0,23.6,53,0,125,ON,OFF,ON,0,34.2,30,0,13492,OFF,OFF,29.4,29.5,25.52,29.4,36.41,9.0,6.0,49.33,38.0,22.58,23,45,39.5,27,93,98,OFF,OFF,100,100,6.122,1.268,1,0,ON,ON,0.922,4.372,0,0,OFF,OFF,14216,1039,100,100,0,0.156,73,674,13,30,32.7,1.8,39.9,40,1.8,23.9,1706,96,9.3,62.44213,378457,21,100,33.1,3,0,0.492,77,37.42,46.35,38.97,95.9,20.4,1.02518,9,35,21,40.1,0,0,0
2021-09-04,17:42:37,21.96,21.78,19.51,19.32,15.7,15.44,60,69,81,20,15,7,5.16,0.0,0.0,0.0,0.0,0.0,0.0,23.6,53,0,125,ON,OFF,ON,0,34.2,30,0,13492,OFF,OFF,29.4,29.5,25.52,29.4,36.41,9.0,6.0,49.33,38.0,22.58,23,45,39.5,27,93,98,OFF,OFF,100,100,6.122,1.268,1,0,ON,ON,0.922,4.372,0,0,OFF,OFF,14216,1039,100,100,0,0.156,73,674,13,30,32.7,1.8,39.9,40,1.8,23.9,1706,96,9.3,62.44213,378457,21,100,33.1,3,0,0.492,77,37.42,46.35,38.97,95.9,20.4,1.02518,9,35,21,40.1,0,0,0
2021-09-04,17:43:07,21.96,21.78,19.51,19.32,15.7,15.44,60,69,81,20,15,7,5.16,0.0,0.0,0.0,0.0,0.0,0.0,23.6,53,0,125,ON,OFF,ON,0,34.2,30,0,13492,OFF,OFF,29.4,29.5,25.52,29.4,36.41,9.0,6.0,49.33,38.0,22.58,23,45,39.5,27,93,98,OFF,OFF,100,100,6.122,1.268,1,0,ON,ON,0.922,4.372,0,0,OFF,OFF,14216,1039,100,100,0,0.156,73,674,13,30,32.7,1.8,39.9,40,1.8,23.9,1706,96,9.3,62.44213,378457,21,100,33.1,3,0,0.492,77,37.42,46.35,38.97,95.9,20.4,1.02518,9,35,21,40.1,0,0,0
2021-09-04,17:43:37,21.96,21.78,19.51,19.32,15.7,15.44,60,69,81,20,15,7,5.16,0.0,0.0,0.0,0.0,0.0,0.0,23.6,53,0,125,ON,OFF,ON,0,34.2,30,0,13492,OFF,OFF,29.4,29.5,25.52,29.4,36.41,9.0,6.0,49.33,38.0,22.58,23,45,39.5,27,93,98,OFF,OFF,100,100,6.122,1.268,1,0,ON,ON,0.922,4.372,0,0,OFF,OFF,14216,1039,100,100,0,0.156,73,674,13,30,32.7,1.8,39.9,40,1.8,23.9,1706,96,9.3,62.44213,378457,21,100,33.1,3,0,0.492,77,37.42,46.35,38.97,95.9,20.4,1.02518,9,35,21,40.1,0,0,0
2021-09-04,17:44:07,21.96,21.78,19.51,19.32,15.7,15.44,60,69,81,20,15,7,5.16,0.0,0.0,0.0,0.0,0.0,0.0,23.6,53,0,125,ON,OFF,ON,0,34.2,30,0,13492,OFF,OFF,29.4,29.5,25.52,29.4,36.41,9.0,6.0,49.33,38.0,22.58,23,45,39.5,27,93,98,OFF,OFF,100,100,6.122,1.268,1,0,ON,ON,0.922,4.372,0,0,OFF,OFF,14216,1039,100,100,0,0.156,73,674,13,30,32.7,1.8,39.9,40,1.8,23.9,1706,96,9.3,62.44213,378457,21,100,33.1,3,0,0.492,77,37.42,46.35,38.97,95.9,20.4,1.02518,9,35,21,40.1,0,0,0
2021-09-04,17:44:37,21.96,21.78,19.51,19.32,15.7,15.44,60,69,81,20,15,7,5.16,0.0,0.0,0.0,0.0,0.0,0.0,23.6,53,0,125,ON,OFF,ON,0,34.2,30,0,13492,OFF,OFF,29.4,29.5,25.52,29.4,36.41,9.0,6.0,49.33,38.0,22.58,23,45,39.5,27,93,98,OFF,OFF,100,100,6.122,1.268,1,0,ON,ON,0.922,4.372,0,0,OFF,OFF,14216,1039,100,100,0,0.156,73,674,13,30,32.7,1.8,39.9,40,1.8,23.9,1706,96,9.3,62.44213,378457,21,100,33.1,3,0,0.492,77,37.42,46.35,38.97,95.9,20.4,1.02518,9,35,21,40.1,0,0,0
2021-09-04,17:45:07,21.96,21.78,19.51,19.32,15.7,15.44,60,69,81,20,15,7,5.16,0.0,0.0,0.0,0.0,0.0,0.0,23.6,53,0,125,ON,OFF,ON,0,34.2,30,0,13492,OFF,OFF,29.4,29.5,25.52,29.4,36.41,9.0,6.0,49.33,38.0,22.58,23,45,39.5,27,93,98,OFF,OFF,100,100,6.122,1.268,1,0,ON,ON,0.922,4.372,0,0,OFF,OFF,14216,1039,100,100,0,0.156,73,674,13,30,32.7,1.8,39.9,40,1.8,23.9,1706,96,9.3,62.44213,378457,21,100,33.1,3,0,0.492,77,37.42,46.35,38.97,95.9,20.4,1.02518,9,35,21,40.1,0,0,0
2021-09-04,17:45:37,21.96,21.78,19.51,19.32,15.7,15.44,60,69,81,20,15,7,5.16,0.0,0.0,0.0,0.0,0.0,0.0,23.6,53,0,125,ON,OFF,ON,0,34.2,30,0,13492,OFF,OFF,29.4,29.5,25.52,29.4,36.41,9.0,6.0,49.33,38.0,22.58,23,45,39.5,27,93,98,OFF,OFF,100,100,6.122,1.268,1,0,ON,ON,0.922,4.372,0,0,OFF,OFF,14216,1039,100,100,0,0.156,73,674,13,30,32.7,1.8,39.9,40,1.8,23.9,1706,96,9.3,62.44213,378457,21,100,33.1,3,0,0.492,77,37.42,46.35,38.97,95.9,20.4,1.02518,9,35,21,40.1,0,0,0
2021-09-04,17:46:07,21.96,21.78,19.51,19.32,15.7,15.44,60,69,81,20,15,7,5.16,0.0,0.0,0.0,0.0,0.0,0.0,23.6,53,0,125,ON,OFF,ON,0,34.2,30,0,13492,OFF,OFF,29.4,29.5,25.52,29.4,36.41,9.0,6.0,49.33,38.0,22.58,23,45,39.5,27,93,98,OFF,OFF,100,100,6.122,1.268,1,0,ON,ON,0.922,4.372,0,0,OFF,OFF,14216,1039,100,100,0,0.156,73,674,13,30,32.7,1.8,39.9,40,1.8,23.9,1706,96,9.3,62.44213,378457,21,100,33.1,3,0,0.492,77,37.42,46.35,38.97,95.9,20.4,1.02518,9,35,21,40.1,0,0,0
2021-09-04,17:46:37,21.96,21.78,19.51,19.32,15.7,15.44,60,69,81,20,15,7,5.16,0.0,0.0,0.0,0.0,0.0,0.0,23.6,53,0,125,ON,OFF,ON,0,34.2,30,0,13492,OFF,OFF,29.4,29.5,24.86,29.4,35.75,9.0,6.0,49.33,38.0,22.58,23,45,39.5,27,93,98,OFF,OFF,100,100,6.122,1.268,1,0,ON,ON,0.922,4.372,0,0,OFF,OFF,14216,1039,100,100,0,0.156,73,674,13,30,32.7,1.8,39.9,40,1.8,23.9,1706,96,9.3,62.44213,378457,21,100,33.1,3,0,0.492,77,37.42,46.35,38.97,95.9,20.4,1.02518,9,35,21,40.1,0,0,0
2021-09-04,17:47:07,21.96,21.78,19.51,19.32,15.7,15.44,60,69,81,20,15,7,5.16,0.0,0.0,0.0,0.0,0.0,0.0,23.6,53,0,125,ON,OFF,ON,0,34.2,30,0,13492,OFF,OFF,29.4,29.5,24.86,29.4,35.75,9.0,6.0,49.33,38.0,22.58,23,45,39.5,27,93,98,OFF,OFF,100,100,6.122,1.268,1,0,ON,ON,0.922,4.372,0,0,OFF,OFF,14216,1039,100,100,0,0.156,73,674,13,30,32.7,1.8,39.9,40,1.8,23.9,1706,96,9.3,62.44213,378457,21,100,33.1,3,0,0.492,77,37.42,46.35,38.97,95.9,20.4,1.02518,9,35,21,40.1,0,0,0
2021-09-04,17:47:37,21.96,21.78,19.51,19.32,15.7,15.44,60,69,81,20,15,7,5.16,0.0,0.0,0.0,0.0,0.0,0.0,23.6,53,0,125,ON,OFF,ON,0,34.2,30,0,13492,OFF,OFF,29.4,29.5,24.86,29.4,35.75,9.0,6.0,49.33,38.0,22.58,23,45,39.5,27,93,98,OFF,OFF,100,100,6.122,1.268,1,0,ON,ON,0.922,4.372,0,0,OFF,OFF,14216,1039,100,100,0,0.156,73,674,13,30,32.7,1.8,39.9,40,1.8,23.9,1706,96,9.3,62.44213,378457,21,100,33.1,3,0,0.492,77,37.42,46.35,38.97,95.9,20.4,1.02518,9,35,21,40.1,0,0,0
2021-09-04,17:48:07,21.96,21.78,19.51,19.32,15.7,15.44,60,69,81,20,15,7,5.16,0.0,0.0,0.0,0.0,0.0,0.0,23.6,53,0,125,ON,OFF,ON,0,34.2,30,0,13492,OFF,OFF,29.4,29.5,24.86,29.4,35.75,9.0,6.0,49.33,38.0,22.58,23,45,39.5,27,93,98,OFF,OFF,100,100,6.122,1.268,1,0,ON,ON,0.922,4.372,0,0,OFF,OFF,14216,1039,100,100,0,0.156,73,674,13,30,32.7,1.8,39.9,40,1.8,23.9,1706,96,9.3,62.44213,378457,21,100,33.1,3,0,0.492,77,37.42,46.35,38.97,95.9,20.4,1.02518,9,35,21,40.1,0,0,0
2021-09-04,17:48:37,21.96,21.78,19.51,19.32,15.7,15.44,60,69,81,20,15,7,5.16,0.0,0.0,0.0,0.0,0.0,0.0,23.6,53,0,125,ON,OFF,ON,0,34.2,30,0,13492,OFF,OFF,29.4,29.5,24.86,29.4,35.75,9.0,6.0,49.33,38.0,22.58,23,45,39.5,27,93,98,OFF,OFF,100,100,6.122,1.268,1,0,ON,ON,0.922,4.372,0,0,OFF,OFF,14216,1039,100,100,0,0.156,73,674,13,30,32.7,1.8,39.9,40,1.8,23.9,1706,96,9.3,62.44213,378457,21,100,33.1,3,0,0.492,77,37.42,46.35,38.97,95.9,20.4,1.02518,9,35,21,40.1,0,0,0
2021-09-04,17:49:07,21.96,21.78,19.51,19.32,15.7,15.44,60,69,81,20,15,7,5.16,0.0,0.0,0.0,0.0,0.0,0.0,23.6,53,0,125,ON,OFF,ON,0,34.2,30,0,13492,OFF,OFF,29.4,29.5,24.86,29.4,35.75,9.0,6.0,49.33,38.0,22.58,23,45,39.5,27,93,98,OFF,OFF,100,100,6.122,1.268,1,0,ON,ON,0.922,4.372,0,0,OFF,OFF,14216,1039,100,100,0,0.156,73,674,13,30,32.7,1.8,39.9,40,1.8,23.9,1706,96,9.3,62.44213,378457,21,100,33.1,3,0,0.492,77,37.42,46.35,38.97,95.9,20.4,1.02518,9,35,21,40.1,0,0,0
2021-09-04,17:49:37,21.96,21.78,19.51,19.32,15.7,15.44,60,69,81,20,15,7,5.16,0.0,0.0,0.0,0.0,0.0,0.0,23.6,53,0,125,ON,OFF,ON,0,34.2,30,0,13492,OFF,OFF,29.4,29.5,24.86,29.4,35.75,9.0,6.0,49.33,38.0,22.58,23,46,39.5,26.5,93,98,OFF,OFF,100,100,6.122,1.268,1,0,ON,ON,0.922,4.372,0,0,OFF,OFF,14216,1039,100,100,0,0.156,73,674,13,30,32.7,1.8,39.9,40,1.8,23.9,1706,96,9.3,62.44213,378457,21,100,33.1,3,0,0.492,77,37.42,46.35,38.97,95.9,20.4,1.02518,9,35,21,40.1,0,0,0
2021-09-04,17:50:07,21.96,21.78,19.51,19.32,15.7,15.44,60,69,81,20,15,7,5.16,0.0,0.0,0.0,0.0,0.0,0.0,23.6,53,0,125,ON,OFF,ON,0,34.2,30,0,13492,OFF,OFF,29.4,29.5,24.86,29.4,35.75,9.0,6.0,49.33,38.0,22.58,23,46,39.5,26.5,93,98,OFF,OFF,100,100,6.122,1.268,1,0,ON,ON,0.922,4.372,0,0,OFF,OFF,14216,1039,100,100,0,0.156,73,674,13,30,32.7,1.8,39.9,40,1.8,23.9,1706,96,9.3,62.44213,378457,21,100,33.1,3,0,0.492,77,37.42,46.35,38.97,95.9,20.4,1.02518,9,35,21,40.1,0,0,0
2021-09-04,17:50:37,21.96,21.78,19.51,19.32,15.7,15.44,60,69,81,20,15,7,5.16,0.0,0.0,0.0,0.0,0.0,0.0,23.6,53,0,125,ON,OFF,ON,0,34.2,30,0,13492,OFF,OFF,29.4,29.5,24.86,29.4,35.75,9.0,6.0,49.33,38.0,22.58,23,46,39.5,26.5,93,98,OFF,OFF,100,100,6.122,1.268,1,0,ON,ON,0.922,4.372,0,0,OFF,OFF,14216,1039,100,100,0,0.156,73,674,13,30,32.7,1.8,39.9,40,1.8,23.9,1706,96,9.3,62.44213,378457,21,100,33.1,3,0,0.492,77,37.42,46.35,38.97,95.9,20.4,1.02518,9,35,21,40.1,0,0,0
2021-09-04,17:51:07,21.96,21.78,19.51,19.32,15.7,15.44,60,69,81,20,15,7,5.16,0.0,0.0,0.0,0.0,0.0,0.0,23.6,53,0,125,ON,OFF,ON,0,34.2,30,0,13492,OFF,OFF,29.4,29.5,24.86,29.4,35.75,9.0,6.0,49.33,38.0,22.58,23,46,39.5,26.5,93,98,OFF,OFF,100,100,6.122,1.268,1,0,ON,ON,0.922,4.372,0,0,OFF,OFF,14216,1039,100,100,0,0.156,73,674,13,30,32.7,1.8,39.9,40,1.8,23.9,1706,96,9.3,62.44213,378457,21,100,33.1,3,0,0.492,77,37.42,46.35,38.97,95.9,20.4,1.02518,9,35,21,40.1,0,0,0
2021-09-04,17:51:37,21.96,21.78,19.51,19.32,15.7,15.44,60,69,81,20,15,7,5.16,0.0,0.0,0.0,0.0,0.0,0.0,23.6,53,0,125,ON,OFF,ON,0,34.2,30,0,13492,OFF,OFF,29.4,29.5,24.86,29.4,35.75,9.0,6.0,49.33,38.0,22.58,23,46,39.5,26.5,93,98,OFF,OFF,100,100,6.122,1.268,1,0,ON,ON,0.922,4.372,0,0,OFF,OFF,14216,1039,100,100,0,0.156,73,674,13,30,32.7,1.8,39.9,40,1.8,23.9,1706,96,9.3,62.44213,378457,21,100,33.1,3,0,0.492,77,37.42,46.35,38.97,95.9,20.4,1.02518,9,35,21,40.1,0,0,0
2021-09-04,17:52:07,21.96,21.78,19.51,19.32,15.7,15.44,60,69,81,20,15,7,5.16,0.0,0.0,0.0,0.0,0.0,0.0,23.6,53,0,125,ON,OFF,ON,0,34.2,30,0,13492,OFF,OFF,29.4,29.5,24.86,29.4,35.75,9.0,6.0,49.33,38.0,22.58,23,46,39.5,26.5,93,98,OFF,OFF,100,100,6.122,1.268,1,0,ON,ON,0.922,4.372,0,0,OFF,OFF,14216,1039,100,100,0,0.156,73,674,13,30,32.7,1.8,39.9,40,1.8,23.9,1706,96,9.3,62.44213,378457,21,100,33.1,3,0,0.492,77,37.42,46.35,38.97,95.9,20.4,1.02518,9,35,21,40.1,0,0,0
2021-09-04,17:52:37,21.96,21.78,19.51,19.32,15.7,15.44,60,69,81,20,15,7,5.16,0.0,0.0,0.0,0.0,0.0,0.0,23.6,53,0,125,ON,OFF,ON,0,34.2,30,0,13492,OFF,OFF,29.4,29.5,24.86,29.4,35.09,9.0,6.0,49.33,38.0,22.58,23,46,39.5,26.5,93,98,OFF,OFF,100,100,6.122,1.268,1,0,ON,ON,0.922,4.372,0,0,OFF,OFF,14216,1039,100,100,0,0.156,73,674,13,30,33.2,1.8,39.9,40,1.8,23.9,1706,96,9.3,62.44213,378457,21,100,33.1,3,0,0.492,77,37.42,46.35,38.97,95.9,20.4,1.02518,9,35,21,40.1,0,0,0
2021-09-04,17:53:07,21.96,21.78,19.51,19.32,15.7,15.44,60,69,81,20,15,7,5.16,0.0,0.0,0.0,0.0,0.0,0.0,23.6,53,0,125,ON,OFF,ON,0,34.2,30,0,13492,OFF,OFF,29.4,29.5,24.86,29.4,35.09,9.0,6.0,49.33,38.0,22.58,23,46,39.5,26.5,93,98,OFF,OFF,100,100,6.122,1.268,1,0,ON,ON,0.922,4.372,0,0,OFF,OFF,14216,1039,100,100,0,0.156,73,674,13,30,33.2,1.8,39.9,40,1.8,23.9,1706,96,9.3,62.44213,378457,21,100,33.1,3,0,0.492,77,37.42,46.35,38.97,95.9,20.4,1.02518,9,35,21,40.1,0,0,0
2021-09-04,17:53:37,21.96,21.78,19.51,19.32,15.7,15.44,60,69,81,20,15,7,5.16,0.0,0.0,0.0,0.0,0.0,0.0,23.6,53,0,125,ON,OFF,ON,0,34.2,30,0,13492,OFF,OFF,29.4,29.5,24.86,29.4,35.09,9.0,6.0,49.33,38.0,22.58,23,46,39.5,26.5,93,98,OFF,OFF,100,100,6.122,1.268,1,0,ON,ON,0.922,4.372,0,0,OFF,OFF,14216,1039,100,100,0,0.156,73,674,13,30,33.2,1.8,39.9,40,1.8,23.9,1706,96,9.3,62.44213,378457,21,100,33.1,3,0,0.492,77,37.42,46.35,38.97,95.9,20.4,1.02518,9,35,21,40.1,0,0,0
2021-09-04,17:54:24,21.96,21.78,19.51,19.32,15.7,15.44,60,69,81,20,15,7,5.16,0.0,0.0,0.0,0.0,0.0,0.0,23.6,53,0,125,ON,OFF,ON,0,34.2,30,0,13492,OFF,OFF,29.4,29.5,24.86,29.4,35.09,9.0,6.0,49.33,38.0,22.58,23,46,39.5,26.5,93,98,OFF,OFF,100,100,6.122,1.268,1,0,ON,ON,0.922,4.372,0,0,OFF,OFF,14216,1039,100,100,0,0.156,73,674,13,30,33.2,1.8,39.9,40,1.8,23.9,1706,96,9.3,62.44213,378457,21,100,33.1,3,0,0.492,77,37.42,46.35,38.97,95.9,20.4,1.02518,9,35,21,40.1,0,0,0
2021-09-04,17:54:55,21.96,21.78,19.51,19.32,15.7,15.44,60,69,81,20,15,7,5.16,0.0,0.0,0.0,0.0,0.0,0.0,23.6,53,0,125,ON,OFF,ON,0,34.2,30,0,13492,OFF,OFF,29.4,29.5,24.86,29.4,35.09,9.0,6.0,49.33,38.0,22.58,23,46,39.5,26.5,93,98,OFF,OFF,100,100,6.122,1.268,1,0,ON,ON,0.922,4.372,0,0,OFF,OFF,14216,1039,100,100,0,0.156,73,674,13,30,33.2,1.8,39.9,40,1.8,23.9,1706,96,9.3,62.44213,378457,21,100,33.1,3,0,0.492,77,37.42,46.35,38.97,95.9,20.4,1.02518,9,35,21,40.1,0,0,0
2021-09-04,17:55:25,21.96,21.78,19.51,19.32,15.7,15.44,60,69,81,20,15,7,5.16,0.0,0.0,0.0,0.0,0.0,0.0,23.6,53,0,125,ON,OFF,ON,0,34.2,30,0,13492,OFF,OFF,29.4,29.5,24.86,29.4,35.09,9.0,6.0,49.33,38.0,22.58,23,46,39.5,26,93,98,OFF,OFF,100,100,6.122,1.268,1,0,ON,ON,0.922,4.372,0,0,OFF,OFF,14216,1039,100,100,0,0.156,73,674,13,30,33.2,1.8,39.9,40,1.8,23.9,1706,96,9.3,62.44213,378457,21,100,33.1,3,0,0.492,77,37.42,46.35,38.97,95.9,20.4,1.02518,9,35,21,40.1,0,0,0
2021-09-04,17:55:55,21.96,21.78,19.51,19.32,15.7,15.44,60,69,81,20,15,7,5.16,0.0,0.0,0.0,0.0,0.0,0.0,23.6,53,0,125,ON,OFF,ON,0,34.2,30,0,13492,OFF,OFF,29.4,29.5,24.86,29.4,35.09,9.0,6.0,49.33,38.0,22.58,22,46,39.5,26,93,98,OFF,OFF,100,100,6.122,1.268,1,0,ON,ON,0.922,4.372,0,0,OFF,OFF,14216,1039,100,100,0,0.156,73,674,13,30,33.2,1.8,39.9,40,1.8,23.9,1706,96,9.3,62.44213,378457,21,100,33.1,3,0,0.492,77,37.42,46.35,38.97,95.9,20.4,1.02518,9,35,21,40.1,0,0,0
2021-09-04,17:56:25,21.96,21.78,19.51,19.32,15.7,15.44,60,69,81,20,15,7,5.16,0.0,0.0,0.0,0.0,0.0,0.0,23.6,53,0,125,ON,OFF,ON,0,34.2,30,0,13492,OFF,OFF,29.4,29.5,24.86,29.4,35.09,9.0,6.0,49.33,38.0,22.58,22,46,39.5,26,93,98,OFF,OFF,100,100,6.122,1.268,1,0,ON,ON,0.922,4.372,0,0,OFF,OFF,14216,1039,100,100,0,0.156,73,674,13,30,33.2,1.8,39.9,40,1.8,23.9,1706,96,9.3,62.44213,378457,21,100,33.1,3,0,0.492,77,37.42,46.35,38.97,95.9,20.4,1.02518,9,35,21,40.1,0,0,0
2021-09-04,17:56:55,21.96,21.78,19.51,19.32,15.7,15.44,60,69,81,20,15,7,5.16,0.0,0.0,0.0,0.0,0.0,0.0,23.6,53,0,125,ON,OFF,ON,0,34.2,30,0,13492,OFF,OFF,29.4,29.5,24.86,29.4,35.09,9.0,6.0,49.33,38.0,22.58,22,46,39.5,26,93,98,OFF,OFF,100,100,6.122,1.268,1,0,ON,ON,0.922,4.372,0,0,OFF,OFF,9157,1039,100,100,0,0.156,73,674,13,30,33.2,1.8,39.9,40,1.8,23.9,1706,96,9.3,62.44213,378457,21,100,33.1,3,0,0.492,77,37.42,46.35,38.97,95.9,20.4,1.02518,9,35,21,40.1,0,0,0
2021-09-04,17:57:25,21.96,21.78,19.51,19.32,15.7,15.44,60,69,81,20,15,7,5.16,0.0,0.0,0.0,0.0,0.0,0.0,23.6,53,0,125,ON,OFF,ON,0,34.2,30,0,13492,OFF,OFF,29.4,29.5,24.86,29.4,35.09,9.0,6.0,49.33,38.0,22.58,22,46,39.5,26,93,98,OFF,OFF,100,100,6.122,1.268,1,0,ON,ON,0.922,4.372,0,0,OFF,OFF,9157,1039,100,100,0,0.156,73,674,13,30,33.6,1.8,39.9,40,1.8,23.9,1706,96,9.3,62.44213,378457,21,100,33.1,3,0,0.492,77,37.42,46.35,38.97,95.9,20.4,1.02518,9,35,21,40.1,0,0,0
2021-09-04,17:57:55,21.96,21.78,19.51,19.32,15.7,15.44,60,69,81,20,15,7,5.16,0.0,0.0,0.0,0.0,0.0,0.0,23.6,53,0,125,ON,OFF,ON,0,34.2,30,0,13492,OFF,OFF,29.4,29.5,24.2,29.4,35.09,9.0,6.0,49.33,38.0,22.58,22,46,39.5,26,93,98,OFF,OFF,100,100,6.122,1.268,1,0,ON,ON,0.922,4.372,0,0,OFF,OFF,9157,1039,100,100,0,0.156,73,674,12.5,28,33.6,1.8,39.5,41,1.8,23.9,1706,96,9.3,62.44213,378457,21,100,33.1,3,0,0.492,77,37.42,46.35,38.97,95.9,20.4,1.02518,9,35,21,40.1,0,0,0
2021-09-04,17:58:25,21.96,21.78,19.51,19.32,15.7,15.44,60,69,81,20,15,7,5.16,0.0,0.0,0.0,0.0,0.0,0.0,23.6,53,0,125,ON,OFF,ON,0,34.2,30,0,13492,OFF,OFF,29.4,29.5,24.2,29.4,35.09,9.0,6.0,49.33,38.0,22.58,22,46,39.5,26,93,98,OFF,OFF,100,100,6.122,1.268,1,0,ON,ON,0.922,4.372,0,0,OFF,OFF,9157,1039,100,100,0,0.156,73,674,12.5,28,33.7,1.8,39.5,41,1.8,23.9,1706,96,9.3,62.44213,378457,21,100,33.1,3,0,0.492,77,37.42,46.35,38.97,95.9,20.4,1.02518,9,35,21,40.1,0,0,0
2021-09-04,17:58:56,21.96,21.78,19.51,19.32,15.7,15.44,60,69,81,20,15,7,5.16,0.0,0.0,0.0,0.0,0.0,0.0,23.6,53,0,125,ON,OFF,ON,0,34.2,30,0,13492,OFF,OFF,29.4,29.5,24.2,29.4,34.43,9.0,6.0,49.33,38.0,22.58,22,46,39.5,25.5,93,98,OFF,OFF,100,100,6.122,1.268,1,0,ON,ON,0.922,4.372,0,0,OFF,OFF,9157,1039,100,100,0,0.156,73,674,12.5,28,33.7,1.8,39.5,41,1.8,23.9,1706,96,9.3,62.44213,378457,21,100,33.1,3,0,0.492,77,37.42,46.35,38.97,95.9,20.4,1.02518,9,35,21,40.1,0,0,0
2021-09-04,17:59:26,21.96,21.78,19.51,19.32,15.7,15.44,60,69,81,20,15,7,5.16,0.0,0.0,0.0,0.0,0.0,0.0,23.6,53,0,125,ON,OFF,ON,0,34.2,30,0,13492,OFF,OFF,29.4,29.5,24.2,29.4,34.43,9.0,6.0,49.33,38.0,27.59,22,46,39.5,26,93,98,OFF,OFF,100,100,6.122,1.268,1,0,ON,ON,0.922,4.372,0,0,OFF,OFF,9157,1039,100,100,0,0.156,73,674,12.5,28,33.7,1.8,39.5,41,1.8,23.9,1706,96,9.3,62.44213,378457,21,100,33.1,3,0,0.492,77,37.42,46.35,38.97,95.9,20.4,1.02518,9,35,21,40.1,0,0,0
2021-09-04,17:59:56,21.96,21.78,19.51,19.32,15.7,15.44,60,69,81,20,15,7,5.16,0.0,0.0,0.0,0.0,0.0,0.0,23.6,53,0,125,ON,OFF,ON,0,34.2,30,0,13492,OFF,OFF,29.4,29.5,24.2,29.4,34.43,9.0,6.0,49.33,38.0,27.59,22,46,39.5,25.5,93,98,OFF,OFF,100,100,6.122,1.268,1,0,ON,ON,0.922,4.372,0,0,OFF,OFF,9157,1039,100,100,0,0.156,73,674,12.5,28,33.7,1.8,39.5,41,1.8,23.9,1706,96,9.3,62.44213,378457,21,100,33.1,3,0,0.492,77,37.42,46.35,38.97,95.9,20.4,1.02518,9,35,21,40.1,0,0,0
2021-09-04,18:00:26,21.96,21.78,19.51,19.32,15.7,15.44,60,69,81,20,15,7,5.16,0.0,0.0,0.0,0.0,0.0,0.0,23.6,53,0,125,ON,OFF,ON,0,34.2,30,0,13492,OFF,OFF,29.4,29.5,24.2,29.4,34.43,9.0,6.0,49.33,38.0,27.59,22,46,39.5,25.5,93,98,OFF,OFF,100,100,6.122,1.268,1,0,ON,ON,0.922,4.372,0,0,OFF,OFF,9157,1039,100,100,0,0.156,73,674,12.5,28,33.7,1.8,39.5,41,1.8,23.9,1706,96,9.3,62.44213,378457,21,100,33.1,3,0,0.492,77,37.42,46.35,38.97,95.9,20.4,1.02518,9,35,21,40.1,0,0,0
2021-09-04,18:00:56,21.96,21.78,19.51,19.32,15.7,15.44,60,69,81,20,15,7,5.16,0.0,0.0,0.0,0.0,0.0,0.0,23.6,53,0,125,ON,OFF,ON,0,34.2,30,0,13492,OFF,OFF,29.4,29.5,24.2,29.4,34.43,9.0,6.0,49.33,38.0,27.59,22,46,39.5,25.5,93,98,OFF,OFF,100,100,6.122,1.268,1,0,ON,ON,0.922,4.372,0,0,OFF,OFF,9157,1039,100,100,0,0.156,73,674,12.5,28,33.7,1.8,39.5,41,12.135,23.9,1706,96,9.3,62.44213,378457,21,100,33.1,3,0,0.492,77,37.42,46.35,38.97,95.9,20.4,1.02518,9,35,21,40.1,0,0,0
2021-09-04,18:01:26,21.96,21.78,19.51,19.32,15.7,15.44,60,69,81,20,15,7,5.16,0.0,0.0,0.0,0.0,0.0,0.0,23.6,53,0,125,ON,OFF,ON,0,34.2,30,0,13492,OFF,OFF,29.4,29.5,24.2,29.4,34.43,9.0,6.0,49.33,38.0,27.59,22,46,39.5,25.5,93,98,OFF,OFF,100,100,6.122,1.268,1,0,ON,ON,0.922,4.372,0,0,OFF,OFF,9157,1039,100,100,0,0.156,73,674,12.5,28,34.3,1.8,39.5,41,12.135,23.9,1706,96,9.3,62.44213,378457,21,100,33.1,3,0,0.492,77,37.42,46.35,38.97,95.9,20.4,1.02518,9,35,21,40.1,0,0,0
2021-09-04,18:01:56,21.96,21.78,19.51,19.32,15.7,15.44,60,69,81,20,15,7,5.16,0.0,0.0,0.0,0.0,0.0,0.0,23.6,53,0,125,ON,OFF,ON,0,34.2,30,0,13492,OFF,OFF,29.4,29.5,24.2,29.4,34.43,9.0,6.0,49.33,38.0,27.59,22,46,39,25.5,93,98,OFF,OFF,100,100,6.122,1.268,1,0,ON,ON,0.922,4.372,0,0,OFF,OFF,9157,1039,100,100,0,0.156,73,674,12.5,28,34.3,1.8,39.5,41,12.135,23.9,1706,96,9.3,62.44213,378457,21,100,33.1,3,0,0.492,77,37.42,46.35,38.97,95.9,20.4,1.02518,9,37,55,38.9,0,0,0
2021-09-04,18:02:26,21.96,21.78,19.51,19.32,15.7,15.44,60,69,81,20,15,7,5.16,0.0,0.0,0.0,0.0,0.0,0.0,23.6,53,0,125,ON,OFF,ON,0,34.2,30,0,13492,OFF,OFF,29.4,29.5,24.2,29.4,34.43,9.0,6.0,49.33,38.0,27.59,22,46,39,25.5,93,98,OFF,OFF,100,100,6.122,1.268,1,0,ON,ON,0.922,4.372,0,0,OFF,OFF,9157,1039,100,100,0,0.156,73,674,12.5,28,34.3,1.8,39.5,41,12.135,23.9,1706,96,9.3,62.44213,378457,21,100,33.1,3,0,0.492,77,37.42,46.35,38.97,95.9,20.4,1.02518,9,37,55,38.9,0,0,0
2021-09-04,18:02:57,21.96,21.78,19.51,19.32,15.7,15.44,60,69,81,20,15,7,5.16,0.0,0.0,0.0,0.0,0.0,0.0,23.6,53,0,125,ON,OFF,ON,0,34.2,30,0,13492,OFF,OFF,29.4,29.5,24.2,29.4,34.43,9.0,6.0,49.33,38.0,27.59,22,46,39,25.5,93,98,OFF,OFF,100,100,6.122,1.268,1,0,ON,ON,0.922,4.372,0,0,OFF,OFF,9157,1039,100,100,0,0.156,73,674,12.5,28,34.3,1.8,39.4,41,12.135,23.9,1706,96,9.3,62.44213,378457,21,100,33.1,3,0,0.492,77,37.42,46.35,38.97,95.9,20.4,1.02518,9,37,55,38.9,0,0,0
2021-09-04,18:03:38,21.96,21.78,19.51,19.32,15.7,15.44,60,69,81,20,15,7,5.16,0.0,0.0,0.0,0.0,0.0,0.0,23.6,53,0,125,ON,OFF,ON,0,34.2,30,0,13492,OFF,OFF,29.4,29.5,24.2,29.4,34.43,9.0,6.0,49.33,38.0,27.59,22,46,39,25.5,93,98,OFF,OFF,100,100,6.122,1.268,1,0,ON,ON,0.922,4.372,0,0,OFF,OFF,9157,1039,100,100,0,0.156,73,674,12.5,28,34.3,1.8,39.4,41,12.135,23.9,1706,96,9.3,62.44213,378457,21,100,33.1,3,0,0.492,77,37.42,46.35,38.97,95.9,20.4,1.02518,9,37,55,38.9,0,0,0
2021-09-04,18:04:08,21.96,21.78,19.51,19.32,15.7,15.44,60,69,81,20,15,7,5.16,0.0,0.0,0.0,0.0,0.0,0.0,23.6,53,0,125,ON,OFF,ON,0,34.2,30,0,13492,OFF,OFF,29.4,29.5,24.2,29.4,34.43,9.0,6.0,49.33,38.0,27.59,22,46,39,25.5,93,98,OFF,OFF,100,100,6.122,1.268,1,0,ON,ON,0.922,4.372,0,0,OFF,OFF,9157,1039,100,100,0,0.156,73,674,12.5,28,34.3,1.8,39.4,41,12.135,23.9,1706,96,9.3,62.44213,378457,21,100,33.1,3,0,0.492,77,37.42,46.35,38.97,95.9,20.4,1.02518,9,37,55,38.9,0,0,0
2021-09-04,18:04:38,21.96,21.78,19.51,19.32,15.7,15.44,60,69,81,20,15,7,5.16,0.0,0.0,0.0,0.0,0.0,0.0,23.6,53,0,125,ON,OFF,ON,0,34.2,30,0,13492,OFF,OFF,29.4,29.5,24.2,29.4,34.43,9.0,6.0,49.33,38.0,27.59,22,46,39,25.5,93,98,OFF,OFF,100,100,6.122,1.268,1,0,ON,ON,0.922,4.372,0,0,OFF,OFF,9157,1039,100,100,0,0.156,73,674,12.5,28,34.3,1.8,39.4,41,12.135,23.9,1706,96,9.3,62.44213,378457,21,100,33.1,3,0,0.492,77,37.42,46.35,38.97,95.9,20.4,1.02518,9,37,55,38.9,0,0,0
2021-09-04,18:05:07,21.96,21.78,19.51,19.32,15.7,15.44,60,69,81,20,15,7,5.16,0.0,0.0,0.0,0.0,0.0,0.0,23.6,53,0,125,ON,OFF,ON,0,34.2,30,0,13492,OFF,OFF,29.4,29.5,24.2,29.4,34.43,9.0,6.0,49.33,38.0,27.59,22,46,39,25.5,93,98,OFF,OFF,100,100,6.123,1.268,1,0,ON,ON,0.922,4.372,0,0,OFF,OFF,9157,1039,100,100,0,0.156,73,674,12.5,28,34.3,1.8,39.4,41,12.135,23.9,1706,96,9.3,62.44213,378457,21,100,33.1,3,0,0.492,77,37.42,46.35,38.97,95.9,20.4,1.02518,9,37,55,38.9,0,0,0
2021-09-04,18:05:37,21.96,21.78,19.51,19.32,15.7,15.44,60,69,81,20,15,7,5.16,0.0,0.0,0.0,0.0,0.0,0.0,23.6,53,0,125,ON,OFF,ON,0,34.2,30,0,13492,OFF,OFF,29.4,29.5,24.2,29.4,34.43,9.0,6.0,49.33,38.0,27.59,22,46,39,25.5,93,98,OFF,OFF,100,100,6.123,1.268,1,0,ON,ON,0.922,4.372,0,0,OFF,OFF,9157,1039,100,100,0,0.156,73,674,12.5,28,34.3,1.8,39.4,41,12.135,23.9,1706,96,9.3,62.44213,378457,21,100,33.1,3,0,0.492,77,37.42,46.35,38.97,95.9,20.4,1.02518,9,37,55,38.9,0,0,0
2021-09-04,18:06:07,21.96,21.78,19.51,19.32,15.7,15.44,60,69,81,20,15,7,5.16,0.0,0.0,0.0,0.0,0.0,0.0,23.6,53,0,125,ON,OFF,ON,0,34.2,30,0,13492,OFF,OFF,29.4,29.5,24.2,29.4,34.43,9.0,6.0,49.33,38.0,27.59,22,46,39,25.5,93,98,OFF,OFF,100,100,6.123,1.268,1,0,ON,ON,0.922,4.372,0,0,OFF,OFF,9157,1039,100,100,0,0.156,73,674,12.5,28,34.3,1.8,39.4,41,12.135,23.9,1706,96,9.3,62.44213,378457,21,100,33.1,3,0,0.492,77,37.42,46.35,38.97,95.9,20.4,1.02518,9,37,55,38.9,0,0,0
2021-09-04,18:06:37,21.96,21.78,19.51,19.32,15.7,15.44,60,69,81,20,15,7,5.16,0.0,0.0,0.0,0.0,0.0,0.0,23.6,53,0,125,ON,OFF,ON,0,34.2,30,0,13492,OFF,OFF,29.4,29.5,24.2,29.4,34.43,9.0,6.0,49.33,38.0,27.59,22,46,39,25.5,93,98,OFF,OFF,100,100,6.123,1.268,1,0,ON,ON,0.922,4.372,0,0,OFF,OFF,9157,1039,100,100,0,0.156,73,674,12.5,28,34.3,1.8,39.4,41,12.135,23.9,1706,96,9.3,62.44213,378457,21,100,33.1,3,0,0.492,77,37.42,46.35,38.97,95.9,20.4,1.02518,9,37,55,38.9,0,0,0
2021-09-04,18:07:07,21.96,21.78,19.51,19.32,15.7,15.44,60,69,81,20,15,7,5.16,0.0,0.0,0.0,0.0,0.0,0.0,23.6,53,0,125,ON,OFF,ON,0,34.2,30,0,13492,OFF,OFF,29.4,29.5,24.2,29.4,33.77,9.0,6.0,49.33,38.0,27.59,22,46,39,25.5,93,98,OFF,OFF,100,100,6.123,1.268,1,0,ON,ON,0.922,4.372,0,0,OFF,OFF,9157,1039,100,100,0,0.156,73,674,12.5,28,34.3,1.8,39.4,41,12.135,23.9,1706,96,9.3,62.44213,378457,21,100,33.1,3,0,0.492,77,37.42,46.35,38.97,95.9,20.4,1.02518,9,37,55,38.9,0,0,0
2021-09-04,18:07:37,21.96,21.78,19.51,19.32,15.7,15.44,60,69,81,20,15,7,5.16,0.0,0.0,0.0,0.0,0.0,0.0,23.6,53,0,125,ON,OFF,ON,0,34.2,30,0,13492,OFF,OFF,29.4,29.5,24.2,29.4,33.77,9.0,6.0,49.33,38.0,27.59,22,46,39,25.5,93,98,OFF,OFF,100,100,6.123,1.268,1,0,ON,ON,0.922,4.372,0,0,OFF,OFF,9157,1039,100,100,0,0.156,73,674,12.5,28,34.3,1.8,39.4,41,12.135,23.9,1706,96,9.3,62.44213,378457,21,100,33.1,3,0,0.492,77,37.42,46.35,38.97,95.9,20.4,1.02518,9,37,55,38.9,0,0,0
2021-09-04,18:08:07,21.96,21.78,19.51,19.32,15.7,15.44,60,69,81,20,15,7,5.16,0.0,0.0,0.0,0.0,0.0,0.0,23.6,53,0,125,ON,OFF,ON,0,34.2,30,0,13492,OFF,OFF,29.4,29.5,24.2,29.4,33.77,9.0,6.0,49.33,38.0,27.59,22,46,39,25.5,93,98,OFF,OFF,100,100,6.123,1.268,1,0,ON,ON,0.922,4.372,0,0,OFF,OFF,9157,1039,100,100,0,0.156,73,674,12.5,28,34.3,1.8,39.4,41,12.135,23.9,1706,96,9.3,62.44213,378457,21,100,33.1,3,0,0.492,77,37.42,46.35,38.97,95.9,20.4,1.02518,9,37,55,38.9,0,0,0
2021-09-04,18:08:37,21.96,21.78,19.51,19.32,15.7,15.44,60,69,81,20,15,7,5.16,0.0,0.0,0.0,0.0,0.0,0.0,23.6,53,0,125,ON,OFF,ON,0,34.2,30,0,13492,OFF,OFF,29.4,29.5,24.2,29.4,33.77,9.0,6.0,49.33,38.0,27.59,22,46,39,25.5,93,98,OFF,OFF,100,100,6.123,1.268,1,0,ON,ON,0.922,4.372,0,0,OFF,OFF,9157,1039,100,100,0,0.156,73,674,12.5,25,34.3,1.8,39.4,41,12.135,23.9,1706,96,9.3,62.44213,378457,21,100,33.1,3,0,0.492,77,37.42,46.35,38.97,95.9,20.4,1.02518,9,37,55,38.9,0,0,0
2021-09-04,18:09:07,21.96,21.78,19.51,19.32,15.7,15.44,60,69,81,20,15,7,5.16,0.0,0.0,0.0,0.0,0.0,0.0,23.6,53,0,125,ON,OFF,ON,0,34.2,30,0,13492,OFF,OFF,29.4,29.5,24.2,29.4,33.77,9.0,6.0,49.33,38.0,27.59,22,46,39,25.5,93,98,OFF,OFF,100,100,6.123,1.268,1,0,ON,ON,0.922,4.372,0,0,OFF,OFF,8326,1039,100,100,0,0.156,73,674,12.5,25,34.3,1.8,39.4,41,12.135,23.9,1706,96,9.3,62.44213,378457,21,100,33.1,3,0,0.492,77,37.42,46.35,38.97,95.9,20.4,1.02518,9,37,55,38.9,0,0,0
2021-09-04,18:09:54,21.96,21.78,19.51,19.32,15.7,15.44,60,69,81,20,15,7,5.16,0.0,0.0,0.0,0.0,0.0,0.0,23.6,53,0,125,ON,OFF,ON,0,34.2,30,0,13492,OFF,OFF,29.4,29.5,24.2,29.4,33.77,9.0,6.0,49.33,38.0,27.59,22,46,39,25.5,93,98,OFF,OFF,100,100,6.123,1.268,1,0,ON,ON,0.922,4.372,0,0,OFF,OFF,8326,1039,100,100,0,0.156,73,674,12.5,25,34.3,1.8,39.4,41,12.135,23.9,1706,96,9.3,62.44213,378457,21,100,33.1,3,0,0.492,77,37.42,46.35,38.97,95.9,20.4,1.02518,9,37,55,38.9,0,0,0
2021-09-04,18:10:24,21.96,21.78,19.51,19.32,15.7,15.44,60,69,81,20,15,7,5.16,0.0,0.0,0.0,0.0,0.0,0.0,23.6,53,0,125,ON,OFF,ON,0,34.2,30,0,13492,OFF,OFF,29.4,29.5,24.2,29.4,33.77,9.0,6.0,49.33,38.0,27.59,22,46,39,25.5,93,98,OFF,OFF,100,100,6.123,1.268,1,0,ON,ON,0.922,4.372,0,0,OFF,OFF,8326,1039,100,100,0,0.156,73,674,12.5,25,34.3,0.007,39.4,41,0.007,23.9,1706,96,9.3,62.44213,378457,21,100,33.1,3,0,0.492,77,37.42,46.35,38.97,95.9,20.4,1.02518,9,37,55,38.9,0,0,0
2021-09-04,18:10:54,21.96,21.78,19.51,19.32,15.7,15.44,60,69,81,20,15,7,5.16,0.0,0.0,0.0,0.0,0.0,0.0,23.6,53,0,125,ON,OFF,ON,0,34.2,30,0,13492,OFF,OFF,29.4,29.5,24.2,29.4,33.77,9.0,6.0,49.33,38.0,27.59,22,46,39,25.5,93,98,OFF,OFF,100,100,6.123,1.268,1,0,ON,ON,0.922,4.372,0,0,OFF,OFF,8326,1039,100,100,0,0.156,73,674,12.5,25,34.3,0.007,39.4,41,0.007,23.9,1706,96,9.3,62.44213,378457,21,100,33.1,3,0,0.492,77,37.42,46.35,38.97,95.9,20.4,1.02518,9,37,55,38.9,0,0,0
2021-09-04,18:11:24,21.96,21.78,19.51,19.32,15.7,15.44,60,69,81,20,15,7,5.16,0.0,0.0,0.0,0.0,0.0,0.0,23.6,53,0,125,ON,OFF,ON,0,34.2,30,0,13492,OFF,OFF,29.4,29.5,24.2,29.4,33.77,9.0,6.0,49.33,38.0,27.59,22,46,39,25.5,93,98,OFF,OFF,100,100,6.123,1.268,1,0,ON,ON,0.922,4.372,0,0,OFF,OFF,8326,1039,100,100,0,0.156,73,674,12.5,25,34.3,0.007,39.4,41,0.007,23.9,1706,96,9.3,62.44213,378457,21,100,33.1,3,0,0.492,77,37.42,46.35,38.97,95.9,20.4,1.02518,9,37,55,38.9,0,0,0
2021-09-04,18:11:54,21.96,21.78,19.51,19.32,15.7,15.44,60,69,81,20,15,7,5.16,0.0,0.0,0.0,0.0,0.0,0.0,23.6,53,0,125,ON,OFF,ON,0,34.2,30,0,13492,OFF,OFF,29.4,29.5,24.2,29.4,33.77,9.0,6.0,49.33,38.0,27.59,22,46,39,25.5,93,98,OFF,OFF,100,100,6.123,1.268,1,0,ON,ON,0.922,4.372,0,0,OFF,OFF,8326,1039,100,100,0,0.156,73,674,12.5,25,34.3,0.007,39.4,41,0.007,23.9,1706,96,9.3,62.44213,378457,21,100,33.1,3,0,0.492,77,37.42,46.35,38.97,95.9,20.4,1.02518,9,37,55,38.9,0,0,0
2021-09-04,18:12:29,21.96,21.78,19.51,19.32,15.7,15.44,60,69,81,20,15,7,5.16,0.0,0.0,0.0,0.0,0.0,0.0,23.6,53,0,125,ON,OFF,ON,0,34.2,30,0,13492,OFF,OFF,29.4,29.5,24.2,29.4,33.77,9.0,6.0,49.33,38.0,27.59,22,46,39,25.5,93,98,OFF,OFF,100,100,6.123,1.268,1,0,ON,ON,0.922,4.372,0,0,OFF,OFF,8326,1039,100,100,0,0.156,73,674,12.5,25,34.3,0.007,39.4,41,0.007,23.9,1706,96,9.3,62.44213,378457,21,100,33.1,3,0,0.492,77,37.42,46.35,38.97,95.9,20.4,1.02518,9,37,55,38.9,0,0,0
2021-09-04,18:12:59,21.96,21.78,19.51,19.32,15.7,15.44,60,69,81,20,15,7,5.16,0.0,0.0,0.0,0.0,0.0,0.0,23.6,53,0,125,ON,OFF,ON,0,34.2,30,0,13492,OFF,OFF,29.4,29.5,24.2,29.4,33.77,9.0,6.0,49.33,38.0,27.59,22,46,39,25.5,93,98,OFF,OFF,100,100,6.123,1.268,1,0,ON,ON,0.922,4.372,0,0,OFF,OFF,8326,1039,100,100,0,0.156,73,674,12.5,25,34.3,0.007,39.4,41,0.007,23.9,1706,96,9.3,62.44213,378457,21,100,33.1,3,0,0.492,77,37.42,46.35,38.97,95.9,20.4,1.02518,9,37,55,38.9,0,0,0
2021-09-04,18:13:29,21.96,21.78,19.51,19.32,15.7,15.44,60,69,81,20,15,7,5.16,0.0,0.0,0.0,0.0,0.0,0.0,23.6,53,0,125,ON,OFF,ON,0,34.2,30,0,13492,OFF,OFF,29.4,29.5,24.2,29.4,33.77,9.0,6.0,49.33,38.0,27.59,22,46,39,25.5,93,98,OFF,OFF,100,100,6.123,1.268,1,0,ON,ON,0.922,4.372,0,0,OFF,OFF,8326,1039,100,100,0,0.156,73,674,12.5,25,34.3,0.007,39.4,41,0.007,23.9,1706,96,9.3,62.44213,378457,21,100,33.1,3,0,0.492,77,37.42,46.35,38.97,95.9,20.4,1.02518,9,37,55,38.9,0,0,0
2021-09-04,18:13:59,21.96,21.78,19.51,19.32,15.7,15.44,60,69,81,20,15,7,5.16,0.0,0.0,0.0,0.0,0.0,0.0,23.6,53,0,125,ON,OFF,ON,0,34.2,30,0,13492,OFF,OFF,29.4,29.5,24.2,29.4,33.77,9.0,6.0,49.33,38.0,27.59,22,46,39,25.5,93,98,OFF,OFF,100,100,6.123,1.268,1,0,ON,ON,0.922,4.372,0,0,OFF,OFF,8326,1039,100,100,0,0.156,73,674,12.5,25,34.3,0.007,39.4,41,0.007,23.9,1706,96,9.3,62.44213,378457,21,100,33.1,3,0,0.492,77,37.42,46.35,38.97,95.9,20.4,1.02518,9,37,55,38.9,0,0,0
2021-09-04,18:14:29,21.96,21.78,19.51,19.32,15.7,15.44,60,69,81,20,15,7,5.16,0.0,0.0,0.0,0.0,0.0,0.0,23.6,53,0,125,ON,OFF,ON,0,34.2,30,0,13492,OFF,OFF,29.4,29.5,23.54,29.4,33.77,9.0,6.0,49.33,38.0,27.59,22,46,39,25,93,98,OFF,OFF,100,100,6.123,1.268,1,0,ON,ON,0.922,4.372,0,0,OFF,OFF,8326,1039,100,100,0,0.156,73,674,12.5,25,34.3,0.007,39.4,41,0.007,23.9,1706,96,9.3,62.44213,378457,21,100,33.1,3,0,0.492,77,37.42,46.35,38.97,95.9,20.4,1.02518,9,37,55,38.9,0,0,0
2021-09-04,18:14:59,21.96,21.78,19.51,19.32,15.7,15.44,60,69,81,20,15,7,5.16,0.0,0.0,0.0,0.0,0.0,0.0,23.6,53,0,125,ON,OFF,ON,0,34.2,30,0,13492,OFF,OFF,29.4,29.5,23.54,29.4,33.11,9.0,6.0,49.33,38.0,27.59,22,46,39,25,93,98,OFF,OFF,100,100,6.123,1.268,1,0,ON,ON,0.922,4.372,0,0,OFF,OFF,8326,1039,100,100,0,0.156,73,674,12.5,25,34.3,0.007,39.4,41,0.007,23.9,1706,96,9.3,62.44213,378457,21,100,33.1,3,0,0.492,77,37.42,46.35,38.97,95.9,20.4,1.02518,9,37,55,38.9,0,0,0
2021-09-04,18:15:29,21.96,21.78,19.51,19.32,15.7,15.44,60,69,81,20,15,7,5.16,0.0,0.0,0.0,0.0,0.0,0.0,23.6,53,0,125,ON,OFF,ON,0,34.2,30,0,13492,OFF,OFF,29.4,29.5,23.54,29.4,33.11,9.0,6.0,49.33,38.0,27.59,22,46,39,25,93,98,OFF,OFF,100,100,6.123,1.268,1,0,ON,ON,0.922,4.372,0,0,OFF,OFF,8326,1039,100,100,0,0.156,73,674,12.5,25,34.3,0.007,39.4,41,0.007,23.9,1706,96,9.3,62.44213,378457,21,100,33.1,3,0,0.492,77,37.42,45.82,38.97,95.9,20.4,1.02518,9,37,55,38.9,0,0,0
2021-09-04,18:15:59,21.96,21.78,19.51,19.32,15.7,15.44,60,69,81,20,15,7,5.16,0.0,0.0,0.0,0.0,0.0,0.0,23.6,53,0,125,ON,OFF,ON,0,34.2,30,0,13492,OFF,OFF,29.4,29.5,23.54,29.4,33.11,9.0,6.0,54.42,38.0,27.59,22,46,39,25,93,98,OFF,OFF,100,100,6.123,1.268,1,0,ON,ON,0.922,4.372,0,0,OFF,OFF,8326,1039,100,100,0,0.156,73,674,12.5,25,34.3,0.007,39.4,41,0.007,23.9,1706,96,9.3,62.44213,378457,21,100,33.1,3,0,0.492,77,37.42,45.82,38.97,95.9,20.4,1.02518,9,37,55,38.9,0,0,0
2021-09-04,18:16:29,21.96,21.78,19.51,19.32,15.7,15.44,60,69,81,20,15,7,5.16,0.0,0.0,0.0,0.0,0.0,0.0,23.6,53,0,125,ON,OFF,ON,0,34.2,30,0,13492,OFF,OFF,29.4,29.5,23.54,29.4,33.11,9.0,6.0,54.42,38.0,27.59,22,46,39,25,93,98,OFF,OFF,100,100,6.123,1.268,1,0,ON,ON,0.922,4.372,0,0,OFF,OFF,8326,1039,100,100,0,0.156,73,674,12.5,25,33.8,0.007,39.4,41,0.007,23.9,1706,96,9.3,62.44213,378457,21,100,33.1,3,0,0.492,77,37.42,45.82,38.97,95.9,20.4,1.02518,9,37,55,38.9,0,0,0
2021-09-04,18:16:59,21.96,21.78,19.51,19.32,15.7,15.44,60,69,81,20,15,7,5.16,0.0,0.0,0.0,0.0,0.0,0.0,23.6,53,0,125,ON,OFF,ON,0,34.2,30,0,13492,OFF,OFF,29.4,29.5,23.54,29.4,33.11,9.0,6.0,54.42,38.0,27.59,22,46,39,25,93,98,OFF,OFF,100,100,6.123,1.268,1,0,ON,ON,0.922,4.372,0,0,OFF,OFF,8326,1039,100,100,0,0.156,73,674,12.5,25,33.8,0.007,39.4,41,0.007,23.9,1706,96,9.3,62.44213,378457,21,100,33.1,3,0,0.492,77,37.42,45.82,38.97,95.9,20.4,1.02518,9,37,55,38.9,0,0,0
2021-09-04,18:17:29,21.96,21.78,19.51,19.32,15.7,15.44,60,69,81,20,15,7,5.16,0.0,0.0,0.0,0.0,0.0,0.0,23.6,53,0,125,ON,OFF,ON,0,34.2,30,0,13492,OFF,OFF,29.4,29.5,23.54,29.4,33.11,9.0,6.0,54.42,38.0,27.59,22,46,39,25,93,98,OFF,OFF,100,100,6.123,1.268,1,0,ON,ON,0.922,4.372,0,0,OFF,OFF,8326,1039,100,100,0,0.156,73,674,12.5,25,33.8,0.007,39.4,41,0.007,23.9,1706,96,9.3,62.44213,378457,21,100,33.1,3,0,0.492,77,37.42,45.82,38.97,95.9,20.4,1.02518,9,37,55,38.9,0,0,0
2021-09-04,18:17:58,21.96,21.78,19.51,19.32,15.7,15.44,60,69,81,20,15,7,5.16,0.0,0.0,0.0,0.0,0.0,0.0,23.6,53,0,125,ON,OFF,ON,0,34.2,30,0,13492,OFF,OFF,29.4,29.5,23.54,29.4,33.11,9.0,6.0,54.42,38.0,27.59,22,46,39,25,93,98,OFF,OFF,100,100,6.123,1.268,1,0,ON,ON,0.922,4.372,0,0,OFF,OFF,8326,1039,100,100,0,0.156,73,674,12.5,25,33.8,0.007,39.4,41,0.007,23.9,1706,96,9.3,62.44213,378457,21,100,33.1,3,0,0.492,77,37.42,45.82,38.97,95.9,20.4,1.02518,9,37,55,38.9,0,0,0
2021-09-04,18:18:28,21.96,21.78,19.51,19.32,15.7,15.44,60,69,81,20,15,7,5.16,0.0,0.0,0.0,0.0,0.0,0.0,23.6,53,0,125,ON,OFF,ON,0,34.2,30,0,13492,OFF,OFF,29.4,29.5,23.54,29.4,33.11,9.0,6.0,54.42,38.0,27.59,22,46,39,25,93,98,OFF,OFF,100,100,6.123,1.268,1,0,ON,ON,0.922,4.372,0,0,OFF,OFF,8326,1039,100,100,0,0.156,73,674,12.5,25,33.8,0.007,39.4,41,0.007,23.9,1706,96,9.3,62.44213,378457,21,100,33.1,3,0,0.492,77,37.42,45.82,38.97,95.9,20.4,1.02518,9,37,55,38.9,0,0,0
2021-09-04,18:18:59,21.96,21.78,19.51,19.32,15.7,15.44,60,69,81,20,15,7,5.16,0.0,0.0,0.0,0.0,0.0,0.0,23.6,53,0,125,ON,OFF,ON,0,34.2,30,0,13492,OFF,OFF,29.4,29.5,23.54,29.4,33.11,9.0,6.0,54.42,38.0,27.59,22,46,39,25,93,98,OFF,OFF,100,100,6.123,1.268,1,0,ON,ON,0.922,4.372,0,0,OFF,OFF,8326,1039,100,100,0,0.156,73,674,12.5,25,33.8,0.007,39.4,41,0.007,23.9,1706,96,9.3,62.44213,378457,21,100,33.1,3,0,0.492,77,37.42,45.82,38.97,95.9,20.4,1.02518,9,37,55,38.9,0,0,0
2021-09-04,18:19:29,21.96,21.78,19.51,19.32,15.7,15.44,60,69,81,20,15,7,5.16,0.0,0.0,0.0,0.0,0.0,0.0,23.6,53,0,125,ON,OFF,ON,0,34.2,30,0,13492,OFF,OFF,29.4,29.5,23.54,29.4,33.11,9.0,6.0,54.42,38.0,27.59,22,46,39,25,93,98,OFF,OFF,100,100,6.123,1.268,1,0,ON,ON,0.922,4.372,0,0,OFF,OFF,8326,1039,100,100,0,0.156,73,674,12.5,25,33.8,0.007,39.4,41,0.007,23.9,1706,96,9.3,62.44213,378457,21,100,33.1,3,0,0.492,77,37.42,45.82,38.97,95.9,20.4,1.02518,9,37,55,38.9,0,0,0
2021-09-04,18:19:59,21.96,21.78,19.51,19.32,15.7,15.44,60,69,81,20,15,7,5.16,0.0,0.0,0.0,0.0,0.0,0.0,23.6,53,0,125,ON,OFF,ON,0,34.2,30,0,13492,OFF,OFF,29.4,29.5,23.54,29.4,33.11,9.0,6.0,54.42,38.0,27.59,22,46,39,25,93,98,OFF,OFF,100,100,6.123,1.268,1,0,ON,ON,0.922,4.372,0,0,OFF,OFF,8326,1039,100,100,0,0.156,73,674,12.5,25,33.8,0.007,39.4,41,0.007,23.9,1706,96,9.3,62.44213,378457,21,100,33.1,3,0,0.492,77,37.42,45.82,38.97,95.9,20.4,1.02518,9,37,55,38.9,0,0,0
2021-09-04,18:20:29,21.96,21.78,19.51,19.32,15.7,15.44,60,69,81,20,15,7,5.16,0.0,0.0,0.0,0.0,0.0,0.0,23.6,53,0,125,ON,OFF,ON,0,34.2,30,0,13492,OFF,OFF,29.4,29.5,23.54,29.4,33.11,9.0,6.0,54.42,38.0,27.59,22,46,39,25,93,98,OFF,OFF,100,100,6.123,1.268,1,0,ON,ON,0.922,4.372,0,0,OFF,OFF,8326,1039,100,100,0,0.156,73,674,12.5,25,32.4,0.007,39.4,41,0.007,23.9,1706,96,9.3,62.44213,378457,21,100,33.1,3,0,0.492,77,37.42,45.82,38.97,95.9,20.4,1.02518,9,37,55,38.9,0,0,0
2021-09-04,18:21:01,21.96,21.78,19.51,19.32,15.7,15.44,60,69,81,20,15,7,5.16,0.0,0.0,0.0,0.0,0.0,0.0,23.6,53,0,125,ON,OFF,ON,0,34.2,30,0,13492,OFF,OFF,29.4,29.5,23.54,29.4,33.11,9.0,6.0,54.42,38.0,27.59,22,46,39,25,93,98,OFF,OFF,100,100,6.123,1.268,1,0,ON,ON,0.922,4.372,0,0,OFF,OFF,7236,1039,100,100,0,0.156,73,674,12.5,25,32.4,0.007,39.4,41,0.007,23.9,1706,96,9.3,62.44213,378457,21,100,33.1,3,0,0.492,77,37.42,45.82,38.97,95.9,20.4,1.02518,9,37,55,38.9,0,0,0
2021-09-04,18:21:31,21.96,21.78,19.51,19.32,15.7,15.44,60,69,81,20,15,7,5.16,0.0,0.0,0.0,0.0,0.0,0.0,23.6,53,0,125,ON,OFF,ON,0,34.2,30,0,13492,OFF,OFF,29.4,29.5,23.54,29.4,33.11,9.0,6.0,54.42,38.0,27.59,22,46,39,25,93,98,OFF,OFF,100,100,6.123,1.268,1,0,ON,ON,0.922,4.372,0,0,OFF,OFF,7236,1039,100,100,0,0.156,73,674,12.5,30,31.4,0.007,39.4,41,0.007,23.9,1706,96,9.3,62.44213,378457,21,100,33.1,3,0,0.492,77,37.42,45.82,38.97,95.9,20.4,1.02518,9,37,55,38.9,0,0,0
2021-09-04,18:22:01,21.96,21.78,19.51,19.32,15.7,15.44,60,69,81,20,15,7,5.16,0.0,0.0,0.0,0.0,0.0,0.0,23.6,53,0,125,ON,OFF,ON,0,34.2,30,0,13492,OFF,OFF,29.4,29.5,23.54,29.4,33.11,9.0,6.0,54.42,38.0,27.59,22,46,39,25,93,98,OFF,OFF,100,100,6.123,1.268,1,0,ON,ON,0.922,4.372,0,0,OFF,OFF,7236,1039,100,100,0,0.156,73,674,12.5,30,31.4,0.007,39.4,41,0.007,23.9,1706,96,9.3,62.44213,378457,21,100,33.1,3,0,0.492,77,37.42,45.82,38.97,95.9,20.4,1.02518,9,37,55,38.9,0,0,0
2021-09-04,18:22:31,21.96,21.78,19.51,19.32,15.7,15.44,60,69,81,20,15,7,5.16,0.0,0.0,0.0,0.0,0.0,0.0,23.6,53,0,125,ON,OFF,ON,0,34.2,30,0,13492,OFF,OFF,29.4,29.5,23.54,29.4,32.45,9.0,6.0,54.42,38.0,27.59,22,46,39,25,93,98,OFF,OFF,100,100,6.123,1.268,1,0,ON,ON,0.922,4.372,0,0,OFF,OFF,7236,1039,100,100,0,0.156,73,674,12.5,30,30.5,0.007,39.4,41,0.007,23.9,1706,96,9.3,62.44213,378457,21,100,33.1,3,0,0.492,78,37.42,45.82,38.97,95.9,20.4,1.02518,9,37,55,38.9,0,0,0
2021-09-04,18:23:01,21.96,21.78,19.51,19.32,15.7,15.44,60,69,81,20,15,7,5.16,0.0,0.0,0.0,0.0,0.0,0.0,23.6,53,0,125,ON,OFF,ON,0,34.2,30,0,13492,OFF,OFF,29.4,29.5,23.54,29.4,32.45,9.0,6.0,54.42,38.0,27.59,22,46,39,25,93,98,OFF,OFF,100,100,6.123,1.268,1,0,ON,ON,0.922,4.372,0,0,OFF,OFF,7236,1039,100,100,0,0.156,73,674,12.5,30,30.5,0.007,39.4,41,0.007,23.9,1706,96,9.3,62.44213,378457,21,100,33.1,3,0,0.492,78,37.42,45.82,38.97,95.9,20.4,1.02518,9,37,55,38.9,0,0,0
2021-09-04,18:23:31,21.96,21.78,19.51,19.32,15.7,15.44,60,69,81,20,15,7,5.16,0.0,0.0,0.0,0.0,0.0,0.0,23.6,53,0,125,ON,OFF,ON,0,34.2,30,0,13492,OFF,OFF,29.4,29.5,23.54,29.4,32.45,9.0,6.0,54.42,38.0,27.59,22,46,39,25,93,98,OFF,OFF,100,100,6.123,1.268,1,0,ON,ON,0.922,4.372,0,0,OFF,OFF,7236,1039,100,100,0,0.156,73,674,12.5,30,29.6,0.007,39.4,41,0.007,23.9,1706,96,9.3,62.44213,378457,21,100,33.1,3,0,0.492,78,37.42,45.82,38.97,95.9,20.4,1.02518,9,37,55,38.9,0,0,0
2021-09-04,18:24:01,21.96,21.78,19.51,19.32,15.7,15.44,60,69,81,20,15,7,5.16,0.0,0.0,0.0,0.0,0.0,0.0,23.6,53,0,125,ON,OFF,ON,0,34.2,30,0,13492,OFF,OFF,29.4,29.5,23.54,29.4,32.45,9.0,6.0,54.42,38.0,27.59,21,48,39,25,93,98,OFF,OFF,100,100,6.123,1.268,1,0,ON,ON,0.922,4.372,0,0,OFF,OFF,7236,1039,100,100,0,0.156,73,674,12.5,30,29.6,0.007,39.4,41,0.007,23.9,1706,96,9.3,62.44213,378457,21,100,33.1,3,0,0.492,78,37.42,45.82,38.97,95.9,20.4,1.02518,9,37,55,38.9,0,0,0
2021-09-04,18:24:31,21.96,21.78,19.51,19.32,15.7,15.44,60,69,81,20,15,7,5.16,0.0,0.0,0.0,0.0,0.0,0.0,23.6,53,0,125,ON,OFF,ON,0,34.2,30,0,13492,OFF,OFF,29.4,29.5,23.54,29.4,32.45,9.0,6.0,54.42,38.0,27.59,21,48,39,25,93,98,OFF,OFF,100,100,6.123,1.268,1,0,ON,ON,0.922,4.372,0,0,OFF,OFF,7236,1039,100,100,0,0.156,73,674,12.5,30,29,0.007,39.4,41,0.007,23.9,1706,96,9.3,62.44213,378457,21,100,33.1,3,0,0.492,78,37.42,45.82,38.97,95.9,20.4,1.02518,9,37,55,38.9,0,0,0
2021-09-04,18:25:17,21.96,21.78,19.51,19.32,15.7,15.44,60,69,81,20,15,7,5.16,0.0,0.0,0.0,0.0,0.0,0.0,23.6,53,0,125,ON,OFF,ON,0,34.2,30,0,13492,OFF,OFF,29.4,29.5,23.54,29.4,32.45,9.0,6.0,54.42,38.0,27.59,21,48,39,25,93,98,OFF,OFF,100,100,6.123,1.268,1,0,ON,ON,0.922,4.372,0,0,OFF,OFF,7236,1039,100,100,0,0.156,73,674,12.5,30,29,0.007,39.4,41,0.007,23.9,1706,96,9.3,62.44213,378457,21,100,33.1,3,0,0.492,78,37.42,45.82,38.97,95.9,20.4,1.02518,9,37,55,38.9,0,0,0
2021-09-04,18:25:47,21.96,21.78,19.51,19.32,15.7,15.44,60,69,81,20,15,7,5.16,0.0,0.0,0.0,0.0,0.0,0.0,23.6,53,0,125,ON,OFF,ON,0,34.2,30,0,13492,OFF,OFF,29.4,29.5,23.54,29.4,32.45,9.0,6.0,54.42,38.0,27.59,21,48,39,25,93,98,OFF,OFF,100,100,6.123,1.268,1,0,ON,ON,0.922,4.372,0,0,OFF,OFF,7236,1039,100,100,0,0.156,73,674,12.5,30,28.4,0.007,39.4,41,0.007,23.9,1706,96,9.3,62.44213,378457,21,100,33.1,3,0,0.492,78,37.42,45.82,38.97,95.9,20.4,1.02518,9,37,55,38.9,0,0,0
2021-09-04,18:26:17,21.96,21.78,19.51,19.32,15.7,15.44,60,69,81,20,15,7,5.16,0.0,0.0,0.0,0.0,0.0,0.0,23.6,53,0,125,ON,OFF,ON,0,34.2,30,0,13492,OFF,OFF,29.4,29.5,23.54,29.4,32.45,9.0,6.0,54.42,38.0,27.59,21,48,39,25,93,98,OFF,OFF,100,100,6.123,1.268,1,0,ON,ON,0.922,4.372,0,0,OFF,OFF,7236,1039,100,100,0,0.156,73,674,12.5,30,28.4,0.007,39.4,41,0.007,23.9,1706,96,9.3,62.44213,378457,21,100,33.1,3,0,0.492,78,37.42,45.82,38.97,95.9,20.4,1.02518,9,37,55,38.9,0,0,0
2021-09-04,18:26:48,21.96,21.78,19.51,19.32,15.7,15.44,60,69,81,20,15,7,5.16,0.0,0.0,0.0,0.0,0.0,0.0,23.6,53,0,125,ON,OFF,ON,0,34.2,30,0,13492,OFF,OFF,29.4,29.5,23.54,29.4,31.79,9.0,6.0,54.42,38.0,27.59,21,48,39,24.5,93,98,OFF,OFF,100,100,6.123,1.268,1,0,ON,ON,0.922,4.372,0,0,OFF,OFF,7236,1039,100,100,0,0.156,73,674,12.5,30,27.9,0.007,39.4,41,0.007,23.9,1706,96,9.3,62.44213,378457,21,100,33.1,3,0,0.492,78,37.42,45.82,38.97,95.9,20.4,1.02518,9,37,55,38.9,0,0,0
2021-09-04,18:27:18,21.96,21.78,19.51,19.32,15.7,15.44,60,69,81,20,15,7,5.16,0.0,0.0,0.0,0.0,0.0,0.0,23.6,53,0,125,ON,OFF,ON,0,34.2,30,0,13492,OFF,OFF,29.4,29.5,23.54,29.4,31.79,9.0,6.0,54.42,38.0,27.59,21,48,39,24.5,93,98,OFF,OFF,100,100,6.123,1.268,1,0,ON,ON,0.922,4.372,0,0,OFF,OFF,7236,1039,100,100,0,0.156,73,674,12.5,30,27.9,0.007,39.4,41,0.007,23.9,1706,96,9.3,62.44213,378457,21,100,33.1,3,0,0.492,78,37.42,45.82,38.97,95.9,20.4,1.02518,9,37,55,38.9,0,0,0
2021-09-04,18:27:48,21.96,21.78,19.51,19.32,15.7,15.44,60,69,81,20,15,7,5.16,0.0,0.0,0.0,0.0,0.0,0.0,23.6,53,0,125,ON,OFF,ON,0,34.2,30,0,13492,OFF,OFF,29.4,29.5,22.88,29.4,31.79,9.0,6.0,54.42,38.0,27.59,21,48,39,24.5,93,98,OFF,OFF,100,100,6.123,1.268,1,0,ON,ON,0.922,4.372,0,0,OFF,OFF,7236,1039,100,100,0,0.156,73,674,12.1,38,27.5,0.007,39.1,41,0.007,23.9,1756,96,9.3,62.44213,378457,21,100,33.1,3,0,0.492,78,37.42,45.82,38.97,95.9,20.4,1.02518,9,37,55,38.9,0,0,0
2021-09-04,18:28:18,21.96,21.78,19.51,19.32,15.7,15.44,60,69,81,20,15,7,5.16,0.0,0.0,0.0,0.0,0.0,0.0,23.6,53,0,125,ON,OFF,ON,0,34.2,30,0,13492,OFF,OFF,29.4,29.5,22.88,29.4,31.79,9.0,6.0,54.42,38.0,27.59,21,48,39,24.5,93,98,OFF,OFF,100,100,6.123,1.268,1,0,ON,ON,0.922,4.372,0,0,OFF,OFF,7236,1039,100,100,0,0.156,73,674,12.1,38,27.5,0.007,39.1,41,0.007,23.9,1756,96,9.3,62.44213,378457,21,100,33.1,3,0,0.492,78,37.42,45.82,38.97,95.9,20.4,1.02518,9,37,55,38.9,0,0,0
2021-09-04,18:28:48,21.96,21.78,19.51,19.32,15.7,15.44,60,69,81,20,15,7,5.16,0.0,0.0,0.0,0.0,0.0,0.0,23.6,53,0,125,ON,OFF,ON,0,34.2,30,0,13492,OFF,OFF,29.4,29.5,22.88,29.4,31.79,9.0,6.0,54.42,38.0,27.59,21,48,39,24.5,93,98,OFF,OFF,100,100,6.123,1.268,1,0,ON,ON,0.922,4.372,0,0,OFF,OFF,7236,1039,100,100,0,0.156,73,674,12.1,38,27.1,0.007,39.1,41,0.007,23.9,1756,96,9.3,62.44213,378457,21,100,33.1,3,0,0.492,78,37.42,45.82,38.97,95.9,20.4,1.02518,9,37,55,38.9,0,0,0
2021-09-04,18:29:18,21.96,21.78,19.51,19.32,15.7,15.44,60,69,81,20,15,7,5.16,0.0,0.0,0.0,0.0,0.0,0.0,23.6,53,0,125,ON,OFF,ON,0,34.2,30,0,13492,OFF,OFF,29.4,29.5,22.88,29.4,31.79,9.0,6.0,54.42,38.0,27.59,21,48,39,24.5,93,98,OFF,OFF,100,100,6.123,1.268,1,0,ON,ON,0.922,4.372,0,0,OFF,OFF,7236,1039,100,100,0,0.156,73,674,12.1,38,27.1,0.007,39.1,41,0.007,23.9,1756,96,9.3,62.44213,378457,21,100,33.1,3,0,0.492,78,37.42,45.82,38.97,95.9,20.4,1.02518,9,37,55,38.9,0,0,0
2021-09-04,18:29:48,21.96,21.78,19.51,19.32,15.7,15.44,60,69,81,20,15,7,5.16,0.0,0.0,0.0,0.0,0.0,0.0,23.6,53,0,125,ON,OFF,ON,0,34.2,30,0,13492,OFF,OFF,29.4,29.5,22.88,29.4,31.79,9.0,6.0,54.42,38.0,27.59,21,48,39,24.5,93,98,OFF,OFF,100,100,6.123,1.268,1,0,ON,ON,0.922,4.372,0,0,OFF,OFF,7236,1039,100,100,0,0.156,73,674,12.1,38,27.1,0.007,39.1,41,0.007,23.9,1756,96,9.3,62.44213,378457,21,100,33.1,3,0,0.492,78,37.42,45.82,38.97,95.9,20.4,1.02518,9,37,55,38.9,0,0,0
2021-09-04,18:30:18,21.96,21.78,19.51,19.32,15.7,15.44,60,69,81,20,15,7,5.16,0.0,0.0,0.0,0.0,0.0,0.0,23.6,53,0,125,ON,OFF,ON,0,34.2,30,0,13492,OFF,OFF,29.4,29.5,22.88,29.4,31.13,9.0,6.0,54.42,38.0,27.59,21,48,39,24.5,93,98,OFF,OFF,100,100,6.123,1.268,1,0,ON,ON,0.922,4.372,0,0,OFF,OFF,7236,1039,100,100,0,0.156,73,674,12.1,38,27.1,0.007,39.1,41,0.007,23.9,1756,96,9.3,62.44213,378457,21,100,33.1,3,0,0.492,78,37.42,45.82,38.97,95.9,20.4,1.02518,9,37,55,38.9,0,0,0
2021-09-04,18:30:48,20.84,20.55,20.84,20.55,18.08,17.8,60,60,71,0,0,0,5.16,0.0,0.0,0.0,0.0,0.0,0.0,23.6,53,0,125,ON,OFF,ON,0,34.2,30,0,13492,OFF,OFF,29.4,29.5,22.88,29.4,31.13,9.0,6.0,54.42,38.0,27.59,21,48,39,24.5,93,98,OFF,OFF,100,100,6.123,1.268,1,0,ON,ON,0.922,4.372,0,0,OFF,OFF,7236,1039,100,100,0,0.156,73,674,12.1,38,26.4,0.007,39.1,41,0.007,23.9,1756,96,9.3,62.44213,378457,21,100,33.1,3,0,0.492,78,37.42,45.82,38.97,95.9,20.4,1.02518,9,37,55,38.9,0,0,0
2021-09-04,18:31:18,20.84,20.55,20.84,20.55,18.08,17.8,60,60,71,0,0,0,5.16,0.0,0.0,0.0,0.0,0.0,0.0,23.6,53,0,125,ON,OFF,ON,0,34.2,30,0,13492,OFF,OFF,29.4,29.5,22.88,29.4,31.13,9.0,6.0,54.42,38.0,32.62,21,48,38.5,24.5,93,98,OFF,OFF,100,100,6.123,1.268,1,0,ON,ON,0.922,4.372,0,0,OFF,OFF,7236,1039,100,100,0,0.156,73,674,12.1,38,26.4,0.007,39.1,41,0.007,23.9,1756,96,9.3,62.44213,378457,21,100,33.1,3,0,0.492,78,37.42,45.82,38.97,95.9,20.4,1.02518,9,37,55,38.9,0,0,0
2021-09-04,18:31:48,20.84,20.55,20.84,20.55,18.08,17.8,60,60,71,0,0,0,5.16,0.0,0.0,0.0,0.0,0.0,0.0,23.6,53,0,125,ON,OFF,ON,0,34.2,30,0,13492,OFF,OFF,29.4,29.5,22.88,29.4,31.13,9.0,6.0,54.42,38.0,32.62,21,49,38.5,24.5,93,98,OFF,OFF,100,100,6.123,1.268,1,0,ON,ON,0.922,4.372,0,0,OFF,OFF,7236,1039,100,100,0,0.156,73,674,12.1,38,26.4,0.007,39.1,41,0.007,23.9,1756,96,9.3,62.44213,378457,21,100,33.1,3,0,0.492,78,37.42,45.82,38.97,95.9,20.4,1.02518,9,37,55,38.9,0,0,0
2021-09-04,18:32:18,20.84,20.55,20.84,20.55,18.08,17.8,60,60,71,0,0,0,5.16,0.0,0.0,0.0,0.0,0.0,0.0,23.6,53,0,125,ON,OFF,ON,0,34.2,30,0,13492,OFF,OFF,29.4,29.5,22.88,29.4,31.13,9.0,6.0,54.42,38.0,32.62,21,49,38.5,24.5,93,98,OFF,OFF,100,100,6.123,1.268,1,0,ON,ON,0.922,4.372,0,0,OFF,OFF,7236,1039,100,100,0,0.156,73,674,12.1,38,26.4,0.007,39.1,41,0.007,23.9,1756,96,9.3,62.44213,378457,21,100,33.1,3,0,0.492,78,37.42,45.82,38.97,95.9,20.4,1.02518,9,37,55,38.9,0,0,0
2021-09-04,18:32:48,20.84,20.55,20.84,20.55,18.08,17.8,60,60,71,0,0,0,5.16,0.0,0.0,0.0,0.0,0.0,0.0,23.6,53,0,125,ON,OFF,ON,0,34.2,30,0,13492,OFF,OFF,29.4,29.5,22.88,29.4,31.13,9.0,6.0,54.42,38.0,32.62,21,49,38.5,24.5,93,98,OFF,OFF,100,100,6.123,1.268,1,0,ON,ON,0.922,4.372,0,0,OFF,OFF,7236,1039,100,100,0,0.156,73,674,12.1,38,26.4,0.007,39.1,41,0.007,23.9,1756,96,9.3,62.44213,378457,21,100,33.1,3,0,0.492,78,37.42,45.82,38.97,95.9,20.4,1.02518,9,37,55,38.9,0,0,0
2021-09-04,18:33:18,20.84,20.55,20.84,20.55,18.08,17.8,60,60,71,0,0,0,5.16,0.0,0.0,0.0,0.0,0.0,0.0,23.6,53,0,125,ON,OFF,ON,0,34.2,30,0,13492,OFF,OFF,29.4,29.5,22.88,29.4,31.13,9.0,6.0,54.42,38.0,32.62,21,49,38.5,24.5,93,98,OFF,OFF,100,100,6.123,1.268,1,0,ON,ON,0.922,4.372,0,0,OFF,OFF,7236,1039,100,100,0,0.156,73,674,12.1,38,26.4,0.007,39.1,41,0.007,23.9,1756,96,9.3,62.44213,378457,21,100,33.1,3,0,0.492,78,37.42,45.82,38.97,95.9,20.4,1.02518,9,37,55,38.9,0,0,0
2021-09-04,18:33:48,20.84,20.55,20.84,20.55,18.08,17.8,60,60,71,0,0,0,5.16,0.0,0.0,0.0,0.0,0.0,0.0,23.6,53,0,125,ON,OFF,ON,0,34.2,30,0,13492,OFF,OFF,29.4,29.5,22.88,29.4,30.47,9.0,6.0,54.42,38.0,32.62,21,49,38.5,24.5,93,98,OFF,OFF,100,100,6.123,1.268,1,0,ON,ON,0.922,4.372,0,0,OFF,OFF,7236,1039,100,100,0,0.156,73,674,12.1,41,26.4,0.007,39.1,41,0.007,23.9,1756,96,9.3,62.44213,378457,21,100,33.1,3,0,0.492,78,37.42,45.82,38.97,95.9,20.4,1.02518,9,37,55,38.9,0,0,0
2021-09-04,18:34:18,20.84,20.55,20.84,20.55,18.08,17.8,60,60,71,0,0,0,5.16,0.0,0.0,0.0,0.0,0.0,0.0,23.6,53,0,125,ON,OFF,ON,0,34.2,30,0,13492,OFF,OFF,29.4,29.5,22.88,29.4,30.47,9.0,6.0,54.42,38.0,32.62,21,49,38.5,24.5,93,98,OFF,OFF,100,100,6.123,1.268,1,0,ON,ON,0.922,4.372,0,0,OFF,OFF,7236,1039,100,100,0,0.156,73,674,12.1,41,26.4,0.007,39.1,41,0.007,23.9,1756,96,9.3,62.44213,378457,21,100,33.1,3,0,0.492,78,37.42,45.82,38.97,95.9,20.4,1.02518,9,37,55,38.9,0,0,0
2021-09-04,18:34:48,20.84,20.55,20.84,20.55,18.08,17.8,60,60,71,0,0,0,5.16,0.0,0.0,0.0,0.0,0.0,0.0,23.6,53,0,125,ON,OFF,ON,0,34.2,30,0,13492,OFF,OFF,29.4,29.5,22.88,29.4,30.47,9.0,6.0,54.42,38.0,32.62,21,49,38.5,24.5,93,98,OFF,OFF,100,100,6.123,1.268,1,0,ON,ON,0.922,4.372,0,0,OFF,OFF,7236,1039,100,100,0,0.156,73,674,12.1,41,25.8,0.007,38.9,41,0.007,23.9,1756,96,9.3,62.44213,378457,21,100,33.1,3,0,0.492,78,37.42,45.82,38.97,95.9,20.4,1.02518,9,37,55,38.9,0,0,0
2021-09-04,18:35:18,20.84,20.55,20.84,20.55,18.08,17.8,60,60,71,0,0,0,5.16,0.0,0.0,0.0,0.0,0.0,0.0,23.6,53,0,125,ON,OFF,ON,0,34.2,30,0,13492,OFF,OFF,29.4,29.5,22.88,29.4,30.47,9.0,6.0,54.42,38.0,32.62,21,49,38.5,24.5,93,98,OFF,OFF,100,100,6.123,1.268,1,0,ON,ON,0.922,4.372,0,0,OFF,OFF,6179,1039,100,100,0,0.156,73,674,12.1,41,25.8,0.007,38.9,41,0.007,23.9,1756,96,9.3,62.44213,378457,21,100,33.1,3,0,0.492,78,37.42,45.82,38.97,95.9,20.4,1.02518,9,37,55,38.9,0,0,0
2021-09-04,18:35:48,20.84,20.55,20.84,20.55,18.08,17.8,60,60,71,0,0,0,5.16,0.0,0.0,0.0,0.0,0.0,0.0,23.6,53,0,125,ON,OFF,ON,0,34.2,30,0,13492,OFF,OFF,29.4,29.5,22.88,29.4,30.47,9.0,6.0,54.42,38.0,32.62,21,49,38.5,24.5,93,98,OFF,OFF,100,100,6.123,1.268,1,0,ON,ON,0.922,4.372,0,0,OFF,OFF,6179,1039,100,100,0,0.156,73,674,12.1,41,25.8,0.007,38.9,41,0.007,23.9,1756,96,9.3,62.44213,378457,21,100,33.1,3,0,0.492,78,37.42,45.82,38.97,95.9,20.4,1.02518,9,37,55,38.9,0,0,0
2021-09-04,18:36:18,20.84,20.55,20.84,20.55,18.08,17.8,60,60,71,0,0,0,5.16,0.0,0.0,0.0,0.0,0.0,0.0,23.6,53,0,125,ON,OFF,ON,0,34.2,30,0,13492,OFF,OFF,29.4,29.5,22.88,29.4,30.47,9.0,6.0,54.42,38.0,32.62,21,49,38.5,24.5,93,98,OFF,OFF,100,100,6.123,1.268,1,0,ON,ON,0.922,4.372,0,0,OFF,OFF,6179,1039,100,100,0,0.156,73,674,12.1,41,25.8,0.007,38.9,41,0.007,23.9,1756,96,9.3,62.44213,378457,21,100,33.1,3,0,0.492,78,36.9,45.82,38.97,95.9,20.4,1.02518,9,37,55,38.9,0,0,0
2021-09-04,18:36:49,20.84,20.55,20.84,20.55,18.08,17.8,60,60,71,0,0,0,5.16,0.0,0.0,0.0,0.0,0.0,0.0,23.6,53,0,125,ON,OFF,ON,0,34.2,30,0,13492,OFF,OFF,29.4,29.5,22.88,29.4,30.47,9.0,6.0,54.42,38.0,32.62,21,49,38.5,24.5,93,98,OFF,OFF,100,100,6.123,1.268,1,0,ON,ON,0.922,4.372,0,0,OFF,OFF,6179,1039,100,100,0,0.156,73,674,12.1,41,25.8,0.007,38.9,41,0.007,23.9,1756,96,9.3,62.44213,378457,21,100,33.1,3,0,0.492,78,36.9,45.82,38.97,95.9,20.4,1.02518,9,37,55,38.9,0,0,0
2021-09-04,18:37:19,20.84,20.55,20.84,20.55,18.08,17.8,60,60,71,0,0,0,5.16,0.0,0.0,0.0,0.0,0.0,0.0,23.6,53,0,125,ON,OFF,ON,0,34.2,30,0,13492,OFF,OFF,29.4,29.5,22.88,29.4,29.81,9.0,6.0,54.42,38.0,32.62,21,49,38.5,24.5,93,98,OFF,OFF,100,100,6.123,1.268,1,0,ON,ON,0.922,4.372,0,0,OFF,OFF,6179,1039,100,100,0,0.156,73,674,12.1,41,25.8,0.007,38.9,41,0.007,23.9,1756,96,9.3,62.44213,378457,21,100,33.1,3,0,0.492,78,36.9,45.82,38.73,95.9,20.4,1.02518,9,37,55,38.9,0,0,0
2021-09-04,18:37:49,20.84,20.55,20.84,20.55,18.08,17.8,60,60,71,0,0,0,5.16,0.0,0.0,0.0,0.0,0.0,0.0,23.6,53,0,125,ON,OFF,ON,0,34.2,30,0,13492,OFF,OFF,29.4,29.5,22.88,29.4,29.81,9.0,6.0,54.42,38.0,32.62,21,50,38.5,24.5,93,98,OFF,OFF,100,100,6.123,1.268,1,0,ON,ON,0.922,4.372,0,0,OFF,OFF,6179,1039,100,100,0,0.156,73,674,12.1,41,25.8,0.007,38.9,41,0.007,23.9,1756,96,9.3,62.44213,378457,21,100,33.1,3,0,0.492,78,36.9,45.82,38.73,95.9,20.4,1.02518,9,37,55,38.9,0,0,0
2021-09-04,18:38:19,20.84,20.55,20.84,20.55,18.08,17.8,60,60,71,0,0,0,5.16,0.0,0.0,0.0,0.0,0.0,0.0,23.6,53,0,125,ON,OFF,ON,0,34.2,30,0,13492,OFF,OFF,29.4,29.5,22.88,29.4,29.81,9.0,6.0,54.42,38.0,32.62,21,50,38.5,24.5,93,98,OFF,OFF,100,100,6.123,1.268,1,0,ON,ON,0.922,4.372,0,0,OFF,OFF,6179,1039,100,100,0,0.156,73,674,12.1,41,25.8,0.007,38.9,41,0.007,23.9,1756,96,9.3,62.44213,378457,21,100,33.1,3,0,0.492,78,36.9,45.82,38.73,95.9,20.4,1.02518,9,37,55,38.9,0,0,0
2021-09-04,18:38:49,20.84,20.55,20.84,20.55,18.08,17.8,60,60,71,0,0,0,5.16,0.0,0.0,0.0,0.0,0.0,0.0,23.6,53,0,125,ON,OFF,ON,0,34.2,30,0,13492,OFF,OFF,29.4,29.5,22.88,29.4,29.81,9.0,6.0,54.42,38.0,32.62,21,50,38.5,24.5,93,98,OFF,OFF,100,100,6.123,1.268,1,0,ON,ON,0.922,4.372,0,0,OFF,OFF,6179,1039,100,100,0,0.156,73,674,12.1,41,25.8,0.007,38.9,41,0.007,23.9,1756,96,9.3,62.44213,378457,21,100,33.1,3,0,0.492,78,36.9,45.82,38.73,95.9,20.4,1.02518,9,37,55,38.9,0,0,0
2021-09-04,18:39:19,20.84,20.55,20.84,20.55,18.08,17.8,60,60,71,0,0,0,5.16,0.0,0.0,0.0,0.0,0.0,0.0,23.6,53,0,125,ON,OFF,ON,0,34.2,30,0,13492,OFF,OFF,29.4,29.5,22.88,29.4,29.81,9.0,6.0,54.42,38.0,32.62,21,50,38.5,24.5,93,98,OFF,OFF,100,100,6.123,1.268,1,0,ON,ON,0.922,4.372,0,0,OFF,OFF,6179,1039,100,100,0,0.156,73,674,12.1,41,25.8,0.007,38.9,41,0.007,23.9,1756,96,9.3,62.44213,378457,21,100,33.1,3,0,0.492,78,36.9,45.82,38.73,95.9,20.4,1.02518,9,37,55,38.9,0,0,0
2021-09-04,18:39:49,20.84,20.55,20.84,20.55,18.08,17.8,60,60,71,0,0,0,5.16,0.0,0.0,0.0,0.0,0.0,0.0,23.6,53,0,125,ON,OFF,ON,0,34.2,30,0,13492,OFF,OFF,29.4,29.5,22.88,29.4,29.81,9.0,6.0,54.42,38.0,32.62,21,50,38.5,24.5,93,98,OFF,OFF,100,100,6.123,1.268,1,0,ON,ON,0.922,4.372,0,0,OFF,OFF,6179,1039,100,100,0,0.156,73,674,12.1,41,25.8,0.007,38.9,41,0.007,23.9,1756,96,9.3,62.44213,378457,21,100,33.1,3,0,0.492,78,36.9,45.82,38.73,95.9,20.4,1.02518,9,37,55,38.9,0,0,0
2021-09-04,18:40:36,20.84,20.55,20.84,20.55,18.08,17.8,60,60,71,0,0,0,5.16,0.0,0.0,0.0,0.0,0.0,0.0,23.6,53,0,125,ON,OFF,ON,0,34.2,30,0,13492,OFF,OFF,29.4,29.5,22.88,29.4,29.81,9.0,6.0,54.42,38.0,32.62,21,50,38.5,24,93,98,OFF,OFF,100,100,6.123,1.268,1,0,ON,ON,0.922,4.372,0,0,OFF,OFF,6179,1039,100,100,0,0.156,73,674,12.1,41,25.8,0.007,38.9,41,0.007,23.9,1756,96,9.3,62.44213,378457,21,100,33.1,3,0,0.492,78,36.9,45.82,38.73,95.9,20.4,1.02518,9,37,55,38.9,0,0,0
2021-09-04,18:41:06,20.84,20.55,20.84,20.55,18.08,17.8,60,60,71,0,0,0,5.16,0.0,0.0,0.0,0.0,0.0,0.0,23.6,53,0,125,ON,OFF,ON,0,34.2,30,0,13492,OFF,OFF,29.4,29.5,22.88,29.4,29.81,9.0,6.0,54.42,38.0,32.62,21,50,38.5,24,93,98,OFF,OFF,100,100,6.123,1.268,1,0,ON,ON,0.922,4.372,0,0,OFF,OFF,6179,1039,100,100,0,0.156,73,674,12.1,41,25.8,0.007,38.9,41,0.007,23.9,1756,96,9.3,62.44213,378457,21,100,33.1,3,0,0.492,78,36.9,45.82,38.73,95.9,20.4,1.02518,9,37,55,38.9,0,0,0
2021-09-04,18:41:36,20.84,20.55,20.84,20.55,18.08,17.8,60,60,71,0,0,0,5.16,0.0,0.0,0.0,0.0,0.0,0.0,23.6,53,0,125,ON,OFF,ON,0,34.2,30,0,13492,OFF,OFF,29.4,29.5,22.22,29.4,29.15,9.0,6.0,54.42,38.0,32.62,21,50,38.5,24,93,98,OFF,OFF,100,100,6.123,1.268,1,0,ON,ON,0.922,4.372,0,0,OFF,OFF,6179,1039,100,100,0,0.156,73,674,12.1,41,25.3,0.007,38.9,41,0.007,23.9,1756,96,9.3,62.44213,378457,21,100,33.1,3,0,0.492,78,36.9,45.82,38.73,95.9,20.4,1.02518,9,37,55,38.9,0,0,0
2021-09-04,18:42:06,20.84,20.55,20.84,20.55,18.08,17.8,60,60,71,0,0,0,5.16,0.0,0.0,0.0,0.0,0.0,0.0,23.6,53,0,125,ON,OFF,ON,0,34.2,30,0,13492,OFF,OFF,29.4,29.5,22.22,29.4,29.15,9.0,6.0,54.42,38.0,32.62,21,50,38.5,24,93,98,OFF,OFF,100,100,6.123,1.268,1,0,ON,ON,0.922,4.372,0,0,OFF,OFF,6179,1039,100,100,0,0.156,73,674,12.1,41,25.3,0.007,38.9,41,0.007,23.9,1756,96,9.3,62.44213,378457,21,100,33.1,3,0,0.492,78,36.9,45.82,38.73,95.9,20.4,1.02518,9,37,55,38.9,0,0,0
2021-09-04,18:42:36,20.84,20.55,20.84,20.55,18.08,17.8,60,60,71,0,0,0,5.16,0.0,0.0,0.0,0.0,0.0,0.0,23.6,53,0,125,ON,OFF,ON,0,34.2,30,0,13492,OFF,OFF,29.4,29.5,22.22,29.4,29.15,9.0,6.0,54.42,38.0,32.62,21,50,38.5,24,93,98,OFF,OFF,100,100,6.123,1.268,1,0,ON,ON,0.922,4.372,0,0,OFF,OFF,6179,1039,100,100,0,0.156,73,674,12.1,41,25.3,0.007,38.9,41,0.007,23.9,1756,96,9.3,62.44213,378457,21,100,33.1,3,0,0.492,78,36.9,45.82,38.73,95.9,20.4,1.02518,9,37,55,38.9,0,0,0
2021-09-04,18:43:06,20.84,20.55,20.84,20.55,18.08,17.8,60,60,71,0,0,0,5.16,0.0,0.0,0.0,0.0,0.0,0.0,23.6,53,0,125,ON,OFF,ON,0,34.2,30,0,13492,OFF,OFF,29.4,29.5,22.22,29.4,29.15,9.0,6.0,54.42,38.0,32.62,21,50,38.5,24,93,98,OFF,OFF,100,100,6.123,1.268,1,0,ON,ON,0.922,4.372,0,0,OFF,OFF,6179,1039,100,100,0,0.156,73,674,12.1,41,25.3,0.007,38.9,41,0.007,23.9,1756,96,9.3,62.44213,378457,21,100,33.1,3,0,0.492,78,36.9,45.82,38.73,95.9,20.4,1.02518,9,37,55,38.9,0,0,0
2021-09-04,18:43:36,20.84,20.55,20.84,20.55,18.08,17.8,60,60,71,0,0,0,5.16,0.0,0.0,0.0,0.0,0.0,0.0,23.6,53,0,125,ON,OFF,ON,0,34.2,30,0,13492,OFF,OFF,29.4,29.5,22.22,29.4,29.15,9.0,6.0,54.42,38.0,32.62,21,50,38.5,24,93,98,OFF,OFF,100,100,6.123,1.268,1,0,ON,ON,0.922,4.372,0,0,OFF,OFF,6179,1039,100,100,0,0.156,73,674,12.1,41,25.3,0.007,38.9,41,0.007,23.9,1756,96,9.3,62.44213,378457,21,100,33.1,3,0,0.492,78,36.9,45.82,38.73,95.9,20.4,1.02518,9,37,55,38.9,0,0,0
2021-09-04,18:44:06,20.84,20.55,20.84,20.55,18.08,17.8,60,60,71,0,0,0,5.16,0.0,0.0,0.0,0.0,0.0,0.0,23.6,53,0,125,ON,OFF,ON,0,34.2,30,0,13492,OFF,OFF,29.4,29.5,22.22,29.4,29.15,9.0,6.0,54.42,38.0,32.62,21,50,38.5,24,93,98,OFF,OFF,100,100,6.123,1.268,1,0,ON,ON,0.922,4.372,0,0,OFF,OFF,6179,1039,100,100,0,0.156,73,674,12.1,41,25.3,0.007,38.9,41,0.007,23.9,1756,96,9.3,62.44213,378457,21,100,33.1,3,0,0.492,78,36.9,45.82,38.73,95.9,20.4,1.02518,9,37,55,38.9,0,0,0
2021-09-04,18:44:36,20.84,20.55,20.84,20.55,18.08,17.8,60,60,71,0,0,0,5.16,0.0,0.0,0.0,0.0,0.0,0.0,23.6,53,0,125,ON,OFF,ON,0,34.2,30,0,13492,OFF,OFF,29.4,29.5,22.22,29.4,29.15,9.0,6.0,54.42,38.0,32.62,21,50,38.5,24,93,98,OFF,OFF,100,100,6.123,1.268,1,0,ON,ON,0.922,4.372,0,0,OFF,OFF,6179,1039,100,100,0,0.156,73,674,12.1,41,25.3,0.007,38.9,41,0.007,23.9,1756,96,9.3,62.44213,378457,21,100,33.1,3,0,0.492,78,36.9,45.82,38.73,95.9,20.4,1.02518,9,37,55,38.9,0,0,0
2021-09-04,18:45:06,20.84,20.55,20.84,20.55,18.08,17.8,60,60,71,0,0,0,5.16,0.0,0.0,0.0,0.0,0.0,0.0,23.6,53,0,125,ON,OFF,ON,0,34.2,30,0,13492,OFF,OFF,29.4,29.5,22.22,29.4,29.15,9.0,6.0,54.42,38.0,32.62,21,50,38.5,24,93,98,OFF,OFF,100,100,6.124,1.268,1,0,ON,ON,0.922,4.372,0,0,OFF,OFF,6179,1039,100,100,0,0.156,73,674,12.1,41,25.3,0.007,38.9,41,0.007,23.9,1756,96,9.3,62.44213,378457,21,100,33.1,3,0,0.492,78,36.9,45.82,38.73,95.9,20.4,1.02518,9,37,55,38.9,0,0,0
2021-09-04,18:45:36,20.84,20.55,20.84,20.55,18.08,17.8,60,60,71,0,0,0,5.16,0.0,0.0,0.0,0.0,0.0,0.0,23.6,53,0,125,ON,OFF,ON,0,34.2,30,0,13492,OFF,OFF,29.4,29.5,22.22,29.4,29.15,9.0,6.0,54.42,38.0,32.62,21,50,38.5,24,93,98,OFF,OFF,100,100,6.124,1.268,1,0,ON,ON,0.922,4.372,0,0,OFF,OFF,6179,1039,100,100,0,0.156,73,674,12.1,41,25.3,0.007,38.9,41,0.007,23.9,1756,96,9.3,62.44213,378457,21,100,33.1,3,0,0.492,78,36.9,45.82,38.73,95.9,20.4,1.02518,9,37,55,38.9,0,0,0
2021-09-04,18:46:06,20.84,20.55,20.84,20.55,18.08,17.8,60,60,71,0,0,0,5.16,0.0,0.0,0.0,0.0,0.0,0.0,23.6,53,0,125,ON,OFF,ON,0,34.2,30,0,13492,OFF,OFF,29.4,29.5,22.22,29.4,29.15,9.0,6.0,54.42,38.0,32.62,21,50,38.5,24,93,98,OFF,OFF,100,100,6.124,1.268,1,0,ON,ON,0.922,4.372,0,0,OFF,OFF,6179,1039,100,100,0,0.156,73,674,12.1,41,25.3,0.007,38.9,41,0.007,23.9,1756,96,9.3,62.44213,378457,21,100,33.1,3,0,0.492,78,36.9,45.82,38.73,95.9,20.4,1.02518,9,37,55,38.9,0,0,0
2021-09-04,18:46:36,20.84,20.55,20.84,20.55,18.08,17.8,60,60,71,0,0,0,5.16,0.0,0.0,0.0,0.0,0.0,0.0,23.6,53,0,125,ON,OFF,ON,0,34.2,30,0,13492,OFF,OFF,29.4,29.5,22.22,29.4,29.15,9.0,6.0,54.42,38.0,32.62,21,50,38.5,24,93,98,OFF,OFF,100,100,6.124,1.268,1,0,ON,ON,0.922,4.372,0,0,OFF,OFF,6179,1039,100,100,0,0.156,73,674,12.1,41,25.3,0.007,38.9,41,0.007,23.9,1756,96,9.3,62.44213,378457,21,100,33.1,3,0,0.492,78,36.9,45.82,38.73,95.9,20.4,1.02518,9,37,55,38.9,0,0,0
2021-09-04,18:47:06,20.84,20.55,20.84,20.55,18.08,17.8,60,60,71,0,0,0,5.16,0.0,0.0,0.0,0.0,0.0,0.0,23.6,53,0,125,ON,OFF,ON,0,34.2,30,0,13492,OFF,OFF,29.4,29.5,22.22,29.4,29.15,9.0,6.0,54.42,38.0,32.62,21,50,38.5,24,93,98,OFF,OFF,100,100,6.124,1.268,1,0,ON,ON,0.922,4.372,0,0,OFF,OFF,5154,1039,100,100,0,0.156,73,674,12.1,41,25.3,0.007,38.9,41,0.007,23.9,1756,96,9.3,62.44213,378457,21,100,33.1,3,0,0.492,78,36.9,45.82,38.73,95.9,20.4,1.02518,9,37,55,38.9,0,0,0
2021-09-04,18:47:36,20.84,20.55,20.84,20.55,18.08,17.8,60,60,71,0,0,0,5.16,0.0,0.0,0.0,0.0,0.0,0.0,23.6,53,0,125,ON,OFF,ON,0,34.2,30,0,13492,OFF,OFF,29.4,29.5,22.22,29.4,29.15,9.0,6.0,54.42,38.0,32.62,21,49,38.5,24,93,98,OFF,OFF,100,100,6.124,1.268,1,0,ON,ON,0.922,4.372,0,0,OFF,OFF,5154,1039,100,100,0,0.156,73,674,12.1,41,25.3,0.007,38.9,41,0.007,23.9,1756,96,9.3,62.44213,378457,21,100,33.1,3,0,0.492,78,36.9,45.82,38.73,95.9,20.4,1.02518,9,37,55,38.9,0,0,0
2021-09-04,18:48:06,20.84,20.55,20.84,20.55,18.08,17.8,60,60,71,0,0,0,5.16,0.0,0.0,0.0,0.0,0.0,0.0,23.6,53,0,125,ON,OFF,ON,0,34.2,30,0,13492,OFF,OFF,29.4,29.5,22.22,29.4,29.15,9.0,6.0,54.42,38.0,32.62,21,49,38.5,24,93,98,OFF,OFF,100,100,6.124,1.268,1,0,ON,ON,0.922,4.372,0,0,OFF,OFF,5154,1039,100,100,0,0.156,73,674,12.1,41,25.3,0.007,38.9,41,0.007,23.9,1756,96,9.3,62.44213,378457,21,100,33.1,3,0,0.492,78,36.9,45.82,38.73,95.9,20.4,1.02518,9,37,55,38.9,0,0,0
2021-09-04,18:48:36,20.84,20.55,20.84,20.55,18.08,17.8,60,60,71,0,0,0,5.16,0.0,0.0,0.0,0.0,0.0,0.0,23.6,53,0,125,ON,OFF,ON,0,34.2,30,0,13492,OFF,OFF,29.4,29.5,22.22,29.4,29.15,9.0,6.0,54.42,38.0,32.62,21,49,38.5,23.5,93,97,OFF,OFF,100,100,6.124,1.268,1,0,ON,ON,0.922,4.372,0,0,OFF,OFF,5154,1039,100,100,0,0.156,73,674,12.1,41,25.3,0.007,38.9,41,0.007,23.9,1756,96,9.3,62.44213,378457,21,100,33.1,3,0,0.492,78,36.9,45.82,38.73,95.9,20.4,1.02518,9,37,55,38.9,0,0,0
2021-09-04,18:49:06,20.84,20.55,20.84,20.55,18.08,17.8,60,60,71,0,0,0,5.16,0.0,0.0,0.0,0.0,0.0,0.0,23.6,53,0,125,ON,OFF,ON,0,34.2,30,0,13492,OFF,OFF,29.4,29.5,22.22,29.4,29.15,9.0,6.0,54.42,38.0,32.62,21,49,38.5,23.5,93,97,OFF,OFF,100,100,6.124,1.268,1,0,ON,ON,0.922,4.372,0,0,OFF,OFF,5154,1039,100,100,0,0.156,73,674,12.1,41,25.3,0.007,38.9,41,0.007,23.9,1756,96,9.3,62.44213,378457,21,100,33.1,3,0,0.492,78,36.9,45.82,38.73,95.9,20.4,1.02518,9,37,55,38.9,0,0,0
2021-09-04,18:49:36,20.84,20.55,20.84,20.55,18.08,17.8,60,60,71,0,0,0,5.16,0.0,0.0,0.0,0.0,0.0,0.0,23.6,53,0,125,ON,OFF,ON,0,34.2,30,0,13492,OFF,OFF,29.4,29.5,22.22,29.4,29.15,9.0,6.0,54.42,38.0,32.62,20,50,38.5,23.5,93,97,OFF,OFF,100,100,6.124,1.268,1,0,ON,ON,0.922,4.372,0,0,OFF,OFF,5154,1039,100,100,0,0.156,73,674,12.1,41,25.3,0.007,38.9,41,0.007,23.9,1756,96,9.3,62.44213,378457,21,100,33.1,3,0,0.492,78,36.9,45.82,38.73,95.9,20.4,1.02518,9,37,55,38.9,0,0,0
2021-09-04,18:50:06,20.84,20.55,20.84,20.55,18.08,17.8,60,60,71,0,0,0,5.16,0.0,0.0,0.0,0.0,0.0,0.0,23.6,53,0,125,ON,OFF,ON,0,34.2,30,0,13492,OFF,OFF,29.4,29.5,22.22,29.4,29.15,9.0,6.0,54.42,38.0,32.62,20,50,38.5,23.5,93,97,OFF,OFF,100,100,6.124,1.268,1,0,ON,ON,0.922,4.372,0,0,OFF,OFF,5154,1039,100,100,0,0.156,73,674,12.1,41,25.3,0.007,38.9,41,0.007,23.9,1756,96,9.3,62.44213,378457,21,100,33.1,3,0,0.492,78,36.9,45.82,38.73,95.9,20.4,1.02518,9,37,55,38.9,0,0,0
2021-09-04,18:50:36,20.84,20.55,20.84,20.55,18.08,17.8,60,60,71,0,0,0,5.16,0.0,0.0,0.0,0.0,0.0,0.0,23.6,53,0,125,ON,OFF,ON,0,34.2,30,0,13492,OFF,OFF,29.4,29.5,22.22,29.4,29.15,9.0,6.0,54.42,38.0,32.62,20,50,38.5,23.5,93,97,OFF,OFF,100,100,6.124,1.268,1,0,ON,ON,0.922,4.372,0,0,OFF,OFF,5154,1039,100,100,0,0.156,73,674,12.1,41,24.8,0.007,38.9,41,0.007,23.9,1756,96,9.3,62.44213,378457,21,100,33.1,3,0,0.492,78,36.9,45.82,38.73,95.9,20.4,1.02518,9,37,55,38.9,0,0,0
2021-09-04,18:51:06,20.84,20.55,20.84,20.55,18.08,17.8,60,60,71,0,0,0,5.16,0.0,0.0,0.0,0.0,0.0,0.0,23.6,53,0,125,ON,OFF,ON,0,34.2,30,0,13492,OFF,OFF,29.4,29.5,22.22,29.4,29.15,9.0,6.0,54.42,38.0,32.62,20,50,38.5,23.5,93,97,OFF,OFF,100,100,6.124,1.268,1,0,ON,ON,0.922,4.372,0,0,OFF,OFF,5154,1039,100,100,0,0.156,73,674,12.1,41,24.8,0.007,38.9,41,0.007,23.9,1756,96,9.3,62.44213,378457,21,100,33.1,3,0,0.492,78,36.78,45.82,38.73,95.9,20.4,1.02518,9,37,55,38.9,0,0,0
2021-09-04,18:51:36,20.84,20.55,20.84,20.55,18.08,17.8,60,60,71,0,0,0,5.16,0.0,0.0,0.0,0.0,0.0,0.0,23.6,53,0,125,ON,OFF,ON,0,34.2,30,0,13492,OFF,OFF,29.4,29.5,22.22,29.4,29.15,9.0,6.0,54.42,38.0,32.62,20,50,38.5,23.5,93,97,OFF,OFF,100,100,6.124,1.268,1,0,ON,ON,0.922,4.372,0,0,OFF,OFF,5154,1039,100,100,0,0.156,73,674,12.1,41,24.8,0.007,38.9,41,0.007,23.9,1756,96,9.3,62.44213,378457,21,100,33.1,3,0,0.492,78,36.78,45.82,38.73,95.9,20.4,1.02518,9,37,55,38.9,0,0,0
2021-09-04,18:52:06,20.84,20.55,20.84,20.55,18.08,17.8,60,60,71,0,0,0,5.16,0.0,0.0,0.0,0.0,0.0,0.0,23.6,53,0,125,ON,OFF,ON,0,34.2,30,0,13492,OFF,OFF,29.4,29.5,22.22,29.4,29.15,9.0,6.0,54.42,38.0,32.62,20,50,38.5,23.5,93,97,OFF,OFF,100,100,6.124,1.268,1,0,ON,ON,0.922,4.372,0,0,OFF,OFF,5154,1039,100,100,0,0.156,73,674,12.1,41,24.8,0.007,38.9,41,0.007,23.9,1756,96,9.3,62.44213,378457,21,100,33.1,3,0,0.492,78,36.78,45.82,38.73,95.9,20.4,1.02518,9,37,55,38.9,0,0,0
2021-09-04,18:52:36,20.84,20.55,20.84,20.55,18.08,17.8,60,60,71,0,0,0,5.16,0.0,0.0,0.0,0.0,0.0,0.0,23.6,53,0,125,ON,OFF,ON,0,34.2,30,0,13492,OFF,OFF,29.4,29.5,22.22,29.4,27.83,9.0,6.0,54.42,38.0,32.62,20,50,38.5,23.5,93,97,OFF,OFF,100,100,6.124,1.268,1,0,ON,ON,0.922,4.372,0,0,OFF,OFF,5154,1039,100,100,0,0.156,73,674,12.1,41,24.8,0.007,38.9,41,0.007,23.9,1756,96,9.3,62.44213,378457,21,100,33.1,3,0,0.492,78,36.78,45.82,38.73,95.9,20.4,1.02518,9,37,55,38.9,0,0,0
2021-09-04,18:53:06,20.84,20.55,20.84,20.55,18.08,17.8,60,60,71,0,0,0,5.16,0.0,0.0,0.0,0.0,0.0,0.0,23.6,53,0,125,ON,OFF,ON,0,34.2,30,0,13492,OFF,OFF,29.4,29.5,22.22,29.4,27.83,9.0,6.0,54.42,38.0,32.62,20,50,38.5,23.5,93,97,OFF,OFF,100,100,6.124,1.268,1,0,ON,ON,0.922,4.372,0,0,OFF,OFF,5154,1039,100,100,0,0.156,73,674,12.1,41,24.8,0.007,38.9,41,0.007,23.9,1756,96,9.3,62.44213,378457,21,100,33.1,3,0,0.492,78,36.78,45.82,38.73,95.9,20.4,1.02518,9,37,55,38.9,0,0,0
2021-09-04,18:53:36,20.84,20.55,20.84,20.55,18.08,17.8,60,60,71,0,0,0,5.16,0.0,0.0,0.0,0.0,0.0,0.0,23.6,53,0,125,ON,OFF,ON,0,34.2,30,0,13492,OFF,OFF,29.4,29.5,22.22,29.4,27.83,9.0,6.0,54.42,38.0,32.62,20,50,38.5,23.5,93,97,OFF,OFF,100,100,6.124,1.268,1,0,ON,ON,0.922,4.372,0,0,OFF,OFF,5154,1039,100,100,0,0.156,73,674,12.1,41,24.8,0.007,38.9,41,0.007,23.9,1756,96,9.3,62.44213,378457,21,100,33.1,3,0,0.492,78,36.78,45.82,38.73,95.9,20.4,1.02518,9,37,55,38.9,0,0,0
2021-09-04,18:54:06,20.84,20.55,20.84,20.55,18.08,17.8,60,60,71,0,0,0,5.16,0.0,0.0,0.0,0.0,0.0,0.0,23.6,53,0,125,ON,OFF,ON,0,34.2,30,0,13492,OFF,OFF,29.4,29.5,22.22,29.4,27.83,9.0,6.0,54.42,38.0,32.62,20,50,38.5,23.5,93,97,OFF,OFF,100,100,6.124,1.268,1,0,ON,ON,0.922,4.372,0,0,OFF,OFF,5154,1039,100,100,0,0.156,73,674,12.1,41,24.8,0.007,38.9,41,0.007,23.9,1756,96,9.3,62.44213,378457,21,100,33.1,3,0,0.492,78,36.78,45.82,38.73,95.9,20.4,1.02518,9,37,55,38.9,0,0,0
2021-09-04,18:54:36,20.84,20.55,20.84,20.55,18.08,17.8,60,60,71,0,0,0,5.16,0.0,0.0,0.0,0.0,0.0,0.0,23.6,53,0,125,ON,OFF,ON,0,34.2,30,0,13492,OFF,OFF,29.4,29.5,22.22,29.4,27.83,9.0,6.0,54.42,38.0,32.62,20,50,38.5,23.5,93,97,OFF,OFF,100,100,6.124,1.268,1,0,ON,ON,0.922,4.372,0,0,OFF,OFF,5154,1039,100,100,0,0.156,73,674,12.1,41,24.8,0.007,38.9,41,0.007,23.9,1756,96,9.3,62.44213,378457,21,100,33.1,3,0,0.492,78,36.78,45.82,38.73,95.9,20.4,1.02518,9,37,55,38.9,0,0,0
2021-09-04,18:55:05,20.84,20.55,20.84,20.55,18.08,17.8,60,60,71,0,0,0,5.16,0.0,0.0,0.0,0.0,0.0,0.0,23.6,53,0,125,ON,OFF,ON,0,34.2,30,0,13492,OFF,OFF,29.4,29.5,22.22,29.4,27.83,9.0,6.0,54.42,38.0,37.62,20,50,38.5,23.5,93,97,OFF,OFF,100,100,6.124,1.268,1,0,ON,ON,0.922,4.372,0,0,OFF,OFF,5154,1039,100,100,0,0.156,73,674,12.1,41,24.8,0.007,38.9,41,0.007,23.9,1756,96,10.7,62.44213,378457,50,100,21.7,4,0,0.492,78,36.78,45.82,38.73,95.9,20.4,1.02518,9,37,55,38.9,0,0,0
2021-09-04,18:55:52,20.84,20.55,20.84,20.55,18.08,17.8,60,60,71,0,0,0,5.16,0.0,0.0,0.0,0.0,0.0,0.0,23.6,53,0,125,ON,OFF,ON,0,34.2,30,0,13492,OFF,OFF,29.4,29.5,22.22,29.4,27.83,9.0,6.0,54.42,38.0,37.62,20,50,38.5,23.5,93,97,OFF,OFF,100,100,6.124,1.268,1,0,ON,ON,0.922,4.372,0,0,OFF,OFF,5154,1039,100,100,0,0.156,73,674,12.1,41,24.8,0.007,38.9,41,0.007,23.9,1756,96,10.7,62.44213,378457,50,100,21.7,4,0,0.492,78,36.78,45.82,38.73,95.9,20.4,1.02518,9,37,55,38.9,0,0,0
2021-09-04,18:56:22,20.84,20.55,20.84,20.55,18.08,17.8,60,60,71,0,0,0,5.16,0.0,0.0,0.0,0.0,0.0,0.0,23.6,53,0,125,ON,OFF,ON,0,34.2,30,0,13492,OFF,OFF,29.4,29.5,22.22,29.4,27.83,9.0,6.0,54.42,38.0,37.62,20,50,38.5,23.5,93,97,OFF,OFF,100,100,6.124,1.268,1,0,ON,ON,0.922,4.372,0,0,OFF,OFF,5154,1039,100,100,0,0.156,73,674,12.1,41,24.8,0.007,38.9,41,0.007,23.9,1756,96,10.7,62.44213,378457,50,100,21.7,4,0,0.492,78,36.78,45.82,38.73,95.9,20.4,1.02518,9,37,55,38.9,0,0,0
2021-09-04,18:56:52,20.84,20.55,20.84,20.55,18.08,17.8,60,60,71,0,0,0,5.16,0.0,0.0,0.0,0.0,0.0,0.0,23.6,53,0,125,ON,OFF,ON,0,34.2,30,0,13492,OFF,OFF,29.4,29.5,22.22,29.4,27.83,9.0,6.0,54.42,38.0,37.62,20,50,38.5,22.5,93,97,OFF,OFF,100,100,6.124,1.268,1,0,ON,ON,0.922,4.372,0,0,OFF,OFF,5154,1039,100,100,0,0.156,73,674,12.1,41,24.2,0.007,38.9,41,0.007,23.9,1756,96,10.7,62.44213,378457,50,100,21.7,4,0,0.492,78,36.78,45.82,38.73,95.9,20.4,1.02518,9,37,55,38.9,0,0,0
2021-09-04,18:57:22,20.84,20.55,20.84,20.55,18.08,17.8,60,60,71,0,0,0,5.16,0.0,0.0,0.0,0.0,0.0,0.0,23.6,53,0,125,ON,OFF,ON,0,34.2,30,0,13492,OFF,OFF,29.4,29.5,22.22,29.4,27.83,9.0,6.0,54.42,38.0,37.62,20,50,38.5,22.5,93,97,OFF,OFF,100,100,6.124,1.268,1,0,ON,ON,0.922,4.372,0,0,OFF,OFF,5154,1039,100,100,0,0.156,73,674,12.1,41,24.2,0.007,38.9,41,0.007,23.9,1756,96,10.7,62.44213,378457,50,100,21.7,4,0,0.492,78,36.78,45.82,38.73,95.9,20.4,1.02518,9,37,55,38.9,0,0,0
2021-09-04,18:57:52,20.84,20.55,20.84,20.55,18.08,17.8,60,60,71,0,0,0,5.16,0.0,0.0,0.0,0.0,0.0,0.0,23.6,53,0,125,ON,OFF,ON,0,34.2,30,0,13492,OFF,OFF,29.4,29.5,22.22,29.4,27.83,9.0,6.0,54.42,38.0,37.62,20,50,38.5,22.5,93,97,OFF,OFF,100,100,6.124,1.268,1,0,ON,ON,0.922,4.372,0,0,OFF,OFF,5154,1039,100,100,0,0.156,73,664,12.1,44,24.4,0.007,38.6,42,0.007,23.4,1756,96,10.7,62.44213,378457,50,100,21.7,4,0,0.492,78,36.78,45.82,38.73,95.9,20.4,1.02518,9,37,55,38.9,0,0,0
2021-09-04,18:58:22,20.84,20.55,20.84,20.55,18.08,17.8,60,60,71,0,0,0,5.16,0.0,0.0,0.0,0.0,0.0,0.0,23.6,53,0,125,ON,OFF,ON,0,34.2,30,0,13492,OFF,OFF,29.4,29.5,22.22,29.4,27.17,9.0,6.0,54.42,38.0,37.62,20,50,38.5,22.5,93,97,OFF,OFF,100,100,6.124,1.268,1,0,ON,ON,0.922,4.372,0,0,OFF,OFF,4225,1039,100,100,0,0.156,73,664,12.1,44,24.4,0.007,38.6,42,0.007,23.4,1756,96,10.7,62.44213,378457,50,100,21.7,4,0,0.492,78,36.78,45.82,38.73,95.9,20.4,1.02518,9,37,55,38.9,0,0,0
2021-09-04,18:58:52,20.84,20.55,20.84,20.55,18.08,17.8,60,60,71,0,0,0,5.16,0.0,0.0,0.0,0.0,0.0,0.0,23.6,53,0,125,ON,OFF,ON,0,34.2,30,0,13492,OFF,OFF,29.4,29.5,22.22,29.4,27.17,9.0,6.0,54.42,38.0,37.62,20,50,38.5,22.5,93,97,OFF,OFF,100,100,6.124,1.268,1,0,ON,ON,0.922,4.372,0,0,OFF,OFF,4225,1039,100,100,0,0.156,73,664,12.1,44,24.4,0.007,38.6,42,0.007,23.4,1756,96,10.7,62.44213,378457,50,100,21.7,4,0,0.492,78,36.78,45.82,38.73,95.9,20.4,1.02518,9,37,55,38.9,0,0,0
2021-09-04,18:59:22,20.84,20.55,20.84,20.55,18.08,17.8,60,60,71,0,0,0,5.16,0.0,0.0,0.0,0.0,0.0,0.0,23.6,53,0,125,ON,OFF,ON,0,34.2,30,0,13492,OFF,OFF,29.4,29.5,22.22,29.4,27.17,9.0,6.0,59.45,38.0,37.62,20,50,37.5,22.5,93,97,OFF,OFF,100,100,6.124,1.268,1,0,ON,ON,0.922,4.372,0,0,OFF,OFF,4225,1039,100,100,0,0.156,73,664,12.1,44,24.4,0.007,38.6,42,0.007,23.4,1756,96,10.7,62.44213,378457,50,100,21.7,4,0,0.492,78,36.78,45.82,38.73,95.9,20.4,1.02518,9,37,55,38.9,0,0,0
2021-09-04,18:59:52,20.84,20.55,20.84,20.55,18.08,17.8,60,60,71,0,0,0,5.16,0.0,0.0,0.0,0.0,0.0,0.0,23.6,53,0,125,ON,OFF,ON,0,34.2,30,0,13492,OFF,OFF,29.4,29.5,22.22,29.4,27.17,9.0,6.0,59.45,38.0,37.62,20,50,37.5,22.5,93,97,OFF,OFF,100,100,6.124,1.268,1,0,ON,ON,0.922,4.372,0,0,OFF,OFF,4225,1039,100,100,0,0.156,73,664,12.1,44,24.4,0.007,38.6,42,0.007,23.4,1756,96,10.7,62.44213,378457,50,100,21.7,4,0,0.492,78,36.78,45.32,38.73,95.9,20.4,1.02518,9,37,55,38.9,0,0,0
2021-09-04,19:00:22,20.84,20.55,20.84,20.55,18.08,17.8,60,60,71,0,0,0,5.16,0.0,0.0,0.0,0.0,0.0,0.0,23.6,53,0,125,ON,OFF,ON,0,34.2,30,0,13492,OFF,OFF,29.4,29.5,22.22,29.4,27.17,9.0,6.0,59.45,38.0,37.62,20,50,37.5,22.5,93,97,OFF,OFF,100,100,6.124,1.268,1,0,ON,ON,0.922,4.372,0,0,OFF,OFF,4225,1039,100,100,0,0.156,73,664,12.1,44,24.4,0.007,38.6,42,0.007,23.4,1756,96,10.7,62.44213,378457,50,100,21.7,4,0,0.492,78,36.78,45.32,38.73,95.9,20.4,1.02518,9,37,55,38.9,0,0,0
2021-09-04,19:00:52,20.84,20.55,20.84,20.55,18.08,17.8,60,60,71,0,0,0,5.16,0.0,0.0,0.0,0.0,0.0,0.0,23.6,53,0,125,ON,OFF,ON,0,34.2,30,0,13492,OFF,OFF,29.4,29.5,22.22,29.4,27.17,9.0,6.0,59.45,38.0,37.62,20,50,37.5,22.5,93,97,OFF,OFF,100,100,6.124,1.268,1,0,ON,ON,0.922,4.372,0,0,OFF,OFF,4225,1039,100,100,0,0.156,73,664,12.1,44,24.4,0.007,38.6,42,0.007,23.4,1756,96,10.7,62.44213,378457,50,100,21.7,4,0,0.492,78,36.78,45.32,38.73,95.9,20.4,1.02518,9,37,55,38.9,0,0,0
2021-09-04,19:01:22,20.84,20.55,20.84,20.55,18.08,17.8,60,60,71,0,0,0,5.16,0.0,0.0,0.0,0.0,0.0,0.0,23.6,53,0,125,ON,OFF,ON,0,34.2,30,0,13492,OFF,OFF,29.4,29.5,21.56,29.4,27.17,9.0,6.0,59.45,38.0,37.62,20,50,37.5,22.5,93,97,OFF,OFF,100,100,6.124,1.268,1,0,ON,ON,0.922,4.372,0,0,OFF,OFF,4225,1039,100,100,0,0.156,73,664,12.1,44,24.4,0.007,38.6,42,0.007,23.4,1756,96,10.7,62.44213,378457,50,100,21.7,4,0,0.492,78,36.78,45.32,38.73,95.9,20.4,1.02518,9,37,55,38.9,0,0,0
2021-09-04,19:01:52,20.84,20.55,20.84,20.55,18.08,17.8,60,60,71,0,0,0,5.16,0.0,0.0,0.0,0.0,0.0,0.0,23.6,53,0,125,ON,OFF,ON,0,34.2,30,0,13492,OFF,OFF,29.4,29.5,21.56,29.4,27.17,9.0,6.0,59.45,38.0,37.62,20,50,37.5,22.5,93,97,OFF,OFF,100,100,6.124,1.268,1,0,ON,ON,0.922,4.372,0,0,OFF,OFF,4225,1039,100,100,0,0.156,73,664,12.1,44,24.4,0.007,38.4,42,0.007,23.4,1756,96,10.7,62.44213,378457,50,100,21.7,4,0,0.492,78,36.78,45.32,38.73,95.9,20.4,1.02518,9,37,55,38.9,0,0,0
2021-09-04,19:02:22,20.84,20.55,20.84,20.55,18.08,17.8,60,60,71,0,0,0,5.16,0.0,0.0,0.0,0.0,0.0,0.0,23.6,53,0,125,ON,OFF,ON,0,34.2,30,0,13492,OFF,OFF,29.4,29.5,21.56,29.4,27.17,9.0,6.0,59.45,38.0,37.62,20,50,37.5,22.5,93,97,OFF,OFF,100,100,6.124,1.268,1,0,ON,ON,0.922,4.372,0,0,OFF,OFF,4225,1039,100,100,0,0.156,73,664,12.1,44,24.4,0.007,38.4,42,0.007,23.4,1756,96,10.7,62.44213,378457,50,100,21.7,4,0,0.492,78,36.78,45.32,38.73,95.9,20.4,1.02518,9,37,55,38.9,0,0,0
2021-09-04,19:02:52,20.84,20.55,20.84,20.55,18.08,17.8,60,60,71,0,0,0,5.16,0.0,0.0,0.0,0.0,0.0,0.0,23.6,53,0,125,ON,OFF,ON,0,34.2,30,0,13492,OFF,OFF,29.4,29.5,21.56,29.4,27.17,9.0,6.0,59.45,38.0,37.62,20,50,37.5,22.5,93,97,OFF,OFF,100,100,6.124,1.268,1,0,ON,ON,0.922,4.372,0,0,OFF,OFF,4225,1039,100,100,0,0.156,73,664,12.1,44,24.4,0.007,38.4,42,0.007,23.4,1756,96,10.7,62.44213,378457,50,100,21.7,4,0,0.492,78,36.78,45.32,38.73,95.9,20.4,1.02518,9,37,55,38.9,0,0,0
2021-09-04,19:03:22,20.84,20.55,20.84,20.55,18.08,17.8,60,60,71,0,0,0,5.16,0.0,0.0,0.0,0.0,0.0,0.0,23.6,53,0,125,ON,OFF,ON,0,34.2,30,0,13492,OFF,OFF,29.4,29.5,21.56,29.4,27.17,9.0,6.0,59.45,38.0,37.62,20,50,37.5,22.5,93,97,OFF,OFF,100,100,6.124,1.268,1,0,ON,ON,0.922,4.372,0,0,OFF,OFF,4225,1039,100,100,0,0.156,73,664,12.1,44,24.4,0.007,38.4,42,0.007,23.4,1756,96,10.7,62.44213,378457,50,100,21.7,4,0,0.492,78,36.78,45.32,38.73,95.9,20.4,1.02518,9,37,55,38.9,0,0,0
2021-09-04,19:03:52,20.84,20.55,20.84,20.55,18.08,17.8,60,60,71,0,0,0,5.16,0.0,0.0,0.0,0.0,0.0,0.0,23.6,53,0,125,ON,OFF,ON,0,34.2,30,0,13492,OFF,OFF,29.4,29.5,21.56,29.4,27.17,9.0,6.0,59.45,38.0,37.62,20,50,37.5,22.5,93,97,OFF,OFF,100,100,6.124,1.268,1,0,ON,ON,0.922,4.372,0,0,OFF,OFF,4225,1039,100,100,0,0.156,73,664,12.1,44,24.4,0.007,38.4,42,0.007,23.4,1756,96,10.7,62.44213,378457,50,100,21.7,4,0,0.492,78,36.78,45.32,38.73,95.9,20.4,1.02518,9,37,55,38.9,0,0,0
2021-09-04,19:04:22,20.84,20.55,20.84,20.55,18.08,17.8,60,60,71,0,0,0,5.16,0.0,0.0,0.0,0.0,0.0,0.0,23.6,53,0,125,ON,OFF,ON,0,34.2,30,0,13492,OFF,OFF,29.4,29.5,21.56,29.4,27.17,9.0,6.0,59.45,38.0,37.62,20,50,37.5,22.5,93,97,OFF,OFF,100,100,6.124,1.268,1,0,ON,ON,0.922,4.372,0,0,OFF,OFF,4225,1039,100,100,0,0.156,73,664,12.1,44,24.4,0.007,38.4,42,0.007,23.4,1756,96,10.7,62.44213,378457,50,100,21.7,4,0,0.492,78,36.78,45.32,38.73,95.9,20.4,1.02518,9,37,55,38.9,0,0,0
2021-09-04,19:04:52,20.84,20.55,20.84,20.55,18.08,17.8,60,60,71,0,0,0,5.16,0.0,0.0,0.0,0.0,0.0,0.0,23.6,53,0,125,ON,OFF,ON,0,34.2,30,0,13492,OFF,OFF,29.4,29.5,21.56,29.4,27.17,9.0,6.0,59.45,38.0,37.62,20,50,37.5,22.5,93,97,OFF,OFF,100,100,6.124,1.268,1,0,ON,ON,0.922,4.372,0,0,OFF,OFF,4225,1039,100,100,0,0.156,73,664,12.1,44,24.4,0.007,38.4,42,0.007,23.4,1756,96,10.7,62.44213,378457,50,100,21.7,4,0,0.492,78,36.78,45.32,38.73,95.9,20.4,1.02518,9,37,55,38.9,0,0,0
2021-09-04,19:05:22,20.84,20.55,20.84,20.55,18.08,17.8,60,60,71,0,0,0,5.16,0.0,0.0,0.0,0.0,0.0,0.0,23.6,53,0,125,ON,OFF,ON,0,34.2,30,0,13492,OFF,OFF,29.4,29.5,21.56,29.4,26.51,9.0,6.0,59.45,38.0,37.62,20,50,37.5,22.5,93,97,OFF,OFF,100,100,6.124,1.268,1,0,ON,ON,0.922,4.372,0,0,OFF,OFF,4225,1039,100,100,0,0.156,73,664,12.1,44,24.4,0.007,38.4,42,0.007,23.4,1756,96,10.7,62.44213,378457,50,100,21.7,4,0,0.492,78,36.78,45.32,38.73,95.9,20.4,1.02518,9,37,55,38.9,0,0,0
2021-09-04,19:05:52,20.84,20.55,20.84,20.55,18.08,17.8,60,60,71,0,0,0,5.16,0.0,0.0,0.0,0.0,0.0,0.0,23.6,53,0,125,ON,OFF,ON,0,34.2,30,0,13492,OFF,OFF,29.4,29.5,21.56,29.4,26.51,9.0,6.0,59.45,38.0,37.62,20,52,37.5,22.5,93,97,OFF,OFF,100,100,6.124,1.268,1,0,ON,ON,0.922,4.372,0,0,OFF,OFF,4225,1039,100,100,0,0.156,73,664,12.1,44,24.4,0.007,38.4,42,0.007,23.4,1756,96,10.7,62.44213,378457,50,100,21.7,4,0,0.492,78,36.78,45.32,38.73,95.9,20.4,1.02518,9,37,55,38.9,0,0,0
2021-09-04,19:06:22,20.84,20.55,20.84,20.55,18.08,17.8,60,60,71,0,0,0,5.16,0.0,0.0,0.0,0.0,0.0,0.0,23.6,53,0,125,ON,OFF,ON,0,34.2,30,0,13492,OFF,OFF,29.4,29.5,21.56,29.4,26.51,9.0,6.0,59.45,38.0,37.62,20,52,37.5,22.5,93,97,OFF,OFF,100,100,6.124,1.268,1,0,ON,ON,0.922,4.372,0,0,OFF,OFF,4225,1039,100,100,0,0.156,73,664,12.1,44,24.4,0.007,38.4,42,0.007,23.4,1756,96,10.7,62.44213,378457,50,100,21.7,4,0,0.492,78,36.78,45.32,38.73,95.9,20.4,1.02518,9,37,55,38.9,0,0,0
2021-09-04,19:06:52,20.84,20.55,20.84,20.55,18.08,17.8,60,60,71,0,0,0,5.16,0.0,0.0,0.0,0.0,0.0,0.0,23.6,53,0,125,ON,OFF,ON,0,34.2,30,0,13492,OFF,OFF,29.4,29.5,21.56,29.4,26.51,9.0,6.0,59.45,38.0,37.62,20,52,37.5,22.5,93,97,OFF,OFF,100,100,6.124,1.268,1,0,ON,ON,0.922,4.372,0,0,OFF,OFF,4225,1039,100,100,0,0.156,73,664,12.1,46,24.4,0.007,38.4,42,0.007,23.4,1756,96,10.7,62.44213,378457,50,100,21.7,4,0,0.492,78,36.78,45.32,38.73,95.9,20.4,1.02518,9,37,55,38.9,0,0,0
2021-09-04,19:07:22,20.84,20.55,20.84,20.55,18.08,17.8,60,60,71,0,0,0,5.16,0.0,0.0,0.0,0.0,0.0,0.0,23.6,53,0,125,ON,OFF,ON,0,34.2,30,0,13492,OFF,OFF,29.4,29.5,21.56,29.4,26.51,9.0,6.0,59.45,38.0,37.62,20,52,37.5,22.5,93,97,OFF,OFF,100,100,6.124,1.268,1,0,ON,ON,0.922,4.372,0,0,OFF,OFF,4225,1039,100,100,0,0.156,73,664,12.1,46,24.4,0.007,38.4,42,0.007,23.4,1756,96,10.7,62.44213,378457,50,100,21.7,4,0,0.492,78,36.78,45.32,38.73,95.9,20.4,1.02518,9,37,55,38.9,0,0,0
2021-09-04,19:07:54,20.84,20.55,20.84,20.55,18.08,17.8,60,60,71,0,0,0,5.16,0.0,0.0,0.0,0.0,0.0,0.0,23.6,53,0,125,ON,OFF,ON,0,34.2,30,0,13492,OFF,OFF,29.4,29.5,21.56,29.4,26.51,9.0,6.0,59.45,38.0,37.62,20,52,37.5,22.5,93,97,OFF,OFF,100,100,6.124,1.268,1,0,ON,ON,0.922,4.372,0,0,OFF,OFF,4225,1039,100,100,0,0.156,73,664,12.1,46,24.4,0.007,38.4,42,0.007,23.4,1756,96,10.7,62.44213,378457,50,100,21.7,4,0,0.492,78,36.78,45.32,38.73,95.9,20.4,1.02518,9,37,55,38.9,0,0,0
2021-09-04,19:08:24,20.84,20.55,20.84,20.55,18.08,17.8,60,60,71,0,0,0,5.16,0.0,0.0,0.0,0.0,0.0,0.0,23.6,53,0,125,ON,OFF,ON,0,34.2,30,0,13492,OFF,OFF,29.4,29.5,21.56,29.4,26.51,9.0,6.0,59.45,38.0,37.62,20,52,37.5,22.5,93,97,OFF,OFF,100,100,6.124,1.268,1,0,ON,ON,0.922,4.372,0,0,OFF,OFF,4225,1039,100,100,0,0.156,73,664,12.1,46,24.4,0.007,38.4,42,0.007,23.4,1756,96,10.7,62.44213,378457,50,100,21.7,4,0,0.492,78,36.78,45.32,38.73,95.9,20.4,1.02518,9,37,55,38.9,0,0,0
2021-09-04,19:08:54,20.84,20.55,20.84,20.55,18.08,17.8,60,60,71,0,0,0,5.16,0.0,0.0,0.0,0.0,0.0,0.0,23.6,53,0,125,ON,OFF,ON,0,34.2,30,0,13492,OFF,OFF,29.4,29.5,21.56,29.4,26.51,9.0,6.0,59.45,38.0,37.62,20,52,37.5,22.5,93,97,OFF,OFF,100,100,6.124,1.268,1,0,ON,ON,0.922,4.372,0,0,OFF,OFF,4225,1039,100,100,0,0.156,73,664,12.1,46,24.4,0.007,38.4,42,0.007,23.4,1756,96,10.7,62.44213,378457,50,100,21.7,4,0,0.492,78,36.78,45.32,38.73,95.9,20.4,1.02518,9,37,55,38.9,0,0,0
2021-09-04,19:09:24,20.84,20.55,20.84,20.55,18.08,17.8,60,60,71,0,0,0,5.16,0.0,0.0,0.0,0.0,0.0,0.0,23.6,53,0,125,ON,OFF,ON,0,34.2,30,0,13492,OFF,OFF,29.4,29.5,21.56,29.4,26.51,9.0,6.0,59.45,38.0,37.62,20,52,37.5,22.5,93,97,OFF,OFF,100,100,6.124,1.268,1,0,ON,ON,0.922,4.372,0,0,OFF,OFF,3202,1039,100,100,0,0.156,73,664,12.1,46,24.4,0.007,38.4,42,0.007,23.4,1756,96,10.7,62.44213,378457,50,100,21.7,4,0,0.492,78,36.78,45.32,38.73,95.9,20.4,1.02518,9,37,55,38.9,0,0,0
2021-09-04,19:09:54,20.84,20.55,20.84,20.55,18.08,17.8,60,60,71,0,0,0,5.16,0.0,0.0,0.0,0.0,0.0,0.0,23.6,53,0,125,ON,OFF,ON,0,34.2,30,0,13492,OFF,OFF,29.4,29.5,21.56,29.4,26.51,9.0,6.0,59.45,38.0,37.62,20,52,37.5,22.5,93,97,OFF,OFF,100,100,6.124,1.268,1,0,ON,ON,0.922,4.372,0,0,OFF,OFF,3202,1039,100,100,0,0.156,73,664,12.1,46,24.4,0.007,38.4,42,0.007,23.4,1756,96,10.7,62.44213,378457,50,100,21.7,4,0,0.492,78,36.78,45.32,38.73,95.9,20.4,1.02518,9,37,55,38.9,0,0,0
2021-09-04,19:10:24,20.84,20.55,20.84,20.55,18.08,17.8,60,60,71,0,0,0,5.16,0.0,0.0,0.0,0.0,0.0,0.0,23.6,53,0,125,ON,OFF,ON,0,34.2,30,0,13492,OFF,OFF,29.4,29.5,21.56,29.4,26.51,9.0,6.0,59.45,38.0,37.62,20,52,37.5,22.5,93,97,OFF,OFF,100,100,6.124,1.268,1,0,ON,ON,0.922,4.372,0,0,OFF,OFF,3202,1039,100,100,0,0.156,73,664,12.1,46,24.4,1.001,38.4,42,1.001,23.4,1756,96,10.7,62.44213,378457,50,100,21.7,4,0,0.492,78,36.78,45.32,38.73,95.9,20.4,1.02518,9,37,55,38.9,0,0,0
2021-09-04,19:11:11,20.84,20.55,20.84,20.55,18.08,17.8,60,60,71,0,0,0,5.16,0.0,0.0,0.0,0.0,0.0,0.0,23.6,53,0,125,ON,OFF,ON,0,34.2,30,0,13492,OFF,OFF,29.4,29.5,21.56,29.4,26.51,9.0,6.0,59.45,38.0,42.66,20,52,37.5,22.5,93,97,OFF,OFF,100,100,6.124,1.268,1,0,ON,ON,0.922,4.372,0,0,OFF,OFF,3202,1039,100,100,0,0.156,73,664,12.1,46,24.4,1.001,38.4,42,1.001,23.4,1756,96,10.7,62.44213,378457,50,100,21.7,4,0,0.492,78,36.78,45.32,38.73,95.9,20.4,1.02518,9,37,55,38.9,0,0,0
2021-09-04,19:11:41,20.84,20.55,20.84,20.55,18.08,17.8,60,60,71,0,0,0,5.16,0.0,0.0,0.0,0.0,0.0,0.0,23.6,53,0,125,ON,OFF,ON,0,34.2,30,0,13492,OFF,OFF,29.4,29.5,21.56,29.4,26.51,9.0,6.0,59.45,38.0,42.66,20,52,37.5,22.5,93,97,OFF,OFF,100,100,6.124,1.268,1,0,ON,ON,0.922,4.372,0,0,OFF,OFF,3202,1039,100,100,0,0.156,73,664,12.1,46,24.4,1.001,38.4,42,1.001,23.4,1756,96,10.7,62.44213,378457,50,100,21.7,4,0,0.492,78,36.78,45.32,38.73,95.9,20.4,1.02518,9,37,55,38.9,0,0,0
2021-09-04,19:12:11,20.84,20.55,20.84,20.55,18.08,17.8,60,60,71,0,0,0,5.16,0.0,0.0,0.0,0.0,0.0,0.0,23.6,53,0,125,ON,OFF,ON,0,34.2,30,0,13492,OFF,OFF,29.4,29.5,21.56,29.4,26.51,9.0,6.0,59.45,38.0,42.66,20,52,37,22.5,93,97,OFF,OFF,100,100,6.124,1.268,1,0,ON,ON,0.922,4.372,0,0,OFF,OFF,3202,1039,100,100,0,0.156,73,664,12.1,46,24.4,1.001,38.4,42,1.001,23.4,1756,96,10.7,62.44213,378457,50,100,21.7,4,0,0.492,78,36.78,45.32,38.73,95.9,20.4,1.02518,9,37,55,38.9,0,0,0
2021-09-04,19:12:41,20.84,20.55,20.84,20.55,18.08,17.8,60,60,71,0,0,0,5.16,0.0,0.0,0.0,0.0,0.0,0.0,23.6,53,0,125,ON,OFF,ON,0,34.2,30,0,13492,OFF,OFF,29.4,29.5,21.56,29.4,26.51,9.0,6.0,59.45,38.0,42.66,20,52,37,22.5,93,97,OFF,OFF,100,100,6.124,1.268,1,0,ON,ON,0.922,4.372,0,0,OFF,OFF,3202,1039,100,100,0,0.156,73,664,12.1,46,24.4,1.001,38.4,42,1.001,23.4,1756,96,10.7,62.44213,378457,50,100,21.7,4,0,0.492,78,36.78,45.32,38.73,95.9,20.4,1.02518,9,37,55,38.9,0,0,0
2021-09-04,19:13:11,20.84,20.55,20.84,20.55,18.08,17.8,60,60,71,0,0,0,5.16,0.0,0.0,0.0,0.0,0.0,0.0,23.6,53,0,125,ON,OFF,ON,0,34.2,30,0,13492,OFF,OFF,29.4,29.5,21.56,29.4,26.51,9.0,6.0,59.45,38.0,42.66,20,52,37,22.5,93,97,OFF,OFF,100,100,6.124,1.268,1,0,ON,ON,0.922,4.372,0,0,OFF,OFF,3202,1039,100,100,0,0.156,73,664,12.1,46,24.4,1.001,38.4,42,1.001,23.4,1756,96,10.7,62.44213,378457,50,100,21.7,4,0,0.492,78,36.78,45.32,38.73,95.9,20.4,1.02518,9,37,55,38.9,0,0,0
2021-09-04,19:13:41,20.84,20.55,20.84,20.55,18.08,17.8,60,60,71,0,0,0,5.16,0.0,0.0,0.0,0.0,0.0,0.0,23.6,53,0,125,ON,OFF,ON,0,34.2,30,0,13492,OFF,OFF,29.4,29.5,21.56,29.4,26.51,9.0,6.0,59.45,38.0,42.66,20,53,37,22.5,93,96,OFF,OFF,100,100,6.124,1.268,1,0,ON,ON,0.922,4.372,0,0,OFF,OFF,3202,1039,100,100,0,0.156,73,664,12.1,46,24.4,1.001,38.4,42,1.001,23.4,1756,96,10.7,62.44213,378457,50,100,21.7,4,0,0.492,78,36.78,45.32,38.73,95.9,20.4,1.02518,9,37,55,38.9,0,0,0
2021-09-04,19:14:17,20.84,20.55,20.84,20.55,18.08,17.8,60,60,71,0,0,0,5.16,0.0,0.0,0.0,0.0,0.0,0.0,23.6,53,0,125,ON,OFF,ON,0,34.2,30,0,13492,OFF,OFF,29.4,29.5,21.56,29.4,25.85,9.0,6.0,59.45,38.0,42.66,20,53,37,22.5,93,96,OFF,OFF,100,100,6.124,1.268,1,0,ON,ON,0.922,4.372,0,0,OFF,OFF,3202,1039,100,100,0,0.156,73,664,12.1,46,24.4,1.001,38.4,42,1.001,23.4,1756,96,10.7,62.44213,378457,50,100,21.7,4,0,0.492,78,36.78,45.32,38.73,95.9,20.4,1.02518,9,37,55,38.9,0,0,0
2021-09-04,19:14:47,20.84,20.55,20.84,20.55,18.08,17.8,60,60,71,0,0,0,5.16,0.0,0.0,0.0,0.0,0.0,0.0,23.6,53,0,125,ON,OFF,ON,0,34.2,30,0,13492,OFF,OFF,29.4,29.5,21.56,29.4,25.85,9.0,6.0,59.45,38.0,42.66,20,53,37,22.5,93,96,OFF,OFF,100,100,6.124,1.268,1,0,ON,ON,0.922,4.372,0,0,OFF,OFF,3202,1039,100,100,0,0.156,73,664,12.1,46,23.7,1.001,38.4,42,1.001,23.4,1756,96,10.7,62.44213,378457,50,100,21.7,4,0,0.492,78,36.78,45.32,38.73,95.9,20.4,1.02518,9,37,55,38.9,0,0,0
2021-09-04,19:15:17,20.84,20.55,20.84,20.55,18.08,17.8,60,60,71,0,0,0,5.16,0.0,0.0,0.0,0.0,0.0,0.0,23.6,53,0,125,ON,OFF,ON,0,34.2,30,0,13492,OFF,OFF,29.4,29.5,21.56,29.4,25.85,9.0,6.0,59.45,38.0,42.66,20,53,37,22,93,96,OFF,OFF,100,100,6.124,1.268,1,0,ON,ON,0.922,4.372,0,0,OFF,OFF,3202,1039,100,100,0,0.156,73,664,12.1,46,23.7,1.001,38.4,42,1.001,23.4,1756,96,10.7,62.44213,378457,50,100,21.7,4,0,0.492,78,36.78,45.32,38.73,95.9,20.4,1.02518,9,37,55,38.9,0,0,0
2021-09-04,19:15:47,20.84,20.55,20.84,20.55,18.08,17.8,60,60,71,0,0,0,5.16,0.0,0.0,0.0,0.0,0.0,0.0,23.6,53,0,125,ON,OFF,ON,0,34.2,30,0,13492,OFF,OFF,29.4,29.5,21.56,29.4,25.85,9.0,6.0,64.47,38.0,42.66,20,53,37,22,93,96,OFF,OFF,100,100,6.124,1.268,1,0,ON,ON,0.922,4.372,0,0,OFF,OFF,3202,1039,100,100,0,0.156,73,664,12.1,46,23.7,1.001,38.4,42,1.001,23.4,1756,96,10.7,62.44213,378457,50,100,21.7,4,0,0.492,78,36.78,45.32,38.73,95.9,20.4,1.02518,9,37,55,38.9,0,0,0
2021-09-04,19:16:17,20.84,20.55,20.84,20.55,18.08,17.8,60,60,71,0,0,0,5.16,0.0,0.0,0.0,0.0,0.0,0.0,23.6,53,0,125,ON,OFF,ON,0,34.2,30,0,13492,OFF,OFF,29.4,29.5,21.56,29.4,25.85,9.0,6.0,64.47,38.0,42.66,20,53,37,22,93,96,OFF,OFF,100,100,6.124,1.268,1,0,ON,ON,0.922,4.372,0,0,OFF,OFF,3202,1039,100,100,0,0.156,73,664,12.1,46,23.7,1.001,38.4,42,1.001,23.4,1756,96,10.7,62.44213,378457,50,100,21.7,4,0,0.492,78,36.78,45.32,38.73,95.9,20.4,1.02518,9,37,55,38.9,0,0,0
2021-09-04,19:16:47,20.84,20.55,20.84,20.55,18.08,17.8,60,60,71,0,0,0,5.16,0.0,0.0,0.0,0.0,0.0,0.0,23.6,53,0,125,ON,OFF,ON,0,34.2,30,0,13492,OFF,OFF,29.4,29.5,21.56,29.4,25.85,9.0,6.0,64.47,38.0,42.66,20,53,37,22,93,96,OFF,OFF,100,100,6.124,1.268,1,0,ON,ON,0.922,4.372,0,0,OFF,OFF,3202,1039,100,100,0,0.156,73,664,12.1,46,23.7,1.001,38.4,42,1.001,23.4,1756,96,10.7,62.44213,378457,50,100,21.7,4,0,0.492,78,36.78,45.32,38.73,95.9,20.4,1.02518,9,37,55,38.9,0,0,0
2021-09-04,19:17:17,20.84,20.55,20.84,20.55,18.08,17.8,60,60,71,0,0,0,5.16,0.0,0.0,0.0,0.0,0.0,0.0,23.6,53,0,125,ON,OFF,ON,0,34.2,30,0,13492,OFF,OFF,29.4,29.5,21.56,29.4,25.85,9.0,6.0,64.47,38.0,42.66,20,53,37,22,93,96,OFF,OFF,100,100,6.124,1.268,1,0,ON,ON,0.922,4.372,0,0,OFF,OFF,3202,1039,100,100,0,0.156,73,664,12.1,46,23.7,1.001,38.4,42,1.001,23.4,1756,96,10.7,62.44213,378457,50,100,21.7,4,0,0.492,78,36.78,45.32,38.73,95.9,20.4,1.02518,9,37,55,38.9,0,0,0
2021-09-04,19:17:48,20.84,20.55,20.84,20.55,18.08,17.8,60,60,71,0,0,0,5.16,0.0,0.0,0.0,0.0,0.0,0.0,23.6,53,0,125,ON,OFF,ON,0,34.2,30,0,13492,OFF,OFF,29.4,29.5,21.56,29.4,25.85,9.0,6.0,64.47,38.0,42.66,20,53,37,22,93,96,OFF,OFF,100,100,6.124,1.268,1,0,ON,ON,0.922,4.372,0,0,OFF,OFF,3202,1039,100,100,0,0.156,73,664,12.1,46,23.7,1.001,38.4,42,1.001,23.4,1756,96,10.7,62.44213,378457,50,100,21.7,4,0,0.492,78,36.78,45.32,38.73,95.9,20.4,1.02518,9,37,55,38.9,0,0,0
2021-09-04,19:18:18,20.84,20.55,20.84,20.55,18.08,17.8,60,60,71,0,0,0,5.16,0.0,0.0,0.0,0.0,0.0,0.0,23.6,53,0,125,ON,OFF,ON,0,34.2,30,0,13492,OFF,OFF,29.4,29.5,21.56,29.4,25.85,9.0,6.0,64.47,38.0,42.66,20,53,37,22,93,96,OFF,OFF,100,100,6.124,1.268,1,0,ON,ON,0.922,4.372,0,0,OFF,OFF,3202,1039,100,100,0,0.156,73,664,12.1,46,23.7,1.001,38.4,42,1.001,23.4,1756,96,10.7,62.44213,378457,50,100,21.7,4,0,0.492,78,36.78,45.32,38.73,95.9,20.4,1.02518,9,37,55,38.9,0,0,0
2021-09-04,19:18:59,20.84,20.55,20.84,20.55,18.08,17.8,60,60,71,0,0,0,5.16,0.0,0.0,0.0,0.0,0.0,0.0,23.6,53,0,125,ON,OFF,ON,0,34.2,30,0,13492,OFF,OFF,29.4,29.5,20.9,29.4,25.85,9.0,6.0,64.47,38.0,42.66,20,53,37,22,93,96,OFF,OFF,100,100,6.124,1.268,1,0,ON,ON,0.922,4.372,0,0,OFF,OFF,3202,1039,100,100,0,0.156,73,664,12.1,46,23.7,1.001,38.4,42,1.001,23.4,1756,96,10.7,62.44213,378457,50,100,21.7,4,0,0.492,78,36.78,45.32,38.73,95.9,20.4,1.02518,9,37,55,38.9,0,0,0
2021-09-04,19:19:29,20.84,20.55,20.84,20.55,18.08,17.8,60,60,71,0,0,0,5.16,0.0,0.0,0.0,0.0,0.0,0.0,23.6,53,0,125,ON,OFF,ON,0,34.2,30,0,13492,OFF,OFF,29.4,29.5,20.9,29.4,25.85,9.0,6.0,64.47,38.0,42.66,20,53,37,22,93,96,OFF,OFF,100,100,6.124,1.268,1,0,ON,ON,0.922,4.372,0,0,OFF,OFF,3202,1039,100,100,0,0.156,73,664,12.1,46,23.7,1.001,38.4,42,1.001,23.4,1756,96,10.7,62.44213,378457,50,100,21.7,4,0,0.492,78,36.78,45.32,38.73,95.9,20.4,1.02518,9,37,55,38.9,0,0,0
2021-09-04,19:19:59,20.84,20.55,20.84,20.55,18.08,17.8,60,60,71,0,0,0,5.16,0.0,0.0,0.0,0.0,0.0,0.0,23.6,53,0,125,ON,OFF,ON,0,34.2,30,0,13492,OFF,OFF,29.4,29.5,20.9,29.4,25.85,9.0,6.0,64.47,38.0,42.66,19,54,37,22,93,96,OFF,OFF,100,100,6.124,1.268,1,0,ON,ON,0.922,4.372,0,0,OFF,OFF,3202,1039,100,100,0,0.156,73,664,12.1,46,23.7,1.001,38.4,42,1.001,23.4,1756,96,10.7,62.44213,378457,50,100,21.7,4,0,0.492,78,36.78,45.32,38.73,95.9,20.4,1.02518,9,37,55,38.9,0,0,0
2021-09-04,19:20:29,20.84,20.55,20.84,20.55,18.08,17.8,60,60,71,0,0,0,5.16,0.0,0.0,0.0,0.0,0.0,0.0,23.6,53,0,125,ON,OFF,ON,0,34.2,30,0,13492,OFF,OFF,29.4,29.5,20.9,29.4,25.85,9.0,6.0,64.47,38.0,42.66,19,54,37,22,93,96,OFF,OFF,100,100,6.124,1.268,1,0,ON,ON,0.922,4.372,0,0,OFF,OFF,2207,1039,100,100,0,0.156,73,664,12.1,46,23.7,1.001,38.4,42,1.001,23.4,1756,96,10.7,62.44213,378457,50,100,21.7,4,0,0.492,78,36.78,45.32,38.73,95.9,20.4,1.02518,9,37,55,38.9,0,0,0
2021-09-04,19:20:59,20.84,20.55,20.84,20.55,18.08,17.8,60,60,71,0,0,0,5.16,0.0,0.0,0.0,0.0,0.0,0.0,23.6,53,0,125,ON,OFF,ON,0,34.2,30,0,13492,OFF,OFF,29.4,29.5,20.9,29.4,25.85,9.0,6.0,64.47,38.0,42.66,19,54,37,22,93,96,OFF,OFF,100,100,6.124,1.268,1,0,ON,ON,0.922,4.372,0,0,OFF,OFF,2207,1039,100,100,0,0.156,73,664,12.1,46,23.7,1.001,38.4,42,1.001,23.4,1756,96,10.7,62.44213,378457,50,100,21.7,4,0,0.492,78,36.78,45.32,38.73,95.9,20.4,1.02518,9,39,8,37.4,0,0,0
2021-09-04,19:21:29,20.84,20.55,20.84,20.55,18.08,17.8,60,60,71,0,0,0,5.16,0.0,0.0,0.0,0.0,0.0,0.0,23.6,53,0,125,ON,OFF,ON,0,34.2,30,0,13492,OFF,OFF,29.4,29.5,20.9,29.4,25.19,9.0,6.0,64.47,38.0,42.66,19,54,37,22,93,96,OFF,OFF,100,100,6.124,1.268,1,0,ON,ON,0.922,4.372,0,0,OFF,OFF,2207,1039,100,100,0,0.156,73,664,12.1,51,23.7,1.001,38.4,42,1.001,23.4,1756,96,10.7,62.44213,378457,50,100,21.7,4,0,0.492,78,36.78,45.32,38.73,95.9,21.1,1.0844,9,39,8,37.4,0,0,0
2021-09-04,19:21:59,20.84,20.55,20.84,20.55,18.08,17.8,60,60,71,0,0,0,5.16,0.0,0.0,0.0,0.0,0.0,0.0,23.6,53,0,125,ON,OFF,ON,0,34.2,30,0,13492,OFF,OFF,29.4,29.5,20.9,29.4,25.19,9.0,6.0,64.47,38.0,42.66,19,54,37,22,93,96,OFF,OFF,100,100,6.124,1.268,1,0,ON,ON,0.922,4.372,0,0,OFF,OFF,2207,1039,100,100,0,0.156,73,664,12.1,51,23.7,1.001,38.4,42,1.001,23.4,1756,96,10.7,62.44213,378457,50,100,21.7,4,0,0.492,78,36.78,45.32,38.18,95.9,21.1,1.0844,9,39,8,37.4,0,0,0
2021-09-04,19:22:29,20.84,20.55,20.84,20.55,18.08,17.8,60,60,71,0,0,0,5.16,0.0,0.0,0.0,0.0,0.0,0.0,23.6,53,0,125,ON,OFF,ON,0,34.2,30,0,13492,OFF,OFF,29.4,29.5,20.9,29.4,25.19,9.0,6.0,64.47,38.0,42.66,19,54,37,22,93,96,OFF,OFF,100,100,6.124,1.268,1,0,ON,ON,0.922,4.372,0,0,OFF,OFF,2207,1039,100,100,0,0.156,73,664,12.1,51,23.7,1.001,38.4,42,1.001,23.4,1756,96,10.7,62.44213,378457,50,100,21.7,4,0,0.492,78,36.78,45.32,38.18,95.9,21.1,1.0844,9,39,8,37.4,0,0,0
2021-09-04,19:22:59,20.84,20.55,20.84,20.55,18.08,17.8,60,60,71,0,0,0,5.16,0.0,0.0,0.0,0.0,0.0,0.0,23.6,53,0,125,ON,OFF,ON,0,34.2,30,0,13492,OFF,OFF,29.4,29.5,20.9,29.4,25.19,9.0,6.0,64.47,38.0,42.66,19,54,37,22,93,96,OFF,OFF,100,100,6.125,1.268,1,0,ON,ON,0.922,4.372,0,0,OFF,OFF,2207,1039,100,100,0,0.156,73,664,12.1,51,23.7,1.001,38.4,42,1.001,23.4,1756,96,10.7,62.44213,378457,50,100,21.7,4,0,0.492,78,36.78,45.32,38.18,95.9,21.1,1.0844,9,39,8,37.4,0,0,0
2021-09-04,19:23:29,20.84,20.55,20.84,20.55,18.08,17.8,60,60,71,0,0,0,5.16,0.0,0.0,0.0,0.0,0.0,0.0,23.6,53,0,125,ON,OFF,ON,0,34.2,30,0,13492,OFF,OFF,29.4,29.5,20.9,29.4,25.19,9.0,6.0,64.47,38.0,42.66,19,54,37,22,93,96,OFF,OFF,100,100,6.125,1.268,1,0,ON,ON,0.922,4.372,0,0,OFF,OFF,2207,1039,100,100,0,0.156,73,664,12.1,51,23.7,1.001,38.4,42,1.001,23.4,1756,96,10.7,62.44213,378457,50,100,21.7,4,0,0.492,78,36.78,45.32,38.18,95.9,21.1,1.0844,9,39,8,37.4,0,0,0
2021-09-04,19:23:59,20.84,20.55,20.84,20.55,18.08,17.8,60,60,71,0,0,0,5.16,0.0,0.0,0.0,0.0,0.0,0.0,23.6,53,0,125,ON,OFF,ON,0,34.2,30,0,13492,OFF,OFF,29.4,29.5,20.9,29.4,25.19,9.0,6.0,64.47,38.0,47.69,19,56,37,22,93,96,OFF,OFF,100,100,6.125,1.268,1,0,ON,ON,0.922,4.372,0,0,OFF,OFF,2207,1039,100,100,0,0.156,73,664,12.1,51,23.7,1.001,38.4,42,1.001,23.4,1756,96,10.7,62.44213,378457,50,100,21.7,4,0,0.492,78,36.78,45.32,38.18,95.9,21.1,1.0844,9,39,8,37.4,0,0,0
2021-09-04,19:24:29,20.84,20.55,20.84,20.55,18.08,17.8,60,60,71,0,0,0,5.16,0.0,0.0,0.0,0.0,0.0,0.0,23.6,53,0,125,ON,OFF,ON,0,34.2,30,0,13492,OFF,OFF,29.4,29.5,20.9,29.4,25.19,9.0,6.0,64.47,38.0,47.69,19,56,36.5,22,93,96,OFF,OFF,100,100,6.125,1.268,1,0,ON,ON,0.922,4.372,0,0,OFF,OFF,2207,1039,100,100,0,0.156,73,664,12.1,51,23.7,1.001,38.4,42,1.001,23.4,1756,96,10.7,62.44213,378457,50,100,21.7,4,0,0.492,78,36.78,45.32,38.18,95.9,21.1,1.0844,9,39,8,37.4,0,0,0
2021-09-04,19:24:59,20.84,20.55,20.84,20.55,18.08,17.8,60,60,71,0,0,0,5.16,0.0,0.0,0.0,0.0,0.0,0.0,23.6,53,0,125,ON,OFF,ON,0,34.2,30,0,13492,OFF,OFF,29.4,29.5,20.9,29.4,25.19,9.0,6.0,64.47,38.0,47.69,19,56,36.5,22,93,96,OFF,OFF,100,100,6.125,1.268,1,0,ON,ON,0.922,4.372,0,0,OFF,OFF,2207,1039,100,100,0,0.156,73,664,12.1,51,23.7,1.001,38.4,42,1.001,23.4,1756,96,10.7,62.44213,378457,50,100,21.7,4,0,0.492,78,36.78,45.32,38.18,95.9,21.1,1.0844,9,39,8,37.4,0,0,0
2021-09-04,19:25:33,20.84,20.55,20.84,20.55,18.08,17.8,60,60,71,0,0,0,5.16,0.0,0.0,0.0,0.0,0.0,0.0,23.6,53,0,125,ON,OFF,ON,0,34.2,30,0,13492,OFF,OFF,29.4,29.5,20.9,29.4,25.19,9.0,6.0,64.47,38.0,47.69,19,56,36.5,22,93,96,OFF,OFF,100,100,6.125,1.268,1,0,ON,ON,0.922,4.372,0,0,OFF,OFF,2207,1039,100,100,0,0.156,73,664,12.1,51,23.7,1.001,37.9,42,1.001,23.4,1756,96,10.7,62.44213,378457,50,100,21.7,4,0,0.492,78,36.78,45.32,38.18,95.9,21.1,1.0844,9,39,8,37.4,0,0,0
2021-09-04,19:26:03,20.84,20.55,20.84,20.55,18.08,17.8,60,60,71,0,0,0,5.16,0.0,0.0,0.0,0.0,0.0,0.0,23.6,53,0,125,ON,OFF,ON,0,34.2,30,0,13492,OFF,OFF,29.4,29.5,20.9,29.4,25.19,9.0,6.0,64.47,38.0,47.69,19,56,36.5,21.5,93,96,OFF,OFF,100,100,6.125,1.268,1,0,ON,ON,0.922,4.372,0,0,OFF,OFF,2207,1039,100,100,0,0.156,73,664,12.1,51,23.7,1.001,37.9,42,1.001,23.4,1756,96,10.7,62.44213,378457,50,100,21.7,4,0,0.492,78,36.78,45.32,38.18,95.9,21.1,1.0844,9,39,8,37.4,0,0,0
2021-09-04,19:26:49,20.84,20.55,20.84,20.55,18.08,17.8,60,60,71,0,0,0,5.16,0.0,0.0,0.0,0.0,0.0,0.0,23.6,53,0,125,ON,OFF,ON,0,34.2,30,0,13492,OFF,OFF,29.4,29.5,20.9,29.4,25.19,9.0,6.0,64.47,38.0,47.69,19,56,36.5,21.5,93,96,OFF,OFF,100,100,6.125,1.268,1,0,ON,ON,0.922,4.372,0,0,OFF,OFF,2207,1039,100,100,0,0.156,73,664,12.1,51,23.7,1.001,37.9,42,1.001,23.4,1756,96,10.7,62.44213,378457,50,100,21.7,4,0,0.492,78,36.78,45.32,38.18,95.9,21.1,1.0844,9,39,8,37.4,0,0,0
2021-09-04,19:27:19,20.84,20.55,20.84,20.55,18.08,17.8,60,60,71,0,0,0,5.16,0.0,0.0,0.0,0.0,0.0,0.0,23.6,53,0,125,ON,OFF,ON,0,34.2,30,0,13492,OFF,OFF,29.4,29.5,20.9,29.4,25.19,9.0,6.0,64.47,38.0,47.69,19,56,36.5,21.5,93,96,OFF,OFF,100,100,6.125,1.268,1,0,ON,ON,0.922,4.372,0,0,OFF,OFF,2207,1039,100,100,0,0.156,73,664,12.1,51,23.7,1.001,37.9,42,1.001,23.4,1756,96,10.7,62.44213,378457,50,100,21.7,4,0,0.492,78,36.78,45.32,38.18,95.9,21.1,1.0844,9,39,8,37.4,0,0,0
2021-09-04,19:27:49,20.84,20.55,20.84,20.55,18.08,17.8,60,60,71,0,0,0,5.16,0.0,0.0,0.0,0.0,0.0,0.0,23.6,53,0,125,ON,OFF,ON,0,34.2,30,0,13492,OFF,OFF,29.4,29.5,20.9,29.4,25.19,9.0,6.0,64.47,38.0,47.69,19,56,36.5,21.5,93,96,OFF,OFF,100,100,6.125,1.268,1,0,ON,ON,0.922,4.372,0,0,OFF,OFF,2207,1039,100,100,0,0.156,73,664,13.1,52,23.5,1.001,37.9,42,1.001,22.8,1661,96,10.7,62.44213,378457,50,100,21.7,4,0,0.492,78,36.78,45.32,38.18,95.9,21.1,1.0844,9,39,8,37.4,0,0,0
2021-09-04,19:28:19,20.84,20.55,20.84,20.55,18.08,17.8,60,60,71,0,0,0,5.16,0.0,0.0,0.0,0.0,0.0,0.0,23.6,53,0,125,ON,OFF,ON,0,34.2,30,0,13492,OFF,OFF,29.4,29.5,20.9,29.4,25.19,9.0,6.0,64.47,38.0,47.69,19,56,36.5,21.5,93,96,OFF,OFF,100,100,6.125,1.268,1,0,ON,ON,0.922,4.372,0,0,OFF,OFF,2207,1039,100,100,0,0.156,73,664,13.1,52,23.5,1.001,37.9,42,1.001,22.8,1661,96,10.7,62.44213,378457,50,100,21.7,4,0,0.492,78,36.78,45.32,38.18,95.9,21.1,1.0844,9,39,8,37.4,0,0,0
2021-09-04,19:28:49,20.84,20.55,20.84,20.55,18.08,17.8,60,60,71,0,0,0,5.16,0.0,0.0,0.0,0.0,0.0,0.0,23.6,53,0,125,ON,OFF,ON,0,34.2,30,0,13492,OFF,OFF,29.4,29.5,20.9,29.4,25.19,9.0,6.0,64.47,38.0,47.69,19,56,36.5,21.5,93,96,OFF,OFF,100,100,6.125,1.268,1,0,ON,ON,0.922,4.372,0,0,OFF,OFF,2207,1039,100,100,0,0.156,73,664,13.1,52,23.5,1.001,37.9,42,1.001,22.8,1661,96,10.7,62.44213,378457,50,100,21.7,4,0,0.492,78,36.78,45.32,38.18,95.9,21.1,1.0844,9,39,8,37.4,0,0,0
2021-09-04,19:29:19,20.84,20.55,20.84,20.55,18.08,17.8,60,60,71,0,0,0,5.16,0.0,0.0,0.0,0.0,0.0,0.0,23.6,53,0,125,ON,OFF,ON,0,34.2,30,0,13492,OFF,OFF,29.4,29.5,20.9,29.4,24.53,9.0,6.0,64.47,38.0,47.69,19,56,36.5,21.5,93,96,OFF,OFF,100,100,6.125,1.268,1,0,ON,ON,0.922,4.372,0,0,OFF,OFF,2207,1039,100,100,0,0.156,73,664,13.1,52,23.5,1.001,37.9,42,1.001,22.8,1661,96,10.7,62.44213,378457,50,100,21.7,4,0,0.492,78,36.78,45.32,38.18,95.9,21.1,1.0844,9,39,8,37.4,0,0,0
2021-09-04,19:29:49,20.84,20.55,20.84,20.55,18.08,17.8,60,60,71,0,0,0,5.16,0.0,0.0,0.0,0.0,0.0,0.0,23.6,53,0,125,ON,OFF,ON,0,34.2,30,0,13492,OFF,OFF,29.4,29.5,20.9,29.4,24.53,9.0,6.0,64.47,38.0,47.69,19,56,36.5,21.5,93,96,OFF,OFF,100,100,6.125,1.268,1,0,ON,ON,0.922,4.372,0,0,OFF,OFF,2207,1039,100,100,0,0.156,73,664,13.1,52,23.5,1.001,37.9,42,11.606,22.8,1661,96,10.7,62.44213,378457,50,100,21.7,4,0,0.492,78,36.78,45.32,38.18,95.9,21.1,1.0844,9,39,8,37.4,0,0,0
2021-09-04,19:30:19,20.84,20.55,20.84,20.55,18.08,17.8,60,60,71,0,0,0,5.16,0.0,0.0,0.0,0.0,0.0,0.0,23.6,53,0,125,ON,OFF,ON,0,34.2,30,0,13492,OFF,OFF,29.4,29.5,20.9,29.4,24.53,9.0,6.0,64.47,38.0,47.69,19,56,36.5,21.5,93,96,OFF,OFF,100,100,6.125,1.268,1,0,ON,ON,0.922,4.372,0,0,OFF,OFF,2207,1039,100,100,0,0.156,73,664,13.1,52,23.5,1.001,37.9,42,11.606,22.8,1661,96,10.7,62.44213,378457,50,100,21.7,4,0,0.492,78,36.78,45.32,38.18,95.9,21.1,1.0844,9,39,8,37.4,0,0,0
2021-09-04,19:30:49,18.59,18.25,18.59,18.25,16.58,16.25,67,67,75,0,0,0,5.16,0.0,0.0,0.0,0.0,0.0,0.0,23.6,53,0,125,ON,OFF,ON,0,34.2,30,0,13492,OFF,OFF,29.4,29.5,20.9,29.4,24.53,9.0,6.0,64.47,38.0,47.69,19,56,36.5,21.5,93,96,OFF,OFF,100,100,6.125,1.268,1,0,ON,ON,0.922,4.372,0,0,OFF,OFF,2207,1039,100,100,0,0.156,73,664,13.1,52,23.5,1.001,37.9,42,11.606,22.8,1661,96,10.7,62.44213,378457,50,100,21.7,4,0,0.492,78,36.78,45.32,38.18,95.9,21.1,1.0844,9,39,8,37.4,0,0,0
2021-09-04,19:31:19,18.59,18.25,18.59,18.25,16.58,16.25,67,67,75,0,0,0,5.16,0.0,0.0,0.0,0.0,0.0,0.0,23.6,53,0,125,ON,OFF,ON,0,34.2,30,0,13492,OFF,OFF,29.4,29.5,20.24,29.4,24.53,9.0,6.0,64.47,38.0,47.69,19,56,36.5,21.5,93,94,OFF,OFF,100,100,6.125,1.268,1,0,ON,ON,0.922,4.372,0,0,OFF,OFF,2207,1039,100,100,0,0.156,73,664,13.1,52,23.5,1.001,37.9,42,11.606,22.8,1661,96,10.7,62.44213,378457,50,100,21.7,4,0,0.492,78,36.26,45.32,38.18,95.9,21.1,1.0844,9,39,8,37.4,0,0,0
2021-09-04,19:31:49,18.59,18.25,18.59,18.25,16.58,16.25,67,67,75,0,0,0,5.16,0.0,0.0,0.0,0.0,0.0,0.0,23.6,53,0,125,ON,OFF,ON,0,34.2,30,0,13492,OFF,OFF,29.4,29.5,20.24,29.4,24.53,9.0,6.0,64.47,38.0,47.69,19,57,36.5,21.5,93,94,OFF,OFF,100,100,6.125,1.268,1,0,ON,ON,0.922,4.372,0,0,OFF,OFF,2207,1039,100,100,0,0.156,73,664,13.1,52,23.2,1.001,37.9,42,11.606,22.8,1661,96,10.7,62.44213,378457,50,100,21.7,4,0,0.492,78,36.26,45.32,38.18,95.9,21.1,1.0844,9,39,8,37.4,0,0,0
2021-09-04,19:32:19,18.59,18.25,18.59,18.25,16.58,16.25,67,67,75,0,0,0,5.16,0.0,0.0,0.0,0.0,0.0,0.0,23.6,53,0,125,ON,OFF,ON,0,34.2,30,0,13492,OFF,OFF,29.4,29.5,20.24,29.4,24.53,9.0,6.0,64.47,38.0,47.69,19,57,36.5,21.5,93,93,OFF,OFF,100,100,6.125,1.268,1,0,ON,ON,0.922,4.372,0,0,OFF,OFF,2207,1039,100,100,0,0.156,73,664,13.1,52,23.2,1.001,37.9,42,11.606,22.8,1661,96,10.7,62.44213,378457,50,100,21.7,4,0,0.492,78,36.26,45.32,38.18,95.9,21.1,1.0844,9,39,8,37.4,0,0,0
2021-09-04,19:32:49,18.59,18.25,18.59,18.25,16.58,16.25,67,67,75,0,0,0,5.16,0.0,0.0,0.0,0.0,0.0,0.0,23.6,53,0,125,ON,OFF,ON,0,34.2,30,0,13492,OFF,OFF,29.4,29.5,20.24,29.4,24.53,9.0,6.0,64.47,38.0,47.69,19,57,36.5,21.5,93,93,OFF,OFF,100,100,6.125,1.268,1,0,ON,ON,0.922,4.372,0,0,OFF,OFF,2207,1039,100,100,0,0.156,73,664,13.1,52,23.2,1.001,37.9,42,11.606,22.8,1661,96,10.7,62.44213,378457,50,100,21.7,4,0,0.492,78,36.26,45.32,38.18,95.9,21.1,1.0844,9,39,8,37.4,0,0,0
2021-09-04,19:33:19,18.59,18.25,18.59,18.25,16.58,16.25,67,67,75,0,0,0,5.16,0.0,0.0,0.0,0.0,0.0,0.0,23.6,53,0,125,ON,OFF,ON,0,34.2,30,0,13492,OFF,OFF,29.4,29.5,20.24,29.4,24.53,9.0,6.0,64.47,38.0,47.69,19,57,36.5,21.5,93,93,OFF,OFF,100,100,6.125,1.268,1,0,ON,ON,0.922,4.372,0,0,OFF,OFF,2207,1039,100,100,0,0.156,73,664,13.1,52,23.2,1.001,37.9,42,11.606,22.8,1661,96,10.7,62.44213,378457,50,100,21.7,4,0,0.492,78,36.26,45.32,38.18,95.9,21.1,1.0844,9,39,8,37.4,0,0,0
2021-09-04,19:33:49,18.59,18.25,18.59,18.25,16.58,16.25,67,67,75,0,0,0,5.16,0.0,0.0,0.0,0.0,0.0,0.0,23.6,53,0,125,ON,OFF,ON,0,34.2,30,0,13492,OFF,OFF,29.4,29.5,20.24,29.4,24.53,9.0,6.0,64.47,38.0,47.69,19,57,36.5,21.5,93,93,OFF,OFF,100,100,6.125,1.268,1,0,ON,ON,0.922,4.372,0,0,OFF,OFF,2207,1039,100,100,0,0.156,73,664,13.1,52,23.2,1.001,37.9,42,11.606,22.8,1614,96,10.7,62.44213,378457,50,100,21.7,4,0,0.492,78,36.26,45.32,38.18,95.9,21.1,1.0844,9,39,8,37.4,0,0,0
2021-09-04,19:34:19,18.59,18.25,18.59,18.25,16.58,16.25,67,67,75,0,0,0,5.16,0.0,0.0,0.0,0.0,0.0,0.0,23.6,53,0,125,ON,OFF,ON,0,34.2,30,0,13492,OFF,OFF,29.4,29.5,20.24,29.4,24.53,9.0,6.0,64.47,38.0,47.69,19,57,36.5,21.5,93,93,OFF,OFF,100,100,6.125,1.268,1,0,ON,ON,0.922,4.372,0,0,OFF,OFF,2207,1039,100,100,0,0.156,73,664,13.1,52,23.2,1.001,37.9,42,11.606,22.8,1614,96,10.7,62.44213,378457,50,100,21.7,4,0,0.492,78,36.26,45.32,38.18,95.9,21.1,1.0844,9,39,8,37.4,0,0,0
2021-09-04,19:34:49,18.59,18.25,18.59,18.25,16.58,16.25,67,67,75,0,0,0,5.16,0.0,0.0,0.0,0.0,0.0,0.0,23.6,53,0,125,ON,OFF,ON,0,34.2,30,0,13492,OFF,OFF,29.4,29.5,20.24,29.4,24.53,9.0,6.0,64.47,38.0,47.69,19,57,36.5,21.5,93,89,OFF,OFF,100,100,6.125,1.268,1,0,ON,ON,0.922,4.372,0,0,OFF,OFF,1142,1039,100,100,0,0.156,73,664,13.1,52,23.2,1.001,37.9,42,11.606,22.8,1614,96,10.7,62.44213,378457,50,100,21.7,4,0,0.492,78,36.26,44.76,38.18,95.9,21.1,1.0844,9,39,8,37.4,0,0,0
2021-09-04,19:35:19,18.59,18.25,18.59,18.25,16.58,16.25,67,67,75,0,0,0,5.16,0.0,0.0,0.0,0.0,0.0,0.0,23.6,53,0,125,ON,OFF,ON,0,34.2,30,0,13492,OFF,OFF,29.4,29.5,20.24,29.4,24.53,9.0,6.0,64.47,38.0,47.69,19,57,36.5,21.5,93,89,OFF,OFF,100,100,6.125,1.268,1,0,ON,ON,0.922,4.372,0,0,OFF,OFF,1142,1039,100,100,0,0.156,73,664,13.1,52,23.2,1.001,37.9,42,11.606,22.8,1614,96,10.7,62.44213,378457,50,100,21.7,4,0,0.492,78,36.26,44.76,38.18,95.9,21.1,1.0844,9,39,8,37.4,0,0,0
2021-09-04,19:35:49,18.59,18.25,18.59,18.25,16.58,16.25,67,67,75,0,0,0,5.16,0.0,0.0,0.0,0.0,0.0,0.0,23.6,53,0,125,ON,OFF,ON,0,34.2,30,0,13492,OFF,OFF,29.4,29.5,20.24,29.4,24.53,9.0,6.0,64.47,38.0,47.69,19,57,36.5,21.5,93,89,OFF,OFF,100,100,6.125,1.268,1,0,ON,ON,0.922,4.372,0,0,OFF,OFF,1142,1039,100,100,0,0.156,73,664,13.1,52,23.2,1.001,37.9,42,11.606,22.8,1614,96,10.7,62.44213,378457,50,100,21.7,4,0,0.492,78,36.26,44.76,38.18,95.9,21.1,1.0844,9,39,8,37.4,0,0,0
2021-09-04,19:36:19,18.59,18.25,18.59,18.25,16.58,16.25,67,67,75,0,0,0,5.16,0.0,0.0,0.0,0.0,0.0,0.0,23.6,53,0,125,ON,OFF,ON,0,34.2,30,0,13492,OFF,OFF,29.4,29.5,20.24,29.4,24.53,9.0,6.0,64.47,38.0,47.69,19,57,36.5,21.5,93,89,OFF,OFF,100,100,6.125,1.268,1,0,ON,ON,0.922,4.372,0,0,OFF,OFF,1142,1039,100,100,0,0.156,73,664,13.1,52,23.2,1.001,37.9,42,11.606,22.8,1614,96,10.7,62.44213,378457,50,100,21.7,4,0,0.492,78,36.26,44.76,38.18,95.9,21.1,1.0844,9,39,8,37.4,0,0,0
2021-09-04,19:36:49,18.59,18.25,18.59,18.25,16.58,16.25,67,67,75,0,0,0,5.16,0.0,0.0,0.0,0.0,0.0,0.0,23.6,53,0,125,ON,OFF,ON,0,34.2,30,0,13492,OFF,OFF,29.4,29.5,20.24,29.4,24.53,9.0,6.0,64.47,38.0,47.69,19,57,36.5,21.5,93,89,OFF,OFF,100,100,6.125,1.268,1,0,ON,ON,0.922,4.372,0,0,OFF,OFF,1142,1039,100,100,0,0.156,73,664,13.1,52,23.2,1.001,37.9,42,11.606,22.8,1614,96,10.7,62.44213,378457,50,100,21.7,4,0,0.492,78,36.26,44.76,38.18,95.9,21.1,1.0844,9,39,8,37.4,0,0,0
2021-09-04,19:37:19,18.59,18.25,18.59,18.25,16.58,16.25,67,67,75,0,0,0,5.16,0.0,0.0,0.0,0.0,0.0,0.0,23.6,53,0,125,ON,OFF,ON,0,34.2,30,0,13492,OFF,OFF,29.4,29.5,20.24,29.4,23.87,9.0,6.0,64.47,38.0,47.69,19,57,36.5,21,93,89,OFF,OFF,100,100,6.125,1.268,1,0,ON,ON,0.922,4.372,0,0,OFF,OFF,1142,1039,100,100,0,0.156,73,664,13.1,52,23.2,1.001,37.9,42,11.606,22.8,1614,96,10.7,62.44213,378457,50,100,21.7,4,0,0.492,78,36.26,44.76,38.18,95.9,21.1,1.0844,9,39,8,37.4,0,0,0
2021-09-04,19:37:49,18.59,18.25,18.59,18.25,16.58,16.25,67,67,75,0,0,0,5.16,0.0,0.0,0.0,0.0,0.0,0.0,23.6,53,0,125,ON,OFF,ON,0,34.2,30,0,13492,OFF,OFF,29.4,29.5,20.24,29.4,23.87,9.0,6.0,64.47,38.0,47.69,18,58,36.5,21,93,89,OFF,OFF,100,100,6.125,1.268,1,0,ON,ON,0.922,4.372,0,0,OFF,OFF,1142,1039,100,100,0,0.156,73,664,13.1,52,23.2,1.001,37.9,42,11.606,22.8,1614,96,10.7,62.44213,378457,50,100,21.7,4,0,0.492,78,36.26,44.76,38.18,95.9,21.1,1.0844,9,39,8,37.4,0,0,0
2021-09-04,19:38:19,18.59,18.25,18.59,18.25,16.58,16.25,67,67,75,0,0,0,5.16,0.0,0.0,0.0,0.0,0.0,0.0,23.6,53,0,125,ON,OFF,ON,0,34.2,30,0,13492,OFF,OFF,29.4,29.5,20.24,29.4,23.87,9.0,6.0,64.47,38.0,47.69,18,58,36.5,21,93,75,OFF,OFF,100,100,6.125,1.268,1,0,ON,ON,0.922,4.372,0,0,OFF,OFF,1142,1039,100,100,0,0.156,73,664,13.1,52,23.2,1.001,37.9,42,11.606,22.8,1614,96,10.7,62.44213,378457,50,100,21.7,4,0,0.492,78,36.26,44.76,38.18,95.9,21.1,1.0844,9,39,8,37.4,0,0,0
2021-09-04,19:38:49,18.59,18.25,18.59,18.25,16.58,16.25,67,67,75,0,0,0,5.16,0.0,0.0,0.0,0.0,0.0,0.0,23.6,53,0,125,ON,OFF,ON,0,34.2,30,0,13492,OFF,OFF,29.4,29.5,20.24,29.4,23.87,9.0,6.0,64.47,38.0,47.69,18,58,36.5,21,93,75,OFF,OFF,100,100,6.125,1.268,1,0,ON,ON,0.922,4.372,0,0,OFF,OFF,1142,1039,100,100,0,0.156,73,664,13.1,52,23.2,1.001,37.9,42,11.606,22.8,1614,96,10.7,62.44213,378457,50,100,21.7,4,0,0.492,78,36.26,44.76,38.18,95.9,21.1,1.0844,9,39,8,37.4,0,0,0
2021-09-04,19:39:19,18.59,18.25,18.59,18.25,16.58,16.25,67,67,75,0,0,0,5.16,0.0,0.0,0.0,0.0,0.0,0.0,23.6,53,0,125,ON,OFF,ON,0,34.2,30,0,13492,OFF,OFF,29.4,29.5,20.24,29.4,23.87,9.0,6.0,64.47,38.0,47.69,18,58,36.5,21,93,75,OFF,OFF,100,100,6.125,1.268,1,0,ON,ON,0.922,4.372,0,0,OFF,OFF,1142,1039,100,100,0,0.156,73,664,13.1,52,23.2,1.001,37.9,42,11.606,22.8,1614,96,10.7,62.44213,378457,50,100,21.7,4,0,0.492,78,36.26,44.76,38.18,95.9,21.1,1.0844,9,39,8,37.4,0,0,0
2021-09-04,19:39:50,18.59,18.25,18.59,18.25,16.58,16.25,67,67,75,0,0,0,5.16,0.0,0.0,0.0,0.0,0.0,0.0,23.6,53,0,125,ON,OFF,ON,0,34.2,30,0,13492,OFF,OFF,29.4,29.5,20.24,29.4,23.87,9.0,6.0,64.47,38.0,47.69,18,58,36.5,21,93,75,OFF,OFF,100,100,6.125,1.268,1,0,ON,ON,0.922,4.372,0,0,OFF,OFF,1142,1039,100,100,0,0.156,73,664,13.1,52,22.7,1.001,37.9,42,11.606,22.8,1614,96,10.7,62.44213,378457,50,100,21.7,4,0,0.492,78,36.26,44.76,38.18,95.9,21.1,1.0844,9,39,8,37.4,0,0,0
2021-09-04,19:40:20,18.59,18.25,18.59,18.25,16.58,16.25,67,67,75,0,0,0,5.16,0.0,0.0,0.0,0.0,0.0,0.0,23.6,53,0,125,ON,OFF,ON,0,34.2,30,0,13492,OFF,OFF,29.4,29.5,20.24,29.4,23.87,9.0,6.0,64.47,38.0,47.69,18,58,36.5,21,93,75,OFF,OFF,100,100,6.125,1.268,1,0,ON,ON,0.922,4.372,0,0,OFF,OFF,1142,1039,100,100,0,0.156,73,664,13.1,52,22.7,1.001,37.9,42,11.606,22.8,1614,96,10.7,62.44213,378457,50,100,21.7,4,0,0.492,78,36.26,44.76,38.18,95.9,21.1,1.0844,9,39,8,37.4,0,0,0
2021-09-04,19:40:50,18.59,18.25,18.59,18.25,16.58,16.25,67,67,75,0,0,0,5.16,0.0,0.0,0.0,0.0,0.0,0.0,23.6,53,0,125,ON,OFF,ON,0,34.2,30,0,13492,OFF,OFF,29.4,29.5,20.24,29.4,23.87,9.0,6.0,64.47,38.0,47.69,18,58,36.5,21,93,75,OFF,OFF,100,100,6.125,1.268,1,0,ON,ON,0.922,4.372,0,0,OFF,OFF,1142,1039,100,100,0,0.156,73,664,13.1,52,22.7,1.001,37.9,42,11.606,22.8,1614,96,10.7,62.44213,378457,50,100,21.7,4,0,0.492,78,36.26,44.76,38.18,95.9,21.1,1.0844,9,39,8,37.4,0,0,0
2021-09-04,19:41:20,18.59,18.25,18.59,18.25,16.58,16.25,67,67,75,0,0,0,5.16,0.0,0.0,0.0,0.0,0.0,0.0,23.6,53,0,125,ON,OFF,ON,0,34.2,30,0,13492,OFF,OFF,29.4,29.5,20.24,29.4,23.87,9.0,6.0,64.47,38.0,47.69,18,58,36.5,21,93,66,OFF,OFF,100,100,6.125,1.268,1,0,ON,ON,0.922,4.372,0,0,OFF,OFF,1142,1039,100,100,0,0.156,73,664,13.1,52,22.7,1.001,37.9,42,11.606,22.8,1614,96,10.7,62.44213,378457,50,100,21.7,4,0,0.492,78,36.26,44.76,38.18,95.9,21.1,1.0844,9,39,8,37.4,0,0,0
2021-09-04,19:42:06,18.59,18.25,18.59,18.25,16.58,16.25,67,67,75,0,0,0,5.16,0.0,0.0,0.0,0.0,0.0,0.0,23.6,53,0,125,ON,OFF,ON,0,34.2,30,0,13492,OFF,OFF,29.4,29.5,20.24,29.4,23.87,9.0,6.0,64.47,38.0,47.69,18,58,36.5,21,93,66,OFF,OFF,100,100,6.125,1.268,1,0,ON,ON,0.922,4.372,0,0,OFF,OFF,1142,1039,100,100,0,0.156,73,664,13.1,52,22.7,1.001,37.9,42,11.606,22.8,1614,96,10.7,62.44213,378457,50,100,21.7,4,0,0.492,78,36.26,44.76,38.18,95.9,21.1,1.0844,9,39,8,37.4,0,0,0
2021-09-04,19:42:36,18.59,18.25,18.59,18.25,16.58,16.25,67,67,75,0,0,0,5.16,0.0,0.0,0.0,0.0,0.0,0.0,23.6,53,0,125,ON,OFF,ON,0,34.2,30,0,13492,OFF,OFF,29.4,29.5,20.24,29.4,23.87,9.0,6.0,64.47,38.0,47.69,18,58,36.5,21,93,66,OFF,OFF,100,100,6.125,1.268,1,0,ON,ON,0.922,4.372,0,0,OFF,OFF,1142,1039,100,100,0,0.156,73,664,13.1,52,22.7,1.001,37.9,42,11.606,22.8,1614,96,10.7,62.44213,378457,50,100,21.7,4,0,0.492,78,36.26,44.76,38.18,95.9,21.1,1.0844,9,39,8,37.4,0,0,0
2021-09-04,19:43:06,18.59,18.25,18.59,18.25,16.58,16.25,67,67,75,0,0,0,5.16,0.0,0.0,0.0,0.0,0.0,0.0,23.6,53,0,125,ON,OFF,ON,0,34.2,30,0,13492,OFF,OFF,29.4,29.5,20.24,29.4,23.87,9.0,6.0,64.47,38.0,47.69,18,58,36.5,21,93,66,OFF,OFF,100,100,6.125,1.268,1,0,ON,ON,0.922,4.372,0,0,OFF,OFF,1142,1039,100,100,0,0.156,73,664,13.1,52,22.7,1.001,37.9,42,11.606,22.8,1614,96,10.7,62.44213,378457,50,100,21.7,4,0,0.492,78,36.26,44.76,38.18,95.9,21.1,1.0844,9,39,8,37.4,0,0,0
2021-09-04,19:43:36,18.59,18.25,18.59,18.25,16.58,16.25,67,67,75,0,0,0,5.16,0.0,0.0,0.0,0.0,0.0,0.0,23.6,53,0,125,ON,OFF,ON,0,34.2,30,0,13492,OFF,OFF,29.4,29.5,20.24,29.4,23.87,9.0,6.0,64.47,38.0,47.69,18,58,36.5,21,93,66,OFF,OFF,100,100,6.125,1.268,1,0,ON,ON,0.922,4.372,0,0,OFF,OFF,1142,1039,100,100,0,0.156,73,664,13.1,52,22.7,1.001,37.9,42,11.606,22.8,1614,96,10.7,62.44213,378457,50,100,21.7,4,0,0.492,78,36.26,44.76,38.18,95.9,21.1,1.0844,9,39,8,37.4,0,0,0
2021-09-04,19:44:06,18.59,18.25,18.59,18.25,16.58,16.25,67,67,75,0,0,0,5.16,0.0,0.0,0.0,0.0,0.0,0.0,23.6,53,0,125,ON,OFF,ON,0,34.2,30,0,13492,OFF,OFF,29.4,29.5,19.58,29.4,23.87,9.0,6.0,64.47,38.0,47.69,18,59,36.5,21,93,66,OFF,OFF,100,100,6.125,1.268,1,0,ON,ON,0.922,4.372,0,0,OFF,OFF,1142,1039,100,100,0,0.156,73,664,13.1,52,22.7,1.001,37.9,42,11.606,22.8,1614,96,10.7,62.44213,378457,50,100,21.7,4,0,0.492,78,36.26,44.76,38.18,95.9,21.1,1.0844,9,39,8,37.4,0,0,0
2021-09-04,19:44:36,18.59,18.25,18.59,18.25,16.58,16.25,67,67,75,0,0,0,5.16,0.0,0.0,0.0,0.0,0.0,0.0,23.6,53,0,125,ON,OFF,ON,0,34.2,30,0,13492,OFF,OFF,29.4,29.5,19.58,29.4,23.87,9.0,6.0,64.47,38.0,52.69,18,59,36.5,21,93,66,OFF,OFF,100,100,6.125,1.268,1,0,ON,ON,0.922,4.372,0,0,OFF,OFF,1142,1039,100,100,0,0.156,73,664,13.1,52,22.7,1.001,37.9,42,11.606,22.8,1614,96,10.7,62.44213,378457,50,100,21.7,4,0,0.492,78,36.26,44.76,38.18,95.9,21.1,1.0844,9,39,8,37.4,0,0,0
2021-09-04,19:45:06,18.59,18.25,18.59,18.25,16.58,16.25,67,67,75,0,0,0,5.16,0.0,0.0,0.0,0.0,0.0,0.0,23.6,53,0,125,ON,OFF,ON,0,34.2,30,0,13492,OFF,OFF,29.4,29.5,19.58,29.4,23.87,9.0,6.0,64.47,38.0,52.69,18,59,36.5,21,93,66,OFF,OFF,100,100,6.125,1.268,1,0,ON,ON,0.922,4.372,0,0,OFF,OFF,1142,1039,100,100,0,0.156,73,664,13.1,52,22.7,1.001,37.9,42,11.606,22.8,1614,96,10.7,62.44213,378457,50,100,21.7,4,0,0.492,78,36.26,44.76,38.18,95.9,21.1,1.0844,9,39,8,37.4,0,0,0
2021-09-04,19:45:36,18.59,18.25,18.59,18.25,16.58,16.25,67,67,75,0,0,0,5.16,0.0,0.0,0.0,0.0,0.0,0.0,23.6,53,0,125,ON,OFF,ON,0,34.2,30,0,13492,OFF,OFF,29.4,29.5,19.58,29.4,23.87,9.0,6.0,64.47,38.0,52.69,18,59,36.5,21,93,66,OFF,OFF,100,100,6.125,1.268,1,0,ON,ON,0.922,4.372,0,0,OFF,OFF,1142,1039,100,100,0,0.156,73,664,13.1,52,22.2,1.001,37.9,42,11.606,22.8,1614,96,10.7,62.44213,378457,50,100,21.7,4,0,0.492,78,36.26,44.76,38.18,95.9,21.1,1.0844,9,39,8,37.4,0,0,0
2021-09-04,19:46:06,18.59,18.25,18.59,18.25,16.58,16.25,67,67,75,0,0,0,5.16,0.0,0.0,0.0,0.0,0.0,0.0,23.6,53,0,125,ON,OFF,ON,0,34.2,30,0,13492,OFF,OFF,29.4,29.5,19.58,29.4,23.87,9.0,6.0,64.47,38.0,52.69,18,59,36.5,21,93,66,OFF,OFF,100,100,6.125,1.268,1,0,ON,ON,0.922,4.372,0,0,OFF,OFF,1142,1039,100,100,0,0.156,73,664,13.1,52,22.2,1.001,37.9,42,11.606,22.8,1614,96,10.7,62.44213,378457,50,100,21.7,4,0,0.492,78,36.26,44.76,38.18,95.9,21.1,1.0844,9,39,8,37.4,0,0,0
2021-09-04,19:46:36,18.59,18.25,18.59,18.25,16.58,16.25,67,67,75,0,0,0,5.16,0.0,0.0,0.0,0.0,0.0,0.0,23.6,53,0,125,ON,OFF,ON,0,34.2,30,0,13492,OFF,OFF,29.4,29.5,19.58,29.4,23.21,9.0,6.0,64.47,38.0,52.69,18,59,36.5,21,93,66,OFF,OFF,100,100,6.125,1.268,1,0,ON,ON,0.922,4.372,0,0,OFF,OFF,1142,1039,100,100,0,0.156,73,664,13.1,57,22.2,1.001,37.9,42,11.606,22.8,1614,96,10.7,62.44213,378457,50,100,21.7,4,0,0.492,78,36.26,44.76,38.18,95.9,21.1,1.0844,9,39,8,37.4,0,0,0
2021-09-04,19:47:06,18.59,18.25,18.59,18.25,16.58,16.25,67,67,75,0,0,0,5.16,0.0,0.0,0.0,0.0,0.0,0.0,23.6,53,0,125,ON,OFF,ON,0,34.2,30,0,13492,OFF,OFF,29.4,29.5,19.58,29.4,23.21,9.0,6.0,64.47,38.0,52.69,18,59,36.5,20.5,93,66,OFF,OFF,100,100,6.125,1.268,1,0,ON,ON,0.922,4.372,0,0,OFF,OFF,1142,1039,100,100,0,0.156,73,664,13.1,57,22.2,1.001,37.9,42,11.606,22.8,1614,96,10.7,62.44213,378457,50,100,21.7,4,0,0.492,78,36.26,44.76,38.18,95.9,21.1,1.0844,9,39,8,37.4,0,0,0
2021-09-04,19:47:36,18.59,18.25,18.59,18.25,16.58,16.25,67,67,75,0,0,0,5.16,0.0,0.0,0.0,0.0,0.0,0.0,23.6,53,0,125,ON,OFF,ON,0,34.2,30,0,13492,OFF,OFF,29.4,29.5,19.58,29.4,23.21,9.0,6.0,64.47,38.0,52.69,18,59,36.5,20.5,93,66,OFF,OFF,100,100,6.125,1.268,1,0,ON,ON,0.922,4.372,0,0,OFF,OFF,1142,1039,100,100,0,0.156,73,664,13.1,57,22.2,1.001,37.4,42,11.606,22.8,1614,96,10.7,62.44213,378457,50,100,21.7,4,0,0.492,78,36.26,44.76,38.18,95.9,21.1,1.0844,9,39,8,37.4,0,0,0
2021-09-04,19:48:06,18.59,18.25,18.59,18.25,16.58,16.25,67,67,75,0,0,0,5.16,0.0,0.0,0.0,0.0,0.0,0.0,23.6,53,0,125,ON,OFF,ON,0,34.2,30,0,13492,OFF,OFF,29.4,29.5,19.58,29.4,23.21,9.0,6.0,64.47,38.0,52.69,18,59,36.5,20.5,93,66,OFF,OFF,100,100,6.125,1.268,1,0,ON,ON,0.922,4.372,0,0,OFF,OFF,1142,1039,100,100,0,0.156,73,664,13.1,57,22.2,1.001,37.4,42,11.606,22.8,1614,96,10.7,62.44213,378457,50,100,21.7,4,0,0.492,78,36.26,44.76,38.18,95.9,21.1,1.0844,9,39,8,37.4,0,0,0
2021-09-04,19:48:36,18.59,18.25,18.59,18.25,16.58,16.25,67,67,75,0,0,0,5.16,0.0,0.0,0.0,0.0,0.0,0.0,23.6,53,0,125,ON,OFF,ON,0,34.2,30,0,13492,OFF,OFF,29.4,29.5,19.58,29.4,23.21,9.0,6.0,64.47,38.0,52.69,18,59,36.5,20.5,93,66,OFF,OFF,100,100,6.125,1.268,1,0,ON,ON,0.922,4.372,0,0,OFF,OFF,1142,1039,100,100,0,0.156,73,664,13.1,57,22.2,1.001,37.4,42,11.606,22.8,1614,96,10.7,62.44213,378457,50,100,21.7,4,0,0.492,78,36.26,44.76,38.18,95.9,21.1,1.0844,9,39,8,37.4,0,0,0
2021-09-04,19:49:06,18.59,18.25,18.59,18.25,16.58,16.25,67,67,75,0,0,0,5.16,0.0,0.0,0.0,0.0,0.0,0.0,23.6,53,0,125,ON,OFF,ON,0,34.2,30,0,13492,OFF,OFF,29.4,29.5,19.58,29.4,23.21,9.0,6.0,64.47,38.0,52.69,18,59,36.5,20.5,93,66,OFF,OFF,100,100,6.125,1.268,1,0,ON,ON,0.922,4.372,0,0,OFF,OFF,1142,36,100,100,0,0.156,73,664,13.1,57,22.2,1.001,37.4,42,11.606,22.8,1614,96,10.7,62.44213,378457,50,100,21.7,4,0,0.492,78,36.26,44.76,38.18,95.9,21.1,1.0844,9,39,8,37.4,0,0,0
2021-09-04,19:49:36,18.59,18.25,18.59,18.25,16.58,16.25,67,67,75,0,0,0,5.16,0.0,0.0,0.0,0.0,0.0,0.0,23.6,53,0,125,ON,OFF,ON,0,34.2,30,0,13492,OFF,OFF,29.4,29.5,19.58,29.4,23.21,9.0,6.0,64.47,38.0,52.69,18,59,36.5,20.5,93,66,OFF,OFF,100,100,6.125,1.268,1,0,ON,ON,0.922,4.372,0,0,OFF,OFF,1142,36,100,100,0,0.156,73,664,13.1,57,22.2,1.001,37.4,42,11.606,22.8,1614,96,10.7,62.44213,378457,50,100,21.7,4,0,0.492,78,36.26,44.76,38.18,95.9,21.1,1.0844,9,39,8,37.4,0,0,0
2021-09-04,19:50:06,18.59,18.25,18.59,18.25,16.58,16.25,67,67,75,0,0,0,5.16,0.0,0.0,0.0,0.0,0.0,0.0,23.6,53,0,125,ON,OFF,ON,0,34.2,30,0,13492,OFF,OFF,29.4,29.5,19.58,29.4,23.21,9.0,6.0,64.47,38.0,52.69,18,59,36,20.5,93,66,OFF,OFF,100,100,6.125,1.268,1,0,ON,ON,0.922,4.372,0,0,OFF,OFF,1142,36,100,100,0,0.156,73,664,13.1,57,22.2,1.001,37.4,42,11.606,22.8,1614,96,10.7,62.44213,378457,50,100,21.7,4,0,0.492,78,36.26,44.76,38.18,95.9,21.1,1.0844,9,39,8,37.4,0,0,0
2021-09-04,19:50:36,18.59,18.25,18.59,18.25,16.58,16.25,67,67,75,0,0,0,5.16,0.0,0.0,0.0,0.0,0.0,0.0,23.6,53,0,125,ON,OFF,ON,0,34.2,30,0,13492,OFF,OFF,29.4,29.5,19.58,29.4,23.21,9.0,6.0,64.47,38.0,52.69,18,59,36,20.5,93,66,OFF,OFF,100,100,6.125,1.268,1,0,ON,ON,0.922,4.372,0,0,OFF,OFF,1142,36,100,100,0,0.156,73,664,13.1,57,22.2,1.001,37.4,42,11.606,22.8,1614,96,10.7,62.44213,378457,50,100,21.7,4,0,0.492,78,36.26,44.76,38.18,95.9,21.1,1.0844,9,39,8,37.4,0,0,0
2021-09-04,19:51:06,18.59,18.25,18.59,18.25,16.58,16.25,67,67,75,0,0,0,5.16,0.0,0.0,0.0,0.0,0.0,0.0,23.6,53,0,125,ON,OFF,ON,0,34.2,30,0,13492,OFF,OFF,29.4,29.5,19.58,29.4,23.21,9.0,6.0,64.47,38.0,52.69,18,59,36,20.5,93,66,OFF,OFF,100,100,6.125,1.268,1,0,ON,ON,0.922,4.372,0,0,OFF,OFF,1142,36,100,100,0,0.156,73,664,13.1,57,22.2,1.001,37.4,42,11.606,22.8,1614,96,10.7,62.44213,378457,50,100,21.7,4,0,0.492,78,36.26,44.76,38.18,95.9,21.1,1.0844,9,39,8,37.4,0,0,0
2021-09-04,19:51:36,18.59,18.25,18.59,18.25,16.58,16.25,67,67,75,0,0,0,5.16,0.0,0.0,0.0,0.0,0.0,0.0,23.6,53,0,125,ON,OFF,ON,0,34.2,30,0,13492,OFF,OFF,29.4,29.5,19.58,29.4,23.21,9.0,6.0,64.47,38.0,52.69,18,59,36,20.5,93,66,OFF,OFF,100,100,6.125,1.268,1,0,ON,ON,0.922,4.372,0,0,OFF,OFF,1142,36,100,100,0,0.156,73,664,13.1,57,22.2,1.001,37.4,42,11.606,22.8,1614,96,10.7,62.44213,378457,50,100,21.7,4,0,0.492,78,36.26,44.76,38.18,95.9,21.1,1.0844,9,39,8,37.4,0,0,0
2021-09-04,19:52:06,18.59,18.25,18.59,18.25,16.58,16.25,67,67,75,0,0,0,5.16,0.0,0.0,0.0,0.0,0.0,0.0,23.6,53,0,125,ON,OFF,ON,0,34.2,30,0,13492,OFF,OFF,29.4,29.5,19.58,29.4,23.21,9.0,6.0,64.47,38.0,52.69,18,59,36,20.5,93,66,OFF,OFF,100,100,6.125,1.268,1,0,ON,ON,0.922,4.372,0,0,OFF,OFF,1142,36,100,100,0,0.156,73,664,13.1,57,22.2,1.001,37.4,42,11.606,22.8,1614,96,10.7,62.44213,378457,50,100,21.7,4,0,0.492,78,36.26,44.76,38.18,95.9,21.1,1.0844,9,39,8,37.4,0,0,0
2021-09-04,19:52:36,18.59,18.25,18.59,18.25,16.58,16.25,67,67,75,0,0,0,5.16,0.0,0.0,0.0,0.0,0.0,0.0,23.6,53,0,125,ON,OFF,ON,0,34.2,30,0,13492,OFF,OFF,29.4,29.5,19.58,29.4,23.21,9.0,6.0,64.47,38.0,52.69,18,59,36,20,93,66,OFF,OFF,100,100,6.125,1.268,1,0,ON,ON,0.922,4.372,0,0,OFF,OFF,1142,36,100,100,0,0.156,73,664,13.1,57,22.2,1.001,37.4,42,11.606,22.8,1614,96,10.7,62.44213,378457,50,100,21.7,4,0,0.492,78,36.26,44.76,38.18,95.9,21.1,1.0844,9,39,8,37.4,0,0,0
2021-09-04,19:53:14,18.59,18.25,18.59,18.25,16.58,16.25,67,67,75,0,0,0,5.16,0.0,0.0,0.0,0.0,0.0,0.0,23.6,53,0,125,ON,OFF,ON,0,34.2,30,0,13492,OFF,OFF,29.4,29.5,19.58,29.4,23.21,9.0,6.0,64.47,38.0,52.69,18,59,36,20,93,66,OFF,OFF,100,100,6.125,1.268,1,0,ON,ON,0.922,4.372,0,0,OFF,OFF,1142,36,100,100,0,0.156,73,664,13.1,57,22.2,1.001,37.4,42,11.606,22.8,1614,96,10.7,62.44213,378457,50,100,21.7,4,0,0.492,78,36.26,44.76,38.18,95.9,21.1,1.0844,9,39,8,37.4,0,0,0
2021-09-04,19:53:44,18.59,18.25,18.59,18.25,16.58,16.25,67,67,75,0,0,0,5.16,0.0,0.0,0.0,0.0,0.0,0.0,23.6,53,0,125,ON,OFF,ON,0,34.2,30,0,13492,OFF,OFF,29.4,29.5,19.58,29.4,23.21,9.0,6.0,64.47,38.0,52.69,18,60,36,20,93,66,OFF,OFF,100,100,6.125,1.268,1,0,ON,ON,0.922,4.372,0,0,OFF,OFF,1142,36,100,100,0,0.156,73,664,13.1,57,22.2,1.001,37.4,42,11.606,22.8,1614,96,10.7,62.44213,378457,50,100,21.7,4,0,0.492,78,36.26,44.76,38.18,95.9,21.1,1.0844,9,39,8,37.4,0,0,0
2021-09-04,19:54:14,18.59,18.25,18.59,18.25,16.58,16.25,67,67,75,0,0,0,5.16,0.0,0.0,0.0,0.0,0.0,0.0,23.6,53,0,125,ON,OFF,ON,0,34.2,30,0,13492,OFF,OFF,29.4,29.5,19.58,29.4,23.21,9.0,6.0,64.47,38.0,52.69,18,60,36,20,93,29,OFF,OFF,100,100,6.125,1.268,1,0,ON,ON,0.922,4.372,0,0,OFF,OFF,1142,36,100,100,0,0.156,73,664,13.1,57,22.2,1.001,37.4,42,11.606,22.8,1614,96,10.7,62.44213,378457,50,100,21.7,4,0,0.492,78,36.26,44.76,38.18,95.9,21.1,1.0844,9,39,8,37.4,0,0,0
2021-09-04,19:54:44,18.59,18.25,18.59,18.25,16.58,16.25,67,67,75,0,0,0,5.16,0.0,0.0,0.0,0.0,0.0,0.0,23.6,53,0,125,ON,OFF,ON,0,34.2,30,0,13492,OFF,OFF,29.4,29.5,19.58,29.4,23.21,9.0,6.0,64.47,38.0,52.69,18,60,36,20,93,29,OFF,OFF,100,100,6.125,1.268,1,0,ON,ON,0.922,4.372,0,0,OFF,OFF,1142,36,100,100,0,0.156,73,664,13.1,57,22.2,1.001,37.4,42,11.606,22.8,1614,96,10.7,62.44213,378457,50,100,21.7,4,0,0.492,78,36.26,44.76,38.18,95.9,21.1,1.0844,9,39,8,37.4,0,0,0
2021-09-04,19:55:14,18.59,18.25,18.59,18.25,16.58,16.25,67,67,75,0,0,0,5.16,0.0,0.0,0.0,0.0,0.0,0.0,23.6,53,0,125,ON,OFF,ON,0,34.2,30,0,13492,OFF,OFF,29.4,29.5,19.58,29.4,23.21,9.0,6.0,64.47,38.0,52.69,18,60,36,20,93,29,OFF,OFF,100,100,6.125,1.268,1,0,ON,ON,0.922,4.372,0,0,OFF,OFF,1142,36,100,100,0,0.156,73,664,13.1,57,22.2,1.001,37.4,42,11.606,22.8,1614,96,10.7,62.44213,378457,50,100,21.7,4,0,0.492,78,36.26,44.76,38.18,95.9,21.1,1.0844,9,39,8,37.4,0,0,0
2021-09-04,19:55:44,18.59,18.25,18.59,18.25,16.58,16.25,67,67,75,0,0,0,5.16,0.0,0.0,0.0,0.0,0.0,0.0,23.6,53,0,125,ON,OFF,ON,0,34.2,30,0,13492,OFF,OFF,29.4,29.5,19.58,29.4,23.21,9.0,6.0,64.47,38.0,52.69,18,60,36,20,93,29,OFF,OFF,100,100,6.125,1.268,1,0,ON,ON,0.922,4.372,0,0,OFF,OFF,1142,36,100,100,0,0.156,73,664,13.1,57,22.2,1.001,37.4,42,11.606,22.8,1614,96,10.7,62.44213,378457,50,100,21.7,4,0,0.492,78,36.26,44.76,38.18,95.9,21.1,1.0844,9,39,8,37.4,0,0,0
2021-09-04,19:56:14,18.59,18.25,18.59,18.25,16.58,16.25,67,67,75,0,0,0,5.16,0.0,0.0,0.0,0.0,0.0,0.0,23.6,53,0,125,ON,OFF,ON,0,34.2,30,0,13492,OFF,OFF,29.4,29.5,19.58,29.4,23.21,9.0,6.0,64.47,38.0,52.69,18,60,36,20,93,29,OFF,OFF,100,100,6.125,1.268,1,0,ON,ON,0.922,4.372,0,0,OFF,OFF,1142,16,100,100,0,0.156,73,664,13.1,57,22.2,1.001,37.4,42,11.606,22.8,1614,96,10.7,62.44213,378457,50,100,21.7,4,0,0.492,78,36.26,44.76,38.18,95.9,21.1,1.0844,9,39,8,37.4,0,0,0
2021-09-04,19:56:44,18.59,18.25,18.59,18.25,16.58,16.25,67,67,75,0,0,0,5.16,0.0,0.0,0.0,0.0,0.0,0.0,23.6,53,0,125,ON,OFF,ON,0,34.2,30,0,13492,OFF,OFF,29.4,29.5,19.58,29.4,22.55,9.0,6.0,64.47,38.0,52.69,18,60,36,20,93,29,OFF,OFF,100,100,6.125,1.268,1,0,ON,ON,0.922,4.372,0,0,OFF,OFF,1142,16,100,100,0,0.156,73,664,13.1,57,22.2,1.001,37.4,42,11.606,22.8,1614,96,10.7,62.44213,378457,50,100,21.7,4,0,0.492,78,36.26,44.76,37.63,95.9,21.1,1.0844,9,39,8,37.4,0,0,0
2021-09-04,19:57:32,18.59,18.25,18.59,18.25,16.58,16.25,67,67,75,0,0,0,5.16,0.0,0.0,0.0,0.0,0.0,0.0,23.6,53,0,125,ON,OFF,ON,0,34.2,30,0,13492,OFF,OFF,29.4,29.5,19.58,29.4,22.55,9.0,6.0,64.47,38.0,52.69,18,60,36,20,93,29,OFF,OFF,100,100,6.125,1.268,1,0,ON,ON,0.922,4.372,0,0,OFF,OFF,1142,16,100,100,0,0.156,73,664,13.1,57,22.1,1.001,37.2,41,11.606,22.8,1614,96,10.7,62.44213,378457,50,100,21.7,4,0,0.492,78,36.26,44.76,37.63,95.9,21.1,1.0844,9,39,8,37.4,0,0,0
2021-09-04,19:58:02,18.59,18.25,18.59,18.25,16.58,16.25,67,67,75,0,0,0,5.16,0.0,0.0,0.0,0.0,0.0,0.0,23.6,53,0,125,ON,OFF,ON,0,34.2,30,0,13492,OFF,OFF,29.4,29.5,19.58,29.4,22.55,9.0,6.0,64.47,38.0,52.69,18,60,36,20,93,29,OFF,OFF,100,100,6.125,1.268,1,0,ON,ON,0.922,4.372,0,0,OFF,OFF,1142,16,100,100,0,0.156,73,664,13.1,57,22.1,1.001,37.2,41,11.606,22.8,1614,96,10.7,62.44213,378457,50,100,21.7,4,0,0.492,78,36.26,44.76,37.63,95.9,21.1,1.0844,9,39,8,37.4,0,0,0
2021-09-04,19:58:32,18.59,18.25,18.59,18.25,16.58,16.25,67,67,75,0,0,0,5.16,0.0,0.0,0.0,0.0,0.0,0.0,23.6,53,0,125,ON,OFF,ON,0,34.2,30,0,13492,OFF,OFF,29.4,29.5,19.58,29.4,22.55,9.0,6.0,64.47,38.0,52.69,18,60,36,20,93,29,OFF,OFF,100,100,6.125,1.268,1,0,ON,ON,0.922,4.372,0,0,OFF,OFF,1142,16,100,100,0,0.156,73,664,13.1,57,22.1,1.001,37.2,41,11.032,22.8,1614,96,10.7,62.44213,378457,50,100,21.7,4,0,0.492,78,36.26,44.76,37.63,95.9,21.1,1.0844,9,39,8,37.4,0,0,0
2021-09-04,19:59:02,18.59,18.25,18.59,18.25,16.58,16.25,67,67,75,0,0,0,5.16,0.0,0.0,0.0,0.0,0.0,0.0,23.6,53,0,125,ON,OFF,ON,0,34.2,30,0,13492,OFF,OFF,29.4,29.5,19.58,29.4,22.55,9.0,6.0,64.47,38.0,52.69,18,60,36,20,93,29,OFF,OFF,100,100,6.125,1.268,1,0,ON,ON,0.922,4.372,0,0,OFF,OFF,125,16,100,100,0,0.156,73,664,13.1,57,22.1,1.001,37.2,41,11.032,22.8,1614,96,10.7,62.44213,378457,50,100,21.7,4,0,0.492,78,36.26,44.76,37.63,95.9,21.1,1.0844,9,39,8,37.4,0,0,0
2021-09-04,19:59:32,18.59,18.25,18.59,18.25,16.58,16.25,67,67,75,0,0,0,5.16,0.0,0.0,0.0,0.0,0.0,0.0,23.6,53,0,125,ON,OFF,ON,0,34.2,30,0,13492,OFF,OFF,29.4,29.5,18.92,29.4,22.55,9.0,6.0,64.47,38.0,52.69,18,60,36,20,93,29,OFF,OFF,100,100,6.125,1.268,1,0,ON,ON,0.922,4.372,0,0,OFF,OFF,125,16,100,100,0,0.156,73,664,13.1,57,22.1,1.001,37.2,41,11.032,22.8,1509,96,10.7,62.44213,378457,50,100,21.7,4,0,0.492,78,36.26,44.76,37.63,95.9,21.1,1.0844,9,39,8,37.4,0,0,0
2021-09-04,20:00:12,18.59,18.25,18.59,18.25,16.58,16.25,67,67,75,0,0,0,5.16,0.0,0.0,0.0,0.0,0.0,0.0,23.6,53,0,125,ON,OFF,ON,0,34.2,30,0,13492,OFF,OFF,29.4,29.5,18.92,29.4,22.55,9.0,6.0,64.47,38.0,52.69,17,61,36,20,93,29,OFF,OFF,100,100,6.125,1.268,1,0,ON,ON,0.922,4.372,0,0,OFF,OFF,125,8,100,100,0,0.156,73,664,13.1,57,22.1,1.001,37.2,41,11.032,22.8,1509,96,10.7,62.44213,378457,50,100,21.7,4,0,0.492,78,36.26,44.76,37.63,95.9,21.1,1.0844,9,39,8,37.4,0,0,0
2021-09-04,20:00:42,18.59,18.25,18.59,18.25,16.58,16.25,67,67,75,0,0,0,5.16,0.0,0.0,0.0,0.0,0.0,0.0,23.6,53,0,125,ON,OFF,ON,0,34.2,30,0,13492,OFF,OFF,29.4,29.5,18.92,29.4,22.55,9.0,6.0,64.47,38.0,52.69,17,61,36,20,93,29,OFF,OFF,100,100,6.125,1.268,1,0,ON,ON,0.922,4.372,0,0,OFF,OFF,125,8,100,100,0,0.156,73,664,13.1,57,22.1,1.001,37.2,41,11.032,22.8,1509,96,10.7,62.44213,378457,50,100,21.7,4,0,0.492,78,36.26,44.76,37.63,95.9,21.1,1.0844,9,39,8,37.4,0,0,0
2021-09-04,20:01:12,18.59,18.25,18.59,18.25,16.58,16.25,67,67,75,0,0,0,5.16,0.0,0.0,0.0,0.0,0.0,0.0,23.6,53,0,125,ON,OFF,ON,0,34.2,30,0,13492,OFF,OFF,29.4,29.5,18.92,29.4,22.55,9.0,6.0,64.47,38.0,52.69,17,61,36,20,93,29,OFF,OFF,100,100,6.126,1.268,1,0,ON,ON,0.922,4.372,0,0,OFF,OFF,125,8,100,100,0,0.156,73,664,13.1,57,22.1,1.001,37.2,41,11.032,22.8,1509,96,10.7,62.44213,378457,50,100,21.7,4,0,0.492,78,36.26,44.76,37.63,95.9,21.1,1.0844,9,39,8,37.4,0,0,0
2021-09-04,20:01:42,18.59,18.25,18.59,18.25,16.58,16.25,67,67,75,0,0,0,5.16,0.0,0.0,0.0,0.0,0.0,0.0,23.6,53,0,125,ON,OFF,ON,0,34.2,30,0,13492,OFF,OFF,29.4,29.5,18.92,29.4,22.55,9.0,6.0,64.47,38.0,52.69,17,61,36,20,93,11,OFF,OFF,100,100,6.126,1.268,1,0,ON,ON,0.922,4.372,0,0,OFF,OFF,125,8,100,100,0,0.156,73,664,13.1,57,22.1,1.001,37.2,41,11.032,22.8,1509,96,10.7,62.44213,378457,50,100,21.7,4,0,0.492,78,36.26,44.76,37.63,95.9,21.1,1.0844,9,39,8,37.4,0,0,0
2021-09-04,20:02:12,18.59,18.25,18.59,18.25,16.58,16.25,67,67,75,0,0,0,5.16,0.0,0.0,0.0,0.0,0.0,0.0,23.6,53,0,125,ON,OFF,ON,0,34.2,30,0,13492,OFF,OFF,29.4,29.5,18.92,29.4,22.55,9.0,6.0,64.47,38.0,52.69,17,61,36,20,93,11,OFF,OFF,100,100,6.126,1.268,1,0,ON,ON,0.922,4.372,0,0,OFF,OFF,80,8,100,100,0,0.156,73,664,13.1,57,22.1,1.001,37.2,41,11.032,22.8,1509,96,10.7,62.44213,378457,50,100,21.7,4,0,0.492,78,36.26,44.76,37.63,95.9,21.1,1.0844,9,39,8,37.4,0,0,0
2021-09-04,20:02:42,18.59,18.25,18.59,18.25,16.58,16.25,67,67,75,0,0,0,5.16,0.0,0.0,0.0,0.0,0.0,0.0,23.6,53,0,125,ON,OFF,ON,0,34.2,30,0,13492,OFF,OFF,29.4,29.5,18.92,29.4,22.55,9.0,6.0,64.47,38.0,52.69,17,61,36,20,93,11,OFF,OFF,100,100,6.126,1.268,1,0,ON,ON,0.922,4.372,0,0,OFF,OFF,80,8,100,100,0,0.156,73,664,13.1,57,22.1,1.001,37.2,41,11.032,22.8,1509,96,10.7,62.44213,378457,75,21,16.7,3,0,0.492,78,36.26,44.76,37.63,95.9,21.1,1.0844,9,39,8,37.4,0,0,0
2021-09-04,20:03:12,18.59,18.25,18.59,18.25,16.58,16.25,67,67,75,0,0,0,5.16,0.0,0.0,0.0,0.0,0.0,0.0,23.6,53,0,125,ON,OFF,ON,0,34.2,30,0,13492,OFF,OFF,29.4,29.5,18.92,29.4,22.55,9.0,6.0,64.47,38.0,52.69,17,61,36,20,93,11,OFF,OFF,100,100,6.126,1.268,1,0,ON,ON,0.922,4.372,0,0,OFF,OFF,80,8,100,100,0,0.156,73,664,13.1,57,22.1,1.001,37.2,41,11.032,22.8,1509,96,10.7,62.44213,378457,75,21,16.7,3,0,0.492,78,36.26,44.76,37.63,95.9,21.1,1.0844,9,39,8,37.4,0,0,0
2021-09-04,20:03:42,18.59,18.25,18.59,18.25,16.58,16.25,67,67,75,0,0,0,5.16,0.0,0.0,0.0,0.0,0.0,0.0,23.6,53,0,125,ON,OFF,ON,0,34.2,30,0,13492,OFF,OFF,29.4,29.5,18.92,29.4,22.55,9.0,6.0,64.47,38.0,52.69,17,61,36,20,93,11,OFF,OFF,100,100,6.126,1.268,1,0,ON,ON,0.922,4.372,0,0,OFF,OFF,80,8,100,100,0,0.156,73,664,13.1,57,22.1,1.001,37.2,41,11.032,22.8,1509,96,10.7,62.44213,378457,75,21,16.7,3,0,0.492,78,36.26,44.76,37.63,95.9,21.1,1.0844,9,39,8,37.4,0,0,0
2021-09-04,20:04:12,18.59,18.25,18.59,18.25,16.58,16.25,67,67,75,0,0,0,5.16,0.0,0.0,0.0,0.0,0.0,0.0,23.6,53,0,125,ON,OFF,ON,0,34.2,30,0,13492,OFF,OFF,29.4,29.5,18.92,29.4,22.55,9.0,6.0,64.47,38.0,52.69,17,61,36,20,93,11,OFF,OFF,100,100,6.126,1.268,1,0,ON,ON,0.922,4.372,0,0,OFF,OFF,80,2,100,100,0,0.156,73,664,13.1,57,22.1,1.001,37.2,41,11.032,22.8,1509,96,10.7,62.44213,378457,75,21,16.7,3,0,0.492,78,36.26,44.21,37.63,95.9,21.1,1.0844,9,39,8,37.4,0,0,0
2021-09-04,20:04:49,18.59,18.25,18.59,18.25,16.58,16.25,67,67,75,0,0,0,5.16,0.0,0.0,0.0,0.0,0.0,0.0,23.6,53,0,125,ON,OFF,ON,0,34.2,30,0,13492,OFF,OFF,29.4,29.5,18.92,29.4,22.55,9.0,6.0,64.47,38.0,52.69,17,61,36,20,93,11,OFF,OFF,100,100,6.126,1.268,1,0,ON,ON,0.922,4.372,0,0,OFF,OFF,80,2,100,100,0,0.156,73,664,13.1,57,22.1,1.001,37.2,41,11.032,22.8,1509,96,10.7,62.44213,378457,75,21,16.7,3,0,0.492,78,36.26,44.21,37.63,95.9,21.1,1.0844,9,39,8,37.4,0,0,0
2021-09-04,20:05:19,18.59,18.25,18.59,18.25,16.58,16.25,67,67,75,0,0,0,5.16,0.0,0.0,0.0,0.0,0.0,0.0,23.6,53,0,125,ON,OFF,ON,0,34.2,30,0,13492,OFF,OFF,29.4,29.5,18.92,29.4,22.55,9.0,6.0,64.47,38.0,52.69,17,61,36,20,93,11,OFF,OFF,100,100,6.126,1.268,1,0,ON,ON,0.922,4.372,0,0,OFF,OFF,80,2,100,100,0,0.156,73,664,13.1,57,22.1,1.001,37.2,41,11.032,22.8,1509,96,10.7,62.44213,378457,75,21,16.7,3,0,0.492,78,36.26,44.21,37.63,95.9,21.1,1.0844,9,39,8,37.4,0,0,0
2021-09-04,20:05:49,18.59,18.25,18.59,18.25,16.58,16.25,67,67,75,0,0,0,5.16,0.0,0.0,0.0,0.0,0.0,0.0,23.6,53,0,125,ON,OFF,ON,0,34.2,30,0,13492,OFF,OFF,29.4,29.5,18.92,29.4,22.55,9.0,6.0,64.47,38.0,52.69,17,61,36,20,93,11,OFF,OFF,100,100,6.126,1.268,1,0,ON,ON,0.922,4.372,0,0,OFF,OFF,80,2,100,100,0,0.156,73,664,13.1,57,22.1,1.001,37.2,41,11.032,22.8,1509,96,10.7,62.44213,378457,75,21,16.7,3,0,0.492,78,35.73,44.21,37.63,95.9,21.1,1.0844,9,39,8,37.4,0,0,0
2021-09-04,20:06:19,18.59,18.25,18.59,18.25,16.58,16.25,67,67,75,0,0,0,5.16,0.0,0.0,0.0,0.0,0.0,0.0,23.6,53,0,125,ON,OFF,ON,0,34.2,30,0,13492,OFF,OFF,29.4,29.5,18.92,29.4,22.55,9.0,6.0,64.47,38.0,52.69,17,61,36,20,93,11,OFF,OFF,100,100,6.126,1.268,1,0,ON,ON,0.922,4.372,0,0,OFF,OFF,80,2,100,100,0,0.156,73,664,13.1,57,22.1,1.001,37.2,41,11.032,22.8,1509,96,10.7,62.44213,378457,75,21,16.7,3,0,0.492,78,35.73,44.21,37.63,95.9,21.1,1.0844,9,39,8,37.4,0,0,0
2021-09-04,20:06:49,18.59,18.25,18.59,18.25,16.58,16.25,67,67,75,0,0,0,5.16,0.0,0.0,0.0,0.0,0.0,0.0,23.6,53,0,125,ON,OFF,ON,0,34.2,30,0,13492,OFF,OFF,29.4,29.5,18.92,29.4,21.89,9.0,6.0,74.49,38.0,52.69,17,61,36,20,93,11,OFF,OFF,100,100,6.126,1.268,1,0,ON,ON,0.922,4.372,0,0,OFF,OFF,80,2,100,100,0,0.156,73,664,13.1,57,22.1,1.001,37.2,41,11.032,22.8,1509,96,10.7,62.44213,378457,75,21,16.7,3,0,0.492,78,35.73,44.21,37.63,95.9,21.1,1.0844,9,39,8,37.4,0,0,0
2021-09-04,20:07:19,18.59,18.25,18.59,18.25,16.58,16.25,67,67,75,0,0,0,5.16,0.0,0.0,0.0,0.0,0.0,0.0,23.6,53,0,125,ON,OFF,ON,0,34.2,30,0,13492,OFF,OFF,29.4,29.5,18.92,29.4,21.89,9.0,6.0,74.49,38.0,52.69,17,61,36,20,93,11,OFF,OFF,100,100,6.126,1.268,1,0,ON,ON,0.922,4.372,0,0,OFF,OFF,36,2,100,100,0,0.156,73,664,13.1,57,22.1,1.001,37.2,41,11.032,22.8,1509,96,10.7,62.44213,378457,75,21,16.7,3,0,0.492,78,35.73,44.21,37.63,95.9,21.1,1.0844,9,39,8,37.4,0,0,0
2021-09-04,20:07:49,18.59,18.25,18.59,18.25,16.58,16.25,67,67,75,0,0,0,5.16,0.0,0.0,0.0,0.0,0.0,0.0,23.6,53,0,125,ON,OFF,ON,0,34.2,30,0,13492,OFF,OFF,29.4,29.5,18.92,29.4,21.89,9.0,6.0,74.49,38.0,52.69,17,62,36,20,93,11,OFF,OFF,100,100,6.126,1.268,1,0,ON,ON,0.922,4.372,0,0,OFF,OFF,36,2,100,100,0,0.156,73,664,13.1,57,22.1,1.001,37.2,41,11.032,22.8,1509,96,10.7,62.44213,378457,75,21,16.7,3,0,0.492,78,35.73,44.21,37.63,95.9,21.1,1.0844,9,39,8,37.4,0,0,0
2021-09-04,20:08:19,18.59,18.25,18.59,18.25,16.58,16.25,67,67,75,0,0,0,5.16,0.0,0.0,0.0,0.0,0.0,0.0,23.6,53,0,125,ON,OFF,ON,0,34.2,30,0,13492,OFF,OFF,29.4,29.5,18.92,29.4,21.89,9.0,6.0,74.49,38.0,52.69,17,62,36,20,93,4,OFF,OFF,100,100,6.126,1.268,1,0,ON,ON,0.922,4.372,0,0,OFF,OFF,36,0,100,100,0,0.156,73,664,13.1,57,22.1,1.001,37.2,41,11.032,22.8,1509,96,10.7,62.44213,378457,75,21,16.7,3,0,0.492,78,35.73,44.21,37.63,95.9,21.1,1.0844,9,39,8,37.4,0,0,0
2021-09-04,20:08:49,18.59,18.25,18.59,18.25,16.58,16.25,67,67,75,0,0,0,5.16,0.0,0.0,0.0,0.0,0.0,0.0,23.6,53,0,125,ON,OFF,ON,0,34.2,30,0,13492,OFF,OFF,29.4,29.5,18.92,29.4,21.89,9.0,6.0,74.49,38.0,52.69,17,62,36,20,93,4,OFF,OFF,100,100,6.126,1.268,1,0,ON,ON,0.922,4.372,0,0,OFF,OFF,36,0,100,100,0,0.156,73,664,13.1,57,22.1,1.001,37.2,41,11.032,22.8,1509,96,10.7,62.44213,378457,75,21,16.7,3,0,0.492,78,35.73,44.21,37.63,95.9,21.1,1.0844,9,39,8,37.4,0,0,0
2021-09-04,20:09:19,18.59,18.25,18.59,18.25,16.58,16.25,67,67,75,0,0,0,5.16,0.0,0.0,0.0,0.0,0.0,0.0,23.6,53,0,125,ON,OFF,ON,0,34.2,30,0,13492,OFF,OFF,29.4,29.5,18.92,29.4,21.89,9.0,6.0,74.49,38.0,52.69,17,62,36,20,93,4,OFF,OFF,100,100,6.126,1.268,1,0,ON,ON,0.922,4.372,0,0,OFF,OFF,36,0,100,100,0,0.156,73,664,13.1,57,22.1,1.001,37.2,41,11.032,22.8,1509,96,10.7,62.44213,378457,75,21,16.7,3,0,0.492,78,35.73,44.21,37.63,95.9,21.1,1.0844,9,39,8,37.4,0,0,0
2021-09-04,20:09:49,18.59,18.25,18.59,18.25,16.58,16.25,67,67,75,0,0,0,5.16,0.0,0.0,0.0,0.0,0.0,0.0,23.6,53,0,125,ON,OFF,ON,0,34.2,30,0,13492,OFF,OFF,29.4,29.5,18.92,29.4,21.89,9.0,6.0,74.49,38.0,52.69,17,62,36,19.5,93,4,OFF,OFF,100,100,6.126,1.268,1,0,ON,ON,0.922,4.372,0,0,OFF,OFF,36,0,100,100,0,0.156,73,664,13.1,57,22.1,1.001,36.9,41,11.032,22.8,1509,96,10.7,62.44213,378457,75,21,16.7,3,0,0.492,78,35.73,44.21,37.63,95.9,21.1,1.0844,9,39,8,37.4,0,0,0
2021-09-04,20:10:19,18.59,18.25,18.59,18.25,16.58,16.25,67,67,75,0,0,0,5.16,0.0,0.0,0.0,0.0,0.0,0.0,23.6,53,0,125,ON,OFF,ON,0,34.2,30,0,13492,OFF,OFF,29.4,29.5,18.92,29.4,21.89,9.0,6.0,74.49,38.0,52.69,17,62,36,19.5,93,4,OFF,OFF,100,100,6.126,1.268,1,0,ON,ON,0.922,4.372,0,0,OFF,OFF,36,0,100,100,0,0.156,73,664,13.1,57,22.1,1.001,36.9,41,11.032,22.8,1509,96,10.7,62.44213,378457,75,21,16.7,3,0,0.492,78,35.73,44.21,37.63,95.9,21.1,1.0844,9,39,8,37.4,0,0,0
2021-09-04,20:10:49,18.59,18.25,18.59,18.25,16.58,16.25,67,67,75,0,0,0,5.16,0.0,0.0,0.0,0.0,0.0,0.0,23.6,53,0,125,ON,OFF,ON,0,34.2,30,0,13492,OFF,OFF,29.4,29.5,18.92,29.4,21.89,9.0,6.0,74.49,38.0,57.71,17,62,36,19.5,93,4,OFF,OFF,100,100,6.126,1.268,1,0,ON,ON,0.922,4.372,0,0,OFF,OFF,36,0,100,100,0,0.156,73,664,13.1,57,22.1,0.008,36.9,41,0.008,22.8,1509,96,10.7,62.44213,378457,75,21,16.7,3,0,0.492,78,35.73,44.21,37.63,95.9,21.1,1.0844,9,39,8,37.4,0,0,0
2021-09-04,20:11:19,18.59,18.25,18.59,18.25,16.58,16.25,67,67,75,0,0,0,5.16,0.0,0.0,0.0,0.0,0.0,0.0,23.6,53,0,125,ON,OFF,ON,0,34.2,30,0,13492,OFF,OFF,29.4,29.5,18.92,29.4,21.89,9.0,6.0,74.49,38.0,57.71,17,62,36,19.5,93,4,OFF,OFF,100,100,6.126,1.268,1,0,ON,ON,0.922,4.372,0,0,OFF,OFF,16,0,100,100,0,0.156,73,664,13.1,57,22.1,0.008,36.9,41,0.008,22.8,1509,96,10.7,62.44213,378457,75,21,16.7,3,0,0.492,78,35.73,44.21,37.63,95.9,21.1,1.0844,9,39,8,37.4,0,0,0
2021-09-04,20:11:49,18.59,18.25,18.59,18.25,16.58,16.25,67,67,75,0,0,0,5.16,0.0,0.0,0.0,0.0,0.0,0.0,23.6,53,0,125,ON,OFF,ON,0,34.2,30,0,13492,OFF,OFF,29.4,29.5,18.92,29.4,21.89,9.0,6.0,74.49,38.0,57.71,17,62,36,19.5,93,4,OFF,OFF,100,100,6.126,1.268,1,0,ON,ON,0.922,4.372,0,0,OFF,OFF,16,0,100,100,0,0.156,73,664,13.1,57,21.7,0.008,36.9,41,0.008,22.8,1509,96,10.7,62.44213,378457,75,21,16.7,3,0,0.492,78,35.73,44.21,37.63,95.9,21.1,1.0844,9,39,8,37.4,0,0,0
2021-09-04,20:12:19,18.59,18.25,18.59,18.25,16.58,16.25,67,67,75,0,0,0,5.16,0.0,0.0,0.0,0.0,0.0,0.0,23.6,53,0,125,ON,OFF,ON,0,34.2,30,0,13492,OFF,OFF,29.4,29.5,18.92,29.4,21.89,9.0,6.0,74.49,38.0,57.71,17,62,36,19.5,93,4,OFF,OFF,100,100,6.126,1.268,1,0,ON,ON,0.922,4.372,0,0,OFF,OFF,16,0,100,100,0,0.156,73,664,13.1,57,21.7,0.008,36.9,41,0.008,22.8,1509,96,10.7,62.44213,378457,75,21,16.7,3,0,0.492,78,35.73,44.21,37.63,95.9,21.1,1.0844,9,39,8,37.4,0,0,0
2021-09-04,20:13:05,18.59,18.25,18.59,18.25,16.58,16.25,67,67,75,0,0,0,5.16,0.0,0.0,0.0,0.0,0.0,0.0,23.6,53,0,125,ON,OFF,ON,0,34.2,30,0,13492,OFF,OFF,29.4,29.5,18.92,29.4,21.89,9.0,6.0,74.49,38.0,57.71,17,62,36,19.5,93,4,OFF,OFF,100,100,6.126,1.268,1,0,ON,ON,0.922,4.372,0,0,OFF,OFF,16,0,100,100,0,0.156,73,664,13.1,57,21.7,0.008,36.9,41,0.008,22.8,1509,96,10.7,62.44213,378457,75,21,16.7,3,0,0.492,78,35.73,44.21,37.63,95.9,21.1,1.0844,9,39,8,37.4,0,0,0
2021-09-04,20:13:36,18.59,18.25,18.59,18.25,16.58,16.25,67,67,75,0,0,0,5.16,0.0,0.0,0.0,0.0,0.0,0.0,23.6,53,0,125,ON,OFF,ON,0,34.2,30,0,13492,OFF,OFF,29.4,29.5,18.92,29.4,21.89,9.0,6.0,74.49,38.0,57.71,17,62,36,19.5,93,4,OFF,OFF,100,100,6.126,1.268,1,0,ON,ON,0.922,4.372,0,0,OFF,OFF,16,0,100,100,0,0.156,73,664,13.1,57,21.7,0.008,36.9,41,0.008,22.8,1509,96,10.7,62.44213,378457,75,21,16.7,3,0,0.492,78,35.73,44.21,37.63,95.9,21.1,1.0844,9,39,8,37.4,0,0,0
2021-09-04,20:14:06,18.59,18.25,18.59,18.25,16.58,16.25,67,67,75,0,0,0,5.16,0.0,0.0,0.0,0.0,0.0,0.0,23.6,53,0,125,ON,OFF,ON,0,34.2,30,0,13492,OFF,OFF,29.4,29.5,18.26,29.4,21.89,9.0,6.0,74.49,38.0,57.71,17,62,36,19.5,93,4,OFF,OFF,100,100,6.126,1.268,1,0,ON,ON,0.922,4.372,0,0,OFF,OFF,8,0,100,100,0,0.156,73,664,13.1,57,21.7,0.008,36.9,41,0.008,22.8,1509,96,10.7,62.44213,378457,75,21,16.7,3,0,0.492,78,35.73,44.21,37.63,95.9,21.1,1.0844,9,39,8,37.4,0,0,0
2021-09-04,20:14:36,18.59,18.25,18.59,18.25,16.58,16.25,67,67,75,0,0,0,5.16,0.0,0.0,0.0,0.0,0.0,0.0,23.6,53,0,125,ON,OFF,ON,0,34.2,30,0,13492,OFF,OFF,29.4,29.5,18.26,29.4,21.89,9.0,6.0,74.49,38.0,57.71,17,62,36,19.5,93,2,OFF,OFF,100,100,6.126,1.268,1,0,ON,ON,0.922,4.372,0,0,OFF,OFF,8,0,100,100,0,0.156,73,664,13.1,57,21.7,0.008,36.9,41,0.008,22.8,1509,96,10.7,62.44213,378457,75,21,16.7,3,0,0.492,78,35.73,44.21,37.63,95.9,21.1,1.0844,9,39,8,37.4,0,0,0
2021-09-04,20:15:06,18.59,18.25,18.59,18.25,16.58,16.25,67,67,75,0,0,0,5.16,0.0,0.0,0.0,0.0,0.0,0.0,23.6,53,0,125,ON,OFF,ON,0,34.2,30,0,13492,OFF,OFF,29.4,29.5,18.26,29.4,21.89,9.0,6.0,74.49,38.0,57.71,17,62,36,19.5,93,2,OFF,OFF,100,100,6.126,1.268,1,0,ON,ON,0.922,4.372,0,0,OFF,OFF,8,0,100,100,0,0.156,73,664,13.1,57,21.7,0.008,36.9,41,0.008,22.8,1509,96,10.7,62.44213,378457,75,21,16.7,3,0,0.492,78,35.73,44.21,37.63,95.9,21.1,1.0844,9,39,8,37.4,0,0,0
2021-09-04,20:15:36,18.59,18.25,18.59,18.25,16.58,16.25,67,67,75,0,0,0,5.16,0.0,0.0,0.0,0.0,0.0,0.0,23.6,53,0,125,ON,OFF,ON,0,34.2,30,0,13492,OFF,OFF,29.4,29.5,18.26,29.4,21.89,9.0,6.0,74.49,38.0,57.71,17,64,36,19.5,93,2,OFF,OFF,100,100,6.126,1.268,1,0,ON,ON,0.922,4.372,0,0,OFF,OFF,8,0,100,100,0,0.156,73,664,13.1,57,21.7,0.008,36.9,41,0.008,22.8,1509,96,10.7,62.44213,378457,75,21,16.7,3,0,0.492,78,35.73,44.21,37.63,95.9,21.1,1.0844,9,39,8,37.4,0,0,0
2021-09-04,20:16:06,18.59,18.25,18.59,18.25,16.58,16.25,67,67,75,0,0,0,5.16,0.0,0.0,0.0,0.0,0.0,0.0,23.6,53,0,125,ON,OFF,ON,0,34.2,30,0,13492,OFF,OFF,29.4,29.5,18.26,29.4,21.89,9.0,6.0,74.49,38.0,57.71,17,64,35.5,19.5,93,2,OFF,OFF,100,100,6.126,1.268,1,0,ON,ON,0.922,4.372,0,0,OFF,OFF,8,0,100,100,0,0.156,73,664,13.1,57,21.7,0.008,36.9,41,0.008,22.8,1509,96,10.7,62.44213,378457,75,21,16.7,3,0,0.492,78,35.73,44.21,37.63,95.9,21.1,1.0844,9,39,8,37.4,0,0,0
2021-09-04,20:16:36,18.59,18.25,18.59,18.25,16.58,16.25,67,67,75,0,0,0,5.16,0.0,0.0,0.0,0.0,0.0,0.0,23.6,53,0,125,ON,OFF,ON,0,34.2,30,0,13492,OFF,OFF,29.4,29.5,18.26,29.4,21.89,9.0,6.0,74.49,38.0,57.71,17,64,35.5,19.5,93,2,OFF,OFF,100,100,6.126,1.268,1,0,ON,ON,0.922,4.372,0,0,OFF,OFF,8,0,100,100,0,0.156,73,664,13.1,57,21.7,0.008,36.9,41,0.008,22.8,1509,96,10.7,62.44213,378457,75,21,16.7,3,0,0.492,78,35.73,44.21,37.63,95.9,21.1,1.0844,9,39,8,37.4,0,0,0
2021-09-04,20:17:06,18.59,18.25,18.59,18.25,16.58,16.25,67,67,75,0,0,0,5.16,0.0,0.0,0.0,0.0,0.0,0.0,23.6,53,0,125,ON,OFF,ON,0,34.2,30,0,13492,OFF,OFF,29.4,29.5,18.26,29.4,21.23,9.0,6.0,74.49,38.0,57.71,17,64,35.5,19.5,93,1,OFF,OFF,100,100,6.126,1.268,1,0,ON,ON,0.922,4.372,0,0,OFF,OFF,8,0,100,100,0,0.156,73,664,13.1,57,21.7,0.008,36.9,41,0.008,22.8,1509,96,10.7,62.44213,378457,75,21,16.7,3,0,0.492,78,35.73,44.21,37.63,95.9,21.1,1.0844,9,39,8,37.4,0,0,0
2021-09-04,20:17:36,18.59,18.25,18.59,18.25,16.58,16.25,67,67,75,0,0,0,5.16,0.0,0.0,0.0,0.0,0.0,0.0,23.6,53,0,125,ON,OFF,ON,0,34.2,30,0,13492,OFF,OFF,29.4,29.5,18.26,29.4,21.23,9.0,6.0,74.49,38.0,57.71,17,64,35.5,19.5,93,1,OFF,OFF,100,100,6.126,1.268,1,0,ON,ON,0.922,4.372,0,0,OFF,OFF,8,0,100,100,0,0.156,73,664,13.1,57,21.7,0.008,36.9,41,0.008,22.8,1509,96,10.7,62.44213,378457,75,21,16.7,3,0,0.492,78,35.73,44.21,37.63,95.9,21.1,1.0844,9,39,8,37.4,0,0,0
2021-09-04,20:18:06,18.59,18.25,18.59,18.25,16.58,16.25,67,67,75,0,0,0,5.16,0.0,0.0,0.0,0.0,0.0,0.0,23.6,53,0,125,ON,OFF,ON,0,34.2,30,0,13492,OFF,OFF,29.4,29.5,18.26,29.4,21.23,9.0,6.0,74.49,38.0,57.71,17,64,35.5,19.5,3,1,OFF,OFF,100,100,6.126,1.268,1,0,ON,ON,0.922,4.372,0,0,OFF,OFF,8,0,100,100,0,0.156,73,664,13.1,57,21.7,0.008,36.9,41,0.008,22.8,1509,96,10.7,62.44213,378457,75,21,16.7,3,0,0.492,78,35.73,44.21,37.63,95.9,21.1,1.0844,9,39,8,37.4,0,0,0
2021-09-04,20:18:36,18.59,18.25,18.59,18.25,16.58,16.25,67,67,75,0,0,0,5.16,0.0,0.0,0.0,0.0,0.0,0.0,23.6,53,0,125,ON,OFF,ON,0,34.2,30,0,13492,OFF,OFF,29.4,29.5,18.26,29.4,21.23,9.0,6.0,74.49,38.0,57.71,17,64,35.5,19.5,3,1,OFF,OFF,100,100,6.126,1.268,1,0,ON,ON,0.922,4.372,0,0,OFF,OFF,2,0,100,100,0,0.156,73,664,13.1,57,21.7,0.008,36.9,41,0.008,22.8,1509,96,10.7,62.44213,378457,75,21,16.7,3,0,0.492,78,35.73,44.21,37.63,95.9,21.1,1.0844,9,39,8,37.4,0,0,0
2021-09-04,20:19:06,18.59,18.25,18.59,18.25,16.58,16.25,67,67,75,0,0,0,5.16,0.0,0.0,0.0,0.0,0.0,0.0,23.6,53,0,125,ON,OFF,ON,0,34.2,30,0,13492,OFF,OFF,29.4,29.5,18.26,29.4,21.23,9.0,6.0,74.49,38.0,57.71,17,64,35.5,19.5,3,2,OFF,OFF,100,100,6.126,1.268,1,0,ON,ON,0.922,4.372,0,0,OFF,OFF,2,0,100,100,0,0.156,73,664,13.1,57,21.7,0.008,36.9,41,0.008,22.8,1509,96,10.7,62.44213,378457,75,21,16.7,3,0,0.492,78,35.73,44.21,37.63,95.9,21.1,1.0844,9,39,8,37.4,0,0,0
2021-09-04,20:19:36,18.59,18.25,18.59,18.25,16.58,16.25,67,67,75,0,0,0,5.16,0.0,0.0,0.0,0.0,0.0,0.0,23.6,53,0,125,ON,OFF,ON,0,34.2,30,0,13492,OFF,OFF,29.4,29.5,18.26,29.4,21.23,9.0,6.0,74.49,38.0,57.71,17,64,35.5,19.5,3,2,OFF,OFF,100,100,6.126,1.268,1,0,ON,ON,0.922,4.372,0,0,OFF,OFF,2,0,100,100,0,0.156,73,664,13.1,57,21.7,0.008,36.9,41,0.008,22.8,1509,96,10.7,62.44213,378457,75,21,16.7,3,0,0.492,78,35.73,44.21,37.63,95.9,21.1,1.0844,9,39,8,37.4,0,0,0
2021-09-04,20:20:06,18.59,18.25,18.59,18.25,16.58,16.25,67,67,75,0,0,0,5.16,0.0,0.0,0.0,0.0,0.0,0.0,23.6,53,0,125,ON,OFF,ON,0,34.2,30,0,13492,OFF,OFF,29.4,29.5,18.26,29.4,21.23,9.0,6.0,74.49,38.0,57.71,17,64,35.5,19.5,3,2,OFF,OFF,100,100,6.126,1.268,1,0,ON,ON,0.922,4.372,0,0,OFF,OFF,2,0,100,100,0,0.156,73,664,13.1,57,21.7,0.008,36.9,41,0.008,22.8,1509,96,10.7,62.44213,378457,75,21,16.7,3,0,0.492,78,35.73,44.21,37.63,95.9,21.1,1.0844,9,39,8,37.4,0,0,0
2021-09-04,20:20:36,18.59,18.25,18.59,18.25,16.58,16.25,67,67,75,0,0,0,5.16,0.0,0.0,0.0,0.0,0.0,0.0,23.6,53,0,125,ON,OFF,ON,0,34.2,30,0,13492,OFF,OFF,29.4,29.5,18.26,29.4,21.23,9.0,6.0,74.49,38.0,57.71,17,64,35.5,19.5,3,2,OFF,OFF,100,100,6.126,1.268,1,0,ON,ON,0.922,4.372,0,0,OFF,OFF,2,0,100,100,0,0.156,73,664,13.1,57,21.7,0.008,36.9,41,0.008,22.8,1509,96,10.7,62.44213,378457,75,21,16.7,3,0,0.492,78,35.73,44.21,37.63,95.9,21.1,1.0844,9,39,8,37.4,0,0,0
2021-09-04,20:21:07,18.59,18.25,18.59,18.25,16.58,16.25,67,67,75,0,0,0,5.16,0.0,0.0,0.0,0.0,0.0,0.0,23.6,53,0,125,ON,OFF,ON,0,34.2,30,0,13492,OFF,OFF,29.4,29.5,18.26,29.4,21.23,9.0,6.0,74.49,38.0,57.71,17,64,35.5,19.5,3,2,OFF,OFF,100,100,6.126,1.268,1,0,ON,ON,0.922,4.372,0,0,OFF,OFF,2,0,100,100,0,0.156,73,664,13.1,57,21.7,0.008,36.9,41,0.008,22.8,1509,96,10.7,62.44213,378457,75,21,16.7,3,0,0.492,78,35.73,44.21,37.63,95.9,21.1,1.0844,9,39,8,37.4,0,0,0
2021-09-04,20:21:37,18.59,18.25,18.59,18.25,16.58,16.25,67,67,75,0,0,0,5.16,0.0,0.0,0.0,0.0,0.0,0.0,23.6,53,0,125,ON,OFF,ON,0,34.2,30,0,13492,OFF,OFF,29.4,29.5,18.26,29.4,21.23,9.0,6.0,74.49,38.0,57.71,17,64,35.5,19.5,3,1,OFF,OFF,100,100,6.126,1.268,1,0,ON,ON,0.922,4.372,0,0,OFF,OFF,2,0,100,100,0,0.156,73,664,13.1,57,21.2,0.008,36.9,41,0.008,22.8,1509,96,10.7,62.44213,378457,75,21,16.7,3,0,0.492,78,35.73,44.21,37.63,95.9,21.1,1.0844,9,39,8,37.4,0,0,0
2021-09-04,20:22:07,18.59,18.25,18.59,18.25,16.58,16.25,67,67,75,0,0,0,5.16,0.0,0.0,0.0,0.0,0.0,0.0,23.6,53,0,125,ON,OFF,ON,0,34.2,30,0,13492,OFF,OFF,29.4,29.5,18.26,29.4,21.23,9.0,6.0,74.49,38.0,57.71,17,64,35.5,19.5,3,1,OFF,OFF,100,100,6.126,1.268,1,0,ON,ON,0.922,4.372,0,0,OFF,OFF,2,0,100,100,0,0.156,73,664,13.1,57,21.2,0.008,36.9,41,0.008,22.8,1509,96,10.7,62.44213,378457,75,21,16.7,3,0,0.492,78,35.73,44.21,37.63,95.9,21.1,1.0844,9,39,8,37.4,0,0,0
2021-09-04,20:22:37,18.59,18.25,18.59,18.25,16.58,16.25,67,67,75,0,0,0,5.16,0.0,0.0,0.0,0.0,0.0,0.0,23.6,53,0,125,ON,OFF,ON,0,34.2,30,0,13492,OFF,OFF,29.4,29.5,18.26,29.4,21.23,9.0,6.0,74.49,38.0,57.71,17,64,35.5,19.5,3,1,OFF,OFF,100,100,6.126,1.268,1,0,ON,ON,0.922,4.372,0,0,OFF,OFF,0,0,100,100,0,0.156,73,664,13.1,57,21.2,0.008,36.9,41,0.008,22.8,1509,96,10.7,62.44213,378457,75,21,16.7,3,0,0.492,78,35.73,44.21,37.63,95.9,21.1,1.0844,9,39,8,37.4,0,0,0
2021-09-04,20:23:07,18.59,18.25,18.59,18.25,16.58,16.25,67,67,75,0,0,0,5.16,0.0,0.0,0.0,0.0,0.0,0.0,23.6,53,0,125,ON,OFF,ON,0,34.2,30,0,13492,OFF,OFF,29.4,29.5,18.26,29.4,21.23,9.0,6.0,74.49,38.0,57.71,17,64,35.5,19.5,3,1,OFF,OFF,100,100,6.126,1.268,1,0,ON,ON,0.922,4.372,0,0,OFF,OFF,0,0,100,100,0,0.156,73,664,13.1,57,21.2,0.008,36.9,41,0.008,22.8,1509,96,10.7,62.44213,378457,75,21,16.7,3,0,0.492,78,35.73,44.21,37.63,95.9,21.1,1.0844,9,39,8,37.4,0,0,0
2021-09-04,20:23:37,18.59,18.25,18.59,18.25,16.58,16.25,67,67,75,0,0,0,5.16,0.0,0.0,0.0,0.0,0.0,0.0,23.6,53,0,125,ON,OFF,ON,0,34.2,30,0,13492,OFF,OFF,29.4,29.5,18.26,29.4,21.23,9.0,6.0,74.49,38.0,57.71,17,64,35.5,19.5,3,1,OFF,OFF,100,100,6.126,1.268,1,0,ON,ON,0.922,4.372,0,0,OFF,OFF,0,0,100,100,0,0.156,73,664,13.1,57,21.2,0.008,36.9,41,0.008,22.8,1509,96,10.7,62.44213,378457,75,21,16.7,3,0,0.492,78,35.73,44.21,37.63,95.9,21.1,1.0844,9,39,8,37.4,0,0,0
2021-09-04,20:24:07,18.59,18.25,18.59,18.25,16.58,16.25,67,67,75,0,0,0,5.16,0.0,0.0,0.0,0.0,0.0,0.0,23.6,53,0,125,ON,OFF,ON,0,34.2,30,0,13492,OFF,OFF,29.4,29.5,18.26,29.4,21.23,9.0,6.0,74.49,38.0,57.71,16,65,35.5,19.5,3,1,OFF,OFF,100,100,6.126,1.268,1,0,ON,ON,0.922,4.372,0,0,OFF,OFF,0,0,100,100,0,0.156,73,664,13.1,57,21.2,0.008,36.9,41,0.008,22.8,1509,96,10.7,62.44213,378457,75,21,16.7,3,0,0.492,78,35.73,44.21,37.63,95.9,21.1,1.0844,9,39,8,37.4,0,0,0
2021-09-04,20:24:37,18.59,18.25,18.59,18.25,16.58,16.25,67,67,75,0,0,0,5.16,0.0,0.0,0.0,0.0,0.0,0.0,23.6,53,0,125,ON,OFF,ON,0,34.2,30,0,13492,OFF,OFF,29.4,29.5,18.26,29.4,21.23,9.0,6.0,74.49,38.0,57.71,16,65,35.5,19.5,3,1,OFF,OFF,100,100,6.126,1.268,1,0,ON,ON,0.922,4.372,0,0,OFF,OFF,0,0,100,100,0,0.156,73,664,13.1,57,21.2,0.008,36.9,41,0.008,22.8,1509,96,10.7,62.44213,378457,75,21,16.7,3,0,0.492,78,35.73,44.21,37.63,95.9,21.1,1.0844,9,39,8,37.4,0,0,0
2021-09-04,20:25:07,18.59,18.25,18.59,18.25,16.58,16.25,67,67,75,0,0,0,5.16,0.0,0.0,0.0,0.0,0.0,0.0,23.6,53,0,125,ON,OFF,ON,0,34.2,30,0,13492,OFF,OFF,29.4,29.5,18.26,29.4,21.23,9.0,6.0,74.49,38.0,57.71,16,65,35.5,19.5,3,1,OFF,OFF,100,100,6.126,1.268,1,0,ON,ON,0.922,4.372,0,0,OFF,OFF,0,0,100,100,0,0.156,73,664,13.1,57,21.2,0.008,36.9,41,0.008,22.8,1509,96,10.7,62.44213,378457,75,21,16.7,3,0,0.492,78,35.73,44.21,37.63,95.9,21.1,1.0844,9,39,8,37.4,0,0,0
2021-09-04,20:25:37,18.59,18.25,18.59,18.25,16.58,16.25,67,67,75,0,0,0,5.16,0.0,0.0,0.0,0.0,0.0,0.0,23.6,53,0,125,ON,OFF,ON,0,34.2,30,0,13492,OFF,OFF,29.4,29.5,18.26,29.4,21.23,9.0,6.0,74.49,38.0,57.71,16,65,35.5,19.5,3,1,OFF,OFF,100,100,6.126,1.268,1,0,ON,ON,0.922,4.372,0,0,OFF,OFF,0,0,100,100,0,0.156,73,664,13.1,57,21.2,0.008,36.9,41,0.008,22.8,1509,96,10.7,62.44213,378457,75,21,16.7,3,0,0.492,78,35.73,44.21,37.63,95.9,21.1,1.0844,9,39,8,37.4,0,0,0
2021-09-04,20:26:07,18.59,18.25,18.59,18.25,16.58,16.25,67,67,75,0,0,0,5.16,0.0,0.0,0.0,0.0,0.0,0.0,23.6,53,0,125,ON,OFF,ON,0,34.2,30,0,13492,OFF,OFF,29.4,29.5,18.26,29.4,21.23,9.0,6.0,74.49,38.0,57.71,16,65,35.5,19.5,3,1,OFF,OFF,100,100,6.126,1.268,1,0,ON,ON,0.922,4.372,0,0,OFF,OFF,0,0,100,100,0,0.156,73,664,13.1,57,21.2,0.008,36.9,41,0.008,22.8,1509,96,10.7,62.44213,378457,75,21,16.7,3,0,0.492,78,35.73,44.21,37.63,95.9,21.1,1.0844,9,39,8,37.4,0,0,0
2021-09-04,20:26:37,18.59,18.25,18.59,18.25,16.58,16.25,67,67,75,0,0,0,5.16,0.0,0.0,0.0,0.0,0.0,0.0,23.6,53,0,125,ON,OFF,ON,0,34.2,30,0,13492,OFF,OFF,29.4,29.5,18.26,29.4,21.23,9.0,6.0,74.49,38.0,57.71,16,65,35.5,19,3,1,OFF,OFF,100,100,6.126,1.268,1,0,ON,ON,0.922,4.372,0,0,OFF,OFF,0,0,100,100,0,0.156,73,664,13.1,57,21.2,0.008,36.9,41,0.008,22.8,1509,96,10.7,62.44213,378457,75,21,16.7,3,0,0.492,78,35.73,44.21,37.07,95.9,21.1,1.0844,9,39,8,37.4,0,0,0
2021-09-04,20:27:07,18.59,18.25,18.59,18.25,16.58,16.25,67,67,75,0,0,0,5.16,0.0,0.0,0.0,0.0,0.0,0.0,23.6,53,0,125,ON,OFF,ON,0,34.2,30,0,13492,OFF,OFF,29.4,29.5,18.26,29.4,21.23,9.0,6.0,74.49,38.0,57.71,16,65,35.5,19,3,1,OFF,OFF,100,100,6.126,1.268,1,0,ON,ON,0.922,4.372,0,0,OFF,OFF,0,0,100,100,0,0.156,73,664,13.1,57,21.2,0.008,36.9,41,0.008,22.8,1509,96,10.7,62.44213,378457,75,21,16.7,3,0,0.492,78,35.73,44.21,37.07,95.9,21.1,1.0844,9,39,8,37.4,0,0,0
2021-09-04,20:27:37,18.59,18.25,18.59,18.25,16.58,16.25,67,67,75,0,0,0,5.16,0.0,0.0,0.0,0.0,0.0,0.0,23.6,53,0,125,ON,OFF,ON,0,34.2,30,0,13492,OFF,OFF,29.4,29.5,18.26,29.4,21.23,9.0,6.0,74.49,38.0,57.71,16,65,35.5,19,3,1,OFF,OFF,100,100,6.126,1.268,1,0,ON,ON,0.922,4.372,0,0,OFF,OFF,0,0,100,100,0,0.156,73,664,13,61,20.9,0.008,36.6,42,10.931,21.6,1454,96,10.7,62.44213,378457,75,21,16.7,3,0,0.492,78,35.73,44.21,37.07,95.9,21.1,1.0844,9,39,8,37.4,0,0,0
2021-09-04,20:28:24,18.59,18.25,18.59,18.25,16.58,16.25,67,67,75,0,0,0,5.16,0.0,0.0,0.0,0.0,0.0,0.0,23.6,53,0,125,ON,OFF,ON,0,34.2,30,0,13492,OFF,OFF,29.4,29.5,17.6,29.4,21.23,9.0,6.0,74.49,38.0,57.71,16,65,35.5,19,3,1,OFF,OFF,100,100,6.126,1.268,1,0,ON,ON,0.922,4.372,0,0,OFF,OFF,0,0,100,100,0,0.156,73,664,13,61,20.9,0.008,36.6,42,10.931,21.6,1454,96,10.7,62.44213,378457,75,21,16.7,3,0,0.492,78,35.73,44.21,37.07,95.9,21.1,1.0844,9,39,8,37.4,0,0,0
2021-09-04,20:28:55,18.59,18.25,18.59,18.25,16.58,16.25,67,67,75,0,0,0,5.16,0.0,0.0,0.0,0.0,0.0,0.0,23.6,53,0,125,ON,OFF,ON,0,34.2,30,0,13492,OFF,OFF,29.4,29.5,17.6,29.4,21.23,9.0,6.0,74.49,38.0,57.71,16,65,35.5,19,3,1,OFF,OFF,100,100,6.126,1.268,1,0,ON,ON,0.922,4.372,0,0,OFF,OFF,0,0,100,100,0,0.156,73,664,13,61,20.9,0.008,36.6,42,10.931,21.6,1454,96,10.7,62.44213,378457,75,21,16.7,3,0,0.492,78,35.73,44.21,37.07,95.9,21.1,1.0844,9,39,8,37.4,0,0,0
2021-09-04,20:29:25,18.59,18.25,18.59,18.25,16.58,16.25,67,67,75,0,0,0,5.16,0.0,0.0,0.0,0.0,0.0,0.0,23.6,53,0,125,ON,OFF,ON,0,34.2,30,0,13492,OFF,OFF,29.4,29.5,17.6,29.4,20.57,9.0,6.0,74.49,38.0,57.71,16,65,35.5,19,3,1,OFF,OFF,100,100,6.126,1.268,1,0,ON,ON,0.922,4.372,0,0,OFF,OFF,0,0,100,100,0,0.156,73,664,13,61,20.9,0.008,36.6,42,10.931,21.6,1454,96,10.7,62.44213,378457,75,21,16.7,3,0,0.492,78,35.73,44.21,37.07,95.9,21.1,1.0844,9,39,8,37.4,0,0,0
2021-09-04,20:29:55,18.59,18.25,18.59,18.25,16.58,16.25,67,67,75,0,0,0,5.16,0.0,0.0,0.0,0.0,0.0,0.0,23.6,53,0,125,ON,OFF,ON,0,34.2,30,0,13492,OFF,OFF,29.4,29.5,17.6,29.4,20.57,9.0,6.0,74.49,38.0,57.71,16,66,35.5,19,3,1,OFF,OFF,100,100,6.126,1.268,1,0,ON,ON,0.922,4.372,0,0,OFF,OFF,0,0,100,100,0,0.156,73,664,13,61,20.9,0.008,36.6,42,10.931,21.6,1454,96,10.7,62.44213,378457,75,21,16.7,3,0,0.492,78,35.73,44.21,37.07,95.9,21.1,1.0844,9,39,8,37.4,0,0,0
2021-09-04,20:30:25,18.59,18.25,18.59,18.25,16.58,16.25,67,67,75,0,0,0,5.16,0.0,0.0,0.0,0.0,0.0,0.0,23.6,53,0,125,ON,OFF,ON,0,34.2,30,0,13492,OFF,OFF,29.4,29.5,17.6,29.4,20.57,9.0,6.0,74.49,38.0,57.71,16,66,35.5,19,3,1,OFF,OFF,100,100,6.126,1.268,1,0,ON,ON,0.922,4.372,0,0,OFF,OFF,0,0,100,100,0,0.156,73,664,13,61,20.9,0.008,36.6,42,10.931,21.6,1454,96,10.7,62.44213,378457,75,21,16.7,3,0,0.492,78,35.73,44.21,37.07,95.9,21.1,1.0844,9,39,8,37.4,0,0,0
2021-09-04,20:30:55,18.59,18.25,18.59,18.25,16.58,16.25,67,67,75,0,0,0,5.16,0.0,0.0,0.0,0.0,0.0,0.0,23.6,53,0,125,ON,OFF,ON,0,34.2,30,0,13492,OFF,OFF,29.4,29.5,17.6,29.4,20.57,9.0,6.0,74.49,38.0,57.71,16,66,35.5,19,3,1,OFF,OFF,100,100,6.126,1.268,1,0,ON,ON,0.922,4.372,0,0,OFF,OFF,0,0,100,100,0,0.156,73,664,13,61,20.9,0.008,36.6,42,10.931,21.6,1454,96,10.7,62.44213,378457,75,21,16.7,3,0,0.492,78,35.73,44.21,37.07,95.9,21.1,1.0844,9,39,8,37.4,0,0,0
2021-09-04,20:31:25,18.59,18.25,18.59,18.25,16.58,16.25,67,67,75,0,0,0,5.16,0.0,0.0,0.0,0.0,0.0,0.0,23.6,53,0,125,ON,OFF,ON,0,34.2,30,0,13492,OFF,OFF,29.4,29.5,17.6,29.4,20.57,9.0,6.0,74.49,38.0,57.71,16,66,35.5,19,3,1,OFF,OFF,100,100,6.126,1.268,1,0,ON,ON,0.922,4.372,0,0,OFF,OFF,0,0,100,100,0,0.156,73,664,13,61,20.7,0.008,36.6,42,10.931,21.6,1454,96,10.7,62.44213,378457,75,21,16.7,3,0,0.492,78,35.73,44.21,37.07,95.9,21.1,1.0844,9,39,8,37.4,0,0,0
2021-09-04,20:31:55,18.59,18.25,18.59,18.25,16.58,16.25,67,67,75,0,0,0,5.16,0.0,0.0,0.0,0.0,0.0,0.0,23.6,53,0,125,ON,OFF,ON,0,34.2,30,0,13492,OFF,OFF,29.4,29.5,17.6,29.4,20.57,9.0,6.0,74.49,38.0,57.71,16,66,35.5,19,3,1,OFF,OFF,100,100,6.126,1.268,1,0,ON,ON,0.922,4.372,0,0,OFF,OFF,0,0,100,100,0,0.156,73,664,13,61,20.7,0.008,36.6,42,10.931,21.6,1454,96,10.7,62.44213,378457,75,21,16.7,3,0,0.492,78,35.73,44.21,37.07,95.9,21.1,1.0844,9,39,8,37.4,0,0,0
2021-09-04,20:32:25,18.59,18.25,18.59,18.25,16.58,16.25,67,67,75,0,0,0,5.16,0.0,0.0,0.0,0.0,0.0,0.0,23.6,53,0,125,ON,OFF,ON,0,34.2,30,0,13492,OFF,OFF,29.4,29.5,17.6,29.4,20.57,9.0,6.0,74.49,38.0,57.71,16,66,35.5,19,3,1,OFF,OFF,100,100,6.126,1.268,1,0,ON,ON,0.922,4.372,0,0,OFF,OFF,0,0,100,100,0,0.156,73,664,13,61,20.7,0.008,36.6,42,10.931,21.6,1454,96,10.7,62.44213,378457,75,21,16.7,3,0,0.492,78,35.73,44.21,37.07,95.9,21.1,1.0844,9,39,8,37.4,0,0,0
2021-09-04,20:32:55,18.59,18.25,18.59,18.25,16.58,16.25,67,67,75,0,0,0,5.16,0.0,0.0,0.0,0.0,0.0,0.0,23.6,53,0,125,ON,OFF,ON,0,34.2,30,0,13492,OFF,OFF,29.4,29.5,17.6,29.4,20.57,9.0,6.0,74.49,38.0,57.71,16,66,35.5,19,3,1,OFF,OFF,100,100,6.126,1.268,1,0,ON,ON,0.922,4.372,0,0,OFF,OFF,0,0,100,100,0,0.156,73,664,13,61,20.7,0.008,36.6,42,10.931,21.6,1454,96,10.7,62.44213,378457,75,21,16.7,3,0,0.492,78,35.73,44.21,37.07,95.9,21.1,1.0844,9,39,8,37.4,0,0,0
2021-09-04,20:33:25,18.59,18.25,18.59,18.25,16.58,16.25,67,67,75,0,0,0,5.16,0.0,0.0,0.0,0.0,0.0,0.0,23.6,53,0,125,ON,OFF,ON,0,34.2,30,0,13492,OFF,OFF,29.4,29.5,17.6,29.4,20.57,9.0,6.0,74.49,38.0,57.71,16,66,35.5,19,3,1,OFF,OFF,100,100,6.126,1.268,1,0,ON,ON,0.922,4.372,0,0,OFF,OFF,0,0,100,100,0,0.156,73,664,13,62,20.7,0.008,36.6,42,10.931,21.6,1454,96,10.7,62.44213,378457,75,21,16.7,3,0,0.492,78,35.73,44.21,37.07,95.9,21.1,1.0844,9,39,8,37.4,0,0,0
2021-09-04,20:33:55,18.59,18.25,18.59,18.25,16.58,16.25,67,67,75,0,0,0,5.16,0.0,0.0,0.0,0.0,0.0,0.0,23.6,53,0,125,ON,OFF,ON,0,34.2,30,0,13492,OFF,OFF,29.4,29.5,17.6,29.4,20.57,9.0,6.0,74.49,38.0,57.71,16,66,35.5,19,3,1,OFF,OFF,100,100,6.126,1.268,1,0,ON,ON,0.922,4.372,0,0,OFF,OFF,0,0,100,100,0,0.156,73,664,13,62,20.7,0.008,36.4,42,10.931,21.6,1454,96,10.7,62.44213,378457,75,21,16.7,3,0,0.492,78,35.73,44.21,37.07,95.9,21.1,1.0844,9,39,8,37.4,0,0,0
2021-09-04,20:34:25,18.59,18.25,18.59,18.25,16.58,16.25,67,67,75,0,0,0,5.16,0.0,0.0,0.0,0.0,0.0,0.0,23.6,53,0,125,ON,OFF,ON,0,34.2,30,0,13492,OFF,OFF,29.4,29.5,17.6,29.4,20.57,9.0,6.0,74.49,38.0,57.71,16,66,35.5,19,3,1,OFF,OFF,100,100,6.126,1.268,1,0,ON,ON,0.922,4.372,0,0,OFF,OFF,0,0,100,100,0,0.156,73,664,13,62,20.7,0.008,36.4,42,10.931,21.6,1454,96,10.7,62.44213,378457,75,21,16.7,3,0,0.492,78,35.73,43.63,37.07,95.9,21.1,1.0844,9,39,8,37.4,0,0,0
2021-09-04,20:34:55,18.59,18.25,18.59,18.25,16.58,16.25,67,67,75,0,0,0,5.16,0.0,0.0,0.0,0.0,0.0,0.0,23.6,53,0,125,ON,OFF,ON,0,34.2,30,0,13492,OFF,OFF,29.4,29.5,17.6,29.4,20.57,9.0,6.0,79.53,38.0,57.71,16,66,35.5,19,3,1,OFF,OFF,100,100,6.126,1.268,1,0,ON,ON,0.922,4.372,0,0,OFF,OFF,0,0,100,100,0,0.156,73,664,13,62,20.7,0.008,36.4,42,10.931,21.6,1454,96,10.7,62.44213,378457,75,21,16.7,3,0,0.492,78,35.73,43.63,37.07,95.9,21.1,1.0844,9,39,8,37.4,0,0,0
2021-09-04,20:35:25,18.59,18.25,18.59,18.25,16.58,16.25,67,67,75,0,0,0,5.16,0.0,0.0,0.0,0.0,0.0,0.0,23.6,53,0,125,ON,OFF,ON,0,34.2,30,0,13492,OFF,OFF,29.4,29.5,17.6,29.4,20.57,9.0,6.0,79.53,38.0,57.71,16,66,35.5,19,3,1,OFF,OFF,100,100,6.126,1.268,1,0,ON,ON,0.922,4.372,0,0,OFF,OFF,0,0,100,100,0,0.156,73,664,13,62,20.7,0.008,36.4,42,10.931,21.6,1454,96,10.7,62.44213,378457,75,21,16.7,3,0,0.492,78,35.73,43.63,37.07,95.9,21.1,1.0844,9,39,8,37.4,0,0,0
2021-09-04,20:35:55,18.59,18.25,18.59,18.25,16.58,16.25,67,67,75,0,0,0,5.16,0.0,0.0,0.0,0.0,0.0,0.0,23.6,53,0,125,ON,OFF,ON,0,34.2,30,0,13492,OFF,OFF,29.4,29.5,17.6,29.4,20.57,9.0,6.0,79.53,38.0,57.71,16,66,35.5,19,3,1,OFF,OFF,100,100,6.126,1.268,1,0,ON,ON,0.922,4.372,0,0,OFF,OFF,0,0,100,100,0,0.156,73,664,13,62,20.7,0.008,36.4,42,10.931,21.6,1454,96,10.7,62.44213,378457,75,21,16.7,3,0,0.492,78,35.73,43.63,37.07,95.9,21.1,1.0844,9,39,8,37.4,0,0,0
2021-09-04,20:36:25,18.59,18.25,18.59,18.25,16.58,16.25,67,67,75,0,0,0,5.16,0.0,0.0,0.0,0.0,0.0,0.0,23.6,53,0,125,ON,OFF,ON,0,34.2,30,0,13492,OFF,OFF,29.4,29.5,17.6,29.4,20.57,9.0,6.0,79.53,38.0,57.71,16,66,35.5,19,3,1,OFF,OFF,100,100,6.126,1.268,1,0,ON,ON,0.922,4.372,0,0,OFF,OFF,0,0,100,100,0,0.156,73,664,13,62,20.7,0.008,36.4,42,10.931,21.6,1454,96,10.7,62.44213,378457,75,21,16.7,3,0,0.492,78,35.73,43.63,37.07,95.9,21.1,1.0844,9,39,8,37.4,0,0,0
2021-09-04,20:36:55,18.59,18.25,18.59,18.25,16.58,16.25,67,67,75,0,0,0,5.16,0.0,0.0,0.0,0.0,0.0,0.0,23.6,53,0,125,ON,OFF,ON,0,34.2,30,0,13492,OFF,OFF,29.4,29.5,17.6,29.4,20.57,9.0,6.0,79.53,38.0,57.71,16,66,35.5,19,3,1,OFF,OFF,100,100,6.126,1.268,1,0,ON,ON,0.922,4.372,0,0,OFF,OFF,0,0,100,100,0,0.156,73,664,13,62,20.7,0.008,36.4,42,10.931,21.6,1454,96,10.7,62.44213,378457,75,21,16.7,3,0,0.492,78,35.73,43.63,37.07,95.9,21.1,1.0844,9,39,8,37.4,0,0,0
2021-09-04,20:37:25,18.59,18.25,18.59,18.25,16.58,16.25,67,67,75,0,0,0,5.16,0.0,0.0,0.0,0.0,0.0,0.0,23.6,53,0,125,ON,OFF,ON,0,34.2,30,0,13492,OFF,OFF,29.4,29.5,17.6,29.4,20.57,9.0,6.0,79.53,38.0,57.71,16,66,35.5,19,3,1,OFF,OFF,100,100,6.126,1.268,1,0,ON,ON,0.922,4.372,0,0,OFF,OFF,0,0,100,100,0,0.156,73,664,13,62,20.7,0.008,36.4,42,10.931,21.6,1454,96,10.7,62.44213,378457,75,21,16.7,3,0,0.492,78,35.73,43.63,37.07,95.9,21.1,1.0844,9,39,8,37.4,0,0,0
2021-09-04,20:37:55,18.59,18.25,18.59,18.25,16.58,16.25,67,67,75,0,0,0,5.16,0.0,0.0,0.0,0.0,0.0,0.0,23.6,53,0,125,ON,OFF,ON,0,34.2,30,0,13492,OFF,OFF,29.4,29.5,17.6,29.4,20.57,9.0,6.0,79.53,38.0,57.71,16,66,35.5,19,3,1,OFF,OFF,100,100,6.126,1.268,1,0,ON,ON,0.922,4.372,0,0,OFF,OFF,0,0,100,100,0,0.156,73,664,13,62,20.7,0.008,36.4,42,10.931,21.6,1454,96,10.7,62.44213,378457,75,21,16.7,3,0,0.492,78,35.73,43.63,37.07,95.9,21.1,1.0844,9,39,8,37.4,0,0,0
2021-09-04,20:38:25,18.59,18.25,18.59,18.25,16.58,16.25,67,67,75,0,0,0,5.16,0.0,0.0,0.0,0.0,0.0,0.0,23.6,53,0,125,ON,OFF,ON,0,34.2,30,0,13492,OFF,OFF,29.4,29.5,17.6,29.4,20.57,9.0,6.0,79.53,38.0,57.71,16,66,35.5,19,3,1,OFF,OFF,100,100,6.126,1.268,1,0,ON,ON,0.922,4.372,0,0,OFF,OFF,0,0,100,100,0,0.156,73,664,13,62,20.7,0.008,36.4,42,10.931,21.6,1454,96,10.7,62.44213,378457,75,21,16.7,3,0,0.492,78,35.73,43.63,37.07,95.9,21.1,1.0844,9,39,8,37.4,0,0,0
2021-09-04,20:38:55,18.59,18.25,18.59,18.25,16.58,16.25,67,67,75,0,0,0,5.16,0.0,0.0,0.0,0.0,0.0,0.0,23.6,53,0,125,ON,OFF,ON,0,34.2,30,0,13492,OFF,OFF,29.4,29.5,17.6,29.4,20.57,9.0,6.0,79.53,38.0,62.72,16,66,35.5,19,3,1,OFF,OFF,100,100,6.126,1.268,1,0,ON,ON,0.922,4.372,0,0,OFF,OFF,0,0,100,100,0,0.156,73,664,13,62,20.7,0.008,36.4,42,10.931,21.6,1454,96,10.7,62.44213,378457,75,21,16.7,3,0,0.492,78,35.73,43.63,37.07,95.9,21.1,1.0844,9,39,8,37.4,0,0,0
2021-09-04,20:39:25,18.59,18.25,18.59,18.25,16.58,16.25,67,67,75,0,0,0,5.16,0.0,0.0,0.0,0.0,0.0,0.0,23.6,53,0,125,ON,OFF,ON,0,34.2,30,0,13492,OFF,OFF,29.4,29.5,17.6,29.4,20.57,9.0,6.0,79.53,38.0,62.72,16,66,35.5,19,3,1,OFF,OFF,100,100,6.127,1.268,1,0,ON,ON,0.922,4.372,0,0,OFF,OFF,0,0,100,100,0,0.156,73,664,13,62,20.7,0.008,36.4,42,10.931,21.6,1454,96,10.7,62.44213,378457,75,21,16.7,3,0,0.492,78,35.73,43.63,37.07,95.9,21.1,1.0844,9,39,8,37.4,0,0,0
2021-09-04,20:39:55,18.59,18.25,18.59,18.25,16.58,16.25,67,67,75,0,0,0,5.16,0.0,0.0,0.0,0.0,0.0,0.0,23.6,53,0,125,ON,OFF,ON,0,34.2,30,0,13492,OFF,OFF,29.4,29.5,17.6,29.4,20.57,9.0,6.0,79.53,38.0,62.72,16,67,35.5,19,3,1,OFF,OFF,100,100,6.127,1.268,1,0,ON,ON,0.922,4.372,0,0,OFF,OFF,0,0,100,100,0,0.156,73,664,13,62,20.7,0.008,36.4,42,10.931,21.6,1454,96,10.7,62.44213,378457,75,21,16.7,3,0,0.492,78,35.73,43.63,37.07,95.9,21.1,1.0844,9,39,8,37.4,0,0,0
2021-09-04,20:40:25,18.59,18.25,18.59,18.25,16.58,16.25,67,67,75,0,0,0,5.16,0.0,0.0,0.0,0.0,0.0,0.0,23.6,53,0,125,ON,OFF,ON,0,34.2,30,0,13492,OFF,OFF,29.4,29.5,17.6,29.4,20.57,9.0,6.0,79.53,38.0,62.72,16,67,35.5,19,3,1,OFF,OFF,100,100,6.127,1.268,1,0,ON,ON,0.922,4.372,0,0,OFF,OFF,0,0,100,100,0,0.156,73,664,13,62,20.7,0.008,36.4,42,10.931,21.6,1454,96,10.7,62.44213,378457,75,21,16.7,3,0,0.492,78,35.73,43.63,37.07,95.9,21.1,1.0844,9,39,8,37.4,0,0,0
2021-09-04,20:40:55,18.59,18.25,18.59,18.25,16.58,16.25,67,67,75,0,0,0,5.16,0.0,0.0,0.0,0.0,0.0,0.0,23.6,53,0,125,ON,OFF,ON,0,34.2,30,0,13492,OFF,OFF,29.4,29.5,17.6,29.4,20.57,9.0,6.0,79.53,38.0,62.72,16,67,35.5,19,3,1,OFF,OFF,100,100,6.127,1.268,1,0,ON,ON,0.922,4.372,0,0,OFF,OFF,0,0,100,100,0,0.156,73,664,13,62,20.7,0.008,36.4,42,10.931,21.6,1454,96,10.7,62.44213,378457,75,21,16.7,3,0,0.492,78,35.18,43.63,37.07,95.9,21.1,1.0844,9,39,8,37.4,0,0,0
2021-09-04,20:41:25,18.59,18.25,18.59,18.25,16.58,16.25,67,67,75,0,0,0,5.16,0.0,0.0,0.0,0.0,0.0,0.0,23.6,53,0,125,ON,OFF,ON,0,34.2,30,0,13492,OFF,OFF,29.4,29.5,17.6,29.4,20.57,9.0,6.0,79.53,38.0,62.72,16,67,35,19,3,1,OFF,OFF,100,100,6.127,1.268,1,0,ON,ON,0.922,4.372,0,0,OFF,OFF,0,0,100,100,0,0.156,73,664,13,62,20.7,0.008,36.4,42,10.931,21.6,1454,96,10.7,62.44213,378457,75,21,16.7,3,0,0.492,78,35.18,43.63,37.07,95.9,21.1,1.0844,9,39,8,37.4,0,0,0
2021-09-04,20:41:57,18.59,18.25,18.59,18.25,16.58,16.25,67,67,75,0,0,0,5.16,0.0,0.0,0.0,0.0,0.0,0.0,23.6,53,0,125,ON,OFF,ON,0,34.2,30,0,13492,OFF,OFF,29.4,29.5,17.6,29.4,20.57,9.0,6.0,79.53,38.0,62.72,16,67,35,19,3,1,OFF,OFF,100,100,6.127,1.268,1,0,ON,ON,0.922,4.372,0,0,OFF,OFF,0,0,100,100,0,0.156,73,664,13,62,20.7,0.008,36.4,42,10.931,21.6,1454,96,10.7,62.44213,378457,75,21,16.7,3,0,0.492,78,35.18,43.63,37.07,95.9,21.1,1.0844,9,39,8,37.4,0,0,0
2021-09-04,20:42:27,18.59,18.25,18.59,18.25,16.58,16.25,67,67,75,0,0,0,5.16,0.0,0.0,0.0,0.0,0.0,0.0,23.6,53,0,125,ON,OFF,ON,0,34.2,30,0,13492,OFF,OFF,29.4,29.5,17.6,29.4,20.57,9.0,6.0,79.53,38.0,62.72,16,67,35,19,3,1,OFF,OFF,100,100,6.127,1.268,1,0,ON,ON,0.922,4.372,0,0,OFF,OFF,0,0,100,100,0,0.156,73,664,13,62,20.2,0.008,36.4,42,10.931,21.6,1454,96,10.7,62.44213,378457,75,21,16.7,3,0,0.492,78,35.18,43.63,37.07,95.9,21.1,1.0844,9,39,8,37.4,0,0,0
2021-09-04,20:42:57,18.59,18.25,18.59,18.25,16.58,16.25,67,67,75,0,0,0,5.16,0.0,0.0,0.0,0.0,0.0,0.0,23.6,53,0,125,ON,OFF,ON,0,34.2,30,0,13492,OFF,OFF,29.4,29.5,17.6,29.4,20.57,9.0,6.0,79.53,38.0,62.72,16,67,35,19,3,1,OFF,OFF,100,100,6.127,1.268,1,0,ON,ON,0.922,4.372,0,0,OFF,OFF,0,0,100,100,0,0.156,73,664,13,62,20.2,0.008,36.4,42,10.931,21.6,1454,96,10.7,62.44213,378457,75,21,16.7,3,0,0.492,78,35.18,43.63,37.07,95.9,21.1,1.0844,9,39,8,37.4,0,0,0
2021-09-04,20:43:43,18.59,18.25,18.59,18.25,16.58,16.25,67,67,75,0,0,0,5.16,0.0,0.0,0.0,0.0,0.0,0.0,23.6,53,0,125,ON,OFF,ON,0,34.2,30,0,13492,OFF,OFF,29.4,29.5,17.6,29.4,20.57,9.0,6.0,79.53,38.0,62.72,16,67,35,19,3,1,OFF,OFF,100,100,6.127,1.268,1,0,ON,ON,0.922,4.372,0,0,OFF,OFF,0,0,100,100,0,0.156,73,664,13,62,20.2,0.008,36.4,42,10.931,21.6,1454,96,10.7,62.44213,378457,75,21,16.7,3,0,0.492,78,35.18,43.63,37.07,95.9,21.1,1.0844,9,39,8,37.4,0,0,0
2021-09-04,20:44:13,18.59,18.25,18.59,18.25,16.58,16.25,67,67,75,0,0,0,5.16,0.0,0.0,0.0,0.0,0.0,0.0,23.6,53,0,125,ON,OFF,ON,0,34.2,30,0,13492,OFF,OFF,29.4,29.5,17.6,29.4,19.91,9.0,6.0,79.53,38.0,62.72,16,67,35,19,3,1,OFF,OFF,100,100,6.127,1.268,1,0,ON,ON,0.922,4.372,0,0,OFF,OFF,0,0,100,100,0,0.156,73,664,13,62,20.2,0.008,36.4,42,10.931,21.6,1454,96,10.7,62.44213,378457,75,21,16.7,3,0,0.492,78,35.18,43.63,37.07,95.9,21.1,1.0844,9,39,8,37.4,0,0,0
2021-09-04,20:44:44,18.59,18.25,18.59,18.25,16.58,16.25,67,67,75,0,0,0,5.16,0.0,0.0,0.0,0.0,0.0,0.0,23.6,53,0,125,ON,OFF,ON,0,34.2,30,0,13492,OFF,OFF,29.4,29.5,17.6,29.4,19.91,9.0,6.0,79.53,38.0,62.72,16,67,35,19,3,1,OFF,OFF,100,100,6.127,1.268,1,0,ON,ON,0.922,4.372,0,0,OFF,OFF,0,0,100,100,0,0.156,73,664,13,62,20.2,0.008,36.4,42,10.931,21.6,1454,96,10.7,62.44213,378457,75,21,16.7,3,0,0.492,78,35.18,43.63,37.07,95.9,21.1,1.0844,9,39,8,37.4,0,0,0
2021-09-04,20:45:14,18.59,18.25,18.59,18.25,16.58,16.25,67,67,75,0,0,0,5.16,0.0,0.0,0.0,0.0,0.0,0.0,23.6,53,0,125,ON,OFF,ON,0,34.2,30,0,13492,OFF,OFF,29.4,29.5,17.16,29.4,19.91,9.0,6.0,80.37,38.0,62.72,16,67,35,19,3,1,OFF,OFF,100,100,6.127,1.268,1,0,ON,ON,0.922,4.372,0,0,OFF,OFF,0,0,100,100,0,0.156,73,664,13,62,20.2,0.008,36.4,42,10.931,21.6,1454,96,10.7,62.44213,378457,75,21,16.7,3,0,0.492,78,35.18,43.63,37.07,95.9,21.1,1.0844,9,39,8,37.4,0,0,0
2021-09-04,20:45:44,18.59,18.25,18.59,18.25,16.58,16.25,67,67,75,0,0,0,5.16,0.0,0.0,0.0,0.0,0.0,0.0,23.6,53,0,125,ON,OFF,ON,0,34.2,30,0,13492,OFF,OFF,29.4,29.5,17.16,29.4,19.91,9.0,6.0,80.37,38.0,62.72,16,67,35,19,3,1,OFF,OFF,100,100,6.127,1.268,1,0,ON,ON,0.922,4.372,0,0,OFF,OFF,0,0,100,100,0,0.156,73,664,13,62,20.2,0.008,36.4,42,10.931,21.6,1454,96,10.7,62.44213,378457,75,21,16.7,3,0,0.492,78,35.18,43.63,37.07,95.9,21.1,1.0844,9,39,8,37.4,0,0,0
2021-09-04,20:46:14,18.59,18.25,18.59,18.25,16.58,16.25,67,67,75,0,0,0,5.16,0.0,0.0,0.0,0.0,0.0,0.0,23.6,53,0,125,ON,OFF,ON,0,34.2,30,0,13492,OFF,OFF,29.4,29.5,17.16,29.4,19.91,9.0,6.0,80.37,38.0,62.72,16,67,35,19,3,1,OFF,OFF,100,100,6.127,1.268,1,0,ON,ON,0.922,4.372,0,0,OFF,OFF,0,0,100,100,0,0.156,73,664,13,62,20.2,0.008,36.4,42,10.931,21.6,1454,96,10.7,62.44213,378457,75,21,16.7,3,0,0.492,78,35.18,43.63,37.07,95.9,21.1,1.0844,9,39,8,37.4,0,0,0
2021-09-04,20:46:44,18.59,18.25,18.59,18.25,16.58,16.25,67,67,75,0,0,0,5.16,0.0,0.0,0.0,0.0,0.0,0.0,23.6,53,0,125,ON,OFF,ON,0,34.2,30,0,13492,OFF,OFF,29.4,29.5,17.16,29.4,19.91,9.0,6.0,80.37,38.0,62.72,16,67,35,19,3,1,OFF,OFF,100,100,6.127,1.268,1,0,ON,ON,0.922,4.372,0,0,OFF,OFF,0,0,100,100,0,0.156,73,664,13,62,20.2,0.008,36.4,42,10.931,21.6,1454,96,10.7,62.44213,378457,75,21,16.7,3,0,0.492,78,35.18,43.63,37.07,95.9,21.1,1.0844,9,39,8,37.4,0,0,0
2021-09-04,20:47:14,18.59,18.25,18.59,18.25,16.58,16.25,67,67,75,0,0,0,5.16,0.0,0.0,0.0,0.0,0.0,0.0,23.6,53,0,125,ON,OFF,ON,0,34.2,30,0,13492,OFF,OFF,29.4,29.5,17.16,29.4,19.91,9.0,6.0,80.37,38.0,62.72,16,67,35,19,3,1,OFF,OFF,100,100,6.127,1.268,1,0,ON,ON,0.922,4.372,0,0,OFF,OFF,0,0,100,100,0,0.156,73,664,13,62,20.2,0.008,36.4,42,10.931,21.6,1454,96,10.7,62.44213,378457,75,21,16.7,3,0,0.492,78,35.18,43.63,37.07,95.9,21.1,1.0844,9,39,8,37.4,0,0,0
2021-09-04,20:47:44,18.59,18.25,18.59,18.25,16.58,16.25,67,67,75,0,0,0,5.16,0.0,0.0,0.0,0.0,0.0,0.0,23.6,53,0,125,ON,OFF,ON,0,34.2,30,0,13492,OFF,OFF,29.4,29.5,17.16,29.4,19.91,9.0,6.0,80.37,38.0,62.72,16,67,35,19,3,1,OFF,OFF,100,100,6.127,1.268,1,0,ON,ON,0.922,4.372,0,0,OFF,OFF,0,0,100,100,0,0.156,73,664,13,62,20.2,0.008,36.4,42,10.931,21.6,1454,96,10.7,62.44213,378457,75,21,16.7,3,0,0.492,78,35.18,43.63,37.07,95.9,21.1,1.0844,9,39,8,37.4,0,0,0
2021-09-04,20:48:14,18.59,18.25,18.59,18.25,16.58,16.25,67,67,75,0,0,0,5.16,0.0,0.0,0.0,0.0,0.0,0.0,23.6,53,0,125,ON,OFF,ON,0,34.2,30,0,13492,OFF,OFF,29.4,29.5,17.16,29.4,19.91,9.0,6.0,80.37,38.0,62.72,16,67,35,19,3,1,OFF,OFF,100,100,6.127,1.268,1,0,ON,ON,0.922,4.372,0,0,OFF,OFF,0,0,100,100,0,0.156,73,664,13,62,20.2,0.008,36.4,42,10.931,21.6,1454,96,10.7,62.44213,378457,75,21,16.7,3,0,0.492,78,35.18,43.63,37.07,95.9,21.1,1.0844,9,39,8,37.4,0,0,0
2021-09-04,20:48:44,18.59,18.25,18.59,18.25,16.58,16.25,67,67,75,0,0,0,5.16,0.0,0.0,0.0,0.0,0.0,0.0,23.6,53,0,125,ON,OFF,ON,0,34.2,30,0,13492,OFF,OFF,29.4,29.5,17.16,29.4,19.91,9.0,6.0,80.37,38.0,62.72,16,67,35,19,3,1,OFF,OFF,100,100,6.127,1.268,1,0,ON,ON,0.922,4.372,0,0,OFF,OFF,0,0,100,100,0,0.156,73,664,13,62,20.2,0.008,36.4,42,10.931,21.6,1454,96,10.7,62.44213,378457,75,21,16.7,3,0,0.492,78,35.18,43.63,37.07,95.9,21.1,1.0844,9,39,8,37.4,0,0,0
2021-09-04,20:49:14,18.59,18.25,18.59,18.25,16.58,16.25,67,67,75,0,0,0,5.16,0.0,0.0,0.0,0.0,0.0,0.0,23.6,53,0,125,ON,OFF,ON,0,34.2,30,0,13492,OFF,OFF,29.4,29.5,17.16,29.4,19.91,9.0,6.0,80.37,38.0,62.72,16,67,35,19,3,1,OFF,OFF,100,100,6.127,1.268,1,0,ON,ON,0.922,4.372,0,0,OFF,OFF,0,0,100,100,0,0.156,73,664,13,62,20.2,0.008,36.4,42,10.931,21.6,1454,96,10.7,62.44213,378457,75,21,16.7,3,0,0.492,78,35.18,43.63,37.07,95.9,21.1,1.0844,9,39,8,37.4,0,0,0
2021-09-04,20:49:44,18.59,18.25,18.59,18.25,16.58,16.25,67,67,75,0,0,0,5.16,0.0,0.0,0.0,0.0,0.0,0.0,23.6,53,0,125,ON,OFF,ON,0,34.2,30,0,13492,OFF,OFF,29.4,29.5,17.16,29.4,19.91,9.0,6.0,80.37,38.0,62.72,16,67,35,19,3,1,OFF,OFF,100,100,6.127,1.268,1,0,ON,ON,0.922,4.372,0,0,OFF,OFF,0,0,100,100,0,0.156,73,664,13,62,20.2,0.008,36.4,42,10.931,21.6,1454,96,10.7,62.44213,378457,75,21,16.7,3,0,0.492,78,35.18,43.63,37.07,95.9,21.1,1.0844,9,39,8,37.4,0,0,0
2021-09-04,20:50:13,18.59,18.25,18.59,18.25,16.58,16.25,67,67,75,0,0,0,5.16,0.0,0.0,0.0,0.0,0.0,0.0,23.6,53,0,125,ON,OFF,ON,0,34.2,30,0,13492,OFF,OFF,29.4,29.5,17.16,29.4,19.91,9.0,6.0,80.37,38.0,62.72,16,67,35,19,3,1,OFF,OFF,100,100,6.127,1.268,1,0,ON,ON,0.922,4.372,0,0,OFF,OFF,0,0,100,100,0,0.156,73,664,13,62,20.2,0.008,36.4,42,10.931,21.6,1454,96,10.7,62.44213,378457,75,21,16.7,3,0,0.492,78,35.18,43.63,37.07,95.9,21.1,1.0844,9,39,8,37.4,0,0,0
2021-09-04,20:50:43,18.59,18.25,18.59,18.25,16.58,16.25,67,67,75,0,0,0,5.16,0.0,0.0,0.0,0.0,0.0,0.0,23.6,53,0,125,ON,OFF,ON,0,34.2,30,0,13492,OFF,OFF,29.4,29.5,17.16,29.4,19.91,9.0,6.0,80.37,38.0,62.72,16,67,35,19,3,1,OFF,OFF,100,100,6.127,1.268,1,0,ON,ON,0.922,4.372,0,0,OFF,OFF,0,0,100,100,0,0.156,73,664,13,62,20.2,0.008,36.4,42,10.931,21.6,1454,96,10.7,62.44213,378457,75,21,16.7,3,0,0.492,78,35.18,43.63,37.07,95.9,21.1,1.0844,9,39,8,37.4,0,0,0
2021-09-04,20:51:13,18.59,18.25,18.59,18.25,16.58,16.25,67,67,75,0,0,0,5.16,0.0,0.0,0.0,0.0,0.0,0.0,23.6,53,0,125,ON,OFF,ON,0,34.2,30,0,13492,OFF,OFF,29.4,29.5,16.94,29.4,19.91,9.0,6.0,80.37,38.0,62.72,16,67,35,19,3,1,OFF,OFF,100,100,6.127,1.268,1,0,ON,ON,0.922,4.372,0,0,OFF,OFF,0,0,100,100,0,0.156,73,664,13,62,20.2,0.008,36.4,42,10.931,21.6,1454,96,10.7,62.44213,378457,75,21,16.7,3,0,0.492,78,35.18,43.63,36.55,95.9,21.1,1.0844,9,39,8,37.4,0,0,0
2021-09-04,20:51:43,18.59,18.25,18.59,18.25,16.58,16.25,67,67,75,0,0,0,5.16,0.0,0.0,0.0,0.0,0.0,0.0,23.6,53,0,125,ON,OFF,ON,0,34.2,30,0,13492,OFF,OFF,29.4,29.5,16.94,29.4,19.91,9.0,6.0,80.37,38.0,62.72,15,68,35,18.5,3,1,OFF,OFF,100,100,6.127,1.268,1,0,ON,ON,0.922,4.372,0,0,OFF,OFF,0,0,100,100,0,0.156,73,664,13,62,20.2,0.008,36.4,42,10.931,21.6,1454,96,10.7,62.44213,378457,75,21,16.7,3,0,0.492,78,35.18,43.63,36.55,95.9,21.1,1.0844,9,39,8,37.4,0,0,0
2021-09-04,20:52:13,18.59,18.25,18.59,18.25,16.58,16.25,67,67,75,0,0,0,5.16,0.0,0.0,0.0,0.0,0.0,0.0,23.6,53,0,125,ON,OFF,ON,0,34.2,30,0,13492,OFF,OFF,29.4,29.5,16.94,29.4,19.91,9.0,6.0,80.37,38.0,62.72,15,68,35,18.5,3,1,OFF,OFF,100,100,6.127,1.268,1,0,ON,ON,0.922,4.372,0,0,OFF,OFF,0,0,100,100,0,0.156,73,664,13,62,20.2,0.008,36.4,42,10.931,21.6,1454,96,10.7,62.44213,378457,75,21,16.7,3,0,0.492,78,35.18,43.63,36.55,95.9,21.1,1.0844,9,39,8,37.4,0,0,0
2021-09-04,20:52:43,18.59,18.25,18.59,18.25,16.58,16.25,67,67,75,0,0,0,5.16,0.0,0.0,0.0,0.0,0.0,0.0,23.6,53,0,125,ON,OFF,ON,0,34.2,30,0,13492,OFF,OFF,29.4,29.5,16.94,29.4,19.91,9.0,6.0,80.37,38.0,62.72,15,68,35,18.5,3,1,OFF,OFF,100,100,6.127,1.268,1,0,ON,ON,0.922,4.372,0,0,OFF,OFF,0,0,100,100,0,0.156,73,664,13,62,20.2,0.008,36.4,42,10.931,21.6,1404,96,10.7,62.44213,378457,75,21,16.7,3,0,0.492,78,35.18,43.63,36.55,95.9,21.1,1.0844,9,39,8,37.4,0,0,0
2021-09-04,20:53:13,18.59,18.25,18.59,18.25,16.58,16.25,67,67,75,0,0,0,5.16,0.0,0.0,0.0,0.0,0.0,0.0,23.6,53,0,125,ON,OFF,ON,0,34.2,30,0,13492,OFF,OFF,29.4,29.5,16.94,29.4,19.91,9.0,6.0,80.37,38.0,62.72,15,68,35,18.5,3,1,OFF,OFF,100,100,6.127,1.268,1,0,ON,ON,0.922,4.372,0,0,OFF,OFF,0,0,100,100,0,0.156,73,664,13,62,20.2,0.008,36.4,42,10.931,21.6,1404,96,10.7,62.44213,378457,75,21,16.7,3,0,0.492,78,35.18,43.63,36.55,95.9,21.1,1.0844,9,39,8,37.4,0,0,0
2021-09-04,20:53:43,18.59,18.25,18.59,18.25,16.58,16.25,67,67,75,0,0,0,5.16,0.0,0.0,0.0,0.0,0.0,0.0,23.6,53,0,125,ON,OFF,ON,0,34.2,30,0,13492,OFF,OFF,29.4,29.5,16.94,29.4,19.91,9.0,6.0,80.37,38.0,62.72,15,68,35,18.5,3,1,OFF,OFF,100,100,6.127,1.268,1,0,ON,ON,0.922,4.372,0,0,OFF,OFF,0,0,100,100,0,0.156,73,664,13,62,20.2,0.008,36.4,42,10.402,21.6,1404,96,10.7,62.44213,378457,75,21,16.7,3,0,0.492,78,35.18,43.63,36.55,95.9,21.1,1.0844,9,39,8,37.4,0,0,0
2021-09-04,20:54:13,18.59,18.25,18.59,18.25,16.58,16.25,67,67,75,0,0,0,5.16,0.0,0.0,0.0,0.0,0.0,0.0,23.6,53,0,125,ON,OFF,ON,0,34.2,30,0,13492,OFF,OFF,29.4,29.5,16.94,29.4,19.91,9.0,6.0,80.37,38.0,62.72,15,68,34.5,18.5,3,1,OFF,OFF,100,100,6.127,1.268,1,0,ON,ON,0.922,4.372,0,0,OFF,OFF,0,0,100,100,0,0.156,73,664,13,62,20.2,0.008,36.4,42,10.402,21.6,1404,96,10.7,62.44213,378457,75,21,16.7,3,0,0.492,78,35.18,43.63,36.55,95.9,21.1,1.0844,9,39,8,37.4,0,0,0
2021-09-04,20:54:43,18.59,18.25,18.59,18.25,16.58,16.25,67,67,75,0,0,0,5.16,0.0,0.0,0.0,0.0,0.0,0.0,23.6,53,0,125,ON,OFF,ON,0,34.2,30,0,13492,OFF,OFF,29.4,29.5,16.94,29.4,19.91,9.0,6.0,80.37,38.0,62.72,15,68,34.5,18.5,3,1,OFF,OFF,100,100,6.127,1.268,1,0,ON,ON,0.922,4.372,0,0,OFF,OFF,0,0,100,100,0,0.156,73,664,13,62,20.2,0.008,35.9,42,10.402,21.6,1404,96,10.7,62.44213,378457,75,21,16.7,3,0,0.492,78,35.18,43.63,36.55,95.9,21.1,1.0844,9,39,8,37.4,0,0,0
2021-09-04,20:55:13,18.59,18.25,18.59,18.25,16.58,16.25,67,67,75,0,0,0,5.16,0.0,0.0,0.0,0.0,0.0,0.0,23.6,53,0,125,ON,OFF,ON,0,34.2,30,0,13492,OFF,OFF,29.4,29.5,16.94,29.4,19.91,9.0,6.0,80.37,38.0,62.72,15,68,34.5,18.5,3,1,OFF,OFF,100,100,6.127,1.268,1,0,ON,ON,0.922,4.372,0,0,OFF,OFF,0,0,100,100,0,0.156,73,664,13,62,20.2,0.008,35.9,42,10.402,21.6,1404,96,10.7,62.44213,378457,75,21,16.7,3,0,0.492,78,35.18,43.63,36.55,95.9,21.1,1.0844,9,39,8,37.4,0,0,0
2021-09-04,20:55:43,18.59,18.25,18.59,18.25,16.58,16.25,67,67,75,0,0,0,5.16,0.0,0.0,0.0,0.0,0.0,0.0,23.6,53,0,125,ON,OFF,ON,0,34.2,30,0,13492,OFF,OFF,29.4,29.5,16.94,29.4,19.91,9.0,6.0,80.37,38.0,62.72,15,68,34.5,18.5,3,1,OFF,OFF,100,100,6.127,1.268,1,0,ON,ON,0.922,4.372,0,0,OFF,OFF,0,0,100,100,0,0.156,73,664,13,62,20.2,0.008,35.9,42,10.402,21.6,1404,96,10.7,62.44213,378457,75,21,16.7,3,0,0.492,78,35.18,43.63,36.55,95.9,21.1,1.0844,9,39,8,37.4,0,0,0
2021-09-04,20:56:13,18.59,18.25,18.59,18.25,16.58,16.25,67,67,75,0,0,0,5.16,0.0,0.0,0.0,0.0,0.0,0.0,23.6,53,0,125,ON,OFF,ON,0,34.2,30,0,13492,OFF,OFF,29.4,29.5,16.94,29.4,19.91,9.0,6.0,80.37,38.0,62.72,15,68,34.5,18.5,3,1,OFF,OFF,100,100,6.127,1.268,1,0,ON,ON,0.922,4.372,0,0,OFF,OFF,0,0,100,100,0,0.156,73,664,13,62,20.2,0.008,35.9,42,10.402,21.6,1404,96,10.7,62.44213,378457,75,21,16.7,3,0,0.492,78,35.18,43.63,36.55,95.9,21.1,1.0844,9,39,8,37.4,0,0,0
2021-09-04,20:56:43,18.59,18.25,18.59,18.25,16.58,16.25,67,67,75,0,0,0,5.16,0.0,0.0,0.0,0.0,0.0,0.0,23.6,53,0,125,ON,OFF,ON,0,34.2,30,0,13492,OFF,OFF,29.4,29.5,16.94,29.4,19.91,9.0,6.0,80.37,38.0,62.72,15,68,34.5,18.5,3,1,OFF,OFF,100,100,6.127,1.268,1,0,ON,ON,0.922,4.372,0,0,OFF,OFF,0,0,100,100,0,0.156,73,664,13,62,20.2,0.008,35.9,42,10.402,21.6,1404,96,10.7,62.44213,378457,75,21,16.7,3,0,0.492,78,35.18,43.63,36.55,95.9,21.1,1.0844,9,39,8,37.4,0,0,0
2021-09-04,20:57:13,18.59,18.25,18.59,18.25,16.58,16.25,67,67,75,0,0,0,5.16,0.0,0.0,0.0,0.0,0.0,0.0,23.6,53,0,125,ON,OFF,ON,0,34.2,30,0,13492,OFF,OFF,29.4,29.5,16.94,29.4,19.91,9.0,6.0,80.37,38.0,62.72,15,68,34.5,18.5,3,1,OFF,OFF,100,100,6.127,1.268,1,0,ON,ON,0.922,4.372,0,0,OFF,OFF,0,0,100,100,0,0.156,73,664,13,62,20.2,0.008,35.9,42,10.402,21.6,1404,96,10.7,62.44213,378457,75,21,16.7,3,0,0.492,78,35.18,43.63,36.55,95.9,21.1,1.0844,9,39,8,37.4,0,0,0
2021-09-04,20:57:43,18.59,18.25,18.59,18.25,16.58,16.25,67,67,75,0,0,0,5.16,0.0,0.0,0.0,0.0,0.0,0.0,23.6,53,0,125,ON,OFF,ON,0,34.2,30,0,13492,OFF,OFF,29.4,29.5,16.94,29.4,19.91,9.0,6.0,80.37,38.0,62.72,15,68,34.5,18.5,3,1,OFF,OFF,100,100,6.127,1.268,1,0,ON,ON,0.922,4.372,0,0,OFF,OFF,0,0,100,100,0,0.156,73,664,13,63,20.1,0.008,35.9,42,10.548,21,1406,96,10.7,62.44213,378457,75,21,16.7,3,0,0.492,78,35.18,43.63,36.55,95.9,21.1,1.0844,9,39,8,37.4,0,0,0
2021-09-04,20:58:13,18.59,18.25,18.59,18.25,16.58,16.25,67,67,75,0,0,0,5.16,0.0,0.0,0.0,0.0,0.0,0.0,23.6,53,0,125,ON,OFF,ON,0,34.2,30,0,13492,OFF,OFF,29.4,29.5,16.94,29.4,19.91,9.0,6.0,80.37,38.0,62.72,15,68,34.5,18.5,3,1,OFF,OFF,100,100,6.127,1.268,1,0,ON,ON,0.922,4.372,0,0,OFF,OFF,0,0,100,100,0,0.156,73,664,13,63,20.1,0.008,35.9,42,10.548,21,1406,96,10.7,62.44213,378457,75,21,16.7,3,0,0.492,78,35.18,43.63,36.55,95.9,21.1,1.0844,9,39,8,37.4,0,0,0
2021-09-04,20:59:01,18.59,18.25,18.59,18.25,16.58,16.25,67,67,75,0,0,0,5.16,0.0,0.0,0.0,0.0,0.0,0.0,23.6,53,0,125,ON,OFF,ON,0,34.2,30,0,13492,OFF,OFF,29.4,29.5,16.94,29.4,19.91,9.0,6.0,80.37,38.0,62.72,15,68,34.5,18.5,3,1,OFF,OFF,100,100,6.127,1.268,1,0,ON,ON,0.922,4.372,0,0,OFF,OFF,0,0,100,100,0,0.156,73,664,13,63,20.1,0.008,35.9,42,10.548,21,1406,96,10.7,62.44213,378457,75,21,16.7,3,0,0.492,78,35.18,43.12,36.55,95.9,21.1,1.0844,9,39,8,37.4,0,0,0
2021-09-04,20:59:31,18.59,18.25,18.59,18.25,16.58,16.25,67,67,75,0,0,0,5.16,0.0,0.0,0.0,0.0,0.0,0.0,23.6,53,0,125,ON,OFF,ON,0,34.2,30,0,13492,OFF,OFF,29.4,29.5,16.94,29.4,19.91,9.0,6.0,80.37,38.0,62.72,15,68,34.5,18.5,3,1,OFF,OFF,100,100,6.127,1.268,1,0,ON,ON,0.922,4.372,0,0,OFF,OFF,0,0,100,100,0,0.156,73,664,13,63,20.1,0.008,35.9,42,10.548,21,1406,96,10.7,62.44213,378457,75,21,16.7,3,0,0.492,78,35.18,43.12,36.55,95.9,21.1,1.0844,9,39,8,37.4,0,0,0
2021-09-04,21:00:01,18.59,18.25,18.59,18.25,16.58,16.25,67,67,75,0,0,0,5.16,0.0,0.0,0.0,0.0,0.0,0.0,23.6,53,0,125,ON,OFF,ON,0,34.2,30,0,13492,OFF,OFF,29.4,29.5,16.94,29.4,19.91,9.0,6.0,80.37,38.0,62.72,15,68,34.5,18.5,3,1,OFF,OFF,100,100,6.127,1.268,1,0,ON,ON,0.922,4.372,0,0,OFF,OFF,0,0,100,100,0,0.156,73,664,13,63,20.1,0.008,35.9,42,10.548,21,1406,96,10.7,62.44213,378457,75,21,16.7,3,0,0.492,78,35.18,43.12,36.55,95.9,21.1,1.0844,9,39,8,37.4,0,0,0
2021-09-04,21:00:32,18.59,18.25,18.59,18.25,16.58,16.25,67,67,75,0,0,0,5.16,0.0,0.0,0.0,0.0,0.0,0.0,23.6,53,0,125,ON,OFF,ON,0,34.2,30,0,13492,OFF,OFF,29.4,29.5,16.94,29.4,19.91,9.0,6.0,80.37,38.0,62.72,15,68,34.5,18.5,3,1,OFF,OFF,100,100,6.127,1.268,1,0,ON,ON,0.922,4.372,0,0,OFF,OFF,0,0,100,100,0,0.156,73,664,13,63,20.1,0.008,35.9,42,10.548,21,1406,96,10.7,62.44213,378457,75,21,16.7,3,0,0.492,78,35.18,43.12,36.55,95.9,21.1,1.0844,9,39,8,37.4,0,0,0
2021-09-04,21:01:02,18.59,18.25,18.59,18.25,16.58,16.25,67,67,75,0,0,0,5.16,0.0,0.0,0.0,0.0,0.0,0.0,23.6,53,0,125,ON,OFF,ON,0,34.2,30,0,13492,OFF,OFF,29.4,29.5,16.94,29.4,19.91,9.0,6.0,80.37,38.0,62.72,15,68,34.5,18.5,3,1,OFF,OFF,100,100,6.127,1.268,1,0,ON,ON,0.922,4.372,0,0,OFF,OFF,0,0,100,100,0,0.156,73,664,13,63,20.1,0.008,35.9,42,10.548,21,1406,96,10.7,62.44213,378457,75,21,16.7,3,0,0.492,78,35.18,43.12,36.55,95.9,21.1,1.0844,9,39,8,37.4,0,0,0
2021-09-04,21:01:31,18.59,18.25,18.59,18.25,16.58,16.25,67,67,75,0,0,0,5.16,0.0,0.0,0.0,0.0,0.0,0.0,23.6,53,0,125,ON,OFF,ON,0,34.2,30,0,13492,OFF,OFF,29.4,29.5,16.94,29.4,19.25,9.0,6.0,80.37,38.0,62.72,15,69,34.5,18.5,3,1,OFF,OFF,100,100,6.127,1.268,1,0,ON,ON,0.922,4.372,0,0,OFF,OFF,0,0,100,100,0,0.156,73,664,13,63,20.1,0.008,35.9,42,10.548,21,1406,96,10.7,62.44213,378457,75,21,16.7,3,0,0.492,78,35.18,43.12,36.55,95.9,21.1,1.0844,9,39,8,37.4,0,0,0
2021-09-04,21:02:01,18.59,18.25,18.59,18.25,16.58,16.25,67,67,75,0,0,0,5.16,0.0,0.0,0.0,0.0,0.0,0.0,23.6,53,0,125,ON,OFF,ON,0,34.2,30,0,13492,OFF,OFF,29.4,29.5,16.94,29.4,19.25,9.0,6.0,80.37,38.0,62.72,15,69,34.5,18.5,3,1,OFF,OFF,100,100,6.127,1.268,1,0,ON,ON,0.922,4.372,0,0,OFF,OFF,0,0,100,100,0,0.156,73,664,13,63,20.1,0.008,35.9,42,10.548,21,1406,96,10.7,62.44213,378457,75,21,16.7,3,0,0.492,78,35.18,43.12,36.55,95.9,21.1,1.0844,9,39,8,37.4,0,0,0
2021-09-04,21:02:31,18.59,18.25,18.59,18.25,16.58,16.25,67,67,75,0,0,0,5.16,0.0,0.0,0.0,0.0,0.0,0.0,23.6,53,0,125,ON,OFF,ON,0,34.2,30,0,13492,OFF,OFF,29.4,29.5,16.94,29.4,19.25,9.0,6.0,80.37,38.0,62.72,15,69,34.5,18.5,3,1,OFF,OFF,100,100,6.127,1.268,1,0,ON,ON,0.922,4.372,0,0,OFF,OFF,0,0,100,100,0,0.156,73,664,13,63,20.1,0.008,35.9,42,10.548,21,1406,96,10.7,62.44213,378457,75,21,16.7,3,0,0.492,78,35.18,43.12,36.55,95.9,21.1,1.0844,9,39,8,37.4,0,0,0
2021-09-04,21:03:01,18.59,18.25,18.59,18.25,16.58,16.25,67,67,75,0,0,0,5.16,0.0,0.0,0.0,0.0,0.0,0.0,23.6,53,0,125,ON,OFF,ON,0,34.2,30,0,13492,OFF,OFF,29.4,29.5,16.94,29.4,19.25,9.0,6.0,80.37,38.0,62.72,15,69,34.5,18.5,3,1,OFF,OFF,100,100,6.127,1.268,1,0,ON,ON,0.922,4.372,0,0,OFF,OFF,0,0,100,100,0,0.156,73,664,13,63,20.1,0.008,35.9,42,10.548,21,1406,96,10.7,62.44213,378457,75,21,16.7,3,0,0.492,78,35.18,43.12,36.55,95.9,21.1,1.0844,9,39,8,37.4,0,0,0
2021-09-04,21:03:31,18.59,18.25,18.59,18.25,16.58,16.25,67,67,75,0,0,0,5.16,0.0,0.0,0.0,0.0,0.0,0.0,23.6,53,0,125,ON,OFF,ON,0,34.2,30,0,13492,OFF,OFF,29.4,29.5,16.94,29.4,19.25,9.0,6.0,80.37,38.0,62.72,15,69,34.5,18.5,3,1,OFF,OFF,100,100,6.127,1.268,1,0,ON,ON,0.922,4.372,0,0,OFF,OFF,0,0,100,100,0,0.156,73,664,13,63,20.1,0.008,35.9,42,10.548,21,1406,96,10.7,62.44213,378457,75,21,16.7,3,0,0.492,78,35.18,43.12,36.55,95.9,21.1,1.0844,9,39,8,37.4,0,0,0
2021-09-04,21:04:01,18.59,18.25,18.59,18.25,16.58,16.25,67,67,75,0,0,0,5.16,0.0,0.0,0.0,0.0,0.0,0.0,23.6,53,0,125,ON,OFF,ON,0,34.2,30,0,13492,OFF,OFF,29.4,29.5,16.94,29.4,19.25,9.0,6.0,80.37,38.0,62.72,15,69,34.5,18.5,3,1,OFF,OFF,100,100,6.127,1.268,1,0,ON,ON,0.922,4.372,0,0,OFF,OFF,0,0,100,100,0,0.156,73,664,13,63,20.1,0.008,35.9,42,10.548,21,1406,96,10.7,62.44213,378457,75,21,16.7,3,0,0.492,78,35.18,43.12,36.55,95.9,21.1,1.0844,9,39,8,37.4,0,0,0
2021-09-04,21:04:31,18.59,18.25,18.59,18.25,16.58,16.25,67,67,75,0,0,0,5.16,0.0,0.0,0.0,0.0,0.0,0.0,23.6,53,0,125,ON,OFF,ON,0,34.2,30,0,13492,OFF,OFF,29.4,29.5,16.94,29.4,19.25,9.0,6.0,80.37,38.0,62.72,15,69,34.5,18.5,3,1,OFF,OFF,100,100,6.127,1.268,1,0,ON,ON,0.922,4.372,0,0,OFF,OFF,0,0,100,100,0,0.156,73,664,13,63,20.1,0.008,35.9,42,10.548,21,1406,96,10.7,62.44213,378457,75,21,16.7,3,0,0.492,78,35.18,43.12,36.55,95.9,21.1,1.0844,9,39,8,37.4,0,0,0
2021-09-04,21:05:01,18.59,18.25,18.59,18.25,16.58,16.25,67,67,75,0,0,0,5.16,0.0,0.0,0.0,0.0,0.0,0.0,23.6,53,0,125,ON,OFF,ON,0,34.2,30,0,13492,OFF,OFF,29.4,29.5,16.94,29.4,19.25,9.0,6.0,80.37,38.0,62.72,15,69,34.5,18.5,3,1,OFF,OFF,100,100,6.127,1.268,1,0,ON,ON,0.922,4.372,0,0,OFF,OFF,0,0,100,100,0,0.156,73,664,13,63,20.1,0.008,35.9,42,10.548,21,1406,96,10.7,62.44213,378457,75,21,16.7,3,0,0.492,78,35.18,43.12,36.55,95.9,21.1,1.0844,9,39,8,37.4,0,0,0
2021-09-04,21:05:33,18.59,18.25,18.59,18.25,16.58,16.25,67,67,75,0,0,0,5.16,0.0,0.0,0.0,0.0,0.0,0.0,23.6,53,0,125,ON,OFF,ON,0,34.2,30,0,13492,OFF,OFF,29.4,29.5,16.94,29.4,19.25,9.0,6.0,80.37,38.0,62.72,15,69,34.5,18.5,3,1,OFF,OFF,100,100,6.127,1.268,1,0,ON,ON,0.922,4.372,0,0,OFF,OFF,0,0,100,100,0,0.156,73,664,13,63,20.1,0.008,35.9,42,10.548,21,1406,96,10.7,62.44213,378457,75,21,16.7,3,0,0.492,78,35.18,43.12,36.55,95.9,21.1,1.0844,9,39,8,37.4,0,0,0
2021-09-04,21:06:03,18.59,18.25,18.59,18.25,16.58,16.25,67,67,75,0,0,0,5.16,0.0,0.0,0.0,0.0,0.0,0.0,23.6,53,0,125,ON,OFF,ON,0,34.2,30,0,13492,OFF,OFF,29.4,29.5,16.94,29.4,19.25,9.0,6.0,80.37,38.0,62.72,15,69,34.5,18.5,3,1,OFF,OFF,100,100,6.127,1.268,1,0,ON,ON,0.922,4.372,0,0,OFF,OFF,0,0,100,100,0,0.156,73,664,13,63,20.1,0.008,35.9,42,10.548,21,1406,96,10.7,62.44213,378457,75,21,16.7,3,0,0.492,78,35.18,43.12,36.55,95.9,21.1,1.0844,9,39,8,37.4,0,0,0
2021-09-04,21:06:33,18.59,18.25,18.59,18.25,16.58,16.25,67,67,75,0,0,0,5.16,0.0,0.0,0.0,0.0,0.0,0.0,23.6,53,0,125,ON,OFF,ON,0,34.2,30,0,13492,OFF,OFF,29.4,29.5,16.94,29.4,19.25,9.0,6.0,80.37,38.0,62.72,15,69,34.5,18.5,3,1,OFF,OFF,100,100,6.127,1.268,1,0,ON,ON,0.922,4.372,0,0,OFF,OFF,0,0,100,100,0,0.156,73,664,13,63,20.1,0.008,35.9,42,10.548,21,1406,96,10.7,62.44213,378457,75,21,16.7,3,0,0.492,78,35.18,43.12,36.55,95.9,21.1,1.0844,9,39,8,37.4,0,0,0
2021-09-04,21:07:03,18.59,18.25,18.59,18.25,16.58,16.25,67,67,75,0,0,0,5.16,0.0,0.0,0.0,0.0,0.0,0.0,23.6,53,0,125,ON,OFF,ON,0,34.2,30,0,13492,OFF,OFF,29.4,29.5,16.94,29.4,19.25,9.0,6.0,80.37,38.0,62.72,15,69,34,18.5,3,1,OFF,OFF,100,100,6.127,1.268,1,0,ON,ON,0.922,4.372,0,0,OFF,OFF,0,0,100,100,0,0.156,73,664,13,63,20.1,0.008,35.9,42,10.548,21,1406,96,10.7,62.44213,378457,75,21,16.7,3,0,0.492,78,35.18,43.12,36.55,95.9,21.1,1.0844,9,39,8,37.4,0,0,0
2021-09-04,21:07:33,18.59,18.25,18.59,18.25,16.58,16.25,67,67,75,0,0,0,5.16,0.0,0.0,0.0,0.0,0.0,0.0,23.6,53,0,125,ON,OFF,ON,0,34.2,30,0,13492,OFF,OFF,29.4,29.5,16.94,29.4,19.25,9.0,6.0,80.37,38.0,62.72,15,69,34,17.5,3,1,OFF,OFF,100,100,6.127,1.268,1,0,ON,ON,0.922,4.372,0,0,OFF,OFF,0,0,100,100,0,0.156,73,664,13,63,20.1,0.008,35.9,42,10.548,21,1406,96,10.7,62.44213,378457,75,21,16.7,3,0,0.492,78,35.18,43.12,36.55,95.9,21.1,1.0844,9,39,8,37.4,0,0,0
2021-09-04,21:08:03,18.59,18.25,18.59,18.25,16.58,16.25,67,67,75,0,0,0,5.16,0.0,0.0,0.0,0.0,0.0,0.0,23.6,53,0,125,ON,OFF,ON,0,34.2,30,0,13492,OFF,OFF,29.4,29.5,16.94,29.4,19.25,9.0,6.0,80.37,38.0,62.72,15,69,34,17.5,3,1,OFF,OFF,100,100,6.127,1.268,1,0,ON,ON,0.922,4.372,0,0,OFF,OFF,0,0,100,100,0,0.156,73,664,13,63,20.1,0.008,35.9,42,10.548,21,1406,96,10.7,62.44213,378457,75,21,16.7,3,0,0.492,78,35.18,43.12,36.55,95.9,21.1,1.0844,9,39,8,37.4,0,0,0
2021-09-04,21:08:33,18.59,18.25,18.59,18.25,16.58,16.25,67,67,75,0,0,0,5.16,0.0,0.0,0.0,0.0,0.0,0.0,23.6,53,0,125,ON,OFF,ON,0,34.2,30,0,13492,OFF,OFF,29.4,29.5,16.94,29.4,19.25,9.0,6.0,80.37,38.0,62.72,15,69,34,17.5,3,1,OFF,OFF,100,100,6.127,1.268,1,0,ON,ON,0.922,4.372,0,0,OFF,OFF,0,0,100,100,0,0.156,73,664,13,63,20.1,0.008,35.9,42,10.548,21,1406,96,10.7,62.44213,378457,75,21,16.7,3,0,0.492,78,35.18,43.12,36.55,95.9,21.1,1.0844,9,39,8,37.4,0,0,0
2021-09-04,21:09:03,18.59,18.25,18.59,18.25,16.58,16.25,67,67,75,0,0,0,5.16,0.0,0.0,0.0,0.0,0.0,0.0,23.6,53,0,125,ON,OFF,ON,0,34.2,30,0,13492,OFF,OFF,29.4,29.5,16.94,29.4,19.25,9.0,6.0,80.37,38.0,62.72,15,69,34,17.5,3,1,OFF,OFF,100,100,6.127,1.268,1,0,ON,ON,0.922,4.372,0,0,OFF,OFF,0,0,100,100,0,0.156,73,664,13,63,20.1,0.008,35.9,42,10.548,21,1406,96,10.7,62.44213,378457,75,21,16.7,3,0,0.492,78,35.18,43.12,36.55,95.9,21.1,1.0844,9,39,8,37.4,0,0,0
2021-09-04,21:09:33,18.59,18.25,18.59,18.25,16.58,16.25,67,67,75,0,0,0,5.16,0.0,0.0,0.0,0.0,0.0,0.0,23.6,53,0,125,ON,OFF,ON,0,34.2,30,0,13492,OFF,OFF,29.4,29.5,16.94,29.4,19.25,9.0,6.0,80.37,38.0,62.72,16,70,34,17.5,3,1,OFF,OFF,100,100,6.127,1.268,1,0,ON,ON,0.922,4.372,0,0,OFF,OFF,0,0,100,100,0,0.156,73,664,13,63,20.1,0.008,35.9,42,10.548,21,1406,96,10.7,62.44213,378457,75,21,16.7,3,0,0.492,78,35.18,43.12,36.55,95.9,21.1,1.0844,9,39,8,37.4,0,0,0
2021-09-04,21:10:03,18.59,18.25,18.59,18.25,16.58,16.25,67,67,75,0,0,0,5.16,0.0,0.0,0.0,0.0,0.0,0.0,23.6,53,0,125,ON,OFF,ON,0,34.2,30,0,13492,OFF,OFF,29.4,29.5,16.94,29.4,19.25,9.0,6.0,80.37,38.0,62.72,16,70,34,17.5,3,1,OFF,OFF,100,100,6.127,1.268,1,0,ON,ON,0.922,4.372,0,0,OFF,OFF,0,0,100,100,0,0.156,73,664,13,63,20.1,0.008,35.9,42,10.548,21,1406,96,10.7,62.44213,378457,75,21,16.7,3,0,0.492,78,35.18,43.12,36.55,95.9,21.1,1.0844,9,39,8,37.4,0,0,0
2021-09-04,21:10:33,18.59,18.25,18.59,18.25,16.58,16.25,67,67,75,0,0,0,5.16,0.0,0.0,0.0,0.0,0.0,0.0,23.6,53,0,125,ON,OFF,ON,0,34.2,30,0,13492,OFF,OFF,29.4,29.5,16.94,29.4,19.25,9.0,6.0,80.37,38.0,62.72,16,70,34,17.5,3,1,OFF,OFF,100,100,6.127,1.268,1,0,ON,ON,0.922,4.372,0,0,OFF,OFF,0,0,100,100,0,0.156,73,664,13,63,20.1,0.008,35.9,42,0.009,21,1406,96,10.7,62.44213,378457,75,21,16.7,3,0,0.492,78,35.18,43.12,36.55,95.9,21.1,1.0844,9,39,8,37.4,0,0,0
2021-09-04,21:11:03,18.59,18.25,18.59,18.25,16.58,16.25,67,67,75,0,0,0,5.16,0.0,0.0,0.0,0.0,0.0,0.0,23.6,53,0,125,ON,OFF,ON,0,34.2,30,0,13492,OFF,OFF,29.4,29.5,16.94,29.4,19.25,9.0,6.0,80.37,38.0,62.72,16,70,34,17.5,3,1,OFF,OFF,100,100,6.127,1.268,1,0,ON,ON,0.922,4.372,0,0,OFF,OFF,0,0,100,100,0,0.156,73,664,13,63,20.1,0.008,35.9,42,0.009,21,1406,96,10.7,62.44213,378457,75,21,16.7,3,0,0.492,78,34.66,43.12,36.55,95.9,21.1,1.0844,9,39,8,37.4,0,0,0
2021-09-04,21:11:33,18.59,18.25,18.59,18.25,16.58,16.25,67,67,75,0,0,0,5.16,0.0,0.0,0.0,0.0,0.0,0.0,23.6,53,0,125,ON,OFF,ON,0,34.2,30,0,13492,OFF,OFF,29.4,29.5,16.94,29.4,19.25,9.0,6.0,80.37,38.0,62.72,16,70,34,17.5,3,1,OFF,OFF,100,100,6.127,1.268,1,0,ON,ON,0.922,4.372,0,0,OFF,OFF,0,0,100,100,0,0.156,73,664,13,63,20.1,0.008,35.9,42,0.009,21,1406,96,10.7,62.44213,378457,75,21,16.7,3,0,0.492,78,34.66,43.12,36.55,95.9,21.1,1.0844,9,39,8,37.4,0,0,0
2021-09-04,21:12:04,18.59,18.25,18.59,18.25,16.58,16.25,67,67,75,0,0,0,5.16,0.0,0.0,0.0,0.0,0.0,0.0,23.6,53,0,125,ON,OFF,ON,0,34.2,30,0,13492,OFF,OFF,29.4,29.5,16.94,29.4,19.25,9.0,6.0,80.37,38.0,62.72,16,70,34,17.5,3,1,OFF,OFF,100,100,6.127,1.268,1,0,ON,ON,0.922,4.372,0,0,OFF,OFF,0,0,100,100,0,0.156,73,664,13,63,20.1,0.008,35.9,42,0.009,21,1406,96,10.7,62.44213,378457,75,21,16.7,3,0,0.492,78,34.66,43.12,36.55,95.9,21.1,1.0844,9,39,8,37.4,0,0,0
2021-09-04,21:12:34,18.59,18.25,18.59,18.25,16.58,16.25,67,67,75,0,0,0,5.16,0.0,0.0,0.0,0.0,0.0,0.0,23.6,53,0,125,ON,OFF,ON,0,34.2,30,0,13492,OFF,OFF,29.4,29.5,16.94,29.4,19.25,9.0,6.0,80.37,38.0,62.72,16,70,34,17.5,3,1,OFF,OFF,100,100,6.127,1.268,1,0,ON,ON,0.922,4.372,0,0,OFF,OFF,0,0,100,100,0,0.156,73,664,13,63,20.1,0.008,35.9,42,0.009,21,1406,96,10.7,62.44213,378457,75,21,16.7,3,0,0.492,78,34.66,43.12,36.55,95.9,21.1,1.0844,9,39,8,37.4,0,0,0
2021-09-04,21:13:04,18.59,18.25,18.59,18.25,16.58,16.25,67,67,75,0,0,0,5.16,0.0,0.0,0.0,0.0,0.0,0.0,23.6,53,0,125,ON,OFF,ON,0,34.2,30,0,13492,OFF,OFF,29.4,29.5,16.94,29.4,19.25,9.0,6.0,80.37,38.0,62.72,16,70,34,17.5,3,1,OFF,OFF,100,100,6.127,1.268,1,0,ON,ON,0.922,4.372,0,0,OFF,OFF,0,0,100,100,0,0.156,73,664,13,63,20.1,0.008,35.9,42,0.009,21,1406,96,10.7,62.44213,378457,75,21,16.7,3,0,0.492,78,34.66,43.12,36.55,95.9,21.1,1.0844,9,39,8,37.4,0,0,0
2021-09-04,21:13:34,18.59,18.25,18.59,18.25,16.58,16.25,67,67,75,0,0,0,5.16,0.0,0.0,0.0,0.0,0.0,0.0,23.6,53,0,125,ON,OFF,ON,0,34.2,30,0,13492,OFF,OFF,29.4,29.5,16.94,29.4,19.25,9.0,6.0,80.37,38.0,62.72,16,70,34,17.5,3,1,OFF,OFF,100,100,6.127,1.268,1,0,ON,ON,0.922,4.372,0,0,OFF,OFF,0,0,100,100,0,0.156,73,664,13,63,20.1,0.008,35.9,42,0.009,21,1406,96,10.7,62.44213,378457,75,21,16.7,3,0,0.492,78,34.66,43.12,36.55,95.9,21.1,1.0844,9,39,8,37.4,0,0,0
2021-09-04,21:14:20,18.59,18.25,18.59,18.25,16.58,16.25,67,67,75,0,0,0,5.16,0.0,0.0,0.0,0.0,0.0,0.0,23.6,53,0,125,ON,OFF,ON,0,34.2,30,0,13492,OFF,OFF,29.4,29.5,16.94,29.4,19.25,9.0,6.0,80.37,38.0,62.72,16,70,34,17.5,3,1,OFF,OFF,100,100,6.127,1.268,1,0,ON,ON,0.922,4.372,0,0,OFF,OFF,0,0,100,100,0,0.156,73,664,13,63,20.1,0.008,35.9,42,0.009,21,1406,96,10.7,62.44213,378457,75,21,16.7,3,0,0.492,78,34.66,43.12,36.55,95.9,21.1,1.0844,9,39,8,37.4,0,0,0
2021-09-04,21:14:50,18.59,18.25,18.59,18.25,16.58,16.25,67,67,75,0,0,0,5.16,0.0,0.0,0.0,0.0,0.0,0.0,23.6,53,0,125,ON,OFF,ON,0,34.2,30,0,13492,OFF,OFF,29.4,29.5,16.94,29.4,19.25,9.0,6.0,80.37,38.0,62.72,16,70,34,17.5,3,1,OFF,OFF,100,100,6.127,1.268,1,0,ON,ON,0.922,4.372,0,0,OFF,OFF,0,0,100,100,0,0.156,73,664,13,63,20.1,0.008,35.9,42,0.009,21,1406,96,10.7,62.44213,378457,75,21,16.7,3,0,0.492,78,34.66,43.12,36.55,95.9,21.1,1.0844,9,39,8,37.4,0,0,0
2021-09-04,21:15:20,18.59,18.25,18.59,18.25,16.58,16.25,67,67,75,0,0,0,5.16,0.0,0.0,0.0,0.0,0.0,0.0,23.6,53,0,125,ON,OFF,ON,0,34.2,30,0,13492,OFF,OFF,29.4,29.5,16.94,29.4,19.25,9.0,6.0,80.37,38.0,62.72,16,70,34,17.5,3,1,OFF,OFF,100,100,6.127,1.268,1,0,ON,ON,0.922,4.372,0,0,OFF,OFF,0,0,100,100,0,0.156,73,664,13,63,20.1,0.008,35.9,42,0.009,21,1406,96,10.7,62.44213,378457,75,21,16.7,3,0,0.492,78,34.66,43.12,36.55,95.9,21.1,1.0844,9,39,8,37.4,0,0,0
2021-09-04,21:15:50,18.59,18.25,18.59,18.25,16.58,16.25,67,67,75,0,0,0,5.16,0.0,0.0,0.0,0.0,0.0,0.0,23.6,53,0,125,ON,OFF,ON,0,34.2,30,0,13492,OFF,OFF,29.4,29.5,16.94,29.4,19.25,9.0,6.0,80.37,38.0,62.72,16,70,34,17.5,3,1,OFF,OFF,100,100,6.127,1.268,1,0,ON,ON,0.922,4.372,0,0,OFF,OFF,0,0,100,100,0,0.156,73,664,13,63,19.7,0.008,35.9,42,0.009,21,1406,96,10.7,62.44213,378457,75,21,16.7,3,0,0.492,78,34.66,43.12,36.55,95.9,21.1,1.0844,9,39,8,37.4,0,0,0
2021-09-04,21:16:20,18.59,18.25,18.59,18.25,16.58,16.25,67,67,75,0,0,0,5.16,0.0,0.0,0.0,0.0,0.0,0.0,23.6,53,0,125,ON,OFF,ON,0,34.2,30,0,13492,OFF,OFF,29.4,29.5,16.94,29.4,19.25,9.0,6.0,80.37,38.0,62.72,16,70,34,17.5,3,1,OFF,OFF,100,100,6.127,1.268,1,0,ON,ON,0.922,4.372,0,0,OFF,OFF,0,0,100,100,0,0.156,73,664,13,63,19.7,0.008,35.9,42,0.009,21,1406,96,10.7,62.44213,378457,75,21,16.7,3,0,0.492,78,34.66,43.12,36.05,95.9,21.1,1.0844,9,39,8,37.4,0,0,0
2021-09-04,21:16:50,18.59,18.25,18.59,18.25,16.58,16.25,67,67,75,0,0,0,5.16,0.0,0.0,0.0,0.0,0.0,0.0,23.6,53,0,125,ON,OFF,ON,0,34.2,30,0,13492,OFF,OFF,29.4,29.5,16.94,29.4,19.25,9.0,6.0,80.37,38.0,62.72,16,70,34,17.5,3,1,OFF,OFF,100,100,6.127,1.268,1,0,ON,ON,0.922,4.372,0,0,OFF,OFF,0,0,100,100,0,0.156,73,664,13,63,19.7,0.008,35.4,42,0.009,21,1406,96,10.7,62.44213,378457,75,21,16.7,3,0,0.492,78,34.66,43.12,36.05,95.9,21.1,1.0844,9,39,8,37.4,0,0,0
2021-09-04,21:17:20,18.59,18.25,18.59,18.25,16.58,16.25,67,67,75,0,0,0,5.16,0.0,0.0,0.0,0.0,0.0,0.0,23.6,53,0,125,ON,OFF,ON,0,34.2,30,0,13492,OFF,OFF,29.4,29.5,16.94,29.4,19.25,9.0,6.0,80.37,38.0,62.72,16,70,34,17.5,3,1,OFF,OFF,100,100,6.128,1.268,1,0,ON,ON,0.922,4.372,0,0,OFF,OFF,0,0,100,100,0,0.156,73,664,13,63,19.7,0.008,35.4,42,0.009,21,1406,96,10.7,62.44213,378457,75,21,16.7,3,0,0.492,78,34.66,43.12,36.05,95.9,21.1,1.0844,9,39,8,37.4,0,0,0
2021-09-04,21:17:50,18.59,18.25,18.59,18.25,16.58,16.25,67,67,75,0,0,0,5.16,0.0,0.0,0.0,0.0,0.0,0.0,23.6,53,0,125,ON,OFF,ON,0,34.2,30,0,13492,OFF,OFF,29.4,29.5,16.94,29.4,19.25,9.0,6.0,80.37,38.0,67.72,15,71,34,17.5,3,1,OFF,OFF,100,100,6.128,1.268,1,0,ON,ON,0.922,4.372,0,0,OFF,OFF,0,0,100,100,0,0.156,73,664,13,63,19.7,0.008,35.4,42,0.009,21,1406,96,10.7,62.44213,378457,75,21,16.7,3,0,0.492,78,34.66,43.12,36.05,95.9,21.1,1.0844,9,39,8,37.4,0,0,0
2021-09-04,21:18:20,18.59,18.25,18.59,18.25,16.58,16.25,67,67,75,0,0,0,5.16,0.0,0.0,0.0,0.0,0.0,0.0,23.6,53,0,125,ON,OFF,ON,0,34.2,30,0,13492,OFF,OFF,29.4,29.5,16.94,29.4,19.25,9.0,6.0,80.37,38.0,67.72,15,71,34,17.5,3,1,OFF,OFF,100,100,6.128,1.268,1,0,ON,ON,0.922,4.372,0,0,OFF,OFF,0,0,100,100,0,0.156,73,664,13,63,19.7,0.008,35.4,42,0.009,21,1406,96,10.7,62.44213,378457,75,21,16.7,3,0,0.492,78,34.66,43.12,36.05,95.9,21.1,1.0844,9,39,8,37.4,0,0,0
2021-09-04,21:18:50,18.59,18.25,18.59,18.25,16.58,16.25,67,67,75,0,0,0,5.16,0.0,0.0,0.0,0.0,0.0,0.0,23.6,53,0,125,ON,OFF,ON,0,34.2,30,0,13492,OFF,OFF,29.4,29.5,16.94,29.4,19.25,9.0,6.0,80.37,38.0,67.72,15,71,34,17.5,3,1,OFF,OFF,100,100,6.128,1.268,1,0,ON,ON,0.922,4.372,0,0,OFF,OFF,0,0,100,100,0,0.156,73,664,13,63,19.7,0.008,35.4,42,0.009,21,1406,96,10.7,62.44213,378457,75,21,16.7,3,0,0.492,78,34.66,43.12,36.05,95.9,21.1,1.0844,9,39,8,37.4,0,0,0
2021-09-04,21:19:20,18.59,18.25,18.59,18.25,16.58,16.25,67,67,75,0,0,0,5.16,0.0,0.0,0.0,0.0,0.0,0.0,23.6,53,0,125,ON,OFF,ON,0,34.2,30,0,13492,OFF,OFF,29.4,29.5,16.94,29.4,19.25,9.0,6.0,80.37,38.0,67.72,15,71,34,17.5,3,1,OFF,OFF,100,100,6.128,1.268,1,0,ON,ON,0.922,4.372,0,0,OFF,OFF,0,0,100,100,0,0.156,73,664,13,63,19.7,0.008,35.4,42,0.009,21,1406,96,10.7,62.44213,378457,75,21,16.7,3,0,0.492,78,34.66,43.12,36.05,95.9,21.1,1.0844,9,39,8,37.4,0,0,0
2021-09-04,21:19:50,18.59,18.25,18.59,18.25,16.58,16.25,67,67,75,0,0,0,5.16,0.0,0.0,0.0,0.0,0.0,0.0,23.6,53,0,125,ON,OFF,ON,0,34.2,30,0,13492,OFF,OFF,29.4,29.5,16.94,29.4,19.25,9.0,6.0,80.37,38.0,67.72,15,71,34,17.5,3,1,OFF,OFF,100,100,6.128,1.268,1,0,ON,ON,0.922,4.372,0,0,OFF,OFF,0,0,100,100,0,0.156,73,664,13,63,19.7,0.008,35.4,42,0.009,21,1406,96,10.7,62.44213,378457,75,21,16.7,3,0,0.492,78,34.66,43.12,36.05,95.9,21.1,1.0844,9,39,8,37.4,0,0,0
2021-09-04,21:20:20,18.59,18.25,18.59,18.25,16.58,16.25,67,67,75,0,0,0,5.16,0.0,0.0,0.0,0.0,0.0,0.0,23.6,53,0,125,ON,OFF,ON,0,34.2,30,0,13492,OFF,OFF,29.4,29.5,16.94,29.4,19.25,9.0,6.0,80.37,38.0,67.72,15,71,34,17.5,3,1,OFF,OFF,100,100,6.128,1.268,1,0,ON,ON,0.922,4.372,0,0,OFF,OFF,0,0,100,100,0,0.156,73,664,13,63,19.7,0.008,35.4,42,0.009,21,1406,96,10.7,62.44213,378457,75,21,16.7,3,0,0.492,78,34.66,43.12,36.05,95.9,21.1,1.0844,9,39,8,37.4,0,0,0
2021-09-04,21:20:50,18.59,18.25,18.59,18.25,16.58,16.25,67,67,75,0,0,0,5.16,0.0,0.0,0.0,0.0,0.0,0.0,23.6,53,0,125,ON,OFF,ON,0,34.2,30,0,13492,OFF,OFF,29.4,29.5,16.28,29.4,19.25,9.0,6.0,80.37,38.0,67.72,15,71,34,17.5,3,1,OFF,OFF,100,100,6.128,1.268,1,0,ON,ON,0.922,4.372,0,0,OFF,OFF,0,0,100,100,0,0.156,73,664,13,63,19.7,0.008,35.4,42,0.009,21,1406,96,10.7,62.44213,378457,75,21,16.7,3,0,0.492,78,34.66,43.12,36.05,95.9,21.1,1.0844,9,39,8,37.4,0,0,0
2021-09-04,21:21:20,18.59,18.25,18.59,18.25,16.58,16.25,67,67,75,0,0,0,5.16,0.0,0.0,0.0,0.0,0.0,0.0,23.6,53,0,125,ON,OFF,ON,0,34.2,30,0,13492,OFF,OFF,29.4,29.5,16.28,29.4,18.81,9.0,6.0,80.37,38.0,68.17,15,71,34,17.5,3,1,OFF,OFF,100,100,6.128,1.268,1,0,ON,ON,0.922,4.372,0,0,OFF,OFF,0,0,100,100,0,0.156,73,664,13,63,19.7,0.008,35.4,42,0.009,21,1406,96,10.7,62.44213,378457,75,21,16.7,3,0,0.492,78,34.66,43.12,36.05,95.9,21.1,1.0844,9,39,8,37.4,0,0,0
2021-09-04,21:21:50,18.59,18.25,18.59,18.25,16.58,16.25,67,67,75,0,0,0,5.16,0.0,0.0,0.0,0.0,0.0,0.0,23.6,53,0,125,ON,OFF,ON,0,34.2,30,0,13492,OFF,OFF,29.4,29.5,16.28,29.4,18.81,9.0,6.0,80.37,38.0,68.17,15,71,34,17.5,3,1,OFF,OFF,100,100,6.128,1.268,1,0,ON,ON,0.922,4.372,0,0,OFF,OFF,0,0,100,100,0,0.156,73,664,13,63,19.7,0.008,35.4,42,0.009,21,1406,96,10.7,62.44213,378457,75,21,16.7,3,0,0.492,78,34.66,43.12,36.05,95.9,21.1,1.0844,9,39,8,37.4,0,0,0
2021-09-04,21:22:20,18.59,18.25,18.59,18.25,16.58,16.25,67,67,75,0,0,0,5.16,0.0,0.0,0.0,0.0,0.0,0.0,23.6,53,0,125,ON,OFF,ON,0,34.2,30,0,13492,OFF,OFF,29.4,29.5,16.28,29.4,18.81,9.0,6.0,80.37,38.0,68.17,15,71,34,17.5,3,1,OFF,OFF,100,100,6.128,1.268,1,0,ON,ON,0.922,4.372,0,0,OFF,OFF,0,0,100,100,0,0.156,73,664,13,63,19.7,0.008,35.4,42,0.009,21,1406,96,10.7,62.44213,378457,75,21,16.7,3,0,0.492,78,34.66,43.12,36.05,95.9,21.1,1.0844,9,39,8,37.4,0,0,0
2021-09-04,21:22:54,18.59,18.25,18.59,18.25,16.58,16.25,67,67,75,0,0,0,5.16,0.0,0.0,0.0,0.0,0.0,0.0,23.6,53,0,125,ON,OFF,ON,0,34.2,30,0,13492,OFF,OFF,29.4,29.5,16.28,29.4,18.81,9.0,6.0,80.37,38.0,68.17,15,71,34,17.5,3,1,OFF,OFF,100,100,6.128,1.268,1,0,ON,ON,0.922,4.372,0,0,OFF,OFF,0,0,100,100,0,0.156,73,664,13,63,19.7,0.008,35.4,42,0.009,21,1406,96,10.7,62.44213,378457,75,21,16.7,3,0,0.492,78,34.66,43.12,36.05,95.9,21.1,1.0844,9,39,8,37.4,0,0,0
2021-09-04,21:23:24,18.59,18.25,18.59,18.25,16.58,16.25,67,67,75,0,0,0,5.16,0.0,0.0,0.0,0.0,0.0,0.0,23.6,53,0,125,ON,OFF,ON,0,34.2,30,0,13492,OFF,OFF,29.4,29.5,16.28,29.4,18.81,9.0,6.0,80.37,38.0,68.17,15,71,34,17.5,3,1,OFF,OFF,100,100,6.128,1.268,1,0,ON,ON,0.922,4.372,0,0,OFF,OFF,0,0,100,100,0,0.156,73,664,13,63,19.7,0.008,35.4,42,0.009,21,1406,96,10.7,62.44213,378457,75,21,16.7,3,0,0.492,78,34.66,43.12,36.05,95.9,21.1,1.0844,9,39,8,37.4,0,0,0
2021-09-04,21:23:54,18.59,18.25,18.59,18.25,16.58,16.25,67,67,75,0,0,0,5.16,0.0,0.0,0.0,0.0,0.0,0.0,23.6,53,0,125,ON,OFF,ON,0,34.2,30,0,13492,OFF,OFF,29.4,29.5,16.28,29.4,18.81,9.0,6.0,80.37,38.0,68.17,15,71,34,17.5,3,1,OFF,OFF,100,100,6.128,1.268,1,0,ON,ON,0.922,4.372,0,0,OFF,OFF,0,0,100,100,0,0.156,73,664,13,63,19.7,0.008,35.4,42,0.009,21,1406,96,10.7,62.44213,378457,75,21,16.7,3,0,0.492,78,34.66,42.62,36.05,95.9,21.1,1.0844,9,39,8,37.4,0,0,0
2021-09-04,21:24:24,18.59,18.25,18.59,18.25,16.58,16.25,67,67,75,0,0,0,5.16,0.0,0.0,0.0,0.0,0.0,0.0,23.6,53,0,125,ON,OFF,ON,0,34.2,30,0,13492,OFF,OFF,29.4,29.5,16.28,29.4,18.81,9.0,6.0,80.37,38.0,68.17,15,71,34,17.5,3,1,OFF,OFF,100,100,6.128,1.268,1,0,ON,ON,0.922,4.372,0,0,OFF,OFF,0,0,100,100,0,0.156,73,664,13,63,19.7,0.008,35.4,42,0.009,21,1406,96,10.7,62.44213,378457,75,21,16.7,3,0,0.492,78,34.66,42.62,36.05,95.9,21.1,1.0844,9,39,8,37.4,0,0,0
2021-09-04,21:24:54,18.59,18.25,18.59,18.25,16.58,16.25,67,67,75,0,0,0,5.16,0.0,0.0,0.0,0.0,0.0,0.0,23.6,53,0,125,ON,OFF,ON,0,34.2,30,0,13492,OFF,OFF,29.4,29.5,16.28,29.4,18.81,9.0,6.0,80.37,38.0,68.17,15,71,34,17.5,3,1,OFF,OFF,100,100,6.128,1.268,1,0,ON,ON,0.922,4.372,0,0,OFF,OFF,0,0,100,100,0,0.156,73,664,13,63,19.7,0.008,35.4,42,0.009,21,1406,96,10.7,62.44213,378457,75,21,16.7,3,0,0.492,78,34.66,42.62,36.05,95.9,21.1,1.0844,9,39,8,37.4,0,0,0
2021-09-04,21:25:24,18.59,18.25,18.59,18.25,16.58,16.25,67,67,75,0,0,0,5.16,0.0,0.0,0.0,0.0,0.0,0.0,23.6,53,0,125,ON,OFF,ON,0,34.2,30,0,13492,OFF,OFF,29.4,29.5,16.28,29.4,18.81,9.0,6.0,80.37,38.0,68.17,15,71,34,17.5,3,1,OFF,OFF,100,100,6.128,1.268,1,0,ON,ON,0.922,4.372,0,0,OFF,OFF,0,0,100,100,0,0.156,73,664,13,63,19.7,0.008,35.4,42,0.009,21,1406,96,10.7,62.44213,378457,75,21,16.7,3,0,0.492,78,34.66,42.62,36.05,95.9,21.1,1.0844,9,39,8,37.4,0,0,0
2021-09-04,21:25:54,18.59,18.25,18.59,18.25,16.58,16.25,67,67,75,0,0,0,5.16,0.0,0.0,0.0,0.0,0.0,0.0,23.6,53,0,125,ON,OFF,ON,0,34.2,30,0,13492,OFF,OFF,29.4,29.5,16.28,29.4,18.81,9.0,6.0,80.37,38.0,68.17,16,71,34,17.5,3,1,OFF,OFF,100,100,6.128,1.268,1,0,ON,ON,0.922,4.372,0,0,OFF,OFF,0,0,100,100,0,0.156,73,664,13,67,19.7,0.008,35.4,42,0.009,21,1406,96,10.7,62.44213,378457,75,21,16.7,3,0,0.492,78,34.66,42.62,36.05,95.9,21.1,1.0844,9,39,8,37.4,0,0,0
2021-09-04,21:26:24,18.59,18.25,18.59,18.25,16.58,16.25,67,67,75,0,0,0,5.16,0.0,0.0,0.0,0.0,0.0,0.0,23.6,53,0,125,ON,OFF,ON,0,34.2,30,0,13492,OFF,OFF,29.4,29.5,16.28,29.4,18.81,9.0,6.0,80.37,38.0,68.17,16,71,34,17.5,3,1,OFF,OFF,100,100,6.128,1.268,1,0,ON,ON,0.922,4.372,0,0,OFF,OFF,0,0,100,100,0,0.156,73,664,13,67,19.7,0.008,35.4,42,0.009,21,1406,96,10.7,62.44213,378457,75,21,16.7,3,0,0.492,78,34.66,42.62,36.05,95.9,21.1,1.0844,9,39,8,37.4,0,0,0
2021-09-04,21:26:54,18.59,18.25,18.59,18.25,16.58,16.25,67,67,75,0,0,0,5.16,0.0,0.0,0.0,0.0,0.0,0.0,23.6,53,0,125,ON,OFF,ON,0,34.2,30,0,13492,OFF,OFF,29.4,29.5,16.28,29.4,18.81,9.0,6.0,80.37,38.0,68.17,16,71,34,17.5,3,1,OFF,OFF,100,100,6.128,1.268,1,0,ON,ON,0.922,4.372,0,0,OFF,OFF,0,0,100,100,0,0.156,73,664,13,67,19.2,0.008,35.4,42,0.009,21,1406,96,10.7,62.44213,378457,75,21,16.7,3,0,0.492,78,34.66,42.62,36.05,95.9,21.1,1.0844,9,39,8,37.4,0,0,0
2021-09-04,21:27:24,18.59,18.25,18.59,18.25,16.58,16.25,67,67,75,0,0,0,5.16,0.0,0.0,0.0,0.0,0.0,0.0,23.6,53,0,125,ON,OFF,ON,0,34.2,30,0,13492,OFF,OFF,29.4,29.5,16.28,29.4,18.81,9.0,6.0,80.37,38.0,68.17,15,71,34,17.5,3,1,OFF,OFF,100,100,6.128,1.268,1,0,ON,ON,0.922,4.372,0,0,OFF,OFF,0,0,100,100,0,0.156,73,664,13,67,19.2,0.008,35.4,42,0.009,21,1406,96,10.7,62.44213,378457,75,21,16.7,3,0,0.492,78,34.66,42.62,36.05,95.9,21.1,1.0844,9,39,8,37.4,0,0,0
2021-09-04,21:27:54,18.59,18.25,18.59,18.25,16.58,16.25,67,67,75,0,0,0,5.16,0.0,0.0,0.0,0.0,0.0,0.0,23.6,53,0,125,ON,OFF,ON,0,34.2,30,0,13492,OFF,OFF,29.4,29.5,16.28,29.4,18.81,9.0,6.0,80.37,38.0,68.17,15,71,34,17.5,3,1,OFF,OFF,100,100,6.128,1.268,1,0,ON,ON,0.922,4.372,0,0,OFF,OFF,0,0,100,100,0,0.156,73,664,12.9,67,19.1,0.008,35.1,42,10.064,20.3,1290,96,10.7,62.44213,378457,75,21,16.7,3,0,0.492,78,34.66,42.62,36.05,95.9,21.1,1.0844,9,39,8,37.4,0,0,0
2021-09-04,21:28:24,18.59,18.25,18.59,18.25,16.58,16.25,67,67,75,0,0,0,5.16,0.0,0.0,0.0,0.0,0.0,0.0,23.6,53,0,125,ON,OFF,ON,0,34.2,30,0,13492,OFF,OFF,29.4,29.5,16.28,29.4,18.81,9.0,6.0,80.37,38.0,68.17,15,71,34,17.5,3,1,OFF,OFF,100,100,6.128,1.268,1,0,ON,ON,0.922,4.372,0,0,OFF,OFF,0,0,100,100,0,0.156,73,664,12.9,67,19.1,0.008,35.1,42,10.064,20.3,1290,96,10.7,62.44213,378457,75,21,16.7,3,0,0.492,78,34.66,42.62,36.05,95.9,21.1,1.0844,9,39,8,37.4,0,0,0
2021-09-04,21:28:54,18.59,18.25,18.59,18.25,16.58,16.25,67,67,75,0,0,0,5.16,0.0,0.0,0.0,0.0,0.0,0.0,23.6,53,0,125,ON,OFF,ON,0,34.2,30,0,13492,OFF,OFF,29.4,29.5,16.28,29.4,18.81,9.0,6.0,80.37,38.0,68.17,15,71,34,17.5,3,1,OFF,OFF,100,100,6.128,1.268,1,0,ON,ON,0.922,4.372,0,0,OFF,OFF,0,0,100,100,0,0.156,73,664,12.9,67,19.1,0.008,35.1,42,10.064,20.3,1295,96,10.7,62.44213,378457,75,21,16.7,3,0,0.492,78,34.66,42.62,36.05,95.9,21.1,1.0844,9,39,8,37.4,0,0,0
2021-09-04,21:29:40,18.59,18.25,18.59,18.25,16.58,16.25,67,67,75,0,0,0,5.16,0.0,0.0,0.0,0.0,0.0,0.0,23.6,53,0,125,ON,OFF,ON,0,34.2,30,0,13492,OFF,OFF,29.4,29.5,16.28,29.4,18.81,9.0,6.0,80.37,38.0,68.17,15,71,34,17.5,3,1,OFF,OFF,100,100,6.128,1.268,1,0,ON,ON,0.922,4.372,0,0,OFF,OFF,0,0,100,100,0,0.156,73,664,12.9,67,19.1,0.008,35.1,42,10.064,20.3,1295,96,10.7,62.44213,378457,75,21,16.7,3,0,0.492,78,34.66,42.62,36.05,95.9,21.1,1.0844,9,39,8,37.4,0,0,0
2021-09-04,21:30:10,18.59,18.25,18.59,18.25,16.58,16.25,67,67,75,0,0,0,5.16,0.0,0.0,0.0,0.0,0.0,0.0,23.6,53,0,125,ON,OFF,ON,0,34.2,30,0,13492,OFF,OFF,29.4,29.5,16.28,29.4,18.81,9.0,6.0,80.37,38.0,68.17,15,71,34,17.5,3,1,OFF,OFF,100,100,6.128,1.268,1,0,ON,ON,0.922,4.372,0,0,OFF,OFF,0,0,100,100,0,0.156,73,664,12.9,67,19.1,0.008,35.1,42,10.064,20.3,1295,96,10.7,62.44213,378457,75,21,16.7,3,0,0.492,78,34.66,42.62,36.05,95.9,21.1,1.0844,9,39,8,37.4,0,0,0
2021-09-04,21:30:40,18.59,18.25,18.59,18.25,16.58,16.25,67,67,75,0,0,0,5.16,0.0,0.0,0.0,0.0,0.0,0.0,23.6,53,0,125,ON,OFF,ON,0,34.2,30,0,13492,OFF,OFF,29.4,29.5,16.28,29.4,18.59,9.0,6.0,80.37,38.0,68.17,15,71,34,17.5,3,1,OFF,OFF,100,100,6.128,1.268,1,0,ON,ON,0.922,4.372,0,0,OFF,OFF,0,0,100,100,0,0.156,73,664,12.9,67,19.1,0.008,35.1,42,10.064,20.3,1295,96,10.7,62.44213,378457,75,21,16.7,3,0,0.492,78,34.66,42.62,36.05,95.9,21.1,1.0844,9,39,8,37.4,0,0,0
2021-09-04,21:31:10,15.2,14.97,15.2,14.97,13.84,13.58,84,84,88,0,1,3,5.16,0.0,0.0,0.0,0.0,0.0,0.0,23.6,53,0,125,ON,OFF,ON,0,34.2,30,0,13492,OFF,OFF,29.4,29.5,16.28,29.4,18.59,9.0,6.0,80.37,38.0,68.17,15,71,34,17.5,3,1,OFF,OFF,100,100,6.128,1.268,1,0,ON,ON,0.922,4.372,0,0,OFF,OFF,0,0,100,100,0,0.156,73,664,12.9,67,19.1,0.008,35.1,42,10.064,20.3,1295,96,10.7,62.44213,378457,75,21,16.7,3,0,0.492,78,34.66,42.62,36.05,95.9,21.1,1.0844,9,39,8,37.4,0,0,0
2021-09-04,21:31:40,15.2,14.97,15.2,14.97,13.84,13.58,84,84,88,0,1,3,5.16,0.0,0.0,0.0,0.0,0.0,0.0,23.6,53,0,125,ON,OFF,ON,0,34.2,30,0,13492,OFF,OFF,29.4,29.5,16.28,29.4,18.59,9.0,6.0,80.37,38.0,68.17,15,71,34,17.5,3,1,OFF,OFF,100,100,6.128,1.268,1,0,ON,ON,0.922,4.372,0,0,OFF,OFF,0,0,100,100,0,0.156,73,664,12.9,67,19.1,0.008,35.1,42,10.064,20.3,1295,96,10.7,62.44213,378457,75,21,16.7,3,0,0.492,78,34.66,42.62,36.05,95.9,21.1,1.0844,9,39,8,37.4,0,0,0
2021-09-04,21:32:11,15.2,14.97,15.2,14.97,13.84,13.58,84,84,88,0,1,3,5.16,0.0,0.0,0.0,0.0,0.0,0.0,23.6,53,0,125,ON,OFF,ON,0,34.2,30,0,13492,OFF,OFF,29.4,29.5,16.28,29.4,18.59,9.0,6.0,80.37,38.0,68.17,15,71,34,17.5,3,1,OFF,OFF,100,100,6.128,1.268,1,0,ON,ON,0.922,4.372,0,0,OFF,OFF,0,0,100,100,0,0.156,73,664,12.9,67,19.1,0.008,35.1,42,10.064,20.3,1295,96,10.7,62.44213,378457,75,21,16.7,3,0,0.492,78,34.66,42.62,36.05,95.9,21.1,1.0844,9,39,8,37.4,0,0,0
2021-09-04,21:32:41,15.2,14.97,15.2,14.97,13.84,13.58,84,84,88,0,1,3,5.16,0.0,0.0,0.0,0.0,0.0,0.0,23.6,53,0,125,ON,OFF,ON,0,34.2,30,0,13492,OFF,OFF,29.4,29.5,16.28,29.4,18.59,9.0,6.0,80.37,38.0,68.17,15,71,34,17.5,3,1,OFF,OFF,100,100,6.128,1.268,1,0,ON,ON,0.922,4.372,0,0,OFF,OFF,0,0,100,100,0,0.156,73,664,12.9,67,19.1,0.008,35.1,42,10.064,20.3,1295,96,10.7,62.44213,378457,75,21,16.7,3,0,0.492,78,34.66,42.62,36.05,95.9,21.1,1.0844,9,39,8,37.4,0,0,0
2021-09-04,21:33:11,15.2,14.97,15.2,14.97,13.84,13.58,84,84,88,0,1,3,5.16,0.0,0.0,0.0,0.0,0.0,0.0,23.6,53,0,125,ON,OFF,ON,0,34.2,30,0,13492,OFF,OFF,29.4,29.5,16.28,29.4,18.59,9.0,6.0,80.37,38.0,68.17,15,71,34,17.5,3,1,OFF,OFF,100,100,6.128,1.268,1,0,ON,ON,0.922,4.372,0,0,OFF,OFF,0,0,100,100,0,0.156,73,664,12.9,67,19.1,0.008,35.1,42,10.064,20.3,1295,96,10.7,62.44213,378457,75,21,16.7,3,0,0.492,78,34.66,42.62,36.05,95.9,21.1,1.0844,9,39,8,37.4,0,0,0
2021-09-04,21:33:41,15.2,14.97,15.2,14.97,13.84,13.58,84,84,88,0,1,3,5.16,0.0,0.0,0.0,0.0,0.0,0.0,23.6,53,0,125,ON,OFF,ON,0,34.2,30,0,13492,OFF,OFF,29.4,29.5,16.28,29.4,18.59,9.0,6.0,80.37,38.0,68.17,15,71,33.5,17.5,3,1,OFF,OFF,100,100,6.128,1.268,1,0,ON,ON,0.922,4.372,0,0,OFF,OFF,0,0,100,100,0,0.156,73,664,12.9,67,19.1,0.008,35.1,42,10.064,20.3,1295,96,10.7,62.44213,378457,75,21,16.7,3,0,0.492,78,34.66,42.62,36.05,95.9,21.1,1.0844,9,39,8,37.4,0,0,0
2021-09-04,21:34:11,15.2,14.97,15.2,14.97,13.84,13.58,84,84,88,0,1,3,5.16,0.0,0.0,0.0,0.0,0.0,0.0,23.6,53,0,125,ON,OFF,ON,0,34.2,30,0,13492,OFF,OFF,29.4,29.5,16.28,29.4,18.59,9.0,6.0,84.55,38.0,68.17,15,71,33.5,17.5,3,1,OFF,OFF,100,100,6.128,1.268,1,0,ON,ON,0.922,4.372,0,0,OFF,OFF,0,0,100,100,0,0.156,73,664,12.9,67,19.1,0.008,35.1,42,10.064,20.3,1295,96,10.7,62.44213,378457,75,21,16.7,3,0,0.492,78,34.66,42.62,36.05,95.9,21.1,1.0844,9,39,8,37.4,0,0,0
2021-09-04,21:34:41,15.2,14.97,15.2,14.97,13.84,13.58,84,84,88,0,1,3,5.16,0.0,0.0,0.0,0.0,0.0,0.0,23.6,53,0,125,ON,OFF,ON,0,34.2,30,0,13492,OFF,OFF,29.4,29.5,16.28,29.4,18.59,9.0,6.0,84.55,38.0,68.17,15,71,34,17.5,3,1,OFF,OFF,100,100,6.128,1.268,1,0,ON,ON,0.922,4.372,0,0,OFF,OFF,0,0,100,100,0,0.156,73,664,12.9,67,19.1,0.008,35.1,42,10.064,20.3,1295,96,10.7,62.44213,378457,75,21,16.7,3,0,0.492,78,34.66,42.62,36.05,95.9,21.1,1.0844,9,39,8,37.4,0,0,0
2021-09-04,21:35:11,15.2,14.97,15.2,14.97,13.84,13.58,84,84,88,0,1,3,5.16,0.0,0.0,0.0,0.0,0.0,0.0,23.6,53,0,125,ON,OFF,ON,0,34.2,30,0,13492,OFF,OFF,29.4,29.5,16.28,29.4,18.59,9.0,6.0,84.55,38.0,68.17,15,71,34,17.5,3,1,OFF,OFF,100,100,6.128,1.268,1,0,ON,ON,0.922,4.372,0,0,OFF,OFF,0,0,100,100,0,0.156,73,664,12.9,67,19.1,0.008,35.1,42,10.064,20.3,1295,96,10.7,62.44213,378457,75,21,16.7,3,0,0.492,78,34.66,42.62,36.05,95.9,21.1,1.0844,9,39,8,37.4,0,0,0
2021-09-04,21:35:40,15.2,14.97,15.2,14.97,13.84,13.58,84,84,88,0,1,3,5.16,0.0,0.0,0.0,0.0,0.0,0.0,23.6,53,0,125,ON,OFF,ON,0,34.2,30,0,13492,OFF,OFF,29.4,29.5,16.28,29.4,18.59,9.0,6.0,84.55,38.0,68.17,15,71,33.5,17.5,3,1,OFF,OFF,100,100,6.128,1.268,1,0,ON,ON,0.922,4.372,0,0,OFF,OFF,0,0,100,100,0,0.156,73,664,12.9,67,19.1,0.008,35.1,42,10.064,20.3,1295,96,10.7,62.44213,378457,75,21,16.7,3,0,0.492,78,34.66,42.62,36.05,95.9,21.1,1.0844,9,39,8,37.4,0,0,0
2021-09-04,21:36:10,15.2,14.97,15.2,14.97,13.84,13.58,84,84,88,0,1,3,5.16,0.0,0.0,0.0,0.0,0.0,0.0,23.6,53,0,125,ON,OFF,ON,0,34.2,30,0,13492,OFF,OFF,29.4,29.5,16.28,29.4,18.59,9.0,6.0,84.55,38.0,68.17,15,71,33.5,17.5,3,1,OFF,OFF,100,100,6.128,1.268,1,0,ON,ON,0.922,4.372,0,0,OFF,OFF,0,0,100,100,0,0.156,73,664,12.9,67,19.1,0.008,35.1,42,10.064,20.3,1295,96,10.7,62.44213,378457,75,21,16.7,3,0,0.492,78,34.66,42.62,36.05,95.9,21.1,1.0844,9,39,8,37.4,0,0,0
2021-09-04,21:36:40,15.2,14.97,15.2,14.97,13.84,13.58,84,84,88,0,1,3,5.16,0.0,0.0,0.0,0.0,0.0,0.0,23.6,53,0,125,ON,OFF,ON,0,34.2,30,0,13492,OFF,OFF,29.4,29.5,16.28,29.4,18.59,9.0,6.0,84.55,38.0,68.17,15,71,33.5,17.5,3,1,OFF,OFF,100,100,6.128,1.268,1,0,ON,ON,0.922,4.372,0,0,OFF,OFF,0,0,100,100,0,0.156,73,664,12.9,67,19.1,0.008,35.1,42,9.794,20.3,1295,96,10.7,62.44213,378457,75,21,16.7,3,0,0.492,78,34.66,42.62,36.05,95.9,21.1,1.0844,9,39,8,37.4,0,0,0
2021-09-04,21:37:10,15.2,14.97,15.2,14.97,13.84,13.58,84,84,88,0,1,3,5.16,0.0,0.0,0.0,0.0,0.0,0.0,23.6,53,0,125,ON,OFF,ON,0,34.2,30,0,13492,OFF,OFF,29.4,29.5,16.28,29.4,18.59,9.0,6.0,84.55,38.0,68.17,15,72,33.5,17.5,3,1,OFF,OFF,100,100,6.128,1.268,1,0,ON,ON,0.922,4.372,0,0,OFF,OFF,0,0,100,100,0,0.156,73,664,12.9,67,19.1,0.008,35.1,42,9.794,20.3,1295,96,10.7,62.44213,378457,75,21,16.7,3,0,0.492,78,34.66,42.62,36.05,95.9,21.1,1.0844,9,39,8,37.4,0,0,0
2021-09-04,21:37:40,15.2,14.97,15.2,14.97,13.84,13.58,84,84,88,0,1,3,5.16,0.0,0.0,0.0,0.0,0.0,0.0,23.6,53,0,125,ON,OFF,ON,0,34.2,30,0,13492,OFF,OFF,29.4,29.5,16.28,29.4,18.59,9.0,6.0,84.55,38.0,68.17,15,72,33.5,17.5,3,1,OFF,OFF,100,100,6.128,1.268,1,0,ON,ON,0.922,4.372,0,0,OFF,OFF,0,0,100,100,0,0.156,73,664,12.9,67,19.1,0.008,35.1,42,9.794,20.3,1295,96,10.7,62.44213,378457,75,21,16.7,3,0,0.492,78,34.66,42.62,36.05,95.9,21.1,1.0844,9,39,8,37.4,0,0,0
2021-09-04,21:38:10,15.2,14.97,15.2,14.97,13.84,13.58,84,84,88,0,1,3,5.16,0.0,0.0,0.0,0.0,0.0,0.0,23.6,53,0,125,ON,OFF,ON,0,34.2,30,0,13492,OFF,OFF,29.4,29.5,16.28,29.4,18.59,9.0,6.0,84.55,38.0,68.17,15,72,33.5,17.5,3,1,OFF,OFF,100,100,6.128,1.268,1,0,ON,ON,0.922,4.372,0,0,OFF,OFF,0,0,100,100,0,0.156,73,664,12.9,67,19.1,0.008,35.1,42,9.794,20.3,1295,96,10.7,62.44213,378457,75,21,16.7,3,0,0.492,78,34.66,42.62,36.05,95.9,21.1,1.0844,9,39,8,37.4,0,0,0
2021-09-04,21:38:40,15.2,14.97,15.2,14.97,13.84,13.58,84,84,88,0,1,3,5.16,0.0,0.0,0.0,0.0,0.0,0.0,23.6,53,0,125,ON,OFF,ON,0,34.2,30,0,13492,OFF,OFF,29.4,29.5,16.28,29.4,18.59,9.0,6.0,84.55,38.0,68.17,15,72,33.5,17.5,3,1,OFF,OFF,100,100,6.128,1.268,1,0,ON,ON,0.922,4.372,0,0,OFF,OFF,0,0,100,100,0,0.156,73,664,12.9,67,19.1,0.008,34.9,42,9.794,20.3,1295,96,10.7,62.44213,378457,75,21,16.7,3,0,0.492,78,34.66,42.62,36.05,95.9,21.1,1.0844,9,39,8,37.4,0,0,0
2021-09-04,21:39:10,15.2,14.97,15.2,14.97,13.84,13.58,84,84,88,0,1,3,5.16,0.0,0.0,0.0,0.0,0.0,0.0,23.6,53,0,125,ON,OFF,ON,0,34.2,30,0,13492,OFF,OFF,29.4,29.5,16.28,29.4,18.59,9.0,6.0,84.55,38.0,68.17,15,72,33.5,17.5,3,1,OFF,OFF,100,100,6.128,1.268,1,0,ON,ON,0.922,4.372,0,0,OFF,OFF,0,0,100,100,0,0.156,73,664,12.9,67,19.1,0.008,34.9,42,9.794,20.3,1295,96,10.7,62.44213,378457,75,21,16.7,3,0,0.492,78,34.66,42.62,36.05,95.9,21.1,1.0844,9,39,8,37.4,0,0,0
2021-09-04,21:39:40,15.2,14.97,15.2,14.97,13.84,13.58,84,84,88,0,1,3,5.16,0.0,0.0,0.0,0.0,0.0,0.0,23.6,53,0,125,ON,OFF,ON,0,34.2,30,0,13492,OFF,OFF,29.4,29.5,16.28,29.4,18.59,9.0,6.0,84.55,38.0,68.17,15,72,33.5,17.5,3,1,OFF,OFF,100,100,6.128,1.268,1,0,ON,ON,0.922,4.372,0,0,OFF,OFF,0,0,100,100,0,0.156,73,664,12.9,67,19.1,0.008,34.9,42,9.794,20.3,1295,96,10.7,62.44213,378457,75,21,16.7,3,0,0.492,78,34.66,42.62,36.05,95.9,21.1,1.0844,9,39,8,37.4,0,0,0
2021-09-04,21:40:10,15.2,14.97,15.2,14.97,13.84,13.58,84,84,88,0,1,3,5.16,0.0,0.0,0.0,0.0,0.0,0.0,23.6,53,0,125,ON,OFF,ON,0,34.2,30,0,13492,OFF,OFF,29.4,29.5,16.28,29.4,18.59,9.0,6.0,84.55,38.0,68.17,15,72,33.5,17.5,3,1,OFF,OFF,100,100,6.128,1.268,1,0,ON,ON,0.922,4.372,0,0,OFF,OFF,0,0,100,100,0,0.156,73,664,12.9,67,19.1,0.008,34.9,42,9.794,20.3,1295,96,10.7,62.44213,378457,75,21,16.7,3,0,0.492,78,34.66,42.62,36.05,95.9,21.1,1.0844,9,39,8,37.4,0,0,0
2021-09-04,21:40:40,15.2,14.97,15.2,14.97,13.84,13.58,84,84,88,0,1,3,5.16,0.0,0.0,0.0,0.0,0.0,0.0,23.6,53,0,125,ON,OFF,ON,0,34.2,30,0,13492,OFF,OFF,29.4,29.5,16.28,29.4,18.59,9.0,6.0,84.55,38.0,68.17,15,72,33.5,17.5,3,1,OFF,OFF,100,100,6.128,1.268,1,0,ON,ON,0.922,4.372,0,0,OFF,OFF,0,0,100,100,0,0.156,73,664,12.9,67,19.1,0.008,34.9,42,9.794,20.3,1295,96,10.7,62.44213,378457,75,21,16.7,3,0,0.492,78,34.13,42.62,36.05,95.9,21.1,1.0844,9,39,8,37.4,0,0,0
2021-09-04,21:41:10,15.2,14.97,15.2,14.97,13.84,13.58,84,84,88,0,1,3,5.16,0.0,0.0,0.0,0.0,0.0,0.0,23.6,53,0,125,ON,OFF,ON,0,34.2,30,0,13492,OFF,OFF,29.4,29.5,16.28,29.4,18.59,9.0,6.0,84.55,38.0,68.17,15,72,33.5,17.5,3,1,OFF,OFF,100,100,6.128,1.268,1,0,ON,ON,0.922,4.372,0,0,OFF,OFF,0,0,100,100,0,0.156,73,664,12.9,67,19.1,0.008,34.9,42,9.794,20.3,1295,96,10.7,62.44213,378457,75,21,16.7,3,0,0.492,78,34.13,42.62,36.05,95.9,21.1,1.0844,9,39,8,37.4,0,0,0
2021-09-04,21:41:40,15.2,14.97,15.2,14.97,13.84,13.58,84,84,88,0,1,3,5.16,0.0,0.0,0.0,0.0,0.0,0.0,23.6,53,0,125,ON,OFF,ON,0,34.2,30,0,13492,OFF,OFF,29.4,29.5,16.28,29.4,18.59,9.0,6.0,84.55,38.0,68.17,16,72,33.5,17.5,3,1,OFF,OFF,100,100,6.128,1.268,1,0,ON,ON,0.922,4.372,0,0,OFF,OFF,0,0,100,100,0,0.156,73,664,12.9,67,19.1,0.008,34.9,42,10.323,20.3,1295,96,10.7,62.44213,378457,75,21,16.7,3,0,0.492,78,34.13,42.62,36.05,95.9,21.1,1.0844,9,39,8,37.4,0,0,0
2021-09-04,21:42:10,15.2,14.97,15.2,14.97,13.84,13.58,84,84,88,0,1,3,5.16,0.0,0.0,0.0,0.0,0.0,0.0,23.6,53,0,125,ON,OFF,ON,0,34.2,30,0,13492,OFF,OFF,29.4,29.5,16.28,29.4,18.59,9.0,6.0,84.55,38.0,68.17,16,72,33.5,17.5,3,1,OFF,OFF,100,100,6.128,1.268,1,0,ON,ON,0.922,4.372,0,0,OFF,OFF,0,0,100,100,0,0.156,73,664,12.9,67,19.1,0.008,34.9,42,10.323,20.3,1295,96,10.7,62.44213,378457,75,21,16.7,3,0,0.492,78,34.13,42.62,36.05,95.9,21.1,1.0844,9,39,8,37.4,0,0,0
2021-09-04,21:42:40,15.2,14.97,15.2,14.97,13.84,13.58,84,84,88,0,1,3,5.16,0.0,0.0,0.0,0.0,0.0,0.0,23.6,53,0,125,ON,OFF,ON,0,34.2,30,0,13492,OFF,OFF,29.4,29.5,16.28,29.4,18.59,9.0,6.0,84.55,38.0,68.17,16,72,33.5,17.5,3,1,OFF,OFF,100,100,6.128,1.268,1,0,ON,ON,0.922,4.372,0,0,OFF,OFF,0,0,100,100,0,0.156,73,664,12.9,67,19.1,0.008,34.9,42,10.323,20.3,1295,96,10.7,62.44213,378457,75,21,16.7,3,0,0.492,78,34.13,42.62,36.05,95.9,21.1,1.0844,9,39,8,37.4,0,0,0
2021-09-04,21:43:10,15.2,14.97,15.2,14.97,13.84,13.58,84,84,88,0,1,3,5.16,0.0,0.0,0.0,0.0,0.0,0.0,23.6,53,0,125,ON,OFF,ON,0,34.2,30,0,13492,OFF,OFF,29.4,29.5,16.28,29.4,18.59,9.0,6.0,84.55,38.0,68.17,16,72,33.5,17.5,3,1,OFF,OFF,100,100,6.128,1.268,1,0,ON,ON,0.922,4.372,0,0,OFF,OFF,0,0,100,100,0,0.156,73,664,12.9,67,19.1,0.008,34.9,42,10.323,20.3,1295,96,10.7,62.44213,378457,75,21,16.7,3,0,0.492,78,34.13,42.62,36.05,95.9,21.1,1.0844,9,39,8,37.4,0,0,0
2021-09-04,21:43:40,15.2,14.97,15.2,14.97,13.84,13.58,84,84,88,0,1,3,5.16,0.0,0.0,0.0,0.0,0.0,0.0,23.6,53,0,125,ON,OFF,ON,0,34.2,30,0,13492,OFF,OFF,29.4,29.5,16.28,29.4,18.59,9.0,6.0,84.55,38.0,68.17,16,72,33.5,17,3,1,OFF,OFF,100,100,6.128,1.268,1,0,ON,ON,0.922,4.372,0,0,OFF,OFF,0,0,100,100,0,0.156,73,664,12.9,67,19.1,0.008,34.9,42,10.323,20.3,1295,96,10.7,62.44213,378457,75,21,16.7,3,0,0.492,78,34.13,42.62,36.05,95.9,21.1,1.0844,9,39,8,37.4,0,0,0
2021-09-04,21:44:10,15.2,14.97,15.2,14.97,13.84,13.58,84,84,88,0,1,3,5.16,0.0,0.0,0.0,0.0,0.0,0.0,23.6,53,0,125,ON,OFF,ON,0,34.2,30,0,13492,OFF,OFF,29.4,29.5,16.28,29.4,18.59,9.0,6.0,84.55,38.0,68.17,16,72,33.5,17,3,1,OFF,OFF,100,100,6.128,1.268,1,0,ON,ON,0.922,4.372,0,0,OFF,OFF,0,0,100,100,0,0.156,73,664,12.9,67,19.1,0.008,34.9,42,10.323,20.3,1295,96,10.7,62.44213,378457,75,21,16.7,3,0,0.492,78,34.13,42.62,36.05,95.9,21.1,1.0844,9,39,8,37.4,0,0,0
2021-09-04,21:44:57,15.2,14.97,15.2,14.97,13.84,13.58,84,84,88,0,1,3,5.16,0.0,0.0,0.0,0.0,0.0,0.0,23.6,53,0,125,ON,OFF,ON,0,34.2,30,0,13492,OFF,OFF,29.4,29.5,16.28,29.4,18.59,9.0,6.0,84.55,38.0,68.17,16,72,33.5,17,3,1,OFF,OFF,100,100,6.128,1.268,1,0,ON,ON,0.922,4.372,0,0,OFF,OFF,0,0,100,100,0,0.156,73,664,12.9,67,19.1,0.008,34.9,42,10.323,20.3,1295,96,10.7,62.44213,378457,75,21,16.7,3,0,0.492,78,34.13,42.62,36.05,95.9,21.1,1.0844,9,39,8,37.4,0,0,0
2021-09-04,21:45:27,15.2,14.97,15.2,14.97,13.84,13.58,84,84,88,0,1,3,5.16,0.0,0.0,0.0,0.0,0.0,0.0,23.6,53,0,125,ON,OFF,ON,0,34.2,30,0,13492,OFF,OFF,29.4,29.5,16.28,29.4,18.59,9.0,6.0,84.55,38.0,68.17,15,72,33.5,17,3,1,OFF,OFF,100,100,6.128,1.268,1,0,ON,ON,0.922,4.372,0,0,OFF,OFF,0,0,100,100,0,0.156,73,664,12.9,67,19.1,0.008,34.9,42,10.323,20.3,1295,96,10.7,62.44213,378457,75,21,16.7,3,0,0.492,78,34.13,42.62,36.05,95.9,21.1,1.0844,9,39,8,37.4,0,0,0
2021-09-04,21:45:57,15.2,14.97,15.2,14.97,13.84,13.58,84,84,88,0,1,3,5.16,0.0,0.0,0.0,0.0,0.0,0.0,23.6,53,0,125,ON,OFF,ON,0,34.2,30,0,13492,OFF,OFF,29.4,29.5,16.28,29.4,18.59,9.0,6.0,84.55,38.0,68.17,15,72,33.5,17,3,1,OFF,OFF,100,100,6.128,1.268,1,0,ON,ON,0.922,4.372,0,0,OFF,OFF,0,0,100,100,0,0.156,73,664,12.9,67,19.1,0.008,34.9,42,10.323,20.3,1295,96,10.7,62.44213,378457,75,21,16.7,3,0,0.492,78,34.13,42.62,35.44,95.9,21.1,1.0844,9,39,8,37.4,0,0,0
2021-09-04,21:46:27,15.2,14.97,15.2,14.97,13.84,13.58,84,84,88,0,1,3,5.16,0.0,0.0,0.0,0.0,0.0,0.0,23.6,53,0,125,ON,OFF,ON,0,34.2,30,0,13492,OFF,OFF,29.4,29.5,16.28,29.4,18.59,9.0,6.0,84.55,38.0,68.17,15,72,33.5,17,3,1,OFF,OFF,100,100,6.128,1.268,1,0,ON,ON,0.922,4.372,0,0,OFF,OFF,0,0,100,100,0,0.156,73,664,12.9,67,19.1,0.008,34.9,42,10.323,20.3,1295,96,10.7,62.44213,378457,75,21,16.7,3,0,0.492,78,34.13,42.62,35.44,95.9,21.1,1.0844,9,39,8,37.4,0,0,0
2021-09-04,21:46:57,15.2,14.97,15.2,14.97,13.84,13.58,84,84,88,0,1,3,5.16,0.0,0.0,0.0,0.0,0.0,0.0,23.6,53,0,125,ON,OFF,ON,0,34.2,30,0,13492,OFF,OFF,29.4,29.5,16.28,29.4,18.59,9.0,6.0,84.55,38.0,68.17,15,72,33.5,17,3,1,OFF,OFF,100,100,6.128,1.268,1,0,ON,ON,0.922,4.372,0,0,OFF,OFF,0,0,100,100,0,0.156,73,664,12.9,67,19.1,0.008,34.9,42,10.323,20.3,1295,96,10.7,62.44213,378457,75,21,16.7,3,0,0.492,78,34.13,42.62,35.44,95.9,21.1,1.0844,9,39,8,37.4,0,0,0
2021-09-04,21:47:27,15.2,14.97,15.2,14.97,13.84,13.58,84,84,88,0,1,3,5.16,0.0,0.0,0.0,0.0,0.0,0.0,23.6,53,0,125,ON,OFF,ON,0,34.2,30,0,13492,OFF,OFF,29.4,29.5,16.28,29.4,18.59,9.0,6.0,84.55,38.0,68.17,15,72,33.5,17,3,1,OFF,OFF,100,100,6.128,1.268,1,0,ON,ON,0.922,4.372,0,0,OFF,OFF,0,0,100,100,0,0.156,73,664,12.9,67,19.1,0.008,34.9,42,10.323,20.3,1295,96,10.7,62.44213,378457,75,21,16.7,3,0,0.492,78,34.13,42.62,35.44,95.9,21.1,1.0844,9,39,8,37.4,0,0,0
2021-09-04,21:47:57,15.2,14.97,15.2,14.97,13.84,13.58,84,84,88,0,1,3,5.16,0.0,0.0,0.0,0.0,0.0,0.0,23.6,53,0,125,ON,OFF,ON,0,34.2,30,0,13492,OFF,OFF,29.4,29.5,16.28,29.4,18.59,9.0,6.0,84.55,38.0,68.17,15,72,33.5,17,3,1,OFF,OFF,100,100,6.128,1.268,1,0,ON,ON,0.922,4.372,0,0,OFF,OFF,0,0,100,100,0,0.156,73,664,12.9,67,19.1,0.008,34.9,42,10.323,20.3,1295,96,10.7,62.44213,378457,75,21,16.7,3,0,0.492,78,34.13,42.62,35.44,95.9,21.1,1.0844,9,39,8,37.4,0,0,0
2021-09-04,21:48:27,15.2,14.97,15.2,14.97,13.84,13.58,84,84,88,0,1,3,5.16,0.0,0.0,0.0,0.0,0.0,0.0,23.6,53,0,125,ON,OFF,ON,0,34.2,30,0,13492,OFF,OFF,29.4,29.5,16.28,29.4,18.59,9.0,6.0,84.55,38.0,68.17,15,72,33.5,17,3,1,OFF,OFF,100,100,6.128,1.268,1,0,ON,ON,0.922,4.372,0,0,OFF,OFF,0,0,100,100,0,0.156,73,664,12.9,67,19.1,0.008,34.9,42,10.323,20.3,1295,96,10.7,62.44213,378457,75,21,16.7,3,0,0.492,78,34.13,42.12,35.44,95.9,21.1,1.0844,9,39,8,37.4,0,0,0
2021-09-04,21:48:57,15.2,14.97,15.2,14.97,13.84,13.58,84,84,88,0,1,3,5.16,0.0,0.0,0.0,0.0,0.0,0.0,23.6,53,0,125,ON,OFF,ON,0,34.2,30,0,13492,OFF,OFF,29.4,29.5,16.28,29.4,18.59,9.0,6.0,84.55,38.0,68.17,15,72,33.5,17,3,1,OFF,OFF,100,100,6.128,1.268,1,0,ON,ON,0.922,4.372,0,0,OFF,OFF,0,0,100,100,0,0.156,73,664,12.9,67,19.1,0.008,34.9,42,10.323,20.3,1295,96,10.7,62.44213,378457,75,21,16.7,3,0,0.492,78,34.13,42.12,35.44,95.9,21.1,1.0844,9,39,8,37.4,0,0,0
2021-09-04,21:49:27,15.2,14.97,15.2,14.97,13.84,13.58,84,84,88,0,1,3,5.16,0.0,0.0,0.0,0.0,0.0,0.0,23.6,53,0,125,ON,OFF,ON,0,34.2,30,0,13492,OFF,OFF,29.4,29.5,16.28,29.4,18.59,9.0,6.0,84.55,38.0,68.17,15,72,33.5,17,3,1,OFF,OFF,100,100,6.128,1.268,1,0,ON,ON,0.922,4.372,0,0,OFF,OFF,0,0,100,100,0,0.156,73,664,12.9,67,19.1,0.008,34.9,42,10.323,20.3,1295,96,10.7,62.44213,378457,75,21,16.7,3,0,0.492,78,34.13,42.12,35.44,95.9,21.1,1.0844,9,39,8,37.4,0,0,0
2021-09-04,21:49:57,15.2,14.97,15.2,14.97,13.84,13.58,84,84,88,0,1,3,5.16,0.0,0.0,0.0,0.0,0.0,0.0,23.6,53,0,125,ON,OFF,ON,0,34.2,30,0,13492,OFF,OFF,29.4,29.5,16.28,29.4,18.59,9.0,6.0,84.55,38.0,68.17,15,72,33.5,17,3,1,OFF,OFF,100,100,6.128,1.268,1,0,ON,ON,0.922,4.372,0,0,OFF,OFF,0,0,100,100,0,0.156,73,664,12.9,67,19.1,0.008,34.9,42,10.323,20.3,1295,96,10.7,62.44213,378457,75,21,16.7,3,0,0.492,78,34.13,42.12,35.44,95.9,21.1,1.0844,9,39,8,37.4,0,0,0
2021-09-04,21:50:27,15.2,14.97,15.2,14.97,13.84,13.58,84,84,88,0,1,3,5.16,0.0,0.0,0.0,0.0,0.0,0.0,23.6,53,0,125,ON,OFF,ON,0,34.2,30,0,13492,OFF,OFF,29.4,29.5,16.28,29.4,18.59,9.0,6.0,84.55,38.0,68.17,15,72,33.5,17,3,1,OFF,OFF,100,100,6.128,1.268,1,0,ON,ON,0.922,4.372,0,0,OFF,OFF,0,0,100,100,0,0.156,73,664,12.9,67,19.1,0.008,34.9,42,10.323,20.3,1295,96,10.7,62.44213,378457,75,21,16.7,3,0,0.492,78,34.13,42.12,35.44,95.9,21.1,1.0844,9,39,8,37.4,0,0,0
2021-09-04,21:50:57,15.2,14.97,15.2,14.97,13.84,13.58,84,84,88,0,1,3,5.16,0.0,0.0,0.0,0.0,0.0,0.0,23.6,53,0,125,ON,OFF,ON,0,34.2,30,0,13492,OFF,OFF,29.4,29.5,16.28,29.4,18.59,9.0,6.0,84.55,38.0,68.17,15,72,33.5,17,3,1,OFF,OFF,100,100,6.128,1.268,1,0,ON,ON,0.922,4.372,0,0,OFF,OFF,0,0,100,100,0,0.156,73,664,12.9,67,19.1,0.008,34.9,42,10.323,20.3,1295,96,10.7,62.44213,378457,75,21,16.7,3,0,0.492,78,34.13,42.12,35.44,95.9,21.1,1.0844,9,39,8,37.4,0,0,0
2021-09-04,21:51:27,15.2,14.97,15.2,14.97,13.84,13.58,84,84,88,0,1,3,5.16,0.0,0.0,0.0,0.0,0.0,0.0,23.6,53,0,125,ON,OFF,ON,0,34.2,30,0,13492,OFF,OFF,29.4,29.5,16.28,29.4,18.59,9.0,6.0,84.55,38.0,68.17,15,72,33.5,17,3,1,OFF,OFF,100,100,6.128,1.268,1,0,ON,ON,0.922,4.372,0,0,OFF,OFF,0,0,100,100,0,0.156,73,664,12.9,67,19.1,0.008,34.9,42,10.323,20.3,1295,96,10.7,62.44213,378457,75,21,16.7,3,0,0.492,78,34.13,42.12,35.44,95.9,21.1,1.0844,9,39,8,37.4,0,0,0
2021-09-04,21:51:57,15.2,14.97,15.2,14.97,13.84,13.58,84,84,88,0,1,3,5.16,0.0,0.0,0.0,0.0,0.0,0.0,23.6,53,0,125,ON,OFF,ON,0,34.2,30,0,13492,OFF,OFF,29.4,29.5,16.28,29.4,18.59,9.0,6.0,84.55,38.0,68.17,15,72,33.5,17,3,1,OFF,OFF,100,100,6.128,1.268,1,0,ON,ON,0.922,4.372,0,0,OFF,OFF,0,0,100,100,0,0.156,73,664,12.9,67,19.1,0.008,34.9,42,9.817,20.3,1295,96,10.7,62.44213,378457,75,21,16.7,3,0,0.492,78,34.13,42.12,35.44,95.9,21.1,1.0844,9,39,8,37.4,0,0,0
2021-09-04,21:52:27,15.2,14.97,15.2,14.97,13.84,13.58,84,84,88,0,1,3,5.16,0.0,0.0,0.0,0.0,0.0,0.0,23.6,53,0,125,ON,OFF,ON,0,34.2,30,0,13492,OFF,OFF,29.4,29.5,16.28,29.4,18.59,9.0,6.0,84.55,38.0,68.17,15,72,33.5,17,3,1,OFF,OFF,100,100,6.128,1.268,1,0,ON,ON,0.922,4.372,0,0,OFF,OFF,0,0,100,100,0,0.156,73,664,12.9,67,19.1,0.008,34.9,42,9.817,20.3,1295,96,10.7,62.44213,378457,75,21,16.7,3,0,0.492,78,34.13,42.12,35.44,95.9,21.1,1.0844,9,39,8,37.4,0,0,0
2021-09-04,21:52:57,15.2,14.97,15.2,14.97,13.84,13.58,84,84,88,0,1,3,5.16,0.0,0.0,0.0,0.0,0.0,0.0,23.6,53,0,125,ON,OFF,ON,0,34.2,30,0,13492,OFF,OFF,29.4,29.5,16.28,29.4,18.59,9.0,6.0,84.55,38.0,68.17,15,72,33.5,17,3,1,OFF,OFF,100,100,6.128,1.268,1,0,ON,ON,0.922,4.372,0,0,OFF,OFF,0,0,100,100,0,0.156,73,664,12.9,67,19.1,0.008,34.9,42,9.817,20.3,1295,96,10.7,62.44213,378457,75,21,16.7,3,0,0.492,78,34.13,42.12,35.44,95.9,21.1,1.0844,9,39,8,37.4,0,0,0
2021-09-04,21:53:27,15.2,14.97,15.2,14.97,13.84,13.58,84,84,88,0,1,3,5.16,0.0,0.0,0.0,0.0,0.0,0.0,23.6,53,0,125,ON,OFF,ON,0,34.2,30,0,13492,OFF,OFF,29.4,29.5,16.28,29.4,18.59,9.0,6.0,84.55,38.0,68.17,15,72,33.5,17,3,1,OFF,OFF,100,100,6.128,1.268,1,0,ON,ON,0.922,4.372,0,0,OFF,OFF,0,0,100,100,0,0.156,73,664,12.9,67,19.1,0.008,34.9,42,9.817,20.3,1295,96,10.7,62.44213,378457,75,21,16.7,3,0,0.492,78,34.13,42.12,35.44,95.9,21.1,1.0844,9,39,8,37.4,0,0,0
2021-09-04,21:53:57,15.2,14.97,15.2,14.97,13.84,13.58,84,84,88,0,1,3,5.16,0.0,0.0,0.0,0.0,0.0,0.0,23.6,53,0,125,ON,OFF,ON,0,34.2,30,0,13492,OFF,OFF,29.4,29.5,16.28,29.4,18.59,9.0,6.0,84.55,38.0,68.17,15,72,33.5,17,3,1,OFF,OFF,100,100,6.128,1.268,1,0,ON,ON,0.922,4.372,0,0,OFF,OFF,0,0,100,100,0,0.156,73,664,12.9,67,19.1,0.008,34.9,42,9.817,20.3,1295,96,10.7,62.44213,378457,75,21,16.7,3,0,0.492,78,34.13,42.12,35.44,95.9,21.1,1.0844,9,39,8,37.4,0,0,0
2021-09-04,21:54:27,15.2,14.97,15.2,14.97,13.84,13.58,84,84,88,0,1,3,5.16,0.0,0.0,0.0,0.0,0.0,0.0,23.6,53,0,125,ON,OFF,ON,0,34.2,30,0,13492,OFF,OFF,29.4,29.5,16.28,29.4,18.59,9.0,6.0,84.55,38.0,68.17,15,72,33.5,17,3,1,OFF,OFF,100,100,6.128,1.268,1,0,ON,ON,0.922,4.372,0,0,OFF,OFF,0,0,100,100,0,0.156,73,664,12.9,67,19.1,0.008,34.9,42,9.817,20.3,1295,96,10.7,62.44213,378457,75,21,16.7,3,0,0.492,78,34.13,42.12,35.44,95.9,21.1,1.0844,9,39,8,37.4,0,0,0
2021-09-04,21:54:57,15.2,14.97,15.2,14.97,13.84,13.58,84,84,88,0,1,3,5.16,0.0,0.0,0.0,0.0,0.0,0.0,23.6,53,0,125,ON,OFF,ON,0,34.2,30,0,13492,OFF,OFF,29.4,29.5,16.28,29.4,18.59,9.0,6.0,84.55,38.0,68.17,15,72,33.5,17,3,1,OFF,OFF,100,100,6.128,1.268,1,0,ON,ON,0.922,4.372,0,0,OFF,OFF,0,0,100,100,0,0.156,73,664,12.9,67,19.1,0.008,34.9,42,9.817,20.3,1295,96,10.7,62.44213,378457,75,21,16.7,3,0,0.492,78,34.13,42.12,35.44,95.9,21.1,1.0844,9,39,8,37.4,0,0,0
2021-09-04,21:55:27,15.2,14.97,15.2,14.97,13.84,13.58,84,84,88,0,1,3,5.16,0.0,0.0,0.0,0.0,0.0,0.0,23.6,53,0,125,ON,OFF,ON,0,34.2,30,0,13492,OFF,OFF,29.4,29.5,16.28,29.4,18.59,9.0,6.0,84.55,38.0,68.17,15,73,33.5,17,3,1,OFF,OFF,100,100,6.128,1.268,1,0,ON,ON,0.922,4.372,0,0,OFF,OFF,0,0,100,100,0,0.156,73,664,12.9,67,19.1,0.008,34.9,42,9.817,20.3,1295,96,10.7,62.44213,378457,75,21,16.7,3,0,0.492,78,34.13,42.12,35.44,95.9,21.1,1.0844,9,39,8,37.4,0,0,0
2021-09-04,21:55:57,15.2,14.97,15.2,14.97,13.84,13.58,84,84,88,0,1,3,5.16,0.0,0.0,0.0,0.0,0.0,0.0,23.6,53,0,125,ON,OFF,ON,0,34.2,30,0,13492,OFF,OFF,29.4,29.5,16.28,29.4,18.59,9.0,6.0,84.55,38.0,68.17,15,73,33.5,17,3,1,OFF,OFF,100,100,6.128,1.268,1,0,ON,ON,0.922,4.372,0,0,OFF,OFF,0,0,100,100,0,0.156,73,664,12.9,67,19.1,0.008,34.9,42,9.817,20.3,1295,96,10.7,62.44213,378457,75,21,16.7,3,0,0.492,78,34.13,42.12,35.44,95.9,21.1,1.0844,9,39,8,37.4,0,0,0
2021-09-04,21:56:27,15.2,14.97,15.2,14.97,13.84,13.58,84,84,88,0,1,3,5.16,0.0,0.0,0.0,0.0,0.0,0.0,23.6,53,0,125,ON,OFF,ON,0,34.2,30,0,13492,OFF,OFF,29.4,29.5,16.28,29.4,18.59,9.0,6.0,84.55,38.0,68.17,15,73,33.5,17,3,1,OFF,OFF,100,100,6.128,1.268,1,0,ON,ON,0.922,4.372,0,0,OFF,OFF,0,0,100,100,0,0.156,73,664,12.9,67,19.1,0.008,34.9,42,9.817,20.3,1295,96,10.7,62.44213,378457,75,21,16.7,3,0,0.492,78,34.13,42.12,35.44,95.9,21.1,1.0844,9,39,8,37.4,0,0,0
2021-09-04,21:56:57,15.2,14.97,15.2,14.97,13.84,13.58,84,84,88,0,1,3,5.16,0.0,0.0,0.0,0.0,0.0,0.0,23.6,53,0,125,ON,OFF,ON,0,34.2,30,0,13492,OFF,OFF,29.4,29.5,16.28,29.4,18.59,9.0,6.0,84.55,38.0,68.17,15,73,33.5,17,3,1,OFF,OFF,100,100,6.128,1.268,1,0,ON,ON,0.922,4.372,0,0,OFF,OFF,0,0,100,100,0,0.156,73,664,12.9,67,19.1,0.008,34.9,42,9.817,20.3,1295,96,10.7,62.44213,378457,75,21,16.7,3,0,0.492,78,34.13,42.12,35.44,95.9,21.1,1.0844,9,39,8,37.4,0,0,0
2021-09-04,21:57:27,15.2,14.97,15.2,14.97,13.84,13.58,84,84,88,0,1,3,5.16,0.0,0.0,0.0,0.0,0.0,0.0,23.6,53,0,125,ON,OFF,ON,0,34.2,30,0,13492,OFF,OFF,29.4,29.5,16.28,29.4,18.59,9.0,6.0,84.55,38.0,68.17,15,73,33.5,17,3,1,OFF,OFF,100,100,6.129,1.268,1,0,ON,ON,0.922,4.372,0,0,OFF,OFF,0,0,100,100,0,0.156,73,664,12.9,67,18.9,0.008,34.9,42,9.817,20.3,1295,96,10.7,62.44213,378457,75,21,16.7,3,0,0.492,78,34.13,42.12,35.44,95.9,21.1,1.0844,9,39,8,37.4,0,0,0
2021-09-04,21:57:57,15.2,14.97,15.2,14.97,13.84,13.58,84,84,88,0,1,3,5.16,0.0,0.0,0.0,0.0,0.0,0.0,23.6,53,0,125,ON,OFF,ON,0,34.2,30,0,13492,OFF,OFF,29.4,29.5,16.28,29.4,18.59,9.0,6.0,84.55,38.0,68.17,15,73,33.5,17,3,1,OFF,OFF,100,100,6.129,1.268,1,0,ON,ON,0.922,4.372,0,0,OFF,OFF,0,0,100,100,0,0.156,73,664,12.9,69,18.9,0.008,34.6,42,9.817,20.3,1295,96,10.7,62.44213,378457,75,21,16.7,3,0,0.492,78,34.13,42.12,35.44,95.9,21.1,1.0844,9,39,8,37.4,0,0,0
2021-09-04,21:58:27,15.2,14.97,15.2,14.97,13.84,13.58,84,84,88,0,1,3,5.16,0.0,0.0,0.0,0.0,0.0,0.0,23.6,53,0,125,ON,OFF,ON,0,34.2,30,0,13492,OFF,OFF,29.4,29.5,16.28,29.4,18.59,9.0,6.0,84.55,38.0,68.17,15,73,33.5,17,3,1,OFF,OFF,100,100,6.129,1.268,1,0,ON,ON,0.922,4.372,0,0,OFF,OFF,0,0,100,100,0,0.156,73,664,12.9,69,18.9,0.008,34.6,42,9.817,20.3,1295,96,10.7,62.44213,378457,75,21,16.7,3,0,0.492,78,34.13,42.12,35.44,95.9,21.1,1.0844,9,39,8,37.4,0,0,0
2021-09-04,21:58:57,15.2,14.97,15.2,14.97,13.84,13.58,84,84,88,0,1,3,5.16,0.0,0.0,0.0,0.0,0.0,0.0,23.6,53,0,125,ON,OFF,ON,0,34.2,30,0,13492,OFF,OFF,29.4,29.5,16.28,29.4,18.59,9.0,6.0,84.55,38.0,68.17,15,73,33.5,17,3,1,OFF,OFF,100,100,6.129,1.268,1,0,ON,ON,0.922,4.372,0,0,OFF,OFF,0,0,100,100,0,0.156,73,664,12.9,69,18.9,0.008,34.6,42,9.817,20.3,1295,96,10.7,62.44213,378457,75,21,16.7,3,0,0.492,78,34.13,42.12,35.44,95.9,21.1,1.0844,9,39,8,37.4,0,0,0
2021-09-04,21:59:27,15.2,14.97,15.2,14.97,13.84,13.58,84,84,88,0,1,3,5.16,0.0,0.0,0.0,0.0,0.0,0.0,23.6,53,0,125,ON,OFF,ON,0,34.2,30,0,13492,OFF,OFF,29.4,29.5,16.28,29.4,18.59,9.0,6.0,84.55,38.0,68.17,15,73,33.5,17,3,1,OFF,OFF,100,100,6.129,1.268,1,0,ON,ON,0.922,4.372,0,0,OFF,OFF,0,0,100,100,0,0.156,73,664,12.9,69,18.9,0.008,34.6,42,9.817,20.3,1295,96,10.7,62.44213,378457,75,21,16.7,3,0,0.492,78,34.13,42.12,35.44,95.9,21.1,1.0844,9,39,8,37.4,0,0,0
2021-09-04,22:00:22,15.2,14.97,15.2,14.97,13.84,13.58,84,84,88,0,1,3,5.16,0.0,0.0,0.0,0.0,0.0,0.0,23.6,53,0,125,ON,OFF,ON,0,34.2,30,0,13492,OFF,OFF,29.4,29.5,16.28,29.4,18.59,9.0,6.0,84.55,38.0,68.17,15,73,33.5,17,3,1,OFF,OFF,100,100,6.129,1.268,1,0,ON,ON,0.922,4.372,0,0,OFF,OFF,0,0,100,100,0,0.156,73,664,12.9,69,18.9,0.008,34.6,42,9.817,20.3,1295,96,10.7,62.44213,378457,75,21,16.7,3,0,0.492,78,34.13,42.12,35.44,95.9,21.1,1.0844,9,39,8,37.4,0,0,0
2021-09-04,22:00:52,15.2,14.97,15.2,14.97,13.84,13.58,84,84,88,0,1,3,5.16,0.0,0.0,0.0,0.0,0.0,0.0,23.6,53,0,125,ON,OFF,ON,0,34.2,30,0,13492,OFF,OFF,29.4,29.5,16.28,29.4,18.59,9.0,6.0,84.55,38.0,68.17,15,73,33.5,17,3,1,OFF,OFF,100,100,6.129,1.268,1,0,ON,ON,0.922,4.372,0,0,OFF,OFF,0,0,100,100,0,0.156,73,664,12.9,69,18.9,0.008,34.6,42,9.817,20.3,1295,96,10.7,62.44213,378457,75,21,16.7,3,0,0.492,78,34.13,42.12,35.44,95.9,21.1,1.0844,9,39,8,37.4,0,0,0
2021-09-04,22:01:22,15.2,14.97,15.2,14.97,13.84,13.58,84,84,88,0,1,3,5.16,0.0,0.0,0.0,0.0,0.0,0.0,23.6,53,0,125,ON,OFF,ON,0,34.2,30,0,13492,OFF,OFF,29.4,29.5,16.28,29.4,18.59,9.0,6.0,84.55,38.0,68.17,15,73,33.5,17,3,1,OFF,OFF,100,100,6.129,1.268,1,0,ON,ON,0.922,4.372,0,0,OFF,OFF,0,0,100,100,0,0.156,73,664,12.9,69,18.9,0.008,34.6,42,9.817,20.3,1295,96,10.7,62.44213,378457,75,21,16.7,3,0,0.492,78,34.13,42.12,35.44,95.9,21.1,1.0844,9,39,8,37.4,0,0,0
2021-09-04,22:01:52,15.2,14.97,15.2,14.97,13.84,13.58,84,84,88,0,1,3,5.16,0.0,0.0,0.0,0.0,0.0,0.0,23.6,53,0,125,ON,OFF,ON,0,34.2,30,0,13492,OFF,OFF,29.4,29.5,16.28,29.4,18.59,9.0,6.0,84.55,38.0,68.17,15,73,33.5,17,3,1,OFF,OFF,100,100,6.129,1.268,1,0,ON,ON,0.922,4.372,0,0,OFF,OFF,0,0,100,100,0,0.156,73,664,12.9,69,18.7,0.008,34.6,42,9.817,20.3,1295,96,10.7,62.44213,378457,75,21,16.7,3,0,0.492,78,34.13,42.12,35.44,95.9,21.1,1.0844,9,39,8,37.4,0,0,0
2021-09-04,22:02:25,15.2,14.97,15.2,14.97,13.84,13.58,84,84,88,0,1,3,5.16,0.0,0.0,0.0,0.0,0.0,0.0,23.6,53,0,125,ON,OFF,ON,0,34.2,30,0,13492,OFF,OFF,29.4,29.5,16.28,29.4,18.59,9.0,6.0,84.55,38.0,68.17,15,73,32.5,17,3,1,OFF,OFF,100,100,6.129,1.268,1,0,ON,ON,0.922,4.372,0,0,OFF,OFF,0,0,100,100,0,0.156,73,664,12.9,69,18.7,0.008,34.6,42,9.817,20.3,1295,96,10.7,62.44213,378457,75,21,16.7,3,0,0.492,78,34.13,42.12,35.44,95.9,21.1,1.0844,9,39,8,37.4,0,0,0
2021-09-04,22:02:55,15.2,14.97,15.2,14.97,13.84,13.58,84,84,88,0,1,3,5.16,0.0,0.0,0.0,0.0,0.0,0.0,23.6,53,0,125,ON,OFF,ON,0,34.2,30,0,13492,OFF,OFF,29.4,29.5,16.28,29.4,18.59,9.0,6.0,84.55,38.0,68.17,15,73,32.5,17,3,1,OFF,OFF,100,100,6.129,1.268,1,0,ON,ON,0.922,4.372,0,0,OFF,OFF,0,0,100,100,0,0.156,73,664,12.9,69,18.7,0.008,34.6,42,9.817,20.3,1295,96,10.7,62.44213,378457,75,21,16.7,3,0,0.492,78,34.13,42.12,35.44,95.9,21.1,1.0844,9,39,8,37.4,0,0,0
2021-09-04,22:03:25,15.2,14.97,15.2,14.97,13.84,13.58,84,84,88,0,1,3,5.16,0.0,0.0,0.0,0.0,0.0,0.0,23.6,53,0,125,ON,OFF,ON,0,34.2,30,0,13492,OFF,OFF,29.4,29.5,16.28,29.4,18.59,9.0,6.0,84.55,38.0,68.17,15,74,32.5,17,3,1,OFF,OFF,100,100,6.129,1.268,1,0,ON,ON,0.922,4.372,0,0,OFF,OFF,0,0,100,100,0,0.156,73,664,12.9,69,18.7,0.008,34.6,42,9.817,20.3,1295,96,10.7,62.44213,378457,75,21,16.7,3,0,0.492,78,34.13,42.12,35.44,95.9,21.1,1.0844,9,39,8,37.4,0,0,0
2021-09-04,22:03:55,15.2,14.97,15.2,14.97,13.84,13.58,84,84,88,0,1,3,5.16,0.0,0.0,0.0,0.0,0.0,0.0,23.6,53,0,125,ON,OFF,ON,0,34.2,30,0,13492,OFF,OFF,29.4,29.5,16.28,29.4,18.59,9.0,6.0,84.55,38.0,68.17,15,74,32.5,17,3,1,OFF,OFF,100,100,6.129,1.268,1,0,ON,ON,0.922,4.372,0,0,OFF,OFF,0,0,100,100,0,0.156,73,664,12.9,69,18.7,0.008,34.4,42,9.817,20.3,1295,96,10.7,62.44213,378457,75,21,16.7,3,0,0.492,78,34.13,42.12,35.44,95.9,21.1,1.0844,9,39,8,37.4,0,0,0
2021-09-04,22:04:25,15.2,14.97,15.2,14.97,13.84,13.58,84,84,88,0,1,3,5.16,0.0,0.0,0.0,0.0,0.0,0.0,23.6,53,0,125,ON,OFF,ON,0,34.2,30,0,13492,OFF,OFF,29.4,29.5,16.28,29.4,18.59,9.0,6.0,84.55,38.0,68.17,15,74,32.5,17,3,1,OFF,OFF,100,100,6.129,1.268,1,0,ON,ON,0.922,4.372,0,0,OFF,OFF,0,0,100,100,0,0.156,73,664,12.9,69,18.7,0.008,34.4,42,9.817,20.3,1295,96,10.7,62.44213,378457,75,21,16.7,3,0,0.492,78,34.13,42.12,35.44,95.9,21.1,1.0844,9,39,8,37.4,0,0,0
2021-09-04,22:04:55,15.2,14.97,15.2,14.97,13.84,13.58,84,84,88,0,1,3,5.16,0.0,0.0,0.0,0.0,0.0,0.0,23.6,53,0,125,ON,OFF,ON,0,34.2,30,0,13492,OFF,OFF,29.4,29.5,16.28,29.4,18.59,9.0,6.0,84.55,38.0,68.17,15,74,32.5,17,3,1,OFF,OFF,100,100,6.129,1.268,1,0,ON,ON,0.922,4.372,0,0,OFF,OFF,0,0,100,100,0,0.156,73,664,12.9,69,18.7,0.008,34.4,42,9.817,20.3,1295,96,10.7,62.44213,378457,75,21,16.7,3,0,0.492,78,34.13,42.12,35.44,95.9,21.1,1.0844,9,39,8,37.4,0,0,0
2021-09-04,22:05:25,15.2,14.97,15.2,14.97,13.84,13.58,84,84,88,0,1,3,5.16,0.0,0.0,0.0,0.0,0.0,0.0,23.6,53,0,125,ON,OFF,ON,0,34.2,30,0,13492,OFF,OFF,29.4,29.5,16.28,29.4,18.59,9.0,6.0,84.55,38.0,68.17,15,74,32.5,17,3,1,OFF,OFF,100,100,6.129,1.268,1,0,ON,ON,0.922,4.372,0,0,OFF,OFF,0,0,100,100,0,0.156,73,664,12.9,69,18.7,0.008,34.4,42,9.817,20.3,1295,96,10.7,62.44213,378457,75,21,16.7,3,0,0.492,78,34.13,42.12,35.44,95.9,21.1,1.0844,9,39,8,37.4,0,0,0
2021-09-04,22:05:55,15.2,14.97,15.2,14.97,13.84,13.58,84,84,88,0,1,3,5.16,0.0,0.0,0.0,0.0,0.0,0.0,23.6,53,0,125,ON,OFF,ON,0,34.2,30,0,13492,OFF,OFF,29.4,29.5,16.28,29.4,18.59,9.0,6.0,84.55,38.0,68.17,15,74,32.5,17,3,1,OFF,OFF,100,100,6.129,1.268,1,0,ON,ON,0.922,4.372,0,0,OFF,OFF,0,0,100,100,0,0.156,73,664,12.9,69,18.7,0.008,34.4,42,9.817,20.3,1295,96,10.7,62.44213,378457,75,21,16.7,3,0,0.492,78,34.13,42.12,35.44,95.9,21.1,1.0844,9,39,8,37.4,0,0,0
2021-09-04,22:06:25,15.2,14.97,15.2,14.97,13.84,13.58,84,84,88,0,1,3,5.16,0.0,0.0,0.0,0.0,0.0,0.0,23.6,53,0,125,ON,OFF,ON,0,34.2,30,0,13492,OFF,OFF,29.4,29.5,16.28,29.4,18.59,9.0,6.0,84.55,38.0,68.17,15,74,32.5,17,3,1,OFF,OFF,100,100,6.129,1.268,1,0,ON,ON,0.922,4.372,0,0,OFF,OFF,0,0,100,100,0,0.156,73,664,12.9,69,18.7,0.008,34.4,42,9.817,20.3,1295,96,10.7,62.44213,378457,75,21,16.7,3,0,0.492,78,34.13,42.12,35.44,95.9,21.1,1.0844,9,39,8,37.4,0,0,0
2021-09-04,22:06:55,15.2,14.97,15.2,14.97,13.84,13.58,84,84,88,0,1,3,5.16,0.0,0.0,0.0,0.0,0.0,0.0,23.6,53,0,125,ON,OFF,ON,0,34.2,30,0,13492,OFF,OFF,29.4,29.5,16.28,29.4,18.59,9.0,6.0,84.55,38.0,68.17,15,74,32.5,17,3,1,OFF,OFF,100,100,6.129,1.268,1,0,ON,ON,0.922,4.372,0,0,OFF,OFF,0,0,100,100,0,0.156,73,664,12.9,69,18.7,0.008,34.4,42,9.817,20.3,1295,96,10.7,62.44213,378457,75,21,16.7,3,0,0.492,78,34.13,42.12,35.44,95.9,21.1,1.0844,9,39,8,37.4,0,0,0
2021-09-04,22:07:25,15.2,14.97,15.2,14.97,13.84,13.58,84,84,88,0,1,3,5.16,0.0,0.0,0.0,0.0,0.0,0.0,23.6,53,0,125,ON,OFF,ON,0,34.2,30,0,13492,OFF,OFF,29.4,29.5,16.28,29.4,18.59,9.0,6.0,84.55,38.0,68.17,15,74,32.5,17,3,1,OFF,OFF,100,100,6.129,1.268,1,0,ON,ON,0.922,4.372,0,0,OFF,OFF,0,0,100,100,0,0.156,73,664,12.9,69,18.7,0.008,34.4,42,9.817,20.3,1295,96,10.7,62.44213,378457,75,21,16.7,3,0,0.492,78,34.13,42.12,35.44,95.9,21.1,1.0844,9,39,8,37.4,0,0,0
2021-09-04,22:07:55,15.2,14.97,15.2,14.97,13.84,13.58,84,84,88,0,1,3,5.16,0.0,0.0,0.0,0.0,0.0,0.0,23.6,53,0,125,ON,OFF,ON,0,34.2,30,0,13492,OFF,OFF,29.4,29.5,16.28,29.4,18.59,9.0,6.0,84.55,38.0,68.17,15,74,32.5,17,3,1,OFF,OFF,100,100,6.129,1.268,1,0,ON,ON,0.922,4.372,0,0,OFF,OFF,0,0,100,100,0,0.156,73,664,12.9,69,18.7,0.008,34.4,42,9.817,20.3,1295,96,10.7,62.44213,378457,75,21,16.7,3,0,0.492,78,34.13,42.12,35.44,95.9,21.1,1.0844,9,39,8,37.4,0,0,0
2021-09-04,22:08:25,15.2,14.97,15.2,14.97,13.84,13.58,84,84,88,0,1,3,5.16,0.0,0.0,0.0,0.0,0.0,0.0,23.6,53,0,125,ON,OFF,ON,0,34.2,30,0,13492,OFF,OFF,29.4,29.5,16.28,29.4,17.93,9.0,6.0,84.55,38.0,68.17,15,74,32.5,17,3,1,OFF,OFF,100,100,6.129,1.268,1,0,ON,ON,0.922,4.372,0,0,OFF,OFF,0,0,100,100,0,0.156,73,664,12.9,69,18.7,0.008,34.4,42,9.817,20.3,1295,96,10.7,62.44213,378457,75,21,16.7,3,0,0.492,78,34.13,42.12,35.44,95.9,21.1,1.0844,9,39,8,37.4,0,0,0
2021-09-04,22:08:55,15.2,14.97,15.2,14.97,13.84,13.58,84,84,88,0,1,3,5.16,0.0,0.0,0.0,0.0,0.0,0.0,23.6,53,0,125,ON,OFF,ON,0,34.2,30,0,13492,OFF,OFF,29.4,29.5,16.28,29.4,17.93,9.0,6.0,84.55,38.0,68.17,15,74,32.5,17,3,1,OFF,OFF,100,100,6.129,1.268,1,0,ON,ON,0.922,4.372,0,0,OFF,OFF,0,0,100,100,0,0.156,73,664,12.9,69,18.7,0.008,34.4,42,9.817,20.3,1295,96,10.7,62.44213,378457,75,21,16.7,3,0,0.492,78,34.13,42.12,35.44,95.9,21.1,1.0844,9,39,8,37.4,0,0,0
2021-09-04,22:09:25,15.2,14.97,15.2,14.97,13.84,13.58,84,84,88,0,1,3,5.16,0.0,0.0,0.0,0.0,0.0,0.0,23.6,53,0,125,ON,OFF,ON,0,34.2,30,0,13492,OFF,OFF,29.4,29.5,16.28,29.4,17.93,9.0,6.0,84.55,38.0,68.17,15,74,32.5,17,3,1,OFF,OFF,100,100,6.129,1.268,1,0,ON,ON,0.922,4.372,0,0,OFF,OFF,0,0,100,100,0,0.156,73,664,12.9,69,18.7,0.008,34.4,42,9.817,20.3,1295,96,10.7,62.44213,378457,75,21,16.7,3,0,0.492,78,34.13,42.12,35.44,95.9,21.1,1.0844,9,39,8,37.4,0,0,0
2021-09-04,22:09:55,15.2,14.97,15.2,14.97,13.84,13.58,84,84,88,0,1,3,5.16,0.0,0.0,0.0,0.0,0.0,0.0,23.6,53,0,125,ON,OFF,ON,0,34.2,30,0,13492,OFF,OFF,29.4,29.5,16.28,29.4,17.93,9.0,6.0,84.55,38.0,68.17,15,74,32.5,17,3,1,OFF,OFF,100,100,6.129,1.268,1,0,ON,ON,0.922,4.372,0,0,OFF,OFF,0,0,100,100,0,0.156,73,664,12.9,69,18.7,0.008,34.4,42,9.817,20.3,1295,96,10.7,62.44213,378457,75,21,16.7,3,0,0.492,78,34.13,42.12,35.44,95.9,21.1,1.0844,9,39,8,37.4,0,0,0
2021-09-04,22:10:25,15.2,14.97,15.2,14.97,13.84,13.58,84,84,88,0,1,3,5.16,0.0,0.0,0.0,0.0,0.0,0.0,23.6,53,0,125,ON,OFF,ON,0,34.2,30,0,13492,OFF,OFF,29.4,29.5,16.28,29.4,17.93,9.0,6.0,84.55,38.0,68.17,15,74,32.5,17,3,1,OFF,OFF,100,100,6.129,1.268,1,0,ON,ON,0.922,4.372,0,0,OFF,OFF,0,0,100,100,0,0.156,73,664,12.9,69,18.7,0.008,34.4,42,9.817,20.3,1295,96,10.7,62.44213,378457,75,21,16.7,3,0,0.492,78,34.13,42.12,35.44,95.9,21.1,1.0844,9,39,8,37.4,0,0,0
2021-09-04,22:10:55,15.2,14.97,15.2,14.97,13.84,13.58,84,84,88,0,1,3,5.16,0.0,0.0,0.0,0.0,0.0,0.0,23.6,53,0,125,ON,OFF,ON,0,34.2,30,0,13492,OFF,OFF,29.4,29.5,16.28,29.4,17.93,9.0,6.0,84.55,38.0,68.17,15,74,32.5,17,3,1,OFF,OFF,100,100,6.129,1.268,1,0,ON,ON,0.922,4.372,0,0,OFF,OFF,0,0,100,100,0,0.156,73,664,12.9,69,18.7,0,34.4,42,0,20.3,1295,96,10.7,62.44213,378457,75,21,16.7,3,0,0.492,78,33.61,42.12,35.44,95.9,21.1,1.0844,9,39,8,37.4,0,0,0
2021-09-04,22:11:25,15.2,14.97,15.2,14.97,13.84,13.58,84,84,88,0,1,3,5.16,0.0,0.0,0.0,0.0,0.0,0.0,23.6,53,0,125,ON,OFF,ON,0,34.2,30,0,13492,OFF,OFF,29.4,29.5,16.28,29.4,17.93,9.0,6.0,84.55,38.0,68.17,15,74,32.5,17,3,1,OFF,OFF,100,100,6.129,1.268,1,0,ON,ON,0.922,4.372,0,0,OFF,OFF,0,0,100,100,0,0.156,73,664,12.9,69,18.7,0,34.4,42,0,20.3,1295,96,10.7,62.44213,378457,75,21,16.7,3,0,0.492,78,33.61,42.12,35.44,95.9,21.1,1.0844,9,39,8,37.4,0,0,0
2021-09-04,22:11:55,15.2,14.97,15.2,14.97,13.84,13.58,84,84,88,0,1,3,5.16,0.0,0.0,0.0,0.0,0.0,0.0,23.6,53,0,125,ON,OFF,ON,0,34.2,30,0,13492,OFF,OFF,29.4,29.5,16.28,29.4,17.93,9.0,6.0,84.55,38.0,68.17,15,74,32.5,17,3,1,OFF,OFF,100,100,6.129,1.268,1,0,ON,ON,0.922,4.372,0,0,OFF,OFF,0,0,100,100,0,0.156,73,664,12.9,69,18.7,0,34.4,42,0,20.3,1295,96,10.7,62.44213,378457,75,21,16.7,3,0,0.492,78,33.61,42.12,35.44,95.9,21.1,1.0844,9,39,8,37.4,0,0,0
2021-09-04,22:12:26,15.2,14.97,15.2,14.97,13.84,13.58,84,84,88,0,1,3,5.16,0.0,0.0,0.0,0.0,0.0,0.0,23.6,53,0,125,ON,OFF,ON,0,34.2,30,0,13492,OFF,OFF,29.4,29.5,16.28,29.4,17.93,9.0,6.0,84.55,38.0,68.17,15,74,32.5,17,3,1,OFF,OFF,100,100,6.129,1.268,1,0,ON,ON,0.922,4.372,0,0,OFF,OFF,0,0,100,100,0,0.156,73,664,12.9,69,18.7,0,34.4,42,0,20.3,1295,96,10.7,62.44213,378457,75,21,16.7,3,0,0.492,78,33.61,42.12,35.44,95.9,21.1,1.0844,9,39,8,37.4,0,0,0
2021-09-04,22:12:56,15.2,14.97,15.2,14.97,13.84,13.58,84,84,88,0,1,3,5.16,0.0,0.0,0.0,0.0,0.0,0.0,23.6,53,0,125,ON,OFF,ON,0,34.2,30,0,13492,OFF,OFF,29.4,29.5,16.28,29.4,17.93,9.0,6.0,84.55,38.0,68.17,15,74,32.5,17,3,1,OFF,OFF,100,100,6.129,1.268,1,0,ON,ON,0.922,4.372,0,0,OFF,OFF,0,0,100,100,0,0.156,73,664,12.9,69,18.7,0,34.4,42,0,20.3,1295,96,10.7,62.44213,378457,75,21,16.7,3,0,0.492,78,33.61,42.12,35.44,95.9,21.1,1.0844,9,39,8,37.4,0,0,0
2021-09-04,22:13:36,15.2,14.97,15.2,14.97,13.84,13.58,84,84,88,0,1,3,5.16,0.0,0.0,0.0,0.0,0.0,0.0,23.6,53,0,125,ON,OFF,ON,0,34.2,30,0,13492,OFF,OFF,29.4,29.5,16.28,29.4,17.93,9.0,6.0,84.55,38.0,68.17,15,74,32.5,17,3,1,OFF,OFF,100,100,6.129,1.268,1,0,ON,ON,0.922,4.372,0,0,OFF,OFF,0,0,100,100,0,0.156,73,664,12.9,69,18.7,0,34.4,42,0,20.3,1295,96,10.7,62.44213,378457,75,21,16.7,3,0,0.492,78,33.61,42.12,35.44,95.9,21.1,1.0844,9,39,8,37.4,0,0,0
2021-09-04,22:14:06,15.2,14.97,15.2,14.97,13.84,13.58,84,84,88,0,1,3,5.16,0.0,0.0,0.0,0.0,0.0,0.0,23.6,53,0,125,ON,OFF,ON,0,34.2,30,0,13492,OFF,OFF,29.4,29.5,16.28,29.4,17.93,9.0,6.0,84.55,38.0,68.17,15,74,32.5,17,3,1,OFF,OFF,100,100,6.129,1.268,1,0,ON,ON,0.922,4.372,0,0,OFF,OFF,0,0,100,100,0,0.156,73,664,12.9,69,18.7,0,34.4,42,0,20.3,1295,96,10.7,62.44213,378457,75,21,16.7,3,0,0.492,78,33.61,42.12,35.44,95.9,21.1,1.0844,9,39,8,37.4,0,0,0
2021-09-04,22:14:36,15.2,14.97,15.2,14.97,13.84,13.58,84,84,88,0,1,3,5.16,0.0,0.0,0.0,0.0,0.0,0.0,23.6,53,0,125,ON,OFF,ON,0,34.2,30,0,13492,OFF,OFF,29.4,29.5,16.28,29.4,17.93,9.0,6.0,84.55,38.0,68.17,15,74,32.5,17,3,1,OFF,OFF,100,100,6.129,1.268,1,0,ON,ON,0.922,4.372,0,0,OFF,OFF,0,0,100,100,0,0.156,73,664,12.9,69,18.7,0,34.4,42,0,20.3,1295,96,10.7,62.44213,378457,75,21,16.7,3,0,0.492,78,33.61,42.12,35.44,95.9,21.1,1.0844,9,39,8,37.4,0,0,0
2021-09-04,22:15:06,15.2,14.97,15.2,14.97,13.84,13.58,84,84,88,0,1,3,5.16,0.0,0.0,0.0,0.0,0.0,0.0,23.6,53,0,125,ON,OFF,ON,0,34.2,30,0,13492,OFF,OFF,29.4,29.5,16.28,29.4,17.93,9.0,6.0,84.55,38.0,68.17,15,74,32.5,17,3,1,OFF,OFF,100,100,6.129,1.268,1,0,ON,ON,0.922,4.372,0,0,OFF,OFF,0,0,100,100,0,0.156,73,664,12.9,69,18.7,0,34.4,42,0,20.3,1295,96,10.7,62.44213,378457,75,21,16.7,3,0,0.492,78,33.61,42.12,35.44,95.9,21.1,1.0844,9,39,8,37.4,0,0,0
2021-09-04,22:15:53,15.2,14.97,15.2,14.97,13.84,13.58,84,84,88,0,1,3,5.16,0.0,0.0,0.0,0.0,0.0,0.0,23.6,53,0,125,ON,OFF,ON,0,34.2,30,0,13492,OFF,OFF,29.4,29.5,16.28,29.4,17.93,9.0,6.0,84.55,38.0,68.17,15,74,32.5,17,3,1,OFF,OFF,100,100,6.129,1.268,1,0,ON,ON,0.922,4.372,0,0,OFF,OFF,0,0,100,100,0,0.156,73,664,12.9,69,18.7,0,34.4,42,0,20.3,1295,96,10.7,62.44213,378457,75,21,16.7,3,0,0.492,78,33.61,42.12,34.83,95.9,21.1,1.0844,9,39,8,37.4,0,0,0
2021-09-04,22:16:23,15.2,14.97,15.2,14.97,13.84,13.58,84,84,88,0,1,3,5.16,0.0,0.0,0.0,0.0,0.0,0.0,23.6,53,0,125,ON,OFF,ON,0,34.2,30,0,13492,OFF,OFF,29.4,29.5,16.28,29.4,17.93,9.0,6.0,84.55,38.0,68.17,15,74,32.5,17,3,1,OFF,OFF,100,100,6.129,1.268,1,0,ON,ON,0.922,4.372,0,0,OFF,OFF,0,0,100,100,0,0.156,73,664,12.9,69,18.7,0,34.4,42,0,20.3,1295,96,10.7,62.44213,378457,75,21,16.7,3,0,0.492,78,33.61,42.12,34.83,95.9,21.1,1.0844,9,39,8,37.4,0,0,0
2021-09-04,22:16:53,15.2,14.97,15.2,14.97,13.84,13.58,84,84,88,0,1,3,5.16,0.0,0.0,0.0,0.0,0.0,0.0,23.6,53,0,125,ON,OFF,ON,0,34.2,30,0,13492,OFF,OFF,29.4,29.5,16.28,29.4,17.93,9.0,6.0,84.55,38.0,68.17,15,74,32.5,17,3,1,OFF,OFF,100,100,6.129,1.268,1,0,ON,ON,0.922,4.372,0,0,OFF,OFF,0,0,100,100,0,0.156,73,664,12.9,69,18.7,0,34.4,42,0,20.3,1187,96,10.7,62.44213,378457,75,21,16.7,3,0,0.492,78,33.61,42.12,34.83,95.9,21.1,1.0844,9,39,8,37.4,0,0,0
2021-09-04,22:17:23,15.2,14.97,15.2,14.97,13.84,13.58,84,84,88,0,1,3,5.16,0.0,0.0,0.0,0.0,0.0,0.0,23.6,53,0,125,ON,OFF,ON,0,34.2,30,0,13492,OFF,OFF,29.4,29.5,16.28,29.4,17.93,9.0,6.0,84.55,38.0,68.17,15,74,32.5,17,3,1,OFF,OFF,100,100,6.129,1.268,1,0,ON,ON,0.922,4.372,0,0,OFF,OFF,0,0,100,100,0,0.156,73,664,12.9,69,18.7,0,34.4,42,0,20.3,1187,96,10.7,62.44213,378457,75,21,16.7,3,0,0.492,78,33.61,42.12,34.83,95.9,21.1,1.0844,9,39,8,37.4,0,0,0
2021-09-04,22:17:53,15.2,14.97,15.2,14.97,13.84,13.58,84,84,88,0,1,3,5.16,0.0,0.0,0.0,0.0,0.0,0.0,23.6,53,0,125,ON,OFF,ON,0,34.2,30,0,13492,OFF,OFF,29.4,29.5,16.28,29.4,17.93,9.0,6.0,84.55,38.0,68.17,15,74,32.5,17,3,1,OFF,OFF,100,100,6.129,1.268,1,0,ON,ON,0.922,4.372,0,0,OFF,OFF,0,0,100,100,0,0.156,73,664,12.9,69,18.7,0,34.4,42,0,20.3,1187,96,10.7,62.44213,378457,75,21,16.7,3,0,0.492,78,33.61,42.12,34.83,95.9,21.1,1.0844,9,39,8,37.4,0,0,0
2021-09-04,22:18:23,15.2,14.97,15.2,14.97,13.84,13.58,84,84,88,0,1,3,5.16,0.0,0.0,0.0,0.0,0.0,0.0,23.6,53,0,125,ON,OFF,ON,0,34.2,30,0,13492,OFF,OFF,29.4,29.5,16.28,29.4,17.93,9.0,6.0,84.55,38.0,68.17,15,74,32.5,17,3,1,OFF,OFF,100,100,6.129,1.268,1,0,ON,ON,0.922,4.372,0,0,OFF,OFF,0,0,100,100,0,0.156,73,664,12.9,69,18.7,0,34.4,42,0,20.3,1187,96,10.7,62.44213,378457,75,21,16.7,3,0,0.492,78,33.61,42.12,34.83,95.9,21.1,1.0844,9,39,8,37.4,0,0,0
2021-09-04,22:18:53,15.2,14.97,15.2,14.97,13.84,13.58,84,84,88,0,1,3,5.16,0.0,0.0,0.0,0.0,0.0,0.0,23.6,53,0,125,ON,OFF,ON,0,34.2,30,0,13492,OFF,OFF,29.4,29.5,16.28,29.4,17.93,9.0,6.0,84.55,38.0,68.17,15,74,32.5,17,3,1,OFF,OFF,100,100,6.129,1.268,1,0,ON,ON,0.922,4.372,0,0,OFF,OFF,0,0,100,100,0,0.156,73,664,12.9,69,18.7,0,34.4,42,0,20.3,1187,96,10.7,62.44213,378457,75,21,16.7,3,0,0.492,78,33.61,42.12,34.83,95.9,21.1,1.0844,9,39,8,37.4,0,0,0
2021-09-04,22:19:23,15.2,14.97,15.2,14.97,13.84,13.58,84,84,88,0,1,3,5.16,0.0,0.0,0.0,0.0,0.0,0.0,23.6,53,0,125,ON,OFF,ON,0,34.2,30,0,13492,OFF,OFF,29.4,29.5,16.28,29.4,17.93,9.0,6.0,84.55,38.0,68.17,15,74,32.5,17,3,1,OFF,OFF,100,100,6.129,1.268,1,0,ON,ON,0.922,4.372,0,0,OFF,OFF,0,0,100,100,0,0.156,73,664,12.9,69,18.7,0,34.4,42,0,20.3,1187,96,10.7,62.44213,378457,75,21,16.7,3,0,0.492,78,33.61,42.12,34.83,95.9,21.1,1.0844,9,39,8,37.4,0,0,0
2021-09-04,22:19:53,15.2,14.97,15.2,14.97,13.84,13.58,84,84,88,0,1,3,5.16,0.0,0.0,0.0,0.0,0.0,0.0,23.6,53,0,125,ON,OFF,ON,0,34.2,30,0,13492,OFF,OFF,29.4,29.5,16.28,29.4,17.93,9.0,6.0,84.55,38.0,68.17,15,74,32.5,17,3,1,OFF,OFF,100,100,6.129,1.268,1,0,ON,ON,0.922,4.372,0,0,OFF,OFF,0,0,100,100,0,0.156,73,664,12.9,69,18.7,0,34.4,42,0,20.3,1187,96,10.7,62.44213,378457,75,21,16.7,3,0,0.492,78,33.61,42.12,34.83,95.9,21.1,1.0844,9,39,8,37.4,0,0,0
2021-09-04,22:20:23,15.2,14.97,15.2,14.97,13.84,13.58,84,84,88,0,1,3,5.16,0.0,0.0,0.0,0.0,0.0,0.0,23.6,53,0,125,ON,OFF,ON,0,34.2,30,0,13492,OFF,OFF,29.4,29.5,16.28,29.4,17.93,9.0,6.0,84.55,38.0,68.17,15,74,32.5,17,3,1,OFF,OFF,100,100,6.129,1.268,1,0,ON,ON,0.922,4.372,0,0,OFF,OFF,0,0,100,100,0,0.156,73,664,12.9,69,18.7,0,34.4,42,0,20.3,1187,96,10.7,62.44213,378457,75,21,16.7,3,0,0.492,78,33.61,42.12,34.83,95.9,21.1,1.0844,9,39,8,37.4,0,0,0
2021-09-04,22:20:53,15.2,14.97,15.2,14.97,13.84,13.58,84,84,88,0,1,3,5.16,0.0,0.0,0.0,0.0,0.0,0.0,23.6,53,0,125,ON,OFF,ON,0,34.2,30,0,13492,OFF,OFF,29.4,29.5,16.28,29.4,17.93,9.0,6.0,84.55,38.0,68.17,15,74,32.5,17,3,1,OFF,OFF,100,100,6.129,1.268,1,0,ON,ON,0.922,4.372,0,0,OFF,OFF,0,0,100,100,0,0.156,73,664,12.9,69,18.7,0,34.4,42,0,20.3,1187,96,10.7,62.44213,378457,75,21,16.7,3,0,0.492,78,33.61,42.12,34.83,95.9,21.1,1.0844,9,39,8,37.4,0,0,0
2021-09-04,22:21:23,15.2,14.97,15.2,14.97,13.84,13.58,84,84,88,0,1,3,5.16,0.0,0.0,0.0,0.0,0.0,0.0,23.6,53,0,125,ON,OFF,ON,0,34.2,30,0,13492,OFF,OFF,29.4,29.5,16.28,29.4,17.93,9.0,6.0,84.55,38.0,68.17,15,74,32.5,17,3,1,OFF,OFF,100,100,6.129,1.268,1,0,ON,ON,0.922,4.372,0,0,OFF,OFF,0,0,100,100,0,0.156,73,664,12.9,69,18.7,0,34.4,42,0,20.3,1187,96,10.7,62.44213,378457,75,21,16.7,3,0,0.492,78,33.61,42.12,34.83,95.9,21.1,1.0844,9,39,8,37.4,0,0,0
2021-09-04,22:21:53,15.2,14.97,15.2,14.97,13.84,13.58,84,84,88,0,1,3,5.16,0.0,0.0,0.0,0.0,0.0,0.0,23.6,53,0,125,ON,OFF,ON,0,34.2,30,0,13492,OFF,OFF,29.4,29.5,16.28,29.4,17.93,9.0,6.0,84.55,38.0,68.17,15,74,32.5,17,3,1,OFF,OFF,100,100,6.129,1.268,1,0,ON,ON,0.922,4.372,0,0,OFF,OFF,0,0,100,100,0,0.156,73,664,12.9,69,18.7,0,34.4,42,0,20.3,1187,96,10.7,62.44213,378457,75,21,16.7,3,0,0.492,78,33.61,42.12,34.83,95.9,21.1,1.0844,9,39,8,37.4,0,0,0
2021-09-04,22:22:23,15.2,14.97,15.2,14.97,13.84,13.58,84,84,88,0,1,3,5.16,0.0,0.0,0.0,0.0,0.0,0.0,23.6,53,0,125,ON,OFF,ON,0,34.2,30,0,13492,OFF,OFF,29.4,29.5,16.28,29.4,17.93,9.0,6.0,84.55,38.0,68.17,15,74,32.5,17,3,1,OFF,OFF,100,100,6.129,1.268,1,0,ON,ON,0.922,4.372,0,0,OFF,OFF,0,0,100,100,0,0.156,73,664,12.9,69,18.7,0,34.4,42,0,20.3,1187,96,10.7,62.44213,378457,75,21,16.7,3,0,0.492,78,33.61,42.12,34.83,95.9,21.1,1.0844,9,39,8,37.4,0,0,0
2021-09-04,22:22:53,15.2,14.97,15.2,14.97,13.84,13.58,84,84,88,0,1,3,5.16,0.0,0.0,0.0,0.0,0.0,0.0,23.6,53,0,125,ON,OFF,ON,0,34.2,30,0,13492,OFF,OFF,29.4,29.5,16.28,29.4,17.93,9.0,6.0,84.55,38.0,68.17,15,74,32.5,17,3,1,OFF,OFF,100,100,6.129,1.268,1,0,ON,ON,0.922,4.372,0,0,OFF,OFF,0,0,100,100,0,0.156,73,664,12.9,69,18.7,0,34.4,42,0,20.3,1187,96,10.7,62.44213,378457,75,21,16.7,3,0,0.492,78,33.61,42.12,34.83,95.9,21.1,1.0844,9,39,8,37.4,0,0,0
2021-09-04,22:23:23,15.2,14.97,15.2,14.97,13.84,13.58,84,84,88,0,1,3,5.16,0.0,0.0,0.0,0.0,0.0,0.0,23.6,53,0,125,ON,OFF,ON,0,34.2,30,0,13492,OFF,OFF,29.4,29.5,16.28,29.4,17.93,9.0,6.0,84.55,38.0,68.17,15,74,32.5,17,3,1,OFF,OFF,100,100,6.129,1.268,1,0,ON,ON,0.922,4.372,0,0,OFF,OFF,0,0,100,100,0,0.156,73,664,12.9,69,18.7,0,34.4,42,0,20.3,1187,96,10.7,62.44213,378457,75,21,16.7,3,0,0.492,78,33.61,42.12,34.83,95.9,21.1,1.0844,9,39,8,37.4,0,0,0
2021-09-04,22:23:53,15.2,14.97,15.2,14.97,13.84,13.58,84,84,88,0,1,3,5.16,0.0,0.0,0.0,0.0,0.0,0.0,23.6,53,0,125,ON,OFF,ON,0,34.2,30,0,13492,OFF,OFF,29.4,29.5,16.28,29.4,17.93,9.0,6.0,84.55,38.0,68.17,15,74,32.5,17,3,1,OFF,OFF,100,100,6.129,1.268,1,0,ON,ON,0.922,4.372,0,0,OFF,OFF,0,0,100,100,0,0.156,73,664,12.9,69,18.7,0,34.4,42,0,20.3,1187,96,10.7,62.44213,378457,75,21,16.7,3,0,0.492,78,33.61,42.12,34.83,95.9,21.1,1.0844,9,39,8,37.4,0,0,0
2021-09-04,22:24:23,15.2,14.97,15.2,14.97,13.84,13.58,84,84,88,0,1,3,5.16,0.0,0.0,0.0,0.0,0.0,0.0,23.6,53,0,125,ON,OFF,ON,0,34.2,30,0,13492,OFF,OFF,29.4,29.5,16.28,29.4,17.93,9.0,6.0,84.55,38.0,68.17,15,74,32.5,17,3,1,OFF,OFF,100,100,6.129,1.268,1,0,ON,ON,0.922,4.372,0,0,OFF,OFF,0,0,100,100,0,0.156,73,664,12.9,69,18.7,0,34.4,42,0,20.3,1187,96,10.7,62.44213,378457,75,21,16.7,3,0,0.492,78,33.61,42.12,34.83,95.9,21.1,1.0844,9,39,8,37.4,0,0,0
2021-09-04,22:24:53,15.2,14.97,15.2,14.97,13.84,13.58,84,84,88,0,1,3,5.16,0.0,0.0,0.0,0.0,0.0,0.0,23.6,53,0,125,ON,OFF,ON,0,34.2,30,0,13492,OFF,OFF,29.4,29.5,16.28,29.4,17.93,9.0,6.0,84.55,38.0,68.17,15,74,32.5,17,3,1,OFF,OFF,100,100,6.129,1.268,1,0,ON,ON,0.922,4.372,0,0,OFF,OFF,0,0,100,100,0,0.156,73,664,12.9,69,18.7,0,33.9,42,0,20.3,1187,96,10.7,62.44213,378457,75,21,16.7,3,0,0.492,78,33.61,42.12,34.83,95.9,21.1,1.0844,9,39,8,37.4,0,0,0
2021-09-04,22:25:23,15.2,14.97,15.2,14.97,13.84,13.58,84,84,88,0,1,3,5.16,0.0,0.0,0.0,0.0,0.0,0.0,23.6,53,0,125,ON,OFF,ON,0,34.2,30,0,13492,OFF,OFF,29.4,29.5,16.28,29.4,17.93,9.0,6.0,84.55,38.0,68.17,15,74,32.5,17,3,1,OFF,OFF,100,100,6.129,1.268,1,0,ON,ON,0.922,4.372,0,0,OFF,OFF,0,0,100,100,0,0.156,73,664,12.9,69,18.7,0,33.9,42,0,20.3,1187,96,10.7,62.44213,378457,75,21,16.7,3,0,0.492,78,33.61,42.12,34.83,95.9,21.1,1.0844,9,39,8,37.4,0,0,0
2021-09-04,22:25:53,15.2,14.97,15.2,14.97,13.84,13.58,84,84,88,0,1,3,5.16,0.0,0.0,0.0,0.0,0.0,0.0,23.6,53,0,125,ON,OFF,ON,0,34.2,30,0,13492,OFF,OFF,29.4,29.5,16.28,29.4,17.93,9.0,6.0,84.55,38.0,68.17,15,74,32.5,17,3,1,OFF,OFF,100,100,6.129,1.268,1,0,ON,ON,0.922,4.372,0,0,OFF,OFF,0,0,100,100,0,0.156,73,664,12.9,69,18.7,0,33.9,42,0,20.3,1187,96,10.7,62.44213,378457,75,21,16.7,3,0,0.492,78,33.61,42.12,34.83,95.9,21.1,1.0844,9,39,8,37.4,0,0,0
2021-09-04,22:26:23,15.2,14.97,15.2,14.97,13.84,13.58,84,84,88,0,1,3,5.16,0.0,0.0,0.0,0.0,0.0,0.0,23.6,53,0,125,ON,OFF,ON,0,34.2,30,0,13492,OFF,OFF,29.4,29.5,16.28,29.4,17.93,9.0,6.0,84.55,38.0,68.17,15,74,32.5,17,3,1,OFF,OFF,100,100,6.129,1.268,1,0,ON,ON,0.922,4.372,0,0,OFF,OFF,0,0,100,100,0,0.156,73,664,12.9,69,18.7,0,33.9,42,0,20.3,1187,96,10.7,62.44213,378457,75,21,16.7,3,0,0.492,78,33.61,42.12,34.83,95.9,21.1,1.0844,9,39,8,37.4,0,0,0
2021-09-04,22:26:53,15.2,14.97,15.2,14.97,13.84,13.58,84,84,88,0,1,3,5.16,0.0,0.0,0.0,0.0,0.0,0.0,23.6,53,0,125,ON,OFF,ON,0,34.2,30,0,13492,OFF,OFF,29.4,29.5,16.28,29.4,17.93,9.0,6.0,84.55,38.0,68.17,15,74,32.5,17,3,1,OFF,OFF,100,100,6.129,1.268,1,0,ON,ON,0.922,4.372,0,0,OFF,OFF,0,0,100,100,0,0.156,73,664,12.9,69,18.7,0,33.9,42,0,20.3,1187,96,10.7,62.44213,378457,75,21,16.7,3,0,0.492,78,33.61,42.12,34.83,95.9,21.1,1.0844,9,39,8,37.4,0,0,0
2021-09-04,22:27:23,15.2,14.97,15.2,14.97,13.84,13.58,84,84,88,0,1,3,5.16,0.0,0.0,0.0,0.0,0.0,0.0,23.6,53,0,125,ON,OFF,ON,0,34.2,30,0,13492,OFF,OFF,29.4,29.5,16.28,29.4,17.93,9.0,6.0,84.55,38.0,68.17,15,74,32.5,17,3,1,OFF,OFF,100,100,6.129,1.268,1,0,ON,ON,0.922,4.372,0,0,OFF,OFF,0,0,100,100,0,0.156,73,664,12.9,69,18.7,0,33.9,42,0,20.3,1187,96,10.7,62.44213,378457,75,21,16.7,3,0,0.492,78,33.61,42.12,34.83,95.9,21.1,1.0844,9,39,8,37.4,0,0,0
2021-09-04,22:27:53,15.2,14.97,15.2,14.97,13.84,13.58,84,84,88,0,1,3,5.16,0.0,0.0,0.0,0.0,0.0,0.0,23.6,53,0,125,ON,OFF,ON,0,34.2,30,0,13492,OFF,OFF,29.4,29.5,16.28,29.4,17.93,9.0,6.0,84.55,38.0,68.17,15,74,32.5,17,3,1,OFF,OFF,100,100,6.129,1.268,1,0,ON,ON,0.922,4.372,0,0,OFF,OFF,0,0,100,100,0,0.156,73,664,12.9,69,18.7,0,33.9,42,9.625,19.4,1194,96,10.7,62.44213,378457,75,21,16.7,3,0,0.492,78,33.61,42.12,34.83,95.9,21.1,1.0844,9,39,8,37.4,0,0,0
2021-09-04,22:28:23,15.2,14.97,15.2,14.97,13.84,13.58,84,84,88,0,1,3,5.16,0.0,0.0,0.0,0.0,0.0,0.0,23.6,53,0,125,ON,OFF,ON,0,34.2,30,0,13492,OFF,OFF,29.4,29.5,16.28,29.4,17.93,9.0,6.0,84.55,38.0,68.17,15,74,32.5,17,3,1,OFF,OFF,100,100,6.129,1.268,1,0,ON,ON,0.922,4.372,0,0,OFF,OFF,0,0,100,100,0,0.156,73,664,12.9,69,18.7,0,33.9,42,9.625,19.4,1194,96,10.7,62.44213,378457,75,21,16.7,3,0,0.492,78,33.61,42.12,34.83,95.9,21.1,1.0844,9,39,8,37.4,0,0,0
2021-09-04,22:28:53,15.2,14.97,15.2,14.97,13.84,13.58,84,84,88,0,1,3,5.16,0.0,0.0,0.0,0.0,0.0,0.0,23.6,53,0,125,ON,OFF,ON,0,34.2,30,0,13492,OFF,OFF,29.4,29.5,16.28,29.4,17.93,9.0,6.0,84.55,38.0,68.17,15,74,32.5,17,3,1,OFF,OFF,100,100,6.129,1.268,1,0,ON,ON,0.922,4.372,0,0,OFF,OFF,0,0,100,100,0,0.156,73,664,12.9,69,18.7,0,33.9,42,9.625,19.4,1194,96,10.7,62.44213,378457,75,21,16.7,3,0,0.492,78,33.61,42.12,34.83,95.9,21.1,1.0844,9,39,8,37.4,0,0,0
2021-09-04,22:29:23,15.2,14.97,15.2,14.97,13.84,13.58,84,84,88,0,1,3,5.16,0.0,0.0,0.0,0.0,0.0,0.0,23.6,53,0,125,ON,OFF,ON,0,34.2,30,0,13492,OFF,OFF,29.4,29.5,16.28,29.4,17.93,9.0,6.0,84.55,38.0,68.17,15,74,32.5,17,3,1,OFF,OFF,100,100,6.129,1.268,1,0,ON,ON,0.922,4.372,0,0,OFF,OFF,0,0,100,100,0,0.156,73,664,12.9,69,18.7,0,33.9,42,9.625,19.4,1194,96,10.7,62.44213,378457,75,21,16.7,3,0,0.492,78,33.61,42.12,34.83,95.9,21.1,1.0844,9,39,8,37.4,0,0,0
2021-09-04,22:29:53,15.2,14.97,15.2,14.97,13.84,13.58,84,84,88,0,1,3,5.16,0.0,0.0,0.0,0.0,0.0,0.0,23.6,53,0,125,ON,OFF,ON,0,34.2,30,0,13492,OFF,OFF,29.4,29.5,16.28,29.4,17.93,9.0,6.0,84.55,38.0,68.17,15,74,32.5,17,3,1,OFF,OFF,100,100,6.129,1.268,1,0,ON,ON,0.922,4.372,0,0,OFF,OFF,0,0,100,100,0,0.156,73,664,12.9,69,18.7,0,33.9,42,9.625,19.4,1194,96,10.7,62.44213,378457,75,21,16.7,3,0,0.492,78,33.61,42.12,34.83,95.9,21.1,1.0844,9,39,8,37.4,0,0,0
2021-09-04,22:30:23,15.2,14.97,15.2,14.97,13.84,13.58,84,84,88,0,1,3,5.16,0.0,0.0,0.0,0.0,0.0,0.0,23.6,53,0,125,ON,OFF,ON,0,34.2,30,0,13492,OFF,OFF,29.4,29.5,16.28,29.4,17.93,9.0,6.0,84.55,38.0,68.17,15,74,32.5,17,3,1,OFF,OFF,100,100,6.129,1.268,1,0,ON,ON,0.922,4.372,0,0,OFF,OFF,0,0,100,100,0,0.156,73,664,12.9,69,18.7,0,33.9,42,9.625,19.4,1194,96,10.7,62.44213,378457,75,21,16.7,3,0,0.492,78,33.61,42.12,34.83,95.9,21.1,1.0844,9,39,8,37.4,0,0,0
2021-09-04,22:31:12,14.4,14.17,14.4,14.17,13.3,13.04,87,87,90,1,1,3,5.16,0.0,0.0,0.0,0.0,0.0,0.0,23.6,53,0,125,ON,OFF,ON,0,34.2,30,0,13492,OFF,OFF,29.4,29.5,16.28,29.4,17.93,9.0,6.0,84.55,38.0,72.72,15,74,32.5,17,3,1,OFF,OFF,100,100,6.129,1.268,1,0,ON,ON,0.922,4.372,0,0,OFF,OFF,0,0,100,100,0,0.156,73,664,12.9,69,18.7,0,33.9,42,9.625,19.4,1194,96,10.7,62.44213,378457,75,21,16.7,3,0,0.492,78,33.61,42.12,34.83,95.9,21.1,1.0844,9,39,8,37.4,0,0,0
2021-09-04,22:31:42,14.4,14.17,14.4,14.17,13.3,13.04,87,87,90,1,1,3,5.16,0.0,0.0,0.0,0.0,0.0,0.0,23.6,53,0,125,ON,OFF,ON,0,34.2,30,0,13492,OFF,OFF,29.4,29.5,16.28,29.4,17.93,9.0,6.0,84.55,38.0,72.72,15,74,32.5,17,3,1,OFF,OFF,100,100,6.129,1.268,1,0,ON,ON,0.922,4.372,0,0,OFF,OFF,0,0,100,100,0,0.156,73,664,12.9,69,18.7,0,33.9,42,9.625,19.4,1194,96,10.7,62.44213,378457,75,21,16.7,3,0,0.492,78,33.61,42.12,34.83,95.9,21.1,1.0844,9,39,8,37.4,0,0,0
2021-09-04,22:32:12,14.4,14.17,14.4,14.17,13.3,13.04,87,87,90,1,1,3,5.16,0.0,0.0,0.0,0.0,0.0,0.0,23.6,53,0,125,ON,OFF,ON,0,34.2,30,0,13492,OFF,OFF,29.4,29.5,16.28,29.4,17.93,9.0,6.0,84.55,38.0,72.72,15,74,32,17,3,1,OFF,OFF,100,100,6.129,1.268,1,0,ON,ON,0.922,4.372,0,0,OFF,OFF,0,0,100,100,0,0.156,73,664,12.9,69,18.7,0,33.9,42,9.625,19.4,1194,96,10.7,62.44213,378457,75,21,16.7,3,0,0.492,78,33.61,42.12,34.83,95.9,21.1,1.0844,9,39,8,37.4,0,0,0
2021-09-04,22:32:42,14.4,14.17,14.4,14.17,13.3,13.04,87,87,90,1,1,3,5.16,0.0,0.0,0.0,0.0,0.0,0.0,23.6,53,0,125,ON,OFF,ON,0,34.2,30,0,13492,OFF,OFF,29.4,29.5,16.28,29.4,17.93,9.0,6.0,84.55,38.0,72.72,15,74,32,17,3,1,OFF,OFF,100,100,6.129,1.268,1,0,ON,ON,0.922,4.372,0,0,OFF,OFF,0,0,100,100,0,0.156,73,664,12.9,69,18.7,0,33.9,42,9.625,19.4,1194,96,10.7,62.44213,378457,75,21,16.7,3,0,0.492,78,33.61,42.12,34.83,95.9,21.1,1.0844,9,39,8,37.4,0,0,0
2021-09-04,22:33:12,14.4,14.17,14.4,14.17,13.3,13.04,87,87,90,1,1,3,5.16,0.0,0.0,0.0,0.0,0.0,0.0,23.6,53,0,125,ON,OFF,ON,0,34.2,30,0,13492,OFF,OFF,29.4,29.5,16.28,29.4,17.93,9.0,6.0,84.55,38.0,72.72,15,74,32,17,3,1,OFF,OFF,100,100,6.129,1.268,1,0,ON,ON,0.922,4.372,0,0,OFF,OFF,0,0,100,100,0,0.156,73,664,12.9,69,18.7,0,33.9,42,9.625,19.4,1194,96,10.7,62.44213,378457,75,21,16.7,3,0,0.492,78,33.61,42.12,34.83,95.9,21.1,1.0844,9,39,8,37.4,0,0,0
2021-09-04,22:33:43,14.4,14.17,14.4,14.17,13.3,13.04,87,87,90,1,1,3,5.16,0.0,0.0,0.0,0.0,0.0,0.0,23.6,53,0,125,ON,OFF,ON,0,34.2,30,0,13492,OFF,OFF,29.4,29.5,16.28,29.4,17.93,9.0,6.0,84.55,38.0,72.72,15,74,32,17,3,1,OFF,OFF,100,100,6.129,1.268,1,0,ON,ON,0.922,4.372,0,0,OFF,OFF,0,0,100,100,0,0.156,73,664,12.9,69,18.7,0,33.9,42,9.625,19.4,1194,96,10.7,62.44213,378457,75,21,16.7,3,0,0.492,78,33.61,42.12,34.83,95.9,21.1,1.0844,9,39,8,37.4,0,0,0
2021-09-04,22:34:13,14.4,14.17,14.4,14.17,13.3,13.04,87,87,90,1,1,3,5.16,0.0,0.0,0.0,0.0,0.0,0.0,23.6,53,0,125,ON,OFF,ON,0,34.2,30,0,13492,OFF,OFF,29.4,29.5,16.28,29.4,17.93,9.0,6.0,84.55,38.0,72.72,15,74,32,17,3,1,OFF,OFF,100,100,6.129,1.268,1,0,ON,ON,0.922,4.372,0,0,OFF,OFF,0,0,100,100,0,0.156,73,664,12.9,69,18.7,0,33.9,42,9.625,19.4,1194,96,10.7,62.44213,378457,75,21,16.7,3,0,0.492,78,33.61,42.12,34.83,95.9,21.1,1.0844,9,39,8,37.4,0,0,0
2021-09-04,22:34:43,14.4,14.17,14.4,14.17,13.3,13.04,87,87,90,1,1,3,5.16,0.0,0.0,0.0,0.0,0.0,0.0,23.6,53,0,125,ON,OFF,ON,0,34.2,30,0,13492,OFF,OFF,29.4,29.5,16.28,29.4,17.93,9.0,6.0,84.55,38.0,72.72,15,74,32,17,3,1,OFF,OFF,100,100,6.129,1.268,1,0,ON,ON,0.922,4.372,0,0,OFF,OFF,0,0,100,100,0,0.156,73,664,12.9,69,18.7,0,33.9,42,9.625,19.4,1194,96,10.7,62.44213,378457,75,21,16.7,3,0,0.492,78,33.61,42.12,34.83,95.9,21.1,1.0844,9,39,8,37.4,0,0,0
2021-09-04,22:35:13,14.4,14.17,14.4,14.17,13.3,13.04,87,87,90,1,1,3,5.16,0.0,0.0,0.0,0.0,0.0,0.0,23.6,53,0,125,ON,OFF,ON,0,34.2,30,0,13492,OFF,OFF,29.4,29.5,16.28,29.4,17.93,9.0,6.0,84.55,38.0,72.72,15,74,32,17,3,1,OFF,OFF,100,100,6.13,1.268,1,0,ON,ON,0.922,4.372,0,0,OFF,OFF,0,0,100,100,0,0.156,73,664,12.9,69,18.7,0,33.9,42,9.625,19.4,1194,96,10.7,62.44213,378457,75,21,16.7,3,0,0.492,78,33.61,42.12,34.83,95.9,21.1,1.0844,9,39,8,37.4,0,0,0
2021-09-04,22:35:43,14.4,14.17,14.4,14.17,13.3,13.04,87,87,90,1,1,3,5.16,0.0,0.0,0.0,0.0,0.0,0.0,23.6,53,0,125,ON,OFF,ON,0,34.2,30,0,13492,OFF,OFF,29.4,29.5,16.28,29.4,17.93,9.0,6.0,84.55,38.0,72.72,15,74,32,17,3,1,OFF,OFF,100,100,6.13,1.268,1,0,ON,ON,0.922,4.372,0,0,OFF,OFF,0,0,100,100,0,0.156,73,664,12.9,69,18.7,0,33.9,42,9.625,19.4,1194,96,10.7,62.44213,378457,75,21,16.7,3,0,0.492,78,33.61,42.12,34.45,95.9,21.1,1.0844,9,39,8,37.4,0,0,0
2021-09-04,22:36:13,14.4,14.17,14.4,14.17,13.3,13.04,87,87,90,1,1,3,5.16,0.0,0.0,0.0,0.0,0.0,0.0,23.6,53,0,125,ON,OFF,ON,0,34.2,30,0,13492,OFF,OFF,29.4,29.5,16.28,29.4,17.93,9.0,6.0,84.55,38.0,72.72,15,74,32,17,3,1,OFF,OFF,100,100,6.13,1.268,1,0,ON,ON,0.922,4.372,0,0,OFF,OFF,0,0,100,100,0,0.156,73,664,12.9,69,18.7,0,33.9,42,9.625,19.4,1194,96,10.7,62.44213,378457,75,21,16.7,3,0,0.492,76,33.61,42.12,34.45,95.9,21.1,1.0844,9,39,8,37.4,0,0,0
2021-09-04,22:36:43,14.4,14.17,14.4,14.17,13.3,13.04,87,87,90,1,1,3,5.16,0.0,0.0,0.0,0.0,0.0,0.0,23.6,53,0,125,ON,OFF,ON,0,34.2,30,0,13492,OFF,OFF,29.4,29.5,16.28,29.4,17.93,9.0,6.0,84.55,38.0,72.72,15,74,32,17,3,1,OFF,OFF,100,100,6.13,1.268,1,0,ON,ON,0.922,4.372,0,0,OFF,OFF,0,0,100,100,0,0.156,73,664,12.9,69,18.7,0,33.9,42,9.625,19.4,1194,96,10.7,62.44213,378457,75,21,16.7,3,0,0.492,76,33.61,42.12,34.45,95.9,21.1,1.0844,9,39,8,37.4,0,0,0
2021-09-04,22:37:13,14.4,14.17,14.4,14.17,13.3,13.04,87,87,90,1,1,3,5.16,0.0,0.0,0.0,0.0,0.0,0.0,23.6,53,0,125,ON,OFF,ON,0,34.2,30,0,13492,OFF,OFF,29.4,29.5,16.28,29.4,17.93,9.0,6.0,84.55,38.0,72.72,15,74,32,17,3,1,OFF,OFF,100,100,6.13,1.268,1,0,ON,ON,0.922,4.372,0,0,OFF,OFF,0,0,100,100,0,0.156,73,664,12.9,69,18.7,0,33.9,42,9.625,19.4,1194,96,10.7,62.44213,378457,75,21,16.7,3,0,0.492,76,33.61,42.12,34.45,95.9,21.1,1.0844,9,39,8,37.4,0,0,0
2021-09-04,22:37:43,14.4,14.17,14.4,14.17,13.3,13.04,87,87,90,1,1,3,5.16,0.0,0.0,0.0,0.0,0.0,0.0,23.6,53,0,125,ON,OFF,ON,0,34.2,30,0,13492,OFF,OFF,29.4,29.5,16.28,29.4,17.93,9.0,6.0,84.55,38.0,72.72,15,74,32,17,3,1,OFF,OFF,100,100,6.13,1.268,1,0,ON,ON,0.922,4.372,0,0,OFF,OFF,0,0,100,100,0,0.156,73,664,12.9,69,18.7,0,33.9,42,9.625,19.4,1194,96,10.7,62.44213,378457,75,21,16.7,3,0,0.492,76,33.61,42.12,34.45,95.9,21.1,1.0844,9,39,8,37.4,0,0,0
2021-09-04,22:38:13,14.4,14.17,14.4,14.17,13.3,13.04,87,87,90,1,1,3,5.16,0.0,0.0,0.0,0.0,0.0,0.0,23.6,53,0,125,ON,OFF,ON,0,34.2,30,0,13492,OFF,OFF,29.4,29.5,16.28,29.4,17.93,9.0,6.0,84.55,38.0,72.72,15,74,32,17,3,1,OFF,OFF,100,100,6.13,1.268,1,0,ON,ON,0.922,4.372,0,0,OFF,OFF,0,0,100,100,0,0.156,73,664,12.9,69,18.7,0,33.9,42,9.625,19.4,1194,96,10.7,62.44213,378457,75,21,16.7,3,0,0.492,76,33.61,42.12,34.45,95.9,21.1,1.0844,9,39,8,37.4,0,0,0
2021-09-04,22:38:43,14.4,14.17,14.4,14.17,13.3,13.04,87,87,90,1,1,3,5.16,0.0,0.0,0.0,0.0,0.0,0.0,23.6,53,0,125,ON,OFF,ON,0,34.2,30,0,13492,OFF,OFF,29.4,29.5,16.28,29.4,17.93,9.0,6.0,84.55,38.0,72.72,15,74,32,17,3,1,OFF,OFF,100,100,6.13,1.268,1,0,ON,ON,0.922,4.372,0,0,OFF,OFF,0,0,100,100,0,0.156,73,664,12.9,69,18.7,0,33.9,42,9.288,19.4,1194,96,10.7,62.44213,378457,75,21,16.7,3,0,0.492,76,33.61,42.12,34.45,95.9,21.1,1.0844,9,39,8,37.4,0,0,0
2021-09-04,22:39:13,14.4,14.17,14.4,14.17,13.3,13.04,87,87,90,1,1,3,5.16,0.0,0.0,0.0,0.0,0.0,0.0,23.6,53,0,125,ON,OFF,ON,0,34.2,30,0,13492,OFF,OFF,29.4,29.5,16.28,29.4,17.93,9.0,6.0,84.55,38.0,72.72,15,74,32,17,3,1,OFF,OFF,100,100,6.13,1.268,1,0,ON,ON,0.922,4.372,0,0,OFF,OFF,0,0,100,100,0,0.156,73,664,12.9,69,18.7,0,33.9,42,9.288,19.4,1194,96,10.7,62.44213,378457,75,21,16.7,3,0,0.492,76,33.61,42.12,34.45,95.9,21.1,1.0844,9,39,8,37.4,0,0,0
2021-09-04,22:39:43,14.4,14.17,14.4,14.17,13.3,13.04,87,87,90,1,1,3,5.16,0.0,0.0,0.0,0.0,0.0,0.0,23.6,53,0,125,ON,OFF,ON,0,34.2,30,0,13492,OFF,OFF,29.4,29.5,16.28,29.4,17.93,9.0,6.0,84.55,38.0,72.72,15,74,32,17,3,1,OFF,OFF,100,100,6.13,1.268,1,0,ON,ON,0.922,4.372,0,0,OFF,OFF,0,0,100,100,0,0.156,73,664,12.9,69,18.7,0,33.9,42,9.288,19.4,1194,96,10.7,62.44213,378457,75,21,16.7,3,0,0.492,76,33.61,42.12,34.45,95.9,21.1,1.0844,9,39,8,37.4,0,0,0
2021-09-04,22:40:13,14.4,14.17,14.4,14.17,13.3,13.04,87,87,90,1,1,3,5.16,0.0,0.0,0.0,0.0,0.0,0.0,23.6,53,0,125,ON,OFF,ON,0,34.2,30,0,13492,OFF,OFF,29.4,29.5,16.28,29.4,17.93,9.0,6.0,84.55,38.0,72.72,15,74,32,17,3,1,OFF,OFF,100,100,6.13,1.268,1,0,ON,ON,0.922,4.372,0,0,OFF,OFF,0,0,100,100,0,0.156,73,664,12.9,69,18.7,0,33.9,42,9.288,19.4,1194,96,10.7,62.44213,378457,75,21,16.7,3,0,0.492,76,33.61,42.12,34.45,95.9,21.1,1.0844,9,39,8,37.4,0,0,0
2021-09-04,22:40:43,14.4,14.17,14.4,14.17,13.3,13.04,87,87,90,1,1,3,5.16,0.0,0.0,0.0,0.0,0.0,0.0,23.6,53,0,125,ON,OFF,ON,0,34.2,30,0,13492,OFF,OFF,29.4,29.5,16.28,29.4,17.93,9.0,6.0,84.55,38.0,72.72,15,74,32,17,3,1,OFF,OFF,100,100,6.13,1.268,1,0,ON,ON,0.922,4.372,0,0,OFF,OFF,0,0,100,100,0,0.156,73,664,12.9,69,18.7,0,33.9,42,9.288,19.4,1194,96,10.7,62.44213,378457,75,21,16.7,3,0,0.492,76,33.08,42.12,34.45,95.9,21.1,1.0844,9,39,8,37.4,0,0,0
2021-09-04,22:41:13,14.4,14.17,14.4,14.17,13.3,13.04,87,87,90,1,1,3,5.16,0.0,0.0,0.0,0.0,0.0,0.0,23.6,53,0,125,ON,OFF,ON,0,34.2,30,0,13492,OFF,OFF,29.4,29.5,16.28,29.4,17.93,9.0,6.0,84.55,38.0,72.72,15,74,32,17,3,1,OFF,OFF,100,100,6.13,1.268,1,0,ON,ON,0.922,4.372,0,0,OFF,OFF,0,0,100,100,0,0.156,73,664,12.9,69,18.7,0,33.9,42,9.288,19.4,1194,96,10.7,62.44213,378457,75,21,16.7,3,0,0.492,76,33.08,42.12,34.45,95.9,21.1,1.0844,9,39,8,37.4,0,0,0
2021-09-04,22:41:43,14.4,14.17,14.4,14.17,13.3,13.04,87,87,90,1,1,3,5.16,0.0,0.0,0.0,0.0,0.0,0.0,23.6,53,0,125,ON,OFF,ON,0,34.2,30,0,13492,OFF,OFF,29.4,29.5,16.28,29.4,17.93,9.0,6.0,84.55,38.0,72.72,15,74,32,17,3,1,OFF,OFF,100,100,6.13,1.268,1,0,ON,ON,0.922,4.372,0,0,OFF,OFF,0,0,100,100,0,0.156,73,664,12.9,69,18.7,0,33.9,42,9.288,19.4,1194,96,10.7,62.44213,378457,75,21,16.7,3,0,0.492,76,33.08,42.12,34.45,95.9,21.1,1.0844,9,39,8,37.4,0,0,0
2021-09-04,22:42:13,14.4,14.17,14.4,14.17,13.3,13.04,87,87,90,1,1,3,5.16,0.0,0.0,0.0,0.0,0.0,0.0,23.6,53,0,125,ON,OFF,ON,0,34.2,30,0,13492,OFF,OFF,29.4,29.5,16.28,29.4,17.93,9.0,6.0,84.55,38.0,72.72,15,74,32,17,3,1,OFF,OFF,100,100,6.13,1.268,1,0,ON,ON,0.922,4.372,0,0,OFF,OFF,0,0,100,100,0,0.156,73,664,12.9,69,18.7,0,33.9,42,9.288,19.4,1194,96,10.7,62.44213,378457,75,21,16.7,3,0,0.492,76,33.08,42.12,34.45,95.9,21.1,1.0844,9,39,8,37.4,0,0,0
2021-09-04,22:42:46,14.4,14.17,14.4,14.17,13.3,13.04,87,87,90,1,1,3,5.16,0.0,0.0,0.0,0.0,0.0,0.0,23.6,53,0,125,ON,OFF,ON,0,34.2,30,0,13492,OFF,OFF,29.4,29.5,16.28,29.4,17.93,9.0,6.0,84.55,38.0,72.72,15,74,32,17,3,1,OFF,OFF,100,100,6.13,1.268,1,0,ON,ON,0.922,4.372,0,0,OFF,OFF,0,0,100,100,0,0.156,73,664,12.9,69,18.7,0,33.9,42,9.288,19.4,1194,96,10.7,62.44213,378457,75,21,16.7,3,0,0.492,76,33.08,42.12,34.45,95.9,21.1,1.0844,9,39,8,37.4,0,0,0
2021-09-04,22:43:16,14.4,14.17,14.4,14.17,13.3,13.04,87,87,90,1,1,3,5.16,0.0,0.0,0.0,0.0,0.0,0.0,23.6,53,0,125,ON,OFF,ON,0,34.2,30,0,13492,OFF,OFF,29.4,29.5,16.28,29.4,17.93,9.0,6.0,84.55,38.0,72.72,15,74,32,17,3,1,OFF,OFF,100,100,6.13,1.268,1,0,ON,ON,0.922,4.372,0,0,OFF,OFF,0,0,100,100,0,0.156,73,664,12.9,69,18.7,0,33.9,42,9.288,19.4,1194,96,10.7,62.44213,378457,75,21,16.7,3,0,0.492,76,33.08,42.12,34.45,95.9,21.1,1.0844,9,39,8,37.4,0,0,0
2021-09-04,22:43:47,14.4,14.17,14.4,14.17,13.3,13.04,87,87,90,1,1,3,5.16,0.0,0.0,0.0,0.0,0.0,0.0,23.6,53,0,125,ON,OFF,ON,0,34.2,30,0,13492,OFF,OFF,29.4,29.5,16.28,29.4,17.93,9.0,6.0,84.55,38.0,72.72,15,74,32,17,3,1,OFF,OFF,100,100,6.13,1.268,1,0,ON,ON,0.922,4.372,0,0,OFF,OFF,0,0,100,100,0,0.156,73,664,12.9,69,18.7,0,33.9,42,9.288,19.4,1194,96,10.7,62.44213,378457,75,21,16.7,3,0,0.492,76,33.08,42.12,34.45,95.9,21.1,1.0844,9,39,8,37.4,0,0,0
2021-09-04,22:44:17,14.4,14.17,14.4,14.17,13.3,13.04,87,87,90,1,1,3,5.16,0.0,0.0,0.0,0.0,0.0,0.0,23.6,53,0,125,ON,OFF,ON,0,34.2,30,0,13492,OFF,OFF,29.4,29.5,16.28,29.4,17.93,9.0,6.0,84.55,38.0,72.72,15,74,32,17,3,1,OFF,OFF,100,100,6.13,1.268,1,0,ON,ON,0.922,4.372,0,0,OFF,OFF,0,0,100,100,0,0.156,73,664,12.9,69,18.7,0,33.9,42,9.288,19.4,1194,96,10.7,62.44213,378457,75,21,16.7,3,0,0.492,76,33.08,42.12,34.45,95.9,21.1,1.0844,9,39,8,37.4,0,0,0
2021-09-04,22:44:47,14.4,14.17,14.4,14.17,13.3,13.04,87,87,90,1,1,3,5.16,0.0,0.0,0.0,0.0,0.0,0.0,23.6,53,0,125,ON,OFF,ON,0,34.2,30,0,13492,OFF,OFF,29.4,29.5,16.28,29.4,17.93,9.0,6.0,84.55,38.0,72.72,15,74,32,17,3,1,OFF,OFF,100,100,6.13,1.268,1,0,ON,ON,0.922,4.372,0,0,OFF,OFF,0,0,100,100,0,0.156,73,664,12.9,69,18.7,0,33.9,42,9.288,19.4,1194,96,10.7,62.44213,378457,75,21,16.7,3,0,0.492,76,33.08,42.12,34.45,95.9,21.1,1.0844,9,39,8,37.4,0,0,0
2021-09-04,22:45:17,14.4,14.17,14.4,14.17,13.3,13.04,87,87,90,1,1,3,5.16,0.0,0.0,0.0,0.0,0.0,0.0,23.6,53,0,125,ON,OFF,ON,0,34.2,30,0,13492,OFF,OFF,29.4,29.5,16.28,29.4,17.93,9.0,6.0,84.55,38.0,72.72,15,74,32,17,3,1,OFF,OFF,100,100,6.13,1.268,1,0,ON,ON,0.922,4.372,0,0,OFF,OFF,0,0,100,100,0,0.156,73,664,12.9,69,18.7,0,33.9,42,9.288,19.4,1194,96,10.7,62.44213,378457,75,21,16.7,3,0,0.492,76,33.08,42.12,34.45,95.9,21.1,1.0844,9,39,8,37.4,0,0,0
2021-09-04,22:45:47,14.4,14.17,14.4,14.17,13.3,13.04,87,87,90,1,1,3,5.16,0.0,0.0,0.0,0.0,0.0,0.0,23.6,53,0,125,ON,OFF,ON,0,34.2,30,0,13492,OFF,OFF,29.4,29.5,16.28,29.4,17.93,9.0,6.0,84.55,38.0,72.72,15,74,32,17,3,1,OFF,OFF,100,100,6.13,1.268,1,0,ON,ON,0.922,4.372,0,0,OFF,OFF,0,0,100,100,0,0.156,73,664,12.9,69,18.7,0,33.9,42,9.288,19.4,1194,96,10.7,62.44213,378457,75,21,16.7,3,0,0.492,76,33.08,42.12,34.45,95.9,21.1,1.0844,9,39,8,37.4,0,0,0
2021-09-04,22:46:34,14.4,14.17,14.4,14.17,13.3,13.04,87,87,90,1,1,3,5.16,0.0,0.0,0.0,0.0,0.0,0.0,23.6,53,0,125,ON,OFF,ON,0,34.2,30,0,13492,OFF,OFF,29.4,29.5,16.28,29.4,17.93,9.0,6.0,84.55,38.0,72.72,15,74,32,17,3,1,OFF,OFF,100,100,6.13,1.268,1,0,ON,ON,0.922,4.372,0,0,OFF,OFF,0,0,100,100,0,0.156,73,664,12.9,69,18.7,0,33.9,42,9.288,19.4,1194,96,10.7,62.44213,378457,75,21,16.7,3,0,0.492,76,33.08,42.12,34.45,95.9,21.1,1.0844,9,39,8,37.4,0,0,0
2021-09-04,22:47:04,14.4,14.17,14.4,14.17,13.3,13.04,87,87,90,1,1,3,5.16,0.0,0.0,0.0,0.0,0.0,0.0,23.6,53,0,125,ON,OFF,ON,0,34.2,30,0,13492,OFF,OFF,29.4,29.5,16.28,29.4,17.93,9.0,6.0,84.55,38.0,72.72,15,74,32,17,3,1,OFF,OFF,100,100,6.13,1.268,1,0,ON,ON,0.922,4.372,0,0,OFF,OFF,0,0,100,100,0,0.156,73,664,12.9,69,18.7,0,33.9,42,9.288,19.4,1194,96,10.7,62.44213,378457,75,21,16.7,3,0,0.492,76,33.08,42.12,34.45,95.9,21.1,1.0844,9,39,8,37.4,0,0,0
2021-09-04,22:47:34,14.4,14.17,14.4,14.17,13.3,13.04,87,87,90,1,1,3,5.16,0.0,0.0,0.0,0.0,0.0,0.0,23.6,53,0,125,ON,OFF,ON,0,34.2,30,0,13492,OFF,OFF,29.4,29.5,16.28,29.4,17.93,9.0,6.0,84.55,38.0,72.72,15,74,32,17,3,1,OFF,OFF,100,100,6.13,1.268,1,0,ON,ON,0.922,4.372,0,0,OFF,OFF,0,0,100,100,0,0.156,73,664,12.9,69,18.7,0,33.9,42,9.288,19.4,1194,96,10.7,62.44213,378457,75,21,16.7,3,0,0.492,76,33.08,42.12,34.45,95.9,21.1,1.0844,9,39,8,37.4,0,0,0
2021-09-04,22:48:04,14.4,14.17,14.4,14.17,13.3,13.04,87,87,90,1,1,3,5.16,0.0,0.0,0.0,0.0,0.0,0.0,23.6,53,0,125,ON,OFF,ON,0,34.2,30,0,13492,OFF,OFF,29.4,29.5,16.28,29.4,17.93,9.0,6.0,84.55,38.0,72.72,15,74,32,17,3,1,OFF,OFF,100,100,6.13,1.268,1,0,ON,ON,0.922,4.372,0,0,OFF,OFF,0,0,100,100,0,0.156,73,664,12.9,69,18.7,0,33.9,42,9.288,19.4,1194,96,10.7,62.44213,378457,75,21,16.7,3,0,0.492,76,33.08,41.01,34.45,95.9,21.1,1.0844,9,39,8,37.4,0,0,0
2021-09-04,22:48:34,14.4,14.17,14.4,14.17,13.3,13.04,87,87,90,1,1,3,5.16,0.0,0.0,0.0,0.0,0.0,0.0,23.6,53,0,125,ON,OFF,ON,0,34.2,30,0,13492,OFF,OFF,29.4,29.5,16.28,29.4,17.93,9.0,6.0,84.55,38.0,72.72,15,74,32,17,3,1,OFF,OFF,100,100,6.13,1.268,1,0,ON,ON,0.922,4.372,0,0,OFF,OFF,0,0,100,100,0,0.156,73,664,12.9,69,18.7,0,33.9,42,9.288,19.4,1194,96,10.7,62.44213,378457,75,21,16.7,3,0,0.492,76,33.08,41.01,34.45,95.9,21.1,1.0844,9,39,8,37.4,0,0,0
2021-09-04,22:49:04,14.4,14.17,14.4,14.17,13.3,13.04,87,87,90,1,1,3,5.16,0.0,0.0,0.0,0.0,0.0,0.0,23.6,53,0,125,ON,OFF,ON,0,34.2,30,0,13492,OFF,OFF,29.4,29.5,16.28,29.4,17.93,9.0,6.0,84.55,38.0,72.72,15,74,31.5,17,3,1,OFF,OFF,100,100,6.13,1.268,1,0,ON,ON,0.922,4.372,0,0,OFF,OFF,0,0,100,100,0,0.156,73,664,12.9,69,18.7,0,33.9,42,9.288,19.4,1194,96,10.7,62.44213,378457,75,21,16.7,3,0,0.492,76,33.08,41.01,34.45,95.9,21.1,1.0844,9,39,8,37.4,0,0,0
2021-09-04,22:49:34,14.4,14.17,14.4,14.17,13.3,13.04,87,87,90,1,1,3,5.16,0.0,0.0,0.0,0.0,0.0,0.0,23.6,53,0,125,ON,OFF,ON,0,34.2,30,0,13492,OFF,OFF,29.4,29.5,16.28,29.4,17.93,9.0,6.0,84.55,38.0,72.72,15,74,31.5,17,3,1,OFF,OFF,100,100,6.13,1.268,1,0,ON,ON,0.922,4.372,0,0,OFF,OFF,0,0,100,100,0,0.156,73,664,12.9,69,18.7,0,33.9,42,9.288,19.4,1194,96,10.7,62.44213,378457,75,21,16.7,3,0,0.492,76,33.08,41.01,34.45,95.9,21.1,1.0844,9,39,8,37.4,0,0,0
2021-09-04,22:50:04,14.4,14.17,14.4,14.17,13.3,13.04,87,87,90,1,1,3,5.16,0.0,0.0,0.0,0.0,0.0,0.0,23.6,53,0,125,ON,OFF,ON,0,34.2,30,0,13492,OFF,OFF,29.4,29.5,16.28,29.4,17.93,9.0,6.0,84.55,38.0,72.72,15,74,31.5,17,3,1,OFF,OFF,100,100,6.13,1.268,1,0,ON,ON,0.922,4.372,0,0,OFF,OFF,0,0,100,100,0,0.156,73,664,12.9,69,18.7,0,33.9,42,9.288,19.4,1194,96,10.7,62.44213,378457,75,21,16.7,3,0,0.492,76,33.08,41.01,34.45,95.9,21.1,1.0844,9,39,8,37.4,0,0,0
2021-09-04,22:50:34,14.4,14.17,14.4,14.17,13.3,13.04,87,87,90,1,1,3,5.16,0.0,0.0,0.0,0.0,0.0,0.0,23.6,53,0,125,ON,OFF,ON,0,34.2,30,0,13492,OFF,OFF,29.4,29.5,16.28,29.4,17.93,9.0,6.0,84.55,38.0,72.72,15,74,31.5,17,3,1,OFF,OFF,100,100,6.13,1.268,1,0,ON,ON,0.922,4.372,0,0,OFF,OFF,0,0,100,100,0,0.156,73,664,12.9,69,18.7,0,33.9,42,9.288,19.4,1194,96,10.7,62.44213,378457,75,21,16.7,3,0,0.492,76,32.91,41.01,34.45,95.9,21.1,1.0844,9,39,8,37.4,0,0,0
2021-09-04,22:51:04,14.4,14.17,14.4,14.17,13.3,13.04,87,87,90,1,1,3,5.16,0.0,0.0,0.0,0.0,0.0,0.0,23.6,53,0,125,ON,OFF,ON,0,34.2,30,0,13492,OFF,OFF,29.4,29.5,16.28,29.4,17.93,9.0,6.0,84.55,38.0,72.72,15,74,31.5,17,3,1,OFF,OFF,100,100,6.13,1.268,1,0,ON,ON,0.922,4.372,0,0,OFF,OFF,0,0,100,100,0,0.156,73,664,12.9,69,18.7,0,33.9,42,9.288,19.4,1194,96,10.7,62.44213,378457,75,21,16.7,3,0,0.492,76,32.91,41.01,34.45,95.9,21.1,1.0844,9,39,8,37.4,0,0,0
2021-09-04,22:51:34,14.4,14.17,14.4,14.17,13.3,13.04,87,87,90,1,1,3,5.16,0.0,0.0,0.0,0.0,0.0,0.0,23.6,53,0,125,ON,OFF,ON,0,34.2,30,0,13492,OFF,OFF,29.4,29.5,16.28,29.4,17.93,9.0,6.0,84.55,38.0,72.72,15,74,31.5,17,3,1,OFF,OFF,100,100,6.13,1.268,1,0,ON,ON,0.922,4.372,0,0,OFF,OFF,0,0,100,100,0,0.156,73,664,12.9,69,18.7,0,33.9,42,9.288,19.4,1194,96,10.7,62.44213,378457,75,21,16.7,3,0,0.492,76,32.91,41.01,34.45,95.9,21.1,1.0844,9,39,8,37.4,0,0,0
2021-09-04,22:52:04,14.4,14.17,14.4,14.17,13.3,13.04,87,87,90,1,1,3,5.16,0.0,0.0,0.0,0.0,0.0,0.0,23.6,53,0,125,ON,OFF,ON,0,34.2,30,0,13492,OFF,OFF,29.4,29.5,16.28,29.4,17.93,9.0,6.0,84.55,38.0,72.72,15,74,31.5,17,3,1,OFF,OFF,100,100,6.13,1.268,1,0,ON,ON,0.922,4.372,0,0,OFF,OFF,0,0,100,100,0,0.156,73,664,12.9,69,18.7,0,33.9,42,9.288,19.4,1194,96,10.7,62.44213,378457,75,21,16.7,3,0,0.492,76,32.91,41.01,34.45,95.9,21.1,1.0844,9,39,8,37.4,0,0,0
2021-09-04,22:52:34,14.4,14.17,14.4,14.17,13.3,13.04,87,87,90,1,1,3,5.16,0.0,0.0,0.0,0.0,0.0,0.0,23.6,53,0,125,ON,OFF,ON,0,34.2,30,0,13492,OFF,OFF,29.4,29.5,16.28,29.4,17.93,9.0,6.0,84.55,38.0,72.72,15,74,31.5,17,3,1,OFF,OFF,100,100,6.13,1.268,1,0,ON,ON,0.922,4.372,0,0,OFF,OFF,0,0,100,100,0,0.156,73,664,12.9,69,18.7,0,33.4,42,9.288,19.4,1194,96,10.7,62.44213,378457,75,21,16.7,3,0,0.492,76,32.91,41.01,34.45,95.9,21.1,1.0844,9,39,8,37.4,0,0,0
2021-09-04,22:53:04,14.4,14.17,14.4,14.17,13.3,13.04,87,87,90,1,1,3,5.16,0.0,0.0,0.0,0.0,0.0,0.0,23.6,53,0,125,ON,OFF,ON,0,34.2,30,0,13492,OFF,OFF,29.4,29.5,16.28,29.4,17.93,9.0,6.0,84.55,38.0,72.72,15,74,31.5,17,3,1,OFF,OFF,100,100,6.13,1.268,1,0,ON,ON,0.922,4.372,0,0,OFF,OFF,0,0,100,100,0,0.156,73,664,12.9,69,18.7,0,33.4,42,9.288,19.4,1194,96,10.7,62.44213,378457,75,21,16.7,3,0,0.492,76,32.91,41.01,34.45,95.9,21.1,1.0844,9,39,8,37.4,0,0,0
2021-09-04,22:53:34,14.4,14.17,14.4,14.17,13.3,13.04,87,87,90,1,1,3,5.16,0.0,0.0,0.0,0.0,0.0,0.0,23.6,53,0,125,ON,OFF,ON,0,34.2,30,0,13492,OFF,OFF,29.4,29.5,16.28,29.4,17.93,9.0,6.0,84.55,38.0,72.72,15,74,31.5,17,3,1,OFF,OFF,100,100,6.13,1.268,1,0,ON,ON,0.922,4.372,0,0,OFF,OFF,0,0,100,100,0,0.156,73,664,12.9,69,18.7,0,33.4,42,9.288,19.4,1194,96,10.7,62.44213,378457,75,21,16.7,3,0,0.492,76,32.91,41.01,34.45,95.9,21.1,1.0844,9,39,8,37.4,0,0,0
2021-09-04,22:54:04,14.4,14.17,14.4,14.17,13.3,13.04,87,87,90,1,1,3,5.16,0.0,0.0,0.0,0.0,0.0,0.0,23.6,53,0,125,ON,OFF,ON,0,34.2,30,0,13492,OFF,OFF,29.4,29.5,16.28,29.4,17.93,9.0,6.0,84.55,38.0,72.72,15,74,31.5,17,3,1,OFF,OFF,100,100,6.13,1.268,1,0,ON,ON,0.922,4.372,0,0,OFF,OFF,0,0,100,100,0,0.156,73,664,12.9,69,18.7,0,33.4,42,9.288,19.4,1194,96,10.7,62.44213,378457,75,21,16.7,3,0,0.492,76,32.91,41.01,34.45,95.9,21.1,1.0844,9,39,8,37.4,0,0,0
2021-09-04,22:54:34,14.4,14.17,14.4,14.17,13.3,13.04,87,87,90,1,1,3,5.16,0.0,0.0,0.0,0.0,0.0,0.0,23.6,53,0,125,ON,OFF,ON,0,34.2,30,0,13492,OFF,OFF,29.4,29.5,16.28,29.4,17.93,9.0,6.0,84.55,38.0,72.72,15,74,31.5,17,3,1,OFF,OFF,100,100,6.13,1.268,1,0,ON,ON,0.922,4.372,0,0,OFF,OFF,0,0,100,100,0,0.156,73,664,12.9,69,18.7,0,33.4,42,9.288,19.4,1194,96,10.7,62.44213,378457,75,21,16.7,3,0,0.492,76,32.91,41.01,34.45,95.9,21.1,1.0844,9,39,8,37.4,0,0,0
2021-09-04,22:55:04,14.4,14.17,14.4,14.17,13.3,13.04,87,87,90,1,1,3,5.16,0.0,0.0,0.0,0.0,0.0,0.0,23.6,53,0,125,ON,OFF,ON,0,34.2,30,0,13492,OFF,OFF,29.4,29.5,16.28,29.4,17.93,9.0,6.0,84.55,38.0,72.72,15,74,31.5,17,3,1,OFF,OFF,100,100,6.13,1.268,1,0,ON,ON,0.922,4.372,0,0,OFF,OFF,0,0,100,100,0,0.156,73,664,12.9,69,18.7,0,33.4,42,9.288,19.4,1194,96,10.7,62.44213,378457,75,21,16.7,3,0,0.492,76,32.91,41.01,34.45,95.9,21.1,1.0844,9,39,8,37.4,0,0,0
2021-09-04,22:55:47,14.4,14.17,14.4,14.17,13.3,13.04,87,87,90,1,1,3,5.16,0.0,0.0,0.0,0.0,0.0,0.0,23.6,53,0,125,ON,OFF,ON,0,34.2,30,0,13492,OFF,OFF,29.4,29.5,16.28,29.4,17.93,9.0,6.0,84.55,38.0,72.72,15,74,31.5,17,3,1,OFF,OFF,100,100,6.13,1.268,1,0,ON,ON,0.922,4.372,0,0,OFF,OFF,0,0,100,100,0,0.156,73,664,12.9,69,18.7,0,33.4,42,9.288,19.4,1194,96,10.7,62.44213,378457,75,21,16.7,3,0,0.492,76,32.91,41.01,34.45,95.9,21.1,1.0844,9,39,8,37.4,0,0,0
2021-09-04,22:56:17,14.4,14.17,14.4,14.17,13.3,13.04,87,87,90,1,1,3,5.16,0.0,0.0,0.0,0.0,0.0,0.0,23.6,53,0,125,ON,OFF,ON,0,34.2,30,0,13492,OFF,OFF,29.4,29.5,16.28,29.4,17.93,9.0,6.0,84.55,38.0,72.72,15,74,31.5,17,3,1,OFF,OFF,100,100,6.13,1.268,1,0,ON,ON,0.922,4.372,0,0,OFF,OFF,0,0,100,100,0,0.156,73,664,12.9,69,18.7,0,33.4,42,9.288,19.4,1194,96,10.7,62.44213,378457,75,21,16.7,3,0,0.492,76,32.91,41.01,34.45,95.9,21.1,1.0844,9,39,8,37.4,0,0,0
2021-09-04,22:56:47,14.4,14.17,14.4,14.17,13.3,13.04,87,87,90,1,1,3,5.16,0.0,0.0,0.0,0.0,0.0,0.0,23.6,53,0,125,ON,OFF,ON,0,34.2,30,0,13492,OFF,OFF,29.4,29.5,16.28,29.4,17.93,9.0,6.0,84.55,38.0,72.72,15,74,31.5,17,3,1,OFF,OFF,100,100,6.13,1.268,1,0,ON,ON,0.922,4.372,0,0,OFF,OFF,0,0,100,100,0,0.156,73,664,12.9,69,18.7,0,33.4,42,9.288,19.4,1194,96,10.7,62.44213,378457,75,21,16.7,3,0,0.492,76,32.91,41.01,34.45,95.9,21.1,1.0844,9,39,8,37.4,0,0,0
2021-09-04,22:57:17,14.4,14.17,14.4,14.17,13.3,13.04,87,87,90,1,1,3,5.16,0.0,0.0,0.0,0.0,0.0,0.0,23.6,53,0,125,ON,OFF,ON,0,34.2,30,0,13492,OFF,OFF,29.4,29.5,16.28,29.4,17.93,9.0,6.0,84.55,38.0,72.72,15,74,31.5,17,3,1,OFF,OFF,100,100,6.13,1.268,1,0,ON,ON,0.922,4.372,0,0,OFF,OFF,0,0,100,100,0,0.156,73,664,12.9,69,18.7,0,33.4,42,9.288,19.4,1194,96,10.7,62.44213,378457,75,21,16.7,3,0,0.492,76,32.91,41.01,34.45,95.9,21.1,1.0844,9,39,8,37.4,0,0,0
2021-09-04,22:57:47,14.4,14.17,14.4,14.17,13.3,13.04,87,87,90,1,1,3,5.16,0.0,0.0,0.0,0.0,0.0,0.0,23.6,53,0,125,ON,OFF,ON,0,34.2,30,0,13492,OFF,OFF,29.4,29.5,16.28,29.4,17.93,9.0,6.0,84.55,38.0,72.72,15,74,31.5,17,3,1,OFF,OFF,100,100,6.13,1.268,1,0,ON,ON,0.922,4.372,0,0,OFF,OFF,0,0,100,100,0,0.156,73,664,12.8,69,18.5,0,33.4,43,9.31,19.1,1143,96,10.7,62.44213,378457,75,21,16.7,3,0,0.492,76,32.91,41.01,34.45,95.9,21.1,1.0844,9,39,8,37.4,0,0,0
2021-09-04,22:58:17,14.4,14.17,14.4,14.17,13.3,13.04,87,87,90,1,1,3,5.16,0.0,0.0,0.0,0.0,0.0,0.0,23.6,53,0,125,ON,OFF,ON,0,34.2,30,0,13492,OFF,OFF,29.4,29.5,15.62,29.4,17.93,9.0,6.0,84.55,38.0,72.72,15,74,31.5,17,3,1,OFF,OFF,100,100,6.13,1.268,1,0,ON,ON,0.922,4.372,0,0,OFF,OFF,0,0,100,100,0,0.156,73,664,12.8,69,18.5,0,33.4,43,9.31,19.1,1143,96,10.7,62.44213,378457,75,21,16.7,3,0,0.492,76,32.91,41.01,34.45,95.9,21.1,1.0844,9,39,8,37.4,0,0,0
2021-09-04,22:58:47,14.4,14.17,14.4,14.17,13.3,13.04,87,87,90,1,1,3,5.16,0.0,0.0,0.0,0.0,0.0,0.0,23.6,53,0,125,ON,OFF,ON,0,34.2,30,0,13492,OFF,OFF,29.4,29.5,15.62,29.4,17.93,9.0,6.0,84.55,38.0,72.72,15,74,31.5,17,3,1,OFF,OFF,100,100,6.13,1.268,1,0,ON,ON,0.922,4.372,0,0,OFF,OFF,0,0,100,100,0,0.156,73,664,12.8,69,18.5,0,33.4,43,9.31,19.1,1143,96,10.7,62.44213,378457,75,21,16.7,3,0,0.492,76,32.91,41.01,34.45,95.9,21.1,1.0844,9,39,8,37.4,0,0,0
2021-09-04,22:59:17,14.4,14.17,14.4,14.17,13.3,13.04,87,87,90,1,1,3,5.16,0.0,0.0,0.0,0.0,0.0,0.0,23.6,53,0,125,ON,OFF,ON,0,34.2,30,0,13492,OFF,OFF,29.4,29.5,15.62,29.4,17.93,9.0,6.0,84.55,38.0,72.72,15,74,31.5,17,3,1,OFF,OFF,100,100,6.13,1.268,1,0,ON,ON,0.922,4.372,0,0,OFF,OFF,0,0,100,100,0,0.156,73,664,12.8,69,18.5,0,33.4,43,9.31,19.1,1143,96,10.7,62.44213,378457,75,21,16.7,3,0,0.492,76,32.91,41.01,34.45,95.9,21.1,1.0844,9,39,8,37.4,0,0,0
2021-09-04,22:59:47,14.4,14.17,14.4,14.17,13.3,13.04,87,87,90,1,1,3,5.16,0.0,0.0,0.0,0.0,0.0,0.0,23.6,53,0,125,ON,OFF,ON,0,34.2,30,0,13492,OFF,OFF,29.4,29.5,15.62,29.4,17.93,9.0,6.0,84.55,38.0,72.72,15,74,31.5,17,3,1,OFF,OFF,100,100,6.13,1.268,1,0,ON,ON,0.922,4.372,0,0,OFF,OFF,0,0,100,100,0,0.156,73,664,12.8,69,18.5,0,33.4,43,9.31,19.1,1143,96,10.7,62.44213,378457,75,21,16.7,3,0,0.492,76,32.91,41.01,34.45,95.9,21.1,1.0844,9,39,8,37.4,0,0,0
2021-09-04,23:00:17,14.4,14.17,14.4,14.17,13.3,13.04,87,87,90,1,1,3,5.16,0.0,0.0,0.0,0.0,0.0,0.0,23.6,53,0,125,ON,OFF,ON,0,34.2,30,0,13492,OFF,OFF,29.4,29.5,15.62,29.4,17.93,9.0,6.0,84.55,38.0,72.72,15,74,31.5,17,3,1,OFF,OFF,100,100,6.13,1.268,1,0,ON,ON,0.922,4.372,0,0,OFF,OFF,0,0,100,100,0,0.156,73,664,12.8,69,18.5,0,33.4,43,9.31,19.1,1143,96,10.7,62.44213,378457,75,21,16.7,3,0,0.492,76,32.91,41.01,34.45,95.9,21.1,1.0844,9,39,8,37.4,0,0,0
2021-09-04,23:00:47,14.4,14.17,14.4,14.17,13.3,13.04,87,87,90,1,1,3,5.16,0.0,0.0,0.0,0.0,0.0,0.0,23.6,53,0,125,ON,OFF,ON,0,34.2,30,0,13492,OFF,OFF,29.4,29.5,15.62,29.4,17.93,9.0,6.0,84.55,38.0,72.72,15,74,31.5,17,3,1,OFF,OFF,100,100,6.13,1.268,1,0,ON,ON,0.922,4.372,0,0,OFF,OFF,0,0,100,100,0,0.156,73,664,12.8,69,18.5,0,33.4,43,9.31,19.1,1143,96,10.7,62.44213,378457,75,21,16.7,3,0,0.492,76,32.91,41.01,34.45,95.9,21.1,1.0844,9,39,8,37.4,0,0,0
2021-09-04,23:01:17,14.4,14.17,14.4,14.17,13.3,13.04,87,87,90,1,1,3,5.16,0.0,0.0,0.0,0.0,0.0,0.0,23.6,53,0,125,ON,OFF,ON,0,34.2,30,0,13492,OFF,OFF,29.4,29.5,15.62,29.4,17.93,9.0,6.0,84.55,38.0,72.72,15,75,31.5,17,3,1,OFF,OFF,100,100,6.13,1.268,1,0,ON,ON,0.922,4.372,0,0,OFF,OFF,0,0,100,100,0,0.156,73,664,12.8,69,18.5,0,33.4,43,9.31,19.1,1143,96,10.7,62.44213,378457,75,21,16.7,3,0,0.492,76,32.91,41.01,34.45,95.9,21.1,1.0844,9,39,8,37.4,0,0,0
2021-09-04,23:02:07,14.4,14.17,14.4,14.17,13.3,13.04,87,87,90,1,1,3,5.16,0.0,0.0,0.0,0.0,0.0,0.0,23.6,53,0,125,ON,OFF,ON,0,34.2,30,0,13492,OFF,OFF,29.4,29.5,15.62,29.4,17.93,9.0,6.0,84.55,38.0,72.72,15,75,31.5,17,3,1,OFF,OFF,100,100,6.13,1.268,1,0,ON,ON,0.922,4.372,0,0,OFF,OFF,0,0,100,100,0,0.156,73,664,12.8,69,18.5,0,33.4,43,9.31,19.1,1143,96,10.7,62.44213,378457,75,21,16.7,3,0,0.492,76,32.91,41.01,34.45,95.9,21.1,1.0844,9,39,8,37.4,0,0,0
2021-09-04,23:02:37,14.4,14.17,14.4,14.17,13.3,13.04,87,87,90,1,1,3,5.16,0.0,0.0,0.0,0.0,0.0,0.0,23.6,53,0,125,ON,OFF,ON,0,34.2,30,0,13492,OFF,OFF,29.4,29.5,15.62,29.4,17.93,9.0,6.0,84.55,38.0,72.72,15,75,31.5,16.5,3,1,OFF,OFF,100,100,6.13,1.268,1,0,ON,ON,0.922,4.372,0,0,OFF,OFF,0,0,100,100,0,0.156,73,664,12.8,69,18.5,0,33.4,43,9.31,19.1,1143,96,10.7,62.44213,378457,75,21,16.7,3,0,0.492,76,32.91,41.01,34.45,95.9,21.1,1.0844,9,39,8,37.4,0,0,0
2021-09-04,23:03:07,14.4,14.17,14.4,14.17,13.3,13.04,87,87,90,1,1,3,5.16,0.0,0.0,0.0,0.0,0.0,0.0,23.6,53,0,125,ON,OFF,ON,0,34.2,30,0,13492,OFF,OFF,29.4,29.5,15.62,29.4,17.93,9.0,6.0,84.55,38.0,72.72,15,75,31.5,16.5,3,1,OFF,OFF,100,100,6.13,1.268,1,0,ON,ON,0.922,4.372,0,0,OFF,OFF,0,0,100,100,0,0.156,73,664,12.8,69,18.5,0,33.4,43,9.31,19.1,1143,96,10.7,62.44213,378457,75,21,16.7,3,0,0.492,76,32.91,41.01,34.45,95.9,21.1,1.0844,9,39,8,37.4,0,0,0
2021-09-04,23:03:37,14.4,14.17,14.4,14.17,13.3,13.04,87,87,90,1,1,3,5.16,0.0,0.0,0.0,0.0,0.0,0.0,23.6,53,0,125,ON,OFF,ON,0,34.2,30,0,13492,OFF,OFF,29.4,29.5,15.62,29.4,17.93,9.0,6.0,84.55,38.0,72.72,15,75,31.5,17,3,1,OFF,OFF,100,100,6.13,1.268,1,0,ON,ON,0.922,4.372,0,0,OFF,OFF,0,0,100,100,0,0.156,73,664,12.8,69,18.5,0,33.4,43,9.31,19.1,1143,96,10.7,62.44213,378457,75,21,16.7,3,0,0.492,76,32.91,41.01,34.45,95.9,21.1,1.0844,9,39,8,37.4,0,0,0
2021-09-04,23:04:08,14.4,14.17,14.4,14.17,13.3,13.04,87,87,90,1,1,3,5.16,0.0,0.0,0.0,0.0,0.0,0.0,23.6,53,0,125,ON,OFF,ON,0,34.2,30,0,13492,OFF,OFF,29.4,29.5,15.62,29.4,17.93,9.0,6.0,84.55,38.0,72.72,15,75,31.5,17,3,1,OFF,OFF,100,100,6.13,1.268,1,0,ON,ON,0.922,4.372,0,0,OFF,OFF,0,0,100,100,0,0.156,73,664,12.8,69,18.5,0,33.4,43,9.31,19.1,1143,96,10.7,62.44213,378457,75,21,16.7,3,0,0.492,76,32.91,41.01,34.45,95.9,21.1,1.0844,9,39,8,37.4,0,0,0
2021-09-04,23:04:38,14.4,14.17,14.4,14.17,13.3,13.04,87,87,90,1,1,3,5.16,0.0,0.0,0.0,0.0,0.0,0.0,23.6,53,0,125,ON,OFF,ON,0,34.2,30,0,13492,OFF,OFF,29.4,29.5,15.62,29.4,17.93,9.0,6.0,84.55,38.0,72.72,15,75,31.5,17,3,1,OFF,OFF,100,100,6.13,1.268,1,0,ON,ON,0.922,4.372,0,0,OFF,OFF,0,0,100,100,0,0.156,73,664,12.8,69,18.5,0,33.4,43,9.31,19.1,1143,96,10.7,62.44213,378457,75,21,16.7,3,0,0.492,76,32.91,41.01,34.45,95.9,21.1,1.0844,9,39,8,37.4,0,0,0
2021-09-04,23:05:08,14.4,14.17,14.4,14.17,13.3,13.04,87,87,90,1,1,3,5.16,0.0,0.0,0.0,0.0,0.0,0.0,23.6,53,0,125,ON,OFF,ON,0,34.2,30,0,13492,OFF,OFF,29.4,29.5,15.62,29.4,17.93,9.0,6.0,84.55,38.0,72.72,15,75,31.5,17,3,1,OFF,OFF,100,100,6.13,1.268,1,0,ON,ON,0.922,4.372,0,0,OFF,OFF,0,0,100,100,0,0.156,73,664,12.8,69,18.5,0,33.4,43,9.31,19.1,1143,96,10.7,62.44213,378457,75,21,16.7,3,0,0.492,76,32.91,41.01,34.45,95.9,21.1,1.0844,9,39,8,37.4,0,0,0
2021-09-04,23:05:38,14.4,14.17,14.4,14.17,13.3,13.04,87,87,90,1,1,3,5.16,0.0,0.0,0.0,0.0,0.0,0.0,23.6,53,0,125,ON,OFF,ON,0,34.2,30,0,13492,OFF,OFF,29.4,29.5,15.62,29.4,17.93,9.0,6.0,84.55,38.0,72.72,15,75,31,17,3,1,OFF,OFF,100,100,6.13,1.268,1,0,ON,ON,0.922,4.372,0,0,OFF,OFF,0,0,100,100,0,0.156,73,664,12.8,69,18.5,0,33.4,43,9.31,19.1,1143,96,10.7,62.44213,378457,75,21,16.7,3,0,0.492,76,32.91,41.01,33.87,95.9,21.1,1.0844,9,39,8,37.4,0,0,0
2021-09-04,23:06:08,14.4,14.17,14.4,14.17,13.3,13.04,87,87,90,1,1,3,5.16,0.0,0.0,0.0,0.0,0.0,0.0,23.6,53,0,125,ON,OFF,ON,0,34.2,30,0,13492,OFF,OFF,29.4,29.5,15.62,29.4,17.93,9.0,6.0,84.55,38.0,72.72,15,75,31,17,3,1,OFF,OFF,100,100,6.13,1.268,1,0,ON,ON,0.922,4.372,0,0,OFF,OFF,0,0,100,100,0,0.156,73,664,12.8,69,18.5,0,33.4,43,9.31,19.1,1143,96,10.7,62.44213,378457,75,21,16.7,3,0,0.492,76,32.91,41.01,33.87,95.9,21.1,1.0844,9,39,8,37.4,0,0,0
2021-09-04,23:06:38,14.4,14.17,14.4,14.17,13.3,13.04,87,87,90,1,1,3,5.16,0.0,0.0,0.0,0.0,0.0,0.0,23.6,53,0,125,ON,OFF,ON,0,34.2,30,0,13492,OFF,OFF,29.4,29.5,15.62,29.4,17.93,9.0,6.0,84.55,38.0,72.72,15,75,31,16.5,3,1,OFF,OFF,100,100,6.13,1.268,1,0,ON,ON,0.922,4.372,0,0,OFF,OFF,0,0,100,100,0,0.156,73,664,12.8,69,18.5,0,33.4,43,9.31,19.1,1143,96,10.7,62.44213,378457,75,21,16.7,3,0,0.492,76,32.91,41.01,33.87,95.9,21.1,1.0844,9,39,8,37.4,0,0,0
2021-09-04,23:07:08,14.4,14.17,14.4,14.17,13.3,13.04,87,87,90,1,1,3,5.16,0.0,0.0,0.0,0.0,0.0,0.0,23.6,53,0,125,ON,OFF,ON,0,34.2,30,0,13492,OFF,OFF,29.4,29.5,15.62,29.4,17.93,9.0,6.0,84.55,38.0,72.72,15,75,31,16.5,3,1,OFF,OFF,100,100,6.13,1.268,1,0,ON,ON,0.922,4.372,0,0,OFF,OFF,0,0,100,100,0,0.156,73,664,12.8,69,18.5,0,33.4,43,9.31,19.1,1143,96,10.7,62.44213,378457,75,21,16.7,3,0,0.492,76,32.91,41.01,33.87,95.9,21.1,1.0844,9,39,8,37.4,0,0,0
2021-09-04,23:07:38,14.4,14.17,14.4,14.17,13.3,13.04,87,87,90,1,1,3,5.16,0.0,0.0,0.0,0.0,0.0,0.0,23.6,53,0,125,ON,OFF,ON,0,34.2,30,0,13492,OFF,OFF,29.4,29.5,15.62,29.4,17.93,9.0,6.0,84.55,38.0,72.72,15,75,31,16.5,3,1,OFF,OFF,100,100,6.13,1.268,1,0,ON,ON,0.922,4.372,0,0,OFF,OFF,0,0,100,100,0,0.156,73,664,12.8,69,18.5,0,33.4,43,9.31,19.1,1143,96,10.7,62.44213,378457,75,21,16.7,3,0,0.492,76,32.91,41.01,33.87,95.9,21.1,1.0844,9,39,8,37.4,0,0,0
2021-09-04,23:08:08,14.4,14.17,14.4,14.17,13.3,13.04,87,87,90,1,1,3,5.16,0.0,0.0,0.0,0.0,0.0,0.0,23.6,53,0,125,ON,OFF,ON,0,34.2,30,0,13492,OFF,OFF,29.4,29.5,15.62,29.4,17.93,9.0,6.0,84.55,38.0,72.72,15,75,31,16.5,3,1,OFF,OFF,100,100,6.13,1.268,1,0,ON,ON,0.922,4.372,0,0,OFF,OFF,0,0,100,100,0,0.156,73,664,12.8,69,18.5,0,33.4,43,9.31,19.1,1143,96,10.7,62.44213,378457,75,21,16.7,3,0,0.492,76,32.91,41.01,33.87,95.9,21.1,1.0844,9,39,8,37.4,0,0,0
2021-09-04,23:08:39,14.4,14.17,14.4,14.17,13.3,13.04,87,87,90,1,1,3,5.16,0.0,0.0,0.0,0.0,0.0,0.0,23.6,53,0,125,ON,OFF,ON,0,34.2,30,0,13492,OFF,OFF,29.4,29.5,15.62,29.4,17.93,9.0,6.0,84.55,38.0,72.72,15,75,31,16.5,3,1,OFF,OFF,100,100,6.13,1.268,1,0,ON,ON,0.922,4.372,0,0,OFF,OFF,0,0,100,100,0,0.156,73,664,12.8,69,18.5,0,33.4,43,9.31,19.1,1143,96,10.7,62.44213,378457,75,21,16.7,3,0,0.492,76,32.91,41.01,33.87,95.9,21.1,1.0844,9,39,8,37.4,0,0,0
2021-09-04,23:09:09,14.4,14.17,14.4,14.17,13.3,13.04,87,87,90,1,1,3,5.16,0.0,0.0,0.0,0.0,0.0,0.0,23.6,53,0,125,ON,OFF,ON,0,34.2,30,0,13492,OFF,OFF,29.4,29.5,15.62,29.4,17.93,9.0,6.0,84.55,38.0,72.72,15,75,31,16.5,3,1,OFF,OFF,100,100,6.13,1.268,1,0,ON,ON,0.922,4.372,0,0,OFF,OFF,0,0,100,100,0,0.156,73,664,12.8,69,18.5,0,33.4,43,9.31,19.1,1143,96,10.7,62.44213,378457,75,21,16.7,3,0,0.492,76,32.91,41.01,33.87,95.9,21.1,1.0844,9,39,8,37.4,0,0,0
2021-09-04,23:09:39,14.4,14.17,14.4,14.17,13.3,13.04,87,87,90,1,1,3,5.16,0.0,0.0,0.0,0.0,0.0,0.0,23.6,53,0,125,ON,OFF,ON,0,34.2,30,0,13492,OFF,OFF,29.4,29.5,15.62,29.4,17.93,9.0,6.0,84.55,38.0,72.72,15,75,31,16.5,3,1,OFF,OFF,100,100,6.13,1.268,1,0,ON,ON,0.922,4.372,0,0,OFF,OFF,0,0,100,100,0,0.156,73,664,12.8,69,18.5,0,33.4,43,9.31,19.1,1143,96,10.7,62.44213,378457,75,21,16.7,3,0,0.492,76,32.91,41.01,33.87,95.9,21.1,1.0844,9,39,8,37.4,0,0,0
2021-09-04,23:10:09,14.4,14.17,14.4,14.17,13.3,13.04,87,87,90,1,1,3,5.16,0.0,0.0,0.0,0.0,0.0,0.0,23.6,53,0,125,ON,OFF,ON,0,34.2,30,0,13492,OFF,OFF,29.4,29.5,15.62,29.4,17.93,9.0,6.0,84.55,38.0,72.72,15,75,31,16.5,3,1,OFF,OFF,100,100,6.13,1.268,1,0,ON,ON,0.922,4.372,0,0,OFF,OFF,0,0,100,100,0,0.156,73,664,12.8,69,18.5,0,33.4,43,9.31,19.1,1143,96,10.7,62.44213,378457,75,21,16.7,3,0,0.492,76,32.91,41.01,33.87,95.9,21.1,1.0844,9,39,8,37.4,0,0,0
2021-09-04,23:10:39,14.4,14.17,14.4,14.17,13.3,13.04,87,87,90,1,1,3,5.16,0.0,0.0,0.0,0.0,0.0,0.0,23.6,53,0,125,ON,OFF,ON,0,34.2,30,0,13492,OFF,OFF,29.4,29.5,15.62,29.4,17.93,9.0,6.0,84.55,38.0,72.72,15,75,31,16.5,3,1,OFF,OFF,100,100,6.13,1.268,1,0,ON,ON,0.922,4.372,0,0,OFF,OFF,0,0,100,100,0,0.156,73,664,12.8,69,18.5,0.01,33.4,43,0.009,19.1,1143,96,10.7,62.44213,378457,75,21,16.7,3,0,0.492,76,32.91,41.01,33.87,95.9,21.1,1.0844,9,39,8,37.4,0,0,0
2021-09-04,23:11:09,14.4,14.17,14.4,14.17,13.3,13.04,87,87,90,1,1,3,5.16,0.0,0.0,0.0,0.0,0.0,0.0,23.6,53,0,125,ON,OFF,ON,0,34.2,30,0,13492,OFF,OFF,29.4,29.5,15.62,29.4,17.93,9.0,6.0,84.55,38.0,72.72,15,75,31,16.5,3,1,OFF,OFF,100,100,6.13,1.268,1,0,ON,ON,0.922,4.372,0,0,OFF,OFF,0,0,100,100,0,0.156,73,664,12.8,69,18.5,0.01,33.4,43,0.009,19.1,1143,96,10.7,62.44213,378457,75,21,16.7,3,0,0.492,76,32.91,41.01,33.87,95.9,21.1,1.0844,9,39,8,37.4,0,0,0
2021-09-04,23:11:39,14.4,14.17,14.4,14.17,13.3,13.04,87,87,90,1,1,3,5.16,0.0,0.0,0.0,0.0,0.0,0.0,23.6,53,0,125,ON,OFF,ON,0,34.2,30,0,13492,OFF,OFF,29.4,29.5,15.62,29.4,17.93,9.0,6.0,84.55,38.0,72.72,15,75,31,16.5,3,1,OFF,OFF,100,100,6.13,1.268,1,0,ON,ON,0.922,4.372,0,0,OFF,OFF,0,0,100,100,0,0.156,73,664,12.8,69,18.2,0.01,33.4,43,0.009,19.1,1143,96,10.7,62.44213,378457,75,21,16.7,3,0,0.492,76,32.91,41.01,33.87,95.9,21.1,1.0844,9,39,8,37.4,0,0,0
2021-09-04,23:12:09,14.4,14.17,14.4,14.17,13.3,13.04,87,87,90,1,1,3,5.16,0.0,0.0,0.0,0.0,0.0,0.0,23.6,53,0,125,ON,OFF,ON,0,34.2,30,0,13492,OFF,OFF,29.4,29.5,15.62,29.4,17.93,9.0,6.0,84.55,38.0,72.72,15,75,31,17,3,1,OFF,OFF,100,100,6.13,1.268,1,0,ON,ON,0.922,4.372,0,0,OFF,OFF,0,0,100,100,0,0.156,73,664,12.8,69,18.2,0.01,33.4,43,0.009,19.1,1143,96,10.7,62.44213,378457,75,21,16.7,3,0,0.492,76,32.91,41.01,33.87,95.9,21.1,1.0844,9,39,8,37.4,0,0,0
2021-09-04,23:12:39,14.4,14.17,14.4,14.17,13.3,13.04,87,87,90,1,1,3,5.16,0.0,0.0,0.0,0.0,0.0,0.0,23.6,53,0,125,ON,OFF,ON,0,34.2,30,0,13492,OFF,OFF,29.4,29.5,15.62,29.4,17.93,9.0,6.0,84.55,38.0,72.72,15,75,31,17,3,1,OFF,OFF,100,100,6.13,1.268,1,0,ON,ON,0.922,4.372,0,0,OFF,OFF,0,0,100,100,0,0.156,73,664,12.8,69,18.2,0.01,33.4,43,0.009,19.1,1143,96,10.7,62.44213,378457,75,21,16.7,3,0,0.492,76,32.91,41.01,33.87,95.9,21.1,1.0844,9,39,8,37.4,0,0,0
2021-09-04,23:13:10,14.4,14.17,14.4,14.17,13.3,13.04,87,87,90,1,1,3,5.16,0.0,0.0,0.0,0.0,0.0,0.0,23.6,53,0,125,ON,OFF,ON,0,34.2,30,0,13492,OFF,OFF,29.4,29.5,15.62,29.4,17.93,9.0,6.0,84.55,38.0,72.72,15,75,31,17,3,1,OFF,OFF,100,100,6.131,1.268,1,0,ON,ON,0.922,4.372,0,0,OFF,OFF,0,0,100,100,0,0.156,73,664,12.8,69,18.2,0.01,33.4,43,0.009,19.1,1143,96,10.7,62.44213,378457,75,21,16.7,3,0,0.492,76,32.91,41.01,33.87,95.9,21.1,1.0844,9,39,8,37.4,0,0,0
2021-09-04,23:13:40,14.4,14.17,14.4,14.17,13.3,13.04,87,87,90,1,1,3,5.16,0.0,0.0,0.0,0.0,0.0,0.0,23.6,53,0,125,ON,OFF,ON,0,34.2,30,0,13492,OFF,OFF,29.4,29.5,15.62,29.4,17.93,9.0,6.0,84.55,38.0,72.72,15,75,31,17,3,1,OFF,OFF,100,100,6.131,1.268,1,0,ON,ON,0.922,4.372,0,0,OFF,OFF,0,0,100,100,0,0.156,73,664,12.8,69,18.2,0.01,33.4,43,0.009,19.1,1143,96,10.7,62.44213,378457,75,21,16.7,3,0,0.492,76,32.91,41.01,33.87,95.9,21.1,1.0844,9,39,8,37.4,0,0,0
2021-09-04,23:14:10,14.4,14.17,14.4,14.17,13.3,13.04,87,87,90,1,1,3,5.16,0.0,0.0,0.0,0.0,0.0,0.0,23.6,53,0,125,ON,OFF,ON,0,34.2,30,0,13492,OFF,OFF,29.4,29.5,15.62,29.4,17.93,9.0,6.0,84.55,38.0,72.72,15,75,31,17,3,1,OFF,OFF,100,100,6.131,1.268,1,0,ON,ON,0.922,4.372,0,0,OFF,OFF,0,0,100,100,0,0.156,73,664,12.8,69,18.2,0.01,33.4,43,0.009,19.1,1143,96,10.7,62.44213,378457,75,21,16.7,3,0,0.492,76,32.91,41.01,33.87,95.9,21.1,1.0844,9,39,8,37.4,0,0,0
2021-09-04,23:14:40,14.4,14.17,14.4,14.17,13.3,13.04,87,87,90,1,1,3,5.16,0.0,0.0,0.0,0.0,0.0,0.0,23.6,53,0,125,ON,OFF,ON,0,34.2,30,0,13492,OFF,OFF,29.4,29.5,15.62,29.4,17.93,9.0,6.0,84.55,38.0,72.72,15,75,31,17,3,1,OFF,OFF,100,100,6.131,1.268,1,0,ON,ON,0.922,4.372,0,0,OFF,OFF,0,0,100,100,0,0.156,73,664,12.8,69,18.2,0.01,33.4,43,0.009,19.1,1143,96,10.7,62.44213,378457,75,21,16.7,3,0,0.492,76,32.91,41.01,33.87,95.9,21.1,1.0844,9,39,8,37.4,0,0,0
2021-09-04,23:15:10,14.4,14.17,14.4,14.17,13.3,13.04,87,87,90,1,1,3,5.16,0.0,0.0,0.0,0.0,0.0,0.0,23.6,53,0,125,ON,OFF,ON,0,34.2,30,0,13492,OFF,OFF,29.4,29.5,15.62,29.4,17.93,9.0,6.0,84.55,38.0,72.72,15,75,31,17,3,1,OFF,OFF,100,100,6.131,1.268,1,0,ON,ON,0.922,4.372,0,0,OFF,OFF,0,0,100,100,0,0.156,73,664,12.8,69,18.2,0.01,33.4,43,0.009,19.1,1143,96,10.7,62.44213,378457,75,21,16.7,3,0,0.492,76,32.91,41.01,33.87,95.9,21.1,1.0844,9,39,8,37.4,0,0,0
2021-09-04,23:15:40,14.4,14.17,14.4,14.17,13.3,13.04,87,87,90,1,1,3,5.16,0.0,0.0,0.0,0.0,0.0,0.0,23.6,53,0,125,ON,OFF,ON,0,34.2,30,0,13492,OFF,OFF,29.4,29.5,15.62,29.4,17.93,9.0,6.0,84.55,38.0,72.72,15,75,31,17,3,1,OFF,OFF,100,100,6.131,1.268,1,0,ON,ON,0.922,4.372,0,0,OFF,OFF,0,0,100,100,0,0.156,73,664,12.8,69,18.2,0.01,33.4,43,0.009,19.1,1143,96,10.7,62.44213,378457,75,21,16.7,3,0,0.492,76,32.91,41.01,33.87,95.9,21.1,1.0844,9,39,8,37.4,0,0,0
2021-09-04,23:16:10,14.4,14.17,14.4,14.17,13.3,13.04,87,87,90,1,1,3,5.16,0.0,0.0,0.0,0.0,0.0,0.0,23.6,53,0,125,ON,OFF,ON,0,34.2,30,0,13492,OFF,OFF,29.4,29.5,15.62,29.4,17.93,9.0,6.0,84.55,38.0,72.72,15,75,31,16.5,3,1,OFF,OFF,100,100,6.131,1.268,1,0,ON,ON,0.922,4.372,0,0,OFF,OFF,0,0,100,100,0,0.156,73,664,12.8,69,18.2,0.01,33.4,43,0.009,19.1,1143,96,10.7,62.44213,378457,75,21,16.7,3,0,0.492,76,32.91,41.01,33.87,95.9,21.1,1.0844,9,39,8,37.4,0,0,0
2021-09-04,23:16:40,14.4,14.17,14.4,14.17,13.3,13.04,87,87,90,1,1,3,5.16,0.0,0.0,0.0,0.0,0.0,0.0,23.6,53,0,125,ON,OFF,ON,0,34.2,30,0,13492,OFF,OFF,29.4,29.5,15.62,29.4,17.93,9.0,6.0,84.55,38.0,72.72,15,75,31,16.5,3,1,OFF,OFF,100,100,6.131,1.268,1,0,ON,ON,0.922,4.372,0,0,OFF,OFF,0,0,100,100,0,0.156,73,664,12.8,69,18.2,0.01,33.4,43,0.009,19.1,1143,96,10.7,62.44213,378457,75,21,16.7,3,0,0.492,76,32.91,41.01,33.87,95.9,21.1,1.0844,9,39,8,37.4,0,0,0
2021-09-04,23:17:26,14.4,14.17,14.4,14.17,13.3,13.04,87,87,90,1,1,3,5.16,0.0,0.0,0.0,0.0,0.0,0.0,23.6,53,0,125,ON,OFF,ON,0,34.2,30,0,13492,OFF,OFF,29.4,29.5,15.62,29.4,17.93,9.0,6.0,84.55,38.0,72.72,15,75,31,16.5,3,1,OFF,OFF,100,100,6.131,1.268,1,0,ON,ON,0.922,4.372,0,0,OFF,OFF,0,0,100,100,0,0.156,73,664,12.8,69,18.2,0.01,33.4,43,0.009,19.1,1143,96,10.7,62.44213,378457,75,21,16.7,3,0,0.492,76,32.91,41.01,33.87,95.9,21.1,1.0844,9,39,8,37.4,0,0,0
2021-09-04,23:17:57,14.4,14.17,14.4,14.17,13.3,13.04,87,87,90,1,1,3,5.16,0.0,0.0,0.0,0.0,0.0,0.0,23.6,53,0,125,ON,OFF,ON,0,34.2,30,0,13492,OFF,OFF,29.4,29.5,15.62,29.4,17.93,9.0,6.0,84.55,38.0,72.72,15,75,31,16.5,3,1,OFF,OFF,100,100,6.131,1.268,1,0,ON,ON,0.922,4.372,0,0,OFF,OFF,0,0,100,100,0,0.156,73,664,12.8,69,18.2,0.01,33.4,43,0.009,19.1,1081,96,10.7,62.44213,378457,75,21,16.7,3,0,0.492,76,32.91,40.49,33.87,95.9,21.1,1.0844,9,39,8,37.4,0,0,0
2021-09-04,23:18:27,14.4,14.17,14.4,14.17,13.3,13.04,87,87,90,1,1,3,5.16,0.0,0.0,0.0,0.0,0.0,0.0,23.6,53,0,125,ON,OFF,ON,0,34.2,30,0,13492,OFF,OFF,29.4,29.5,15.62,29.4,17.93,9.0,6.0,84.55,38.0,72.72,15,75,31,16.5,3,1,OFF,OFF,100,100,6.131,1.268,1,0,ON,ON,0.922,4.372,0,0,OFF,OFF,0,0,100,100,0,0.156,73,664,12.8,69,18.2,0.01,33.4,43,0.009,19.1,1081,96,10.7,62.44213,378457,75,21,16.7,3,0,0.492,76,32.91,40.49,33.87,95.9,21.1,1.0844,9,39,8,37.4,0,0,0
2021-09-04,23:18:57,14.4,14.17,14.4,14.17,13.3,13.04,87,87,90,1,1,3,5.16,0.0,0.0,0.0,0.0,0.0,0.0,23.6,53,0,125,ON,OFF,ON,0,34.2,30,0,13492,OFF,OFF,29.4,29.5,15.62,29.4,17.93,9.0,6.0,84.55,38.0,72.72,15,75,31,16.5,3,1,OFF,OFF,100,100,6.131,1.268,1,0,ON,ON,0.922,4.372,0,0,OFF,OFF,0,0,100,100,0,0.156,73,664,12.8,69,18.2,0.01,33.4,43,0.009,19.1,1081,96,10.7,62.44213,378457,75,21,16.7,3,0,0.492,76,32.91,40.49,33.87,95.9,21.1,1.0844,9,39,8,37.4,0,0,0
2021-09-04,23:19:27,14.4,14.17,14.4,14.17,13.3,13.04,87,87,90,1,1,3,5.16,0.0,0.0,0.0,0.0,0.0,0.0,23.6,53,0,125,ON,OFF,ON,0,34.2,30,0,13492,OFF,OFF,29.4,29.5,15.62,29.4,17.93,9.0,6.0,84.55,38.0,72.72,15,75,31,16.5,3,1,OFF,OFF,100,100,6.131,1.268,1,0,ON,ON,0.922,4.372,0,0,OFF,OFF,0,0,100,100,0,0.156,73,664,12.8,69,18.2,0.01,33.4,43,0.009,19.1,1081,96,10.7,62.44213,378457,75,21,16.7,3,0,0.492,76,32.91,40.49,33.87,95.9,21.1,1.0844,9,39,8,37.4,0,0,0
2021-09-04,23:19:57,14.4,14.17,14.4,14.17,13.3,13.04,87,87,90,1,1,3,5.16,0.0,0.0,0.0,0.0,0.0,0.0,23.6,53,0,125,ON,OFF,ON,0,34.2,30,0,13492,OFF,OFF,29.4,29.5,15.62,29.4,17.93,9.0,6.0,84.55,38.0,72.72,15,75,31,16.5,3,1,OFF,OFF,100,100,6.131,1.268,1,0,ON,ON,0.922,4.372,0,0,OFF,OFF,0,0,100,100,0,0.156,73,664,12.8,69,18.2,0.01,32.9,43,0.009,19.1,1081,96,10.7,62.44213,378457,75,21,16.7,3,0,0.492,76,32.91,40.49,33.87,95.9,21.1,1.0844,9,39,8,37.4,0,0,0
2021-09-04,23:20:27,14.4,14.17,14.4,14.17,13.3,13.04,87,87,90,1,1,3,5.16,0.0,0.0,0.0,0.0,0.0,0.0,23.6,53,0,125,ON,OFF,ON,0,34.2,30,0,13492,OFF,OFF,29.4,29.5,15.62,29.4,17.93,9.0,6.0,84.55,38.0,72.72,15,75,31,16.5,3,1,OFF,OFF,100,100,6.131,1.268,1,0,ON,ON,0.922,4.372,0,0,OFF,OFF,0,0,100,100,0,0.156,73,664,12.8,69,18.2,0.01,32.9,43,0.009,19.1,1081,96,10.7,62.44213,378457,75,21,16.7,3,0,0.492,76,32.41,40.49,33.87,95.9,21.1,1.0844,9,39,8,37.4,0,0,0
2021-09-04,23:20:57,14.4,14.17,14.4,14.17,13.3,13.04,87,87,90,1,1,3,5.16,0.0,0.0,0.0,0.0,0.0,0.0,23.6,53,0,125,ON,OFF,ON,0,34.2,30,0,13492,OFF,OFF,29.4,29.5,15.62,29.4,17.93,9.0,6.0,84.55,38.0,72.72,15,76,31,16.5,3,1,OFF,OFF,100,100,6.131,1.268,1,0,ON,ON,0.922,4.372,0,0,OFF,OFF,0,0,100,100,0,0.156,73,664,12.8,69,18.2,0.01,32.9,43,0.009,19.1,1081,96,10.7,62.44213,378457,75,21,16.7,3,0,0.492,76,32.41,40.49,33.87,95.9,21.1,1.0844,9,39,8,37.4,0,0,0
2021-09-04,23:21:27,14.4,14.17,14.4,14.17,13.3,13.04,87,87,90,1,1,3,5.16,0.0,0.0,0.0,0.0,0.0,0.0,23.6,53,0,125,ON,OFF,ON,0,34.2,30,0,13492,OFF,OFF,29.4,29.5,15.62,29.4,17.93,9.0,6.0,84.55,38.0,72.72,15,76,31,16.5,3,1,OFF,OFF,100,100,6.131,1.268,1,0,ON,ON,0.922,4.372,0,0,OFF,OFF,0,0,100,100,0,0.156,73,664,12.8,69,18.2,0.01,32.9,43,0.009,19.1,1081,96,10.7,62.44213,378457,75,21,16.7,3,0,0.492,76,32.41,40.49,33.87,95.9,21.1,1.0844,9,39,8,37.4,0,0,0
2021-09-04,23:21:57,14.4,14.17,14.4,14.17,13.3,13.04,87,87,90,1,1,3,5.16,0.0,0.0,0.0,0.0,0.0,0.0,23.6,53,0,125,ON,OFF,ON,0,34.2,30,0,13492,OFF,OFF,29.4,29.5,15.62,29.4,17.93,9.0,6.0,84.55,38.0,72.72,15,76,31,16.5,3,1,OFF,OFF,100,100,6.131,1.268,1,0,ON,ON,0.922,4.372,0,0,OFF,OFF,0,0,100,100,0,0.156,73,664,12.8,69,18.2,0.01,32.9,43,0.009,19.1,1081,96,10.7,62.44213,378457,75,21,16.7,3,0,0.492,76,32.41,40.49,33.87,95.9,21.1,1.0844,9,39,8,37.4,0,0,0
2021-09-04,23:22:27,14.4,14.17,14.4,14.17,13.3,13.04,87,87,90,1,1,3,5.16,0.0,0.0,0.0,0.0,0.0,0.0,23.6,53,0,125,ON,OFF,ON,0,34.2,30,0,13492,OFF,OFF,29.4,29.5,15.62,29.4,17.93,9.0,6.0,84.55,38.0,72.72,15,76,31,16.5,3,1,OFF,OFF,100,100,6.131,1.268,1,0,ON,ON,0.922,4.372,0,0,OFF,OFF,0,0,100,100,0,0.156,73,664,12.8,69,18.2,0.01,32.9,43,0.009,19.1,1081,96,10.7,62.44213,378457,75,21,16.7,3,0,0.492,76,32.41,40.49,33.87,95.9,21.1,1.0844,9,39,8,37.4,0,0,0
2021-09-04,23:22:57,14.4,14.17,14.4,14.17,13.3,13.04,87,87,90,1,1,3,5.16,0.0,0.0,0.0,0.0,0.0,0.0,23.6,53,0,125,ON,OFF,ON,0,34.2,30,0,13492,OFF,OFF,29.4,29.5,15.62,29.4,17.93,9.0,6.0,84.55,38.0,72.72,15,76,31,16.5,3,1,OFF,OFF,100,100,6.131,1.268,1,0,ON,ON,0.922,4.372,0,0,OFF,OFF,0,0,100,100,0,0.156,73,664,12.8,69,18.2,0.01,32.9,43,0.009,19.1,1081,96,10.7,62.44213,378457,75,21,16.7,3,0,0.492,76,32.41,40.49,33.87,95.9,21.1,1.0844,9,39,8,37.4,0,0,0
2021-09-04,23:23:27,14.4,14.17,14.4,14.17,13.3,13.04,87,87,90,1,1,3,5.16,0.0,0.0,0.0,0.0,0.0,0.0,23.6,53,0,125,ON,OFF,ON,0,34.2,30,0,13492,OFF,OFF,29.4,29.5,15.62,29.4,17.93,9.0,6.0,84.55,38.0,72.72,15,76,31,16.5,3,1,OFF,OFF,100,100,6.131,1.268,1,0,ON,ON,0.922,4.372,0,0,OFF,OFF,0,0,100,100,0,0.156,73,664,12.8,69,18.2,0.01,32.9,43,0.009,19.1,1081,96,10.7,62.44213,378457,75,21,16.7,3,0,0.492,76,32.41,40.49,33.87,95.9,21.1,1.0844,9,39,8,37.4,0,0,0
2021-09-04,23:23:57,14.4,14.17,14.4,14.17,13.3,13.04,87,87,90,1,1,3,5.16,0.0,0.0,0.0,0.0,0.0,0.0,23.6,53,0,125,ON,OFF,ON,0,34.2,30,0,13492,OFF,OFF,29.4,29.5,15.62,29.4,17.93,9.0,6.0,84.55,38.0,72.72,15,76,31,16.5,3,1,OFF,OFF,100,100,6.131,1.268,1,0,ON,ON,0.922,4.372,0,0,OFF,OFF,0,0,100,100,0,0.156,73,664,12.8,69,18.2,0.01,32.9,43,0.009,19.1,1081,96,10.7,62.44213,378457,75,21,16.7,3,0,0.492,76,32.41,40.49,33.87,95.9,21.1,1.0844,9,39,8,37.4,0,0,0
2021-09-04,23:24:27,14.4,14.17,14.4,14.17,13.3,13.04,87,87,90,1,1,3,5.16,0.0,0.0,0.0,0.0,0.0,0.0,23.6,53,0,125,ON,OFF,ON,0,34.2,30,0,13492,OFF,OFF,29.4,29.5,15.62,29.4,17.93,9.0,6.0,84.55,38.0,72.72,15,76,31,16.5,3,1,OFF,OFF,100,100,6.131,1.268,1,0,ON,ON,0.922,4.372,0,0,OFF,OFF,0,0,100,100,0,0.156,73,664,12.8,69,18.2,0.01,32.9,43,0.009,19.1,1081,96,10.7,62.44213,378457,75,21,16.7,3,0,0.492,76,32.41,40.49,33.87,95.9,21.1,1.0844,9,39,8,37.4,0,0,0
2021-09-04,23:24:57,14.4,14.17,14.4,14.17,13.3,13.04,87,87,90,1,1,3,5.16,0.0,0.0,0.0,0.0,0.0,0.0,23.6,53,0,125,ON,OFF,ON,0,34.2,30,0,13492,OFF,OFF,29.4,29.5,15.62,29.4,17.93,9.0,6.0,84.55,38.0,72.72,15,76,31,16.5,3,1,OFF,OFF,100,100,6.131,1.268,1,0,ON,ON,0.922,4.372,0,0,OFF,OFF,0,0,100,100,0,0.156,73,664,12.8,69,18.2,0.01,32.9,43,0.009,19.1,1081,96,10.7,62.44213,378457,75,21,16.7,3,0,0.492,76,32.41,40.49,33.87,95.9,21.1,1.0844,9,39,8,37.4,0,0,0
2021-09-04,23:25:27,14.4,14.17,14.4,14.17,13.3,13.04,87,87,90,1,1,3,5.16,0.0,0.0,0.0,0.0,0.0,0.0,23.6,53,0,125,ON,OFF,ON,0,34.2,30,0,13492,OFF,OFF,29.4,29.5,15.62,29.4,17.93,9.0,6.0,84.55,38.0,72.72,15,76,31,16.5,3,1,OFF,OFF,100,100,6.131,1.268,1,0,ON,ON,0.922,4.372,0,0,OFF,OFF,0,0,100,100,0,0.156,73,664,12.8,69,18.2,0.01,32.9,43,0.009,19.1,1081,96,10.7,62.44213,378457,75,21,16.7,3,0,0.492,76,32.41,40.49,33.87,95.9,21.1,1.0844,9,39,8,37.4,0,0,0
2021-09-04,23:25:57,14.4,14.17,14.4,14.17,13.3,13.04,87,87,90,1,1,3,5.16,0.0,0.0,0.0,0.0,0.0,0.0,23.6,53,0,125,ON,OFF,ON,0,34.2,30,0,13492,OFF,OFF,29.4,29.5,15.62,29.4,17.93,9.0,6.0,84.55,38.0,72.72,15,76,31,16.5,3,1,OFF,OFF,100,100,6.131,1.268,1,0,ON,ON,0.922,4.372,0,0,OFF,OFF,0,0,100,100,0,0.156,73,664,12.8,69,18.2,0.01,32.9,43,0.009,19.1,1081,96,10.7,62.44213,378457,75,21,16.7,3,0,0.492,76,32.41,40.49,33.87,95.9,21.1,1.0844,9,39,8,37.4,0,0,0
2021-09-04,23:26:27,14.4,14.17,14.4,14.17,13.3,13.04,87,87,90,1,1,3,5.16,0.0,0.0,0.0,0.0,0.0,0.0,23.6,53,0,125,ON,OFF,ON,0,34.2,30,0,13492,OFF,OFF,29.4,29.5,15.62,29.4,17.93,9.0,6.0,84.55,38.0,72.72,15,76,31,16.5,3,1,OFF,OFF,100,100,6.131,1.268,1,0,ON,ON,0.922,4.372,0,0,OFF,OFF,0,0,100,100,0,0.156,73,664,12.8,69,18.2,0.01,32.9,43,0.009,19.1,1081,96,10.7,62.44213,378457,75,21,16.7,3,0,0.492,76,32.41,40.49,33.87,95.9,21.1,1.0844,9,39,8,37.4,0,0,0
2021-09-04,23:26:57,14.4,14.17,14.4,14.17,13.3,13.04,87,87,90,1,1,3,5.16,0.0,0.0,0.0,0.0,0.0,0.0,23.6,53,0,125,ON,OFF,ON,0,34.2,30,0,13492,OFF,OFF,29.4,29.5,15.62,29.4,17.93,9.0,6.0,84.55,38.0,72.72,15,76,31,16.5,3,1,OFF,OFF,100,100,6.131,1.268,1,0,ON,ON,0.922,4.372,0,0,OFF,OFF,0,0,100,100,0,0.156,73,664,12.8,69,18.2,0.01,32.9,43,0.009,19.1,1081,96,10.7,62.44213,378457,75,21,16.7,3,0,0.492,76,32.41,40.49,33.87,95.9,21.1,1.0844,9,39,8,37.4,0,0,0
2021-09-04,23:27:27,14.4,14.17,14.4,14.17,13.3,13.04,87,87,90,1,1,3,5.16,0.0,0.0,0.0,0.0,0.0,0.0,23.6,53,0,125,ON,OFF,ON,0,34.2,30,0,13492,OFF,OFF,29.4,29.5,15.62,29.4,17.93,9.0,6.0,84.55,38.0,72.72,15,76,31,16.5,3,1,OFF,OFF,100,100,6.131,1.268,1,0,ON,ON,0.922,4.372,0,0,OFF,OFF,0,0,100,100,0,0.156,73,664,12.7,70,18.1,0.01,32.9,43,0.009,19.1,1081,96,10.7,62.44213,378457,75,21,16.7,3,0,0.492,76,32.41,40.49,33.87,95.9,21.1,1.0844,9,39,8,37.4,0,0,0
2021-09-04,23:27:57,14.4,14.17,14.4,14.17,13.3,13.04,87,87,90,1,1,3,5.16,0.0,0.0,0.0,0.0,0.0,0.0,23.6,53,0,125,ON,OFF,ON,0,34.2,30,0,13492,OFF,OFF,29.4,29.5,15.62,29.4,17.93,9.0,6.0,84.55,38.0,72.72,15,76,31,16.5,3,1,OFF,OFF,100,100,6.131,1.268,1,0,ON,ON,0.922,4.372,0,0,OFF,OFF,0,0,100,100,0,0.156,73,664,12.7,70,18.1,0.01,32.8,43,8.894,18.6,1074,96,10.7,62.44213,378457,75,21,16.7,3,0,0.492,76,32.41,40.49,33.87,95.9,21.1,1.0844,9,39,8,37.4,0,0,0
2021-09-04,23:28:27,14.4,14.17,14.4,14.17,13.3,13.04,87,87,90,1,1,3,5.16,0.0,0.0,0.0,0.0,0.0,0.0,23.6,53,0,125,ON,OFF,ON,0,34.2,30,0,13492,OFF,OFF,29.4,29.5,15.62,29.4,17.27,9.0,6.0,84.55,38.0,72.72,15,76,31,16.5,3,1,OFF,OFF,100,100,6.131,1.268,1,0,ON,ON,0.922,4.372,0,0,OFF,OFF,0,0,100,100,0,0.156,73,664,12.7,70,18.1,0.01,32.8,43,8.894,18.6,1074,96,10.7,62.44213,378457,75,21,16.7,3,0,0.492,76,32.41,40.49,33.87,95.9,21.1,1.0844,9,39,8,37.4,0,0,0
2021-09-04,23:28:58,14.4,14.17,14.4,14.17,13.3,13.04,87,87,90,1,1,3,5.16,0.0,0.0,0.0,0.0,0.0,0.0,23.6,53,0,125,ON,OFF,ON,0,34.2,30,0,13492,OFF,OFF,29.4,29.5,15.62,29.4,17.27,9.0,6.0,84.55,38.0,72.72,15,76,31,16.5,3,1,OFF,OFF,100,100,6.131,1.268,1,0,ON,ON,0.922,4.372,0,0,OFF,OFF,0,0,100,100,0,0.156,73,664,12.7,70,18.1,0.01,32.8,43,8.894,18.6,1074,96,10.7,62.44213,378457,75,21,16.7,3,0,0.492,76,32.41,40.49,33.87,95.9,21.1,1.0844,9,39,8,37.4,0,0,0
2021-09-04,23:29:27,14.4,14.17,14.4,14.17,13.3,13.04,87,87,90,1,1,3,5.16,0.0,0.0,0.0,0.0,0.0,0.0,23.6,53,0,125,ON,OFF,ON,0,34.2,30,0,13492,OFF,OFF,29.4,29.5,15.62,29.4,17.27,9.0,6.0,84.55,38.0,72.72,15,76,31,16.5,3,1,OFF,OFF,100,100,6.131,1.268,1,0,ON,ON,0.922,4.372,0,0,OFF,OFF,0,0,100,100,0,0.156,73,664,12.7,70,18.1,0.01,32.8,43,8.894,18.6,1074,96,10.7,62.44213,378457,75,21,16.7,3,0,0.492,76,32.41,40.49,33.87,95.9,21.1,1.0844,9,39,8,37.4,0,0,0
2021-09-04,23:29:57,14.4,14.17,14.4,14.17,13.3,13.04,87,87,90,1,1,3,5.16,0.0,0.0,0.0,0.0,0.0,0.0,23.6,53,0,125,ON,OFF,ON,0,34.2,30,0,13492,OFF,OFF,29.4,29.5,15.62,29.4,17.27,9.0,6.0,84.55,38.0,72.72,15,76,31,16.5,3,1,OFF,OFF,100,100,6.131,1.268,1,0,ON,ON,0.922,4.372,0,0,OFF,OFF,0,0,100,100,0,0.156,73,664,12.7,70,18.1,0.01,32.8,43,8.894,18.6,1074,96,10.7,62.44213,378457,75,21,16.7,3,0,0.492,76,32.41,40.49,33.87,95.9,21.1,1.0844,9,39,8,37.4,0,0,0
2021-09-04,23:30:27,14.4,14.17,14.4,14.17,13.3,13.04,87,87,90,1,1,3,5.16,0.0,0.0,0.0,0.0,0.0,0.0,23.6,53,0,125,ON,OFF,ON,0,34.2,30,0,13492,OFF,OFF,29.4,29.5,15.62,29.4,17.27,9.0,6.0,84.55,38.0,72.72,15,76,31,16.5,3,1,OFF,OFF,100,100,6.131,1.268,1,0,ON,ON,0.922,4.372,0,0,OFF,OFF,0,0,100,100,0,0.156,73,664,12.7,70,18.1,0.01,32.8,43,8.894,18.6,1074,96,10.7,62.44213,378457,75,21,16.7,3,0,0.492,76,32.41,40.49,33.87,95.9,21.1,1.0844,9,39,8,37.4,0,0,0
2021-09-04,23:30:57,13.93,13.68,12.99,12.72,11.64,11.31,88,91,94,6,3,6,5.16,0.0,0.0,0.0,0.0,0.0,0.0,23.6,53,0,125,ON,OFF,ON,0,34.2,30,0,13492,OFF,OFF,29.4,29.5,15.62,29.4,17.27,9.0,6.0,84.55,38.0,72.72,14,76,31,16.5,3,1,OFF,OFF,100,100,6.131,1.268,1,0,ON,ON,0.922,4.372,0,0,OFF,OFF,0,0,100,100,0,0.156,73,664,12.7,70,18.1,0.01,32.8,43,8.894,18.6,1074,96,10.7,62.44213,378457,75,21,16.7,3,0,0.492,76,32.41,40.49,33.87,95.9,21.1,1.0844,9,39,8,37.4,0,0,0
2021-09-04,23:31:30,13.93,13.68,12.99,12.72,11.64,11.31,88,91,94,6,3,6,5.16,0.0,0.0,0.0,0.0,0.0,0.0,23.6,53,0,125,ON,OFF,ON,0,34.2,30,0,13492,OFF,OFF,29.4,29.5,15.62,29.4,17.27,9.0,6.0,84.55,38.0,72.72,14,76,31,16.5,3,1,OFF,OFF,100,100,6.131,1.268,1,0,ON,ON,0.922,4.372,0,0,OFF,OFF,0,0,100,100,0,0.156,73,664,12.7,70,18.1,0.01,32.8,43,8.894,18.6,1074,96,10.7,62.44213,378457,75,21,16.7,3,0,0.492,76,32.41,40.49,33.87,95.9,21.1,1.0844,9,39,8,37.4,0,0,0
2021-09-04,23:32:00,13.93,13.68,12.99,12.72,11.64,11.31,88,91,94,6,3,6,5.16,0.0,0.0,0.0,0.0,0.0,0.0,23.6,53,0,125,ON,OFF,ON,0,34.2,30,0,13492,OFF,OFF,29.4,29.5,15.62,29.4,17.27,9.0,6.0,84.55,38.0,72.72,14,76,31,16.5,3,1,OFF,OFF,100,100,6.131,1.268,1,0,ON,ON,0.922,4.372,0,0,OFF,OFF,0,0,100,100,0,0.156,73,664,12.7,70,18.1,0.01,32.8,43,8.68,18.6,1074,96,10.7,62.44213,378457,75,21,16.7,3,0,0.492,76,32.41,40.49,33.87,95.9,21.1,1.0844,9,39,8,37.4,0,0,0
2021-09-04,23:32:47,13.93,13.68,12.99,12.72,11.64,11.31,88,91,94,6,3,6,5.16,0.0,0.0,0.0,0.0,0.0,0.0,23.6,53,0,125,ON,OFF,ON,0,34.2,30,0,13492,OFF,OFF,29.4,29.5,15.62,29.4,17.27,9.0,6.0,84.55,38.0,72.72,14,76,31,16.5,3,1,OFF,OFF,100,100,6.131,1.268,1,0,ON,ON,0.922,4.372,0,0,OFF,OFF,0,0,100,100,0,0.156,73,664,12.7,70,18.1,0.01,32.8,43,8.68,18.6,1074,96,10.7,62.44213,378457,75,21,16.7,3,0,0.492,76,32.41,40.49,33.87,95.9,21.1,1.0844,9,39,8,37.4,0,0,0
2021-09-04,23:33:18,13.93,13.68,12.99,12.72,11.64,11.31,88,91,94,6,3,6,5.16,0.0,0.0,0.0,0.0,0.0,0.0,23.6,53,0,125,ON,OFF,ON,0,34.2,30,0,13492,OFF,OFF,29.4,29.5,15.62,29.4,17.27,9.0,6.0,84.55,38.0,72.72,14,76,31,16.5,3,1,OFF,OFF,100,100,6.131,1.268,1,0,ON,ON,0.922,4.372,0,0,OFF,OFF,0,0,100,100,0,0.156,73,664,12.7,70,18.1,0.01,32.8,43,8.68,18.6,1074,96,10.7,62.44213,378457,75,21,16.7,3,0,0.492,76,32.41,40.49,33.87,95.9,21.1,1.0844,9,39,8,37.4,0,0,0
2021-09-04,23:33:48,13.93,13.68,12.99,12.72,11.64,11.31,88,91,94,6,3,6,5.16,0.0,0.0,0.0,0.0,0.0,0.0,23.6,53,0,125,ON,OFF,ON,0,34.2,30,0,13492,OFF,OFF,29.4,29.5,15.62,29.4,17.27,9.0,6.0,84.55,38.0,72.72,14,76,31,16.5,3,1,OFF,OFF,100,100,6.131,1.268,1,0,ON,ON,0.922,4.372,0,0,OFF,OFF,0,0,100,100,0,0.156,73,664,12.7,70,18.1,0.01,32.8,43,8.68,18.6,1074,96,10.7,62.44213,378457,75,21,16.7,3,0,0.492,76,32.41,40.49,33.87,95.9,21.1,1.0844,9,39,8,37.4,0,0,0
2021-09-04,23:34:18,13.93,13.68,12.99,12.72,11.64,11.31,88,91,94,6,3,6,5.16,0.0,0.0,0.0,0.0,0.0,0.0,23.6,53,0,125,ON,OFF,ON,0,34.2,30,0,13492,OFF,OFF,29.4,29.5,15.62,29.4,17.27,9.0,6.0,84.55,38.0,72.72,14,76,31,16.5,3,1,OFF,OFF,100,100,6.131,1.268,1,0,ON,ON,0.922,4.372,0,0,OFF,OFF,0,0,100,100,0,0.156,73,664,12.7,70,18.1,0.01,32.8,43,8.68,18.6,1074,96,10.7,62.44213,378457,75,21,16.7,3,0,0.492,76,32.41,40.49,33.87,95.9,21.1,1.0844,9,39,8,37.4,0,0,0
2021-09-04,23:34:48,13.93,13.68,12.99,12.72,11.64,11.31,88,91,94,6,3,6,5.16,0.0,0.0,0.0,0.0,0.0,0.0,23.6,53,0,125,ON,OFF,ON,0,34.2,30,0,13492,OFF,OFF,29.4,29.5,15.62,29.4,17.27,9.0,6.0,84.55,38.0,72.72,14,76,31,16.5,3,1,OFF,OFF,100,100,6.131,1.268,1,0,ON,ON,0.922,4.372,0,0,OFF,OFF,0,0,100,100,0,0.156,73,664,12.7,70,18.1,0.01,32.8,43,8.68,18.6,1074,96,10.7,62.44213,378457,75,21,16.7,3,0,0.492,76,32.41,40.49,33.87,95.9,21.1,1.0844,9,39,8,37.4,0,0,0
2021-09-04,23:35:18,13.93,13.68,12.99,12.72,11.64,11.31,88,91,94,6,3,6,5.16,0.0,0.0,0.0,0.0,0.0,0.0,23.6,53,0,125,ON,OFF,ON,0,34.2,30,0,13492,OFF,OFF,29.4,29.5,15.62,29.4,17.27,9.0,6.0,84.55,38.0,72.72,14,76,31,16.5,3,1,OFF,OFF,100,100,6.131,1.268,1,0,ON,ON,0.922,4.372,0,0,OFF,OFF,0,0,100,100,0,0.156,73,664,12.7,70,18.1,0.01,32.8,43,8.68,18.6,1074,96,10.7,62.44213,378457,75,21,16.7,3,0,0.492,76,32.41,40.49,33.32,95.9,21.1,1.0844,9,39,8,37.4,0,0,0
2021-09-04,23:35:48,13.93,13.68,12.99,12.72,11.64,11.31,88,91,94,6,3,6,5.16,0.0,0.0,0.0,0.0,0.0,0.0,23.6,53,0,125,ON,OFF,ON,0,34.2,30,0,13492,OFF,OFF,29.4,29.5,15.62,29.4,17.27,9.0,6.0,84.55,38.0,72.72,14,76,31,16.5,3,1,OFF,OFF,100,100,6.131,1.268,1,0,ON,ON,0.922,4.372,0,0,OFF,OFF,0,0,100,100,0,0.156,73,664,12.7,70,18.1,0.01,32.8,43,8.68,18.6,1074,96,10.7,62.44213,378457,75,21,16.7,3,0,0.492,76,32.41,40.49,33.32,95.9,21.1,1.0844,9,39,8,37.4,0,0,0
2021-09-04,23:36:18,13.93,13.68,12.99,12.72,11.64,11.31,88,91,94,6,3,6,5.16,0.0,0.0,0.0,0.0,0.0,0.0,23.6,53,0,125,ON,OFF,ON,0,34.2,30,0,13492,OFF,OFF,29.4,29.5,15.62,29.4,17.27,9.0,6.0,84.55,38.0,72.72,14,76,31,16.5,3,1,OFF,OFF,100,100,6.131,1.268,1,0,ON,ON,0.922,4.372,0,0,OFF,OFF,0,0,100,100,0,0.156,73,664,12.7,70,18.1,0.01,32.8,43,8.68,18.6,1074,96,10.7,62.44213,378457,75,21,16.7,3,0,0.492,76,32.41,40.49,33.32,95.9,21.1,1.0844,9,39,8,37.4,0,0,0
2021-09-04,23:36:48,13.93,13.68,12.99,12.72,11.64,11.31,88,91,94,6,3,6,5.16,0.0,0.0,0.0,0.0,0.0,0.0,23.6,53,0,125,ON,OFF,ON,0,34.2,30,0,13492,OFF,OFF,29.4,29.5,15.62,29.4,17.27,9.0,6.0,84.55,38.0,72.72,14,76,31,16.5,3,1,OFF,OFF,100,100,6.131,1.268,1,0,ON,ON,0.922,4.372,0,0,OFF,OFF,0,0,100,100,0,0.156,73,664,12.7,70,18.1,0.01,32.8,43,8.68,18.6,1074,96,10.7,62.44213,378457,75,21,16.7,3,0,0.492,76,32.41,40.49,33.32,95.9,21.1,1.0844,9,39,8,37.4,0,0,0
2021-09-04,23:37:18,13.93,13.68,12.99,12.72,11.64,11.31,88,91,94,6,3,6,5.16,0.0,0.0,0.0,0.0,0.0,0.0,23.6,53,0,125,ON,OFF,ON,0,34.2,30,0,13492,OFF,OFF,29.4,29.5,15.62,29.4,17.27,9.0,6.0,84.55,38.0,72.72,14,76,31,16.5,3,1,OFF,OFF,100,100,6.131,1.268,1,0,ON,ON,0.922,4.372,0,0,OFF,OFF,0,0,100,100,0,0.156,73,664,12.7,70,18.1,0.01,32.8,43,8.68,18.6,1074,96,10.7,62.44213,378457,75,21,16.7,3,0,0.492,76,32.41,40.49,33.32,95.9,21.1,1.0844,9,39,8,37.4,0,0,0
2021-09-04,23:37:48,13.93,13.68,12.99,12.72,11.64,11.31,88,91,94,6,3,6,5.16,0.0,0.0,0.0,0.0,0.0,0.0,23.6,53,0,125,ON,OFF,ON,0,34.2,30,0,13492,OFF,OFF,29.4,29.5,15.62,29.4,17.27,9.0,6.0,84.55,38.0,72.72,14,76,31,16.5,3,1,OFF,OFF,100,100,6.131,1.268,1,0,ON,ON,0.922,4.372,0,0,OFF,OFF,0,0,100,100,0,0.156,73,664,12.7,70,18.1,0.01,32.8,43,8.68,18.6,1074,96,10.7,62.44213,378457,75,21,16.7,3,0,0.492,76,32.41,40.49,33.32,95.9,21.1,1.0844,9,39,8,37.4,0,0,0
2021-09-04,23:38:18,13.93,13.68,12.99,12.72,11.64,11.31,88,91,94,6,3,6,5.16,0.0,0.0,0.0,0.0,0.0,0.0,23.6,53,0,125,ON,OFF,ON,0,34.2,30,0,13492,OFF,OFF,29.4,29.5,15.62,29.4,17.27,9.0,6.0,84.55,38.0,72.72,14,76,31,16.5,3,1,OFF,OFF,100,100,6.131,1.268,1,0,ON,ON,0.922,4.372,0,0,OFF,OFF,0,0,100,100,0,0.156,73,664,12.7,70,18.1,0.01,32.8,43,8.68,18.6,1074,96,10.7,62.44213,378457,75,21,16.7,3,0,0.492,76,32.41,40.49,33.32,95.9,21.1,1.0844,9,39,8,37.4,0,0,0
2021-09-04,23:38:48,13.93,13.68,12.99,12.72,11.64,11.31,88,91,94,6,3,6,5.16,0.0,0.0,0.0,0.0,0.0,0.0,23.6,53,0,125,ON,OFF,ON,0,34.2,30,0,13492,OFF,OFF,29.4,29.5,15.62,29.4,17.27,9.0,6.0,84.55,38.0,72.72,14,76,31,16.5,3,1,OFF,OFF,100,100,6.131,1.268,1,0,ON,ON,0.922,4.372,0,0,OFF,OFF,0,0,100,100,0,0.156,73,664,12.7,70,18.1,0.01,32.8,43,8.68,18.6,1074,96,10.7,62.44213,378457,75,21,16.7,3,0,0.492,76,32.41,40.49,33.32,95.9,21.1,1.0844,9,39,8,37.4,0,0,0
2021-09-04,23:39:18,13.93,13.68,12.99,12.72,11.64,11.31,88,91,94,6,3,6,5.16,0.0,0.0,0.0,0.0,0.0,0.0,23.6,53,0,125,ON,OFF,ON,0,34.2,30,0,13492,OFF,OFF,29.4,29.5,15.62,29.4,17.27,9.0,6.0,84.55,38.0,72.72,14,76,31,16.5,3,1,OFF,OFF,100,100,6.131,1.268,1,0,ON,ON,0.922,4.372,0,0,OFF,OFF,0,0,100,100,0,0.156,73,664,12.7,70,18.1,0.01,32.8,43,8.68,18.6,1074,96,10.7,62.44213,378457,75,21,16.7,3,0,0.492,76,32.41,40.49,33.32,95.9,21.1,1.0844,9,39,8,37.4,0,0,0
2021-09-04,23:39:48,13.93,13.68,12.99,12.72,11.64,11.31,88,91,94,6,3,6,5.16,0.0,0.0,0.0,0.0,0.0,0.0,23.6,53,0,125,ON,OFF,ON,0,34.2,30,0,13492,OFF,OFF,29.4,29.5,15.62,29.4,17.27,9.0,6.0,84.55,38.0,72.72,14,76,31,16.5,3,1,OFF,OFF,100,100,6.131,1.268,1,0,ON,ON,0.922,4.372,0,0,OFF,OFF,0,0,100,100,0,0.156,73,664,12.7,70,18.1,0.01,32.8,43,8.68,18.6,1074,96,10.7,62.44213,378457,75,21,16.7,3,0,0.492,76,32.41,40.49,33.32,95.9,21.1,1.0844,9,39,8,37.4,0,0,0
2021-09-04,23:40:18,13.93,13.68,12.99,12.72,11.64,11.31,88,91,94,6,3,6,5.16,0.0,0.0,0.0,0.0,0.0,0.0,23.6,53,0,125,ON,OFF,ON,0,34.2,30,0,13492,OFF,OFF,29.4,29.5,15.62,29.4,17.27,9.0,6.0,84.55,38.0,72.72,14,76,31,16.5,3,1,OFF,OFF,100,100,6.131,1.268,1,0,ON,ON,0.922,4.372,0,0,OFF,OFF,0,0,100,100,0,0.156,73,664,12.7,70,18.1,0.01,32.8,43,8.68,18.6,1074,96,10.7,62.44213,378457,75,21,16.7,3,0,0.492,76,32.41,40.49,33.32,95.9,21.1,1.0844,9,39,8,37.4,0,0,0
2021-09-04,23:40:48,13.93,13.68,12.99,12.72,11.64,11.31,88,91,94,6,3,6,5.16,0.0,0.0,0.0,0.0,0.0,0.0,23.6,53,0,125,ON,OFF,ON,0,34.2,30,0,13492,OFF,OFF,29.4,29.5,15.62,29.4,17.27,9.0,6.0,84.55,38.0,72.72,15,76,31,16.5,3,1,OFF,OFF,100,100,6.131,1.268,1,0,ON,ON,0.922,4.372,0,0,OFF,OFF,0,0,100,100,0,0.156,73,664,12.7,70,18.1,0.01,32.8,43,8.68,18.6,1074,96,10.7,62.44213,378457,75,21,16.7,3,0,0.492,76,32.41,40.49,33.32,95.9,21.1,1.0844,9,39,8,37.4,0,0,0
2021-09-04,23:41:22,13.93,13.68,12.99,12.72,11.64,11.31,88,91,94,6,3,6,5.16,0.0,0.0,0.0,0.0,0.0,0.0,23.6,53,0,125,ON,OFF,ON,0,34.2,30,0,13492,OFF,OFF,29.4,29.5,15.62,29.4,17.27,9.0,6.0,84.55,38.0,72.72,15,76,30.5,16.5,3,1,OFF,OFF,100,100,6.131,1.268,1,0,ON,ON,0.922,4.372,0,0,OFF,OFF,0,0,100,100,0,0.156,73,664,12.7,70,18.1,0.01,32.8,43,8.68,18.6,1074,96,10.7,62.44213,378457,75,21,16.7,3,0,0.492,76,32.41,40.49,33.32,95.9,21.1,1.0844,9,39,8,37.4,0,0,0
2021-09-04,23:41:52,13.93,13.68,12.99,12.72,11.64,11.31,88,91,94,6,3,6,5.16,0.0,0.0,0.0,0.0,0.0,0.0,23.6,53,0,125,ON,OFF,ON,0,34.2,30,0,13492,OFF,OFF,29.4,29.5,15.62,29.4,17.27,9.0,6.0,84.55,38.0,72.72,15,76,30.5,16.5,3,1,OFF,OFF,100,100,6.131,1.268,1,0,ON,ON,0.922,4.372,0,0,OFF,OFF,0,0,100,100,0,0.156,73,664,12.7,70,18.1,0.01,32.8,43,8.68,18.6,1074,96,10.7,62.44213,378457,75,21,16.7,3,0,0.492,76,32.41,40.49,33.32,95.9,21.1,1.0844,9,39,8,37.4,0,0,0
2021-09-04,23:42:22,13.93,13.68,12.99,12.72,11.64,11.31,88,91,94,6,3,6,5.16,0.0,0.0,0.0,0.0,0.0,0.0,23.6,53,0,125,ON,OFF,ON,0,34.2,30,0,13492,OFF,OFF,29.4,29.5,15.62,29.4,17.27,9.0,6.0,84.55,38.0,72.72,15,76,30.5,16.5,3,1,OFF,OFF,100,100,6.131,1.268,1,0,ON,ON,0.922,4.372,0,0,OFF,OFF,0,0,100,100,0,0.156,73,664,12.7,70,18.1,0.01,32.8,43,8.68,18.6,1074,96,10.7,62.44213,378457,75,21,16.7,3,0,0.492,76,32.41,40.49,33.32,95.9,21.1,1.0844,9,39,8,37.4,0,0,0
2021-09-04,23:42:52,13.93,13.68,12.99,12.72,11.64,11.31,88,91,94,6,3,6,5.16,0.0,0.0,0.0,0.0,0.0,0.0,23.6,53,0,125,ON,OFF,ON,0,34.2,30,0,13492,OFF,OFF,29.4,29.5,15.62,29.4,17.27,9.0,6.0,84.55,38.0,72.72,15,76,30.5,16.5,3,1,OFF,OFF,100,100,6.131,1.268,1,0,ON,ON,0.922,4.372,0,0,OFF,OFF,0,0,100,100,0,0.156,73,664,12.7,70,18.1,0.01,32.8,43,8.68,18.6,1074,96,10.7,62.44213,378457,75,21,16.7,3,0,0.492,76,32.41,40.49,33.32,95.9,21.1,1.0844,9,39,8,37.4,0,0,0
2021-09-04,23:43:22,13.93,13.68,12.99,12.72,11.64,11.31,88,91,94,6,3,6,5.16,0.0,0.0,0.0,0.0,0.0,0.0,23.6,53,0,125,ON,OFF,ON,0,34.2,30,0,13492,OFF,OFF,29.4,29.5,15.62,29.4,17.27,9.0,6.0,84.55,38.0,72.72,15,76,30.5,16.5,3,1,OFF,OFF,100,100,6.131,1.268,1,0,ON,ON,0.922,4.372,0,0,OFF,OFF,0,0,100,100,0,0.156,73,664,12.7,70,18.1,0.01,32.8,43,8.68,18.6,1074,96,10.7,62.44213,378457,75,21,16.7,3,0,0.492,76,32.41,40.49,33.32,95.9,21.1,1.0844,9,39,8,37.4,0,0,0
2021-09-04,23:43:52,13.93,13.68,12.99,12.72,11.64,11.31,88,91,94,6,3,6,5.16,0.0,0.0,0.0,0.0,0.0,0.0,23.6,53,0,125,ON,OFF,ON,0,34.2,30,0,13492,OFF,OFF,29.4,29.5,15.62,29.4,17.27,9.0,6.0,84.55,38.0,72.72,15,76,30.5,16.5,3,1,OFF,OFF,100,100,6.131,1.268,1,0,ON,ON,0.922,4.372,0,0,OFF,OFF,0,0,100,100,0,0.156,73,664,12.7,70,18.1,0.01,32.8,43,8.68,18.6,1074,96,10.7,62.44213,378457,75,21,16.7,3,0,0.492,76,32.41,40.49,33.32,95.9,21.1,1.0844,9,39,8,37.4,0,0,0
2021-09-04,23:44:22,13.93,13.68,12.99,12.72,11.64,11.31,88,91,94,6,3,6,5.16,0.0,0.0,0.0,0.0,0.0,0.0,23.6,53,0,125,ON,OFF,ON,0,34.2,30,0,13492,OFF,OFF,29.4,29.5,15.62,29.4,17.27,9.0,6.0,84.55,38.0,72.72,15,76,30.5,16.5,3,1,OFF,OFF,100,100,6.131,1.268,1,0,ON,ON,0.922,4.372,0,0,OFF,OFF,0,0,100,100,0,0.156,73,664,12.7,70,18.1,0.01,32.8,43,8.68,18.6,1074,96,10.7,62.44213,378457,75,21,16.7,3,0,0.492,76,32.41,40.49,33.32,95.9,21.1,1.0844,9,39,8,37.4,0,0,0
2021-09-04,23:44:52,13.93,13.68,12.99,12.72,11.64,11.31,88,91,94,6,3,6,5.16,0.0,0.0,0.0,0.0,0.0,0.0,23.6,53,0,125,ON,OFF,ON,0,34.2,30,0,13492,OFF,OFF,29.4,29.5,15.62,29.4,17.27,9.0,6.0,84.55,38.0,72.72,15,76,30.5,16.5,3,1,OFF,OFF,100,100,6.131,1.268,1,0,ON,ON,0.922,4.372,0,0,OFF,OFF,0,0,100,100,0,0.156,73,664,12.7,70,18.1,0.01,32.8,43,8.68,18.6,1074,96,10.7,62.44213,378457,75,21,16.7,3,0,0.492,76,32.41,40.49,33.32,95.9,21.1,1.0844,9,39,8,37.4,0,0,0
2021-09-04,23:45:22,13.93,13.68,12.99,12.72,11.64,11.31,88,91,94,6,3,6,5.16,0.0,0.0,0.0,0.0,0.0,0.0,23.6,53,0,125,ON,OFF,ON,0,34.2,30,0,13492,OFF,OFF,29.4,29.5,15.62,29.4,17.27,9.0,6.0,84.55,38.0,72.72,15,76,30.5,16.5,3,1,OFF,OFF,100,100,6.131,1.268,1,0,ON,ON,0.922,4.372,0,0,OFF,OFF,0,0,100,100,0,0.156,73,664,12.7,70,18.1,0.01,32.8,43,8.68,18.6,1074,96,10.7,62.44213,378457,75,21,16.7,3,0,0.492,76,32.41,40.49,33.32,95.9,21.1,1.0844,9,39,8,37.4,0,0,0
2021-09-04,23:45:53,13.93,13.68,12.99,12.72,11.64,11.31,88,91,94,6,3,6,5.16,0.0,0.0,0.0,0.0,0.0,0.0,23.6,53,0,125,ON,OFF,ON,0,34.2,30,0,13492,OFF,OFF,29.4,29.5,15.62,29.4,17.27,9.0,6.0,84.55,38.0,72.72,15,76,30.5,16.5,3,1,OFF,OFF,100,100,6.131,1.268,1,0,ON,ON,0.922,4.372,0,0,OFF,OFF,0,0,100,100,0,0.156,73,664,12.7,70,18.1,0.01,32.8,43,8.68,18.6,1074,96,10.7,62.44213,378457,75,21,16.7,3,0,0.492,76,32.41,40.49,33.32,95.9,21.1,1.0844,9,39,8,37.4,0,0,0
2021-09-04,23:46:23,13.93,13.68,12.99,12.72,11.64,11.31,88,91,94,6,3,6,5.16,0.0,0.0,0.0,0.0,0.0,0.0,23.6,53,0,125,ON,OFF,ON,0,34.2,30,0,13492,OFF,OFF,29.4,29.5,15.62,29.4,17.27,9.0,6.0,84.55,38.0,72.72,15,76,30.5,16.5,3,1,OFF,OFF,100,100,6.131,1.268,1,0,ON,ON,0.922,4.372,0,0,OFF,OFF,0,0,100,100,0,0.156,73,664,12.7,70,18.1,0.01,32.8,43,8.68,18.6,1074,96,10.7,62.44213,378457,75,21,16.7,3,0,0.492,76,32.41,40.49,33.32,95.9,21.1,1.0844,9,39,8,37.4,0,0,0
2021-09-04,23:46:53,13.93,13.68,12.99,12.72,11.64,11.31,88,91,94,6,3,6,5.16,0.0,0.0,0.0,0.0,0.0,0.0,23.6,53,0,125,ON,OFF,ON,0,34.2,30,0,13492,OFF,OFF,29.4,29.5,15.62,29.4,17.27,9.0,6.0,84.55,38.0,72.72,15,76,30.5,16.5,3,1,OFF,OFF,100,100,6.131,1.268,1,0,ON,ON,0.922,4.372,0,0,OFF,OFF,0,0,100,100,0,0.156,73,664,12.7,70,18.1,0.01,32.4,43,8.68,18.6,1074,96,10.7,62.44213,378457,75,21,16.7,3,0,0.492,76,32.41,40.49,33.32,95.9,21.1,1.0844,9,39,8,37.4,0,0,0
2021-09-04,23:47:23,13.93,13.68,12.99,12.72,11.64,11.31,88,91,94,6,3,6,5.16,0.0,0.0,0.0,0.0,0.0,0.0,23.6,53,0,125,ON,OFF,ON,0,34.2,30,0,13492,OFF,OFF,29.4,29.5,15.62,29.4,17.27,9.0,6.0,84.55,38.0,72.72,15,76,30.5,16.5,3,1,OFF,OFF,100,100,6.131,1.268,1,0,ON,ON,0.922,4.372,0,0,OFF,OFF,0,0,100,100,0,0.156,73,664,12.7,70,18.1,0.01,32.4,43,8.68,18.6,1074,96,10.7,62.44213,378457,75,21,16.7,3,0,0.492,76,32.41,40.49,33.32,95.9,21.1,1.0844,9,39,8,37.4,0,0,0
2021-09-04,23:48:11,13.93,13.68,12.99,12.72,11.64,11.31,88,91,94,6,3,6,5.16,0.0,0.0,0.0,0.0,0.0,0.0,23.6,53,0,125,ON,OFF,ON,0,34.2,30,0,13492,OFF,OFF,29.4,29.5,15.62,29.4,17.27,9.0,6.0,84.55,38.0,72.72,15,76,30.5,16.5,3,1,OFF,OFF,100,100,6.131,1.268,1,0,ON,ON,0.922,4.372,0,0,OFF,OFF,0,0,100,100,0,0.156,73,664,12.7,70,18.1,0.01,32.4,43,8.68,18.6,1074,96,10.7,62.44213,378457,75,21,16.7,3,0,0.492,76,32.41,39.98,33.32,95.9,21.1,1.0844,9,39,8,37.4,0,0,0
2021-09-04,23:48:42,13.93,13.68,12.99,12.72,11.64,11.31,88,91,94,6,3,6,5.16,0.0,0.0,0.0,0.0,0.0,0.0,23.6,53,0,125,ON,OFF,ON,0,34.2,30,0,13492,OFF,OFF,29.4,29.5,15.62,29.4,17.27,9.0,6.0,84.55,38.0,72.72,15,76,30.5,16.5,3,1,OFF,OFF,100,100,6.131,1.268,1,0,ON,ON,0.922,4.372,0,0,OFF,OFF,0,0,100,100,0,0.156,73,664,12.7,70,18.1,0.01,32.4,43,8.68,18.6,1074,96,10.7,62.44213,378457,75,21,16.7,3,0,0.492,76,32.41,39.98,33.32,95.9,21.1,1.0844,9,39,8,37.4,0,0,0
2021-09-04,23:49:12,13.93,13.68,12.99,12.72,11.64,11.31,88,91,94,6,3,6,5.16,0.0,0.0,0.0,0.0,0.0,0.0,23.6,53,0,125,ON,OFF,ON,0,34.2,30,0,13492,OFF,OFF,29.4,29.5,15.62,29.4,17.27,9.0,6.0,84.55,38.0,72.72,15,76,30.5,16.5,3,1,OFF,OFF,100,100,6.131,1.268,1,0,ON,ON,0.922,4.372,0,0,OFF,OFF,0,0,100,100,0,0.156,73,664,12.7,70,18.1,0.01,32.4,43,8.68,18.6,1074,96,10.7,62.44213,378457,75,21,16.7,3,0,0.492,76,32.41,39.98,33.32,95.9,21.1,1.0844,9,39,8,37.4,0,0,0
2021-09-04,23:49:42,13.93,13.68,12.99,12.72,11.64,11.31,88,91,94,6,3,6,5.16,0.0,0.0,0.0,0.0,0.0,0.0,23.6,53,0,125,ON,OFF,ON,0,34.2,30,0,13492,OFF,OFF,29.4,29.5,15.62,29.4,17.27,9.0,6.0,84.55,38.0,72.72,15,76,30.5,16.5,3,1,OFF,OFF,100,100,6.131,1.268,1,0,ON,ON,0.922,4.372,0,0,OFF,OFF,0,0,100,100,0,0.156,73,664,12.7,70,18.1,0.01,32.4,43,8.68,18.6,1074,96,10.7,62.44213,378457,75,21,16.7,3,0,0.492,76,32.41,39.98,33.32,95.9,21.1,1.0844,9,39,8,37.4,0,0,0
2021-09-04,23:50:12,13.93,13.68,12.99,12.72,11.64,11.31,88,91,94,6,3,6,5.16,0.0,0.0,0.0,0.0,0.0,0.0,23.6,53,0,125,ON,OFF,ON,0,34.2,30,0,13492,OFF,OFF,29.4,29.5,15.62,29.4,17.27,9.0,6.0,84.55,38.0,72.72,15,76,30.5,16.5,3,1,OFF,OFF,100,100,6.131,1.268,1,0,ON,ON,0.922,4.372,0,0,OFF,OFF,0,0,100,100,0,0.156,73,664,12.7,70,18.1,0.01,32.4,43,8.68,18.6,1074,96,10.7,62.44213,378457,75,21,16.7,3,0,0.492,76,32.41,39.98,33.32,95.9,21.1,1.0844,9,39,8,37.4,0,0,0
2021-09-04,23:50:42,13.93,13.68,12.99,12.72,11.64,11.31,88,91,94,6,3,6,5.16,0.0,0.0,0.0,0.0,0.0,0.0,23.6,53,0,125,ON,OFF,ON,0,34.2,30,0,13492,OFF,OFF,29.4,29.5,15.62,29.4,17.27,9.0,6.0,84.55,38.0,72.72,15,77,30.5,16.5,3,1,OFF,OFF,100,100,6.131,1.268,1,0,ON,ON,0.922,4.372,0,0,OFF,OFF,0,0,100,100,0,0.156,73,664,12.7,70,18.1,0.01,32.4,43,8.68,18.6,1074,96,10.7,62.44213,378457,75,21,16.7,3,0,0.492,76,32.41,39.98,33.32,95.9,21.1,1.0844,9,39,8,37.4,0,0,0
2021-09-04,23:51:12,13.93,13.68,12.99,12.72,11.64,11.31,88,91,94,6,3,6,5.16,0.0,0.0,0.0,0.0,0.0,0.0,23.6,53,0,125,ON,OFF,ON,0,34.2,30,0,13492,OFF,OFF,29.4,29.5,15.62,29.4,17.27,9.0,6.0,84.55,38.0,72.72,15,77,30.5,16.5,3,1,OFF,OFF,100,100,6.132,1.268,1,0,ON,ON,0.922,4.372,0,0,OFF,OFF,0,0,100,100,0,0.156,73,664,12.7,70,18.1,0.01,32.4,43,8.68,18.6,1074,96,10.7,62.44213,378457,75,21,16.7,3,0,0.492,76,32.41,39.98,33.32,95.9,21.1,1.0844,9,39,8,37.4,0,0,0
2021-09-04,23:51:42,13.93,13.68,12.99,12.72,11.64,11.31,88,91,94,6,3,6,5.16,0.0,0.0,0.0,0.0,0.0,0.0,23.6,53,0,125,ON,OFF,ON,0,34.2,30,0,13492,OFF,OFF,29.4,29.5,15.62,29.4,17.27,9.0,6.0,84.55,38.0,72.72,15,77,30.5,16.5,3,1,OFF,OFF,100,100,6.132,1.268,1,0,ON,ON,0.922,4.372,0,0,OFF,OFF,0,0,100,100,0,0.156,73,664,12.7,70,18.1,0.01,32.4,43,8.68,18.6,1074,96,10.7,62.44213,378457,75,21,16.7,3,0,0.492,76,32.41,39.98,33.32,95.9,21.1,1.0844,9,39,8,37.4,0,0,0
2021-09-04,23:52:12,13.93,13.68,12.99,12.72,11.64,11.31,88,91,94,6,3,6,5.16,0.0,0.0,0.0,0.0,0.0,0.0,23.6,53,0,125,ON,OFF,ON,0,34.2,30,0,13492,OFF,OFF,29.4,29.5,15.62,29.4,17.27,9.0,6.0,84.55,38.0,72.72,15,77,30.5,16.5,3,1,OFF,OFF,100,100,6.132,1.268,1,0,ON,ON,0.922,4.372,0,0,OFF,OFF,0,0,100,100,0,0.156,73,664,12.7,70,18.1,0.01,32.4,43,8.68,18.6,1074,96,10.7,62.44213,378457,75,21,16.7,3,0,0.492,76,32.41,39.98,33.32,95.9,21.1,1.0844,9,39,8,37.4,0,0,0
2021-09-04,23:52:44,13.93,13.68,12.99,12.72,11.64,11.31,88,91,94,6,3,6,5.16,0.0,0.0,0.0,0.0,0.0,0.0,23.6,53,0,125,ON,OFF,ON,0,34.2,30,0,13492,OFF,OFF,29.4,29.5,15.62,29.4,17.27,9.0,6.0,84.55,38.0,72.72,15,77,30.5,16.5,3,1,OFF,OFF,100,100,6.132,1.268,1,0,ON,ON,0.922,4.372,0,0,OFF,OFF,0,0,100,100,0,0.156,73,664,12.7,70,18.1,0.01,32.4,43,8.68,18.6,1074,96,10.7,62.44213,378457,75,21,16.7,3,0,0.492,76,32.41,39.98,33.32,95.9,21.1,1.0844,9,39,8,37.4,0,0,0
2021-09-04,23:53:14,13.93,13.68,12.99,12.72,11.64,11.31,88,91,94,6,3,6,5.16,0.0,0.0,0.0,0.0,0.0,0.0,23.6,53,0,125,ON,OFF,ON,0,34.2,30,0,13492,OFF,OFF,29.4,29.5,15.62,29.4,17.27,9.0,6.0,84.55,38.0,72.72,15,77,30.5,16.5,3,1,OFF,OFF,100,100,6.132,1.268,1,0,ON,ON,0.922,4.372,0,0,OFF,OFF,0,0,100,100,0,0.156,73,664,12.7,70,18.1,0.01,32.4,43,8.68,18.6,1074,96,10.7,62.44213,378457,75,21,16.7,3,0,0.492,76,32.41,39.98,33.32,95.9,21.1,1.0844,9,39,8,37.4,0,0,0
2021-09-04,23:53:44,13.93,13.68,12.99,12.72,11.64,11.31,88,91,94,6,3,6,5.16,0.0,0.0,0.0,0.0,0.0,0.0,23.6,53,0,125,ON,OFF,ON,0,34.2,30,0,13492,OFF,OFF,29.4,29.5,15.62,29.4,17.27,9.0,6.0,84.55,38.0,72.72,15,77,30.5,16.5,3,1,OFF,OFF,100,100,6.132,1.268,1,0,ON,ON,0.922,4.372,0,0,OFF,OFF,0,0,100,100,0,0.156,73,664,12.7,70,18.1,0.01,32.4,43,8.68,18.6,1074,96,10.7,62.44213,378457,75,21,16.7,3,0,0.492,76,32.41,39.98,33.32,95.9,21.1,1.0844,9,39,8,37.4,0,0,0
2021-09-04,23:54:14,13.93,13.68,12.99,12.72,11.64,11.31,88,91,94,6,3,6,5.16,0.0,0.0,0.0,0.0,0.0,0.0,23.6,53,0,125,ON,OFF,ON,0,34.2,30,0,13492,OFF,OFF,29.4,29.5,15.62,29.4,17.27,9.0,6.0,84.55,38.0,72.72,15,77,30.5,16.5,3,1,OFF,OFF,100,100,6.132,1.268,1,0,ON,ON,0.922,4.372,0,0,OFF,OFF,0,0,100,100,0,0.156,73,664,12.7,70,18.1,0.01,32.4,43,8.68,18.6,1074,96,10.7,62.44213,378457,75,21,16.7,3,0,0.492,76,32.41,39.98,33.32,95.9,21.1,1.0844,9,39,8,37.4,0,0,0
2021-09-04,23:54:44,13.93,13.68,12.99,12.72,11.64,11.31,88,91,94,6,3,6,5.16,0.0,0.0,0.0,0.0,0.0,0.0,23.6,53,0,125,ON,OFF,ON,0,34.2,30,0,13492,OFF,OFF,29.4,29.5,15.62,29.4,17.27,9.0,6.0,84.55,38.0,72.72,14,77,30.5,16.5,3,1,OFF,OFF,100,100,6.132,1.268,1,0,ON,ON,0.922,4.372,0,0,OFF,OFF,0,0,100,100,0,0.156,73,664,12.7,70,18.1,0.01,32.4,43,8.68,18.6,1074,96,10.7,62.44213,378457,75,21,16.7,3,0,0.492,76,32.41,39.98,33.32,95.9,21.1,1.0844,9,39,8,37.4,0,0,0
2021-09-04,23:55:15,13.93,13.68,12.99,12.72,11.64,11.31,88,91,94,6,3,6,5.16,0.0,0.0,0.0,0.0,0.0,0.0,23.6,53,0,125,ON,OFF,ON,0,34.2,30,0,13492,OFF,OFF,29.4,29.5,15.62,29.4,17.27,9.0,6.0,84.55,38.0,72.72,14,77,30.5,16.5,3,1,OFF,OFF,100,100,6.132,1.268,1,0,ON,ON,0.922,4.372,0,0,OFF,OFF,0,0,100,100,0,0.156,73,664,12.7,70,18.1,0.01,32.4,43,8.68,18.6,1074,96,10.7,62.44213,378457,75,21,16.7,3,0,0.492,76,32.41,39.98,33.32,95.9,21.1,1.0844,9,39,8,37.4,0,0,0
2021-09-04,23:55:45,13.93,13.68,12.99,12.72,11.64,11.31,88,91,94,6,3,6,5.16,0.0,0.0,0.0,0.0,0.0,0.0,23.6,53,0,125,ON,OFF,ON,0,34.2,30,0,13492,OFF,OFF,29.4,29.5,15.62,29.4,17.27,9.0,6.0,84.55,38.0,72.72,14,77,30.5,16.5,3,1,OFF,OFF,100,100,6.132,1.268,1,0,ON,ON,0.922,4.372,0,0,OFF,OFF,0,0,100,100,0,0.156,73,664,12.7,70,18.1,0.01,32.4,43,8.68,18.6,1074,96,10.7,62.44213,378457,75,21,16.7,3,0,0.492,76,31.86,39.98,33.32,95.9,21.1,1.0844,9,39,8,37.4,0,0,0
2021-09-04,23:56:15,13.93,13.68,12.99,12.72,11.64,11.31,88,91,94,6,3,6,5.16,0.0,0.0,0.0,0.0,0.0,0.0,23.6,53,0,125,ON,OFF,ON,0,34.2,30,0,13492,OFF,OFF,29.4,29.5,15.62,29.4,17.27,9.0,6.0,84.55,38.0,72.72,14,77,30.5,16.5,3,1,OFF,OFF,100,100,6.132,1.268,1,0,ON,ON,0.922,4.372,0,0,OFF,OFF,0,0,100,100,0,0.156,73,664,12.7,70,18.1,0.01,32.4,43,8.68,18.6,1074,96,10.7,62.44213,378457,75,21,16.7,3,0,0.492,76,31.86,39.98,33.32,95.9,21.1,1.0844,9,39,8,37.4,0,0,0
2021-09-04,23:56:45,13.93,13.68,12.99,12.72,11.64,11.31,88,91,94,6,3,6,5.16,0.0,0.0,0.0,0.0,0.0,0.0,23.6,53,0,125,ON,OFF,ON,0,34.2,30,0,13492,OFF,OFF,29.4,29.5,15.62,29.4,17.27,9.0,6.0,84.55,38.0,72.72,14,77,30.5,16.5,3,1,OFF,OFF,100,100,6.132,1.268,1,0,ON,ON,0.922,4.372,0,0,OFF,OFF,0,0,100,100,0,0.156,73,664,12.7,70,18.1,0.01,32.4,43,8.68,18.6,1074,96,10.7,62.44213,378457,75,21,16.7,3,0,0.492,76,31.86,39.98,33.32,95.9,21.1,1.0844,9,39,8,37.4,0,0,0
2021-09-04,23:57:15,13.93,13.68,12.99,12.72,11.64,11.31,88,91,94,6,3,6,5.16,0.0,0.0,0.0,0.0,0.0,0.0,23.6,53,0,125,ON,OFF,ON,0,34.2,30,0,13492,OFF,OFF,29.4,29.5,15.62,29.4,17.27,9.0,6.0,84.55,38.0,72.72,14,77,30.5,16.5,3,1,OFF,OFF,100,100,6.132,1.268,1,0,ON,ON,0.922,4.372,0,0,OFF,OFF,0,0,100,100,0,0.156,73,664,12.7,70,18.1,0.01,32.4,43,8.68,18.6,1074,96,10.7,62.44213,378457,75,21,16.7,3,0,0.492,76,31.86,39.98,33.32,95.9,21.1,1.0844,9,39,8,37.4,0,0,0
2021-09-04,23:57:45,13.93,13.68,12.99,12.72,11.64,11.31,88,91,94,6,3,6,5.16,0.0,0.0,0.0,0.0,0.0,0.0,23.6,53,0,125,ON,OFF,ON,0,34.2,30,0,13492,OFF,OFF,29.4,29.5,15.62,29.4,17.27,9.0,6.0,84.55,38.0,72.72,14,77,30.5,16.5,3,1,OFF,OFF,100,100,6.132,1.268,1,0,ON,ON,0.922,4.372,0,0,OFF,OFF,0,0,100,100,0,0.156,73,664,12.5,71,17.9,0.01,32.2,43,8.466,18.1,1004,96,10.7,62.44213,378457,75,21,16.7,3,0,0.492,76,31.86,39.98,33.32,95.9,21.1,1.0844,9,39,8,37.4,0,0,0
2021-09-04,23:58:15,13.93,13.68,12.99,12.72,11.64,11.31,88,91,94,6,3,6,5.16,0.0,0.0,0.0,0.0,0.0,0.0,23.6,53,0,125,ON,OFF,ON,0,34.2,30,0,13492,OFF,OFF,29.4,29.5,15.62,29.4,17.27,9.0,6.0,84.55,38.0,72.72,14,77,30.5,16.5,3,1,OFF,OFF,100,100,6.132,1.268,1,0,ON,ON,0.922,4.372,0,0,OFF,OFF,0,0,100,100,0,0.156,73,664,12.5,71,17.9,0.01,32.2,43,8.466,18.1,1004,96,10.7,62.44213,378457,75,21,16.7,3,0,0.492,76,31.86,39.98,33.32,95.9,21.1,1.0844,9,39,8,37.4,0,0,0
2021-09-04,23:58:46,13.93,13.68,12.99,12.72,11.64,11.31,88,91,94,6,3,6,5.16,0.0,0.0,0.0,0.0,0.0,0.0,23.6,53,0,125,ON,OFF,ON,0,34.2,30,0,13492,OFF,OFF,29.4,29.5,15.62,29.4,17.27,9.0,6.0,84.55,38.0,72.72,14,77,30.5,16.5,3,1,OFF,OFF,100,100,6.132,1.268,1,0,ON,ON,0.922,4.372,0,0,OFF,OFF,0,0,100,100,0,0.156,73,664,12.5,71,17.9,0.01,32.2,43,8.466,18.1,1004,96,10.7,62.44213,378457,75,21,16.7,3,0,0.492,76,31.86,39.98,33.32,95.9,21.1,1.0844,9,39,8,37.4,0,0,0
2021-09-04,23:59:16,13.93,13.68,12.99,12.72,11.64,11.31,88,91,94,6,3,6,5.16,0.0,0.0,0.0,0.0,0.0,0.0,23.6,53,0,125,ON,OFF,ON,0,34.2,30,0,13492,OFF,OFF,29.4,29.5,14.96,29.4,17.27,9.0,6.0,84.55,38.0,72.72,14,77,30.5,16.5,3,1,OFF,OFF,100,100,6.132,1.268,1,0,ON,ON,0.922,4.372,0,0,OFF,OFF,0,0,100,100,0,0.156,73,664,12.5,71,17.9,0.01,32.2,43,8.466,18.1,1004,96,10.7,62.44213,378457,75,21,16.7,3,0,0.492,76,31.86,39.98,33.32,95.9,21.1,1.0844,9,39,8,37.4,0,0,0
2021-09-04,23:59:47,13.93,13.68,12.99,12.72,11.64,11.31,88,91,94,6,3,6,5.16,0.0,0.0,0.0,0.0,0.0,0.0,23.6,53,0,125,ON,OFF,ON,0,34.2,30,0,13492,OFF,OFF,29.4,29.5,14.96,29.4,17.27,9.0,6.0,84.55,38.0,72.72,14,77,30.5,16.5,3,1,OFF,OFF,100,100,6.132,1.268,1,0,ON,ON,0.922,4.372,0,0,OFF,OFF,0,0,100,100,0,0.156,73,664,12.5,71,17.9,0.01,32.2,43,8.466,18.1,1004,96,10.7,62.44213,378457,75,21,16.7,3,0,0.492,76,31.86,39.98,33.32,95.9,21.1,1.0844,9,39,8,37.4,0,0,0
